package	total
10x_bamtofastq	7700
2pg_cartesian	11442
3d-dna	3487
3seq	10491
a-liner	350
a3partitioner	932
a5-miseq	8514
aacon	1438
aakomp	499
aardvark	12766
aastk	316
abacas	5693
abacat	3278
abacus-str	171
abawaca	11673
abeona	90795
abismal	21249
abnumber	211181
abpoa	80675
abra2	21816
abricate	160351
abritamr	35512
abromics_galaxy_json_extractor	23118
abruijn	5986
absense	1035
abundancebin	230782
abyss	681794
abyss-k128	14988
ac	5772
ac-diamond	8274
accusnv	3001
acdc	1838
acedrg	15502
aci	3441
acidbase	95
acidgenomes	2269
acidplyr	93
acinetoscope	799
acms	1722
actc	7356
acvirus	48
adam	65339
adapt	17089
adapterremoval	196463
adapterremovalfixprefix	16955
adas	1378
addeam	548
addrg	24464
admixtools	32166
admixture	30345
adpred	19192
adtoolbox	63
advntr	71978
aegean	5527
aenum	18341
aeon	4570
afp	81
afpdb	3271
afplot	9128
afquery	4623
afragmenter	1409
afterqc	14655
afwdist	1133
agat	99040
agc	19230
age-metasv	19630
agfusion	30211
agg	13868
agora	100
agouti	7062
agpcorrect	71
agrvate	11118
agsyn	56
agtools	1776
airr	30737
akgwas	105
akt	22471
albatradis	42626
alcor	9323
alder	8007
ale	12375
ale-core	4291
alen	4293
alerax	372
aletsch	20983
alevin-fry	79698
alfa	3687
alfred	187914
aliceasm	6051
alientrimmer	647
align_it	22106
align_trim	2239
aligncov	1696
alignlib-lite	55478
alignment	3341
alignoth	98976
alignparse	96
alignstats	40470
aliview	3574
allegro	16795
allelecodes	181
alleleflux	329
allhic	2408
allo	5183
alloshp	1661
alnstats	463
alpaqa-bio	123
alphabase	4059
alphafetcher	173
alphafill	1427
alphagenome	3154
alpharaw	537
alphatims	421
altair-mf	2798
altamisa	68412
altex-be	1211
alv	14869
amalgkit	2415
amap	6034
amaranth-assembler	1527
amas	10150
ambidose	7007
amdirt	14644
amiga	3062
aminoextract	6241
amira	2374
amos	15291
ampcombi	17676
ampd-up	531
amplici	1640
ampliclip	89
amplicon_coverage_plot	15158
ampliconclassifier	7883
ampliconsplitter	704
ampliconsuite	22844
amplicontyper	2894
amplify	15987
ampligone	16580
amplirust	1460
amplisim	2541
amptk	59728
amrfior	820
amulet	59
amulety	2366
amused	6963
anadama2	8682
ananse	38291
anansescanpy	19933
anansnake	1890
anarci	376607
ancestry_hmm	3478
ancestry_hmm-s	5893
anchorwave	19520
andi	24184
anglerfish	11787
angsd	55883
aniclustermap	12108
anise_basil	18091
annapotater	752
anndata	101197
anndata2ri	63140
annembed	16340
annevo	70
annonars	98020
annorefine	2950
annoreport	321
annosine2	10140
annostat	82
annotsv	20388
annotwg	2051
anospp-analysis	4206
ansible	9791
ant	16483
antarna	6066
antismash	73322
antismash-lite	12359
anvio	84735
anvio-minimal	47884
any2fasta	116636
aodp	6521
aoptk	1120
aplanat	60166
apoc	8325
apollo	44354
appspam	13033
aprfinder	8893
apscale	8271
apt-probeset-summarize	7577
aptardi	3151
apu-label-propagation	2458
apybiomart	137
aquamis	20546
aquila	3379
aquila_stlfr	22352
aquila_sv	3080
aquila_umap	3393
aquilasv	12417
arachne	2327
aragorn	234000
arb-bio	13533
arb-bio-devel	10060
arb-bio-tools	72963
arborator	3685
arboreto	17462
arborist	149
arcade	1135
arcane	380
arcas-hla	26237
archer	3242
architeuthis	6093
arcs	40256
arcsv	1771
arem	7219
argh	25431
argnorm	4533
argo	6310
argparse	33412
argparse-tui	172
argparse2tool	3088
args_oap	11434
argutils	10611
aria2	554199
ariba	121285
array-as-vcf	8876
arriba	161149
arsc	40
art	155253
art_modern	24084
art_modern-openmpi	12250
artemis	36057
artex	624
artic	51941
artic-porechop	27907
artic-tools	56105
arvados-cli	5109
arvados-cwl-runner	194027
arvados-python-client	234879
ascat	29561
asciigenome	71454
asgal	2778
ashlar	7689
ashleys-qc	7146
askocli	44449
asn2gb	8128
aspera-cli	13466
asqcan	12208
assaycode	135
assemblerflow	19327
assembly-scan	23879
assembly-stats	40800
assembly_finder	21001
assembly_uploader	622
assemblycomparator2	16721
assemblytics	9050
assemblyutility	11257
astalavista	21452
aster	42348
astral-tree	6904
atac	20607
atactk	12849
ataqv	54920
athena_meta	10254
atlas	14857
atlas-data-import	21800
atlas-fastq-provider	16875
atlas-gene-annotation-manipulation	11132
atlas-metadata-validator	24169
atol-annotation-report	78
atol-bpa-datamapper	9056
atol-data-broker	1054
atol-genome-launcher	8002
atol-qc-annotation	649
atol-qc-raw-ont	1380
atol-qc-raw-pacbio	420
atol-qc-raw-shortread	1222
atol-reference-data-lookups	2321
atropos	143436
attotree	8280
augur	326129
augustus	697187
auriclass	6755
auspice	159951
authentict	5102
autobarcoder	126
autobigs-cli	3951
autobigs-engine	2320
autocycler	11415
autodock	10213
autodock-vina	48472
autogenes	3122
autogrid	17426
autolog	10409
automappa	3234
autometa	20001
aviary	30374
avro	9773
avro-cwl	13191
avro-python2	31435
avro-python3	71202
awscli	34181
axe-demultiplexer	727
axiome	7178
azure-cli	9488
b2b-utils	6843
b2btools	21055
ba3	3453
babappalign	2441
bacgwasim	6712
back_to_sequences	394
backports.csv	11118
backports.unittest_mock	16482
backspinpy	8492
bacon-nanopore	40
bacpage	2847
bacphlip	4652
bacprune	818
bactopia	264758
bactopia-assembler	9340
bactopia-gather	12395
bactopia-py	27963
bactopia-qc	9124
bactopia-sketcher	7536
bactopia-teton	11299
bactopia-variants	5535
baczy	207
badread	14279
baitfisher	10907
bakdrive	2986
bakrep-cli	1071
bakta	125416
baktfold	1089
bali-phy	19794
balrog	19780
baltic	14037
bam-readcount	61178
bam-tide	672
bam2fasta	29352
bam2fastx	25142
bam2plot	1586
bamaddrg	5342
bamaligncleaner	6606
bambamc	17731
bamboozle	82
bamclipper	17436
bamcmp	8452
bamdam	931
bamdash	11485
bamhash	22269
bamkit	8534
bamm	17029
bammap2	4226
bammmotif2	321
bamr	3052
bamread	96176
bamrescue	1005
bamscale	16313
bamslice	18297
bamsnap	9355
bamstats	2843
bamsurgeon	1709
bamtocov	34564
bamtools	736062
bamutil	57590
bandage	24161
bandage_ng	13030
bandwagon	614
banner	6564
baqlava	103
barbell	6178
barcode-validator	4787
barcode_demux	164
barcode_splitter	8133
barcodeforge	2079
baredsc	9059
barena	1095
barriers	18092
barrnap	237365
barrnap-python	8437
barseqcount	6108
bart	2428
basenji	10904
basevar	157
basic	48485
batch_brb	8846
bats	9505
batvi	8256
bax2bam	16024
bayesase	6696
bayescan	10248
bayescode	9737
bayestyper	5088
baypass	4689
baysor	1224
bazam	6279
bbknn	122411
bbmap	1958004
bbmapy	1043
bbmix	1191
bcalm	30577
bcbio-gff	314508
bcbio-nextgen	433442
bcbio-nextgen-vm	107100
bcbio-prioritize	49962
bcbio-rnaseq	40877
bcbio-variation	20217
bcbio-variation-recall	62002
bcbio_monitor	13762
bcbiogff	46435
bcbreport	77689
bcftools	4645956
bcftools-gtc2vcf-plugin	11827
bcftools-liftover-plugin	1296
bcftools-snvphyl-plugin	25331
bcgtree	653
bcl2fastq-nextseq	20705
bcool	6383
bcov	10746
bctools	13364
bd2k-python-lib	60677
beacon2-import	9823
beacon2-ri-tools	2282
beagle	48624
beagle-lib	66883
beamspy	5200
beast	48946
beast-pype	4237
beast2	45749
beast2-xml	566
beav	14434
beave	475
bed2gff	4654
bed2gtf	4275
bedgovcf	3456
bedops	258660
bedparse	4381
bedtk	8437
bedtools	4139002
beegees	166
beem-bio	412
behst	87342
bel-resources	8227
bellavista	830
bellerophon	3026
bellmans-gapc	37090
berokka	15857
besst	24188
bfc	24367
bftools	10059
bg	1847
bgc-prophet	98
bgen-cpp	1787
bgreat	7122
bgt	14970
bialign	8425
biasaway	38923
bibliospec	5746
bicseq2-norm	7407
bicseq2-seg	7441
bifidoannotator	521
bifrost	39516
bifrost_bridge	64
bigmag	200
bigmap	150
bigscape	15993
bigsdb-downloader	148
bigsi	2517
bigslice	1852
bigtools	14651
bigwig-nim	523
bin2cell	1195
binchicken	15442
bindash	14606
bindashtree	1098
binette	11713
binge	286
binlorry	3356
binning_refiner	4338
binny	1308
binsanity	62124
binspreader	2371
bio	34303
bio-ripser	716
bio-ting	7982
bio-unicorn	913
bio-vcf	27458
bio2zarr	1277
bio_assembly_refinement	26419
bio_hansel	93737
bioawk	171587
biobambam	123909
biobasehttptools	5831
biobb_adapters	20071
biobb_amber	29636
biobb_analysis	94863
biobb_chemistry	55842
biobb_cmip	33172
biobb_common	81118
biobb_cp2k	16753
biobb_dna	31644
biobb_flexdyn	21079
biobb_flexserv	19784
biobb_godmd	14656
biobb_gromacs	19533
biobb_haddock	5036
biobb_io	64106
biobb_md	44645
biobb_mem	14743
biobb_ml	29511
biobb_model	74476
biobb_morph	1392
biobb_pdb_tools	8934
biobb_pmx	42052
biobb_pytorch	3857
biobb_remote	3094
biobb_structure_checking	71014
biobb_structure_manager	19254
biobb_structure_utils	59966
biobb_vs	34388
biobb_wf_mutations	5405
bioblend	126275
biobloomtools	5559
biobox_add_taxid	5961
bioc	188
biocamlib	1427
biocantor	4064
biocframe	198
biocode	17908
biocommons.seqrepo	16644
bioconda-repodata-patches	372287
bioconda-utils	305909
bioconda2biocontainer	15483
bioconductor-a4	28254
bioconductor-a4base	39547
bioconductor-a4classif	25686
bioconductor-a4core	44263
bioconductor-a4preproc	42964
bioconductor-a4reporting	38031
bioconductor-abadata	30514
bioconductor-abaenrichment	40199
bioconductor-abarray	27981
bioconductor-abseqr	26514
bioconductor-absseq	46596
bioconductor-acde	48139
bioconductor-ace	28206
bioconductor-acgh	56162
bioconductor-acme	55689
bioconductor-adacgh2	31495
bioconductor-adam	33214
bioconductor-adamgui	25486
bioconductor-adapt	645
bioconductor-adaptest	9782
bioconductor-adductdata	24930
bioconductor-adductomicsr	22769
bioconductor-adimpute	15010
bioconductor-adme16cod.db	6553
bioconductor-adsplit	54446
bioconductor-adverscarial	2288
bioconductor-affixcan	27835
bioconductor-affxparser	69150
bioconductor-affy	134513
bioconductor-affycomp	45521
bioconductor-affycompatible	38736
bioconductor-affycompdata	28510
bioconductor-affycontam	41493
bioconductor-affycoretools	36114
bioconductor-affydata	49405
bioconductor-affyexpress	32560
bioconductor-affyhgu133a2expr	29654
bioconductor-affyhgu133aexpr	24934
bioconductor-affyhgu133plus2expr	31422
bioconductor-affyilm	41340
bioconductor-affyio	142957
bioconductor-affylmgui	24863
bioconductor-affymetrixdatatestfiles	32215
bioconductor-affymoe4302expr	31850
bioconductor-affypara	15609
bioconductor-affypdnn	28130
bioconductor-affyplm	51180
bioconductor-affyqcreport	16172
bioconductor-affyrnadegradation	45987
bioconductor-ag.db	8747
bioconductor-agcdf	6280
bioconductor-agdex	44898
bioconductor-aggregatebiovar	15514
bioconductor-agilp	42626
bioconductor-agimicrorna	26579
bioconductor-agprobe	6639
bioconductor-ahcytobands	8396
bioconductor-ahensdbs	22335
bioconductor-ahlrbasedbs	10062
bioconductor-ahmassbank	4029
bioconductor-ahmeshdbs	11990
bioconductor-ahpathbankdbs	4593
bioconductor-ahpubmeddbs	12501
bioconductor-ahwikipathwaysdbs	4591
bioconductor-aims	50430
bioconductor-airpart	12202
bioconductor-airway	31441
bioconductor-alabaster	4027
bioconductor-alabaster.base	13021
bioconductor-alabaster.bumpy	3255
bioconductor-alabaster.files	2260
bioconductor-alabaster.mae	4062
bioconductor-alabaster.matrix	12770
bioconductor-alabaster.ranges	9952
bioconductor-alabaster.sce	5011
bioconductor-alabaster.schemas	10170
bioconductor-alabaster.se	9818
bioconductor-alabaster.sfe	72
bioconductor-alabaster.spatial	3670
bioconductor-alabaster.string	4080
bioconductor-alabaster.vcf	4030
bioconductor-aldex2	53514
bioconductor-alevinqc	39162
bioconductor-all	64887
bioconductor-allelicimbalance	26156
bioconductor-allenpvc	6669
bioconductor-allmll	24835
bioconductor-alphabeta	22133
bioconductor-alphamissense.v2023.hg19	1539
bioconductor-alphamissense.v2023.hg38	1532
bioconductor-alphamissenser	833
bioconductor-alpine	50507
bioconductor-alpinedata	25043
bioconductor-alps	12926
bioconductor-alpsnmr	12295
bioconductor-alsace	22232
bioconductor-altcdfenvs	36393
bioconductor-alternativesplicingevents.hg19	8277
bioconductor-alternativesplicingevents.hg38	9401
bioconductor-amaretto	27486
bioconductor-amountain	57350
bioconductor-ampaffyexample	23887
bioconductor-amplican	36054
bioconductor-ampliqueso	3263
bioconductor-analysispageserver	18658
bioconductor-anamir	4962
bioconductor-anansi	92
bioconductor-anaquin	23385
bioconductor-ancombc	204509
bioconductor-aneufinder	35247
bioconductor-aneufinderdata	31658
bioconductor-anf	20498
bioconductor-anglemania	526
bioconductor-animalcules	22737
bioconductor-annaffy	47871
bioconductor-anndatar	5576
bioconductor-annmap	46321
bioconductor-annotate	640183
bioconductor-annotationdbi	1030322
bioconductor-annotationfilter	162579
bioconductor-annotationforge	76821
bioconductor-annotationfuncs	35540
bioconductor-annotationhub	158838
bioconductor-annotationhubdata	42557
bioconductor-annotationtools	45072
bioconductor-annotatr	35235
bioconductor-anopheles.db0	21681
bioconductor-anota	43471
bioconductor-anota2seq	28031
bioconductor-antiprofiles	45646
bioconductor-antiprofilesdata	30175
bioconductor-anvil	20938
bioconductor-anvilaz	835
bioconductor-anvilbase	636
bioconductor-anvilbilling	15209
bioconductor-anvilgcp	876
bioconductor-anvilpublish	14644
bioconductor-anvilworkflow	4427
bioconductor-apalyzer	17418
bioconductor-apcomplex	36822
bioconductor-apeglm	474036
bioconductor-apl	2825
bioconductor-appreci8r	20941
bioconductor-arabidopsis.db0	28925
bioconductor-aracne.networks	26591
bioconductor-aroma.light	109546
bioconductor-arrayexpress	41539
bioconductor-arrayexpresshts	23463
bioconductor-arraymvout	25973
bioconductor-arrayquality	48739
bioconductor-arrayqualitymetrics	38835
bioconductor-arraytools	33508
bioconductor-arraytv	12589
bioconductor-arrmdata	38686
bioconductor-arrmnormalization	38618
bioconductor-artms	33083
bioconductor-asafe	42544
bioconductor-aseb	57163
bioconductor-asgsca	45626
bioconductor-ashkenazimsonchr21	30417
bioconductor-asics	24814
bioconductor-asicsdata	24010
bioconductor-aspediafi	17087
bioconductor-aspli	41008
bioconductor-assessorf	27704
bioconductor-assessorfdata	23495
bioconductor-asset	26227
bioconductor-assign	24061
bioconductor-assorthead	48956
bioconductor-asurat	7366
bioconductor-ataccogaps	5136
bioconductor-atacseqqc	45116
bioconductor-atacseqtfea	6242
bioconductor-atena	9216
bioconductor-ath1121501.db	9205
bioconductor-ath1121501cdf	6610
bioconductor-ath1121501frmavecs	785
bioconductor-ath1121501probe	6455
bioconductor-atlasrdf	12706
bioconductor-atsnp	27688
bioconductor-attract	25634
bioconductor-aucell	39996
bioconductor-autonomics	10273
bioconductor-autotuner	15883
bioconductor-awaggregator	73
bioconductor-awaggregatordata	74
bioconductor-awfisher	26998
bioconductor-awst	11441
bioconductor-baalchip	40727
bioconductor-bac	49094
bioconductor-bacon	65781
bioconductor-bader	60029
bioconductor-badregionfinder	42476
bioconductor-bags	37819
bioconductor-ballgown	57276
bioconductor-bambu	43084
bioconductor-bamsignals	61078
bioconductor-bandits	32510
bioconductor-bandle	6914
bioconductor-banksy	358
bioconductor-banocc	44476
bioconductor-barbieq	82
bioconductor-barcodetrackr	12271
bioconductor-barley1cdf	6408
bioconductor-barley1probe	6083
bioconductor-basecallqc	37313
bioconductor-basespacer	44961
bioconductor-basic4cseq	51143
bioconductor-basics	40632
bioconductor-basicstan	7459
bioconductor-basicstarrseq	24797
bioconductor-basilisk	44164
bioconductor-basilisk.utils	38467
bioconductor-batchcorr	77
bioconductor-batchelor	63137
bioconductor-batchqc	36231
bioconductor-batchsvg	78
bioconductor-bayesknockdown	24610
bioconductor-bayespeak	37865
bioconductor-bayesspace	21217
bioconductor-baynorm	31483
bioconductor-bayseq	45349
bioconductor-bbcanalyzer	47110
bioconductor-bcellviper	28536
bioconductor-bcrank	55931
bioconductor-bcseq	38077
bioconductor-bdmmacorrect	33251
bioconductor-beachmat	606171
bioconductor-beachmat.hdf5	2040
bioconductor-beachmat.tiledb	487
bioconductor-beadarray	54299
bioconductor-beadarrayexampledata	23656
bioconductor-beadarraysnp	46098
bioconductor-beadarrayusecases	27394
bioconductor-beaddatapackr	59020
bioconductor-beadsorted.saliva.epic	8959
bioconductor-bearscc	26904
bioconductor-beat	48136
bioconductor-beclear	53088
bioconductor-bedbaser	170
bioconductor-beer	3174
bioconductor-benchdamic	6940
bioconductor-benchmarkfdrdata2019	22032
bioconductor-beta7	28632
bioconductor-betahmm	822
bioconductor-bettr	284
bioconductor-bg2	2283
bioconductor-bgafun	30985
bioconductor-bgeecall	21308
bioconductor-bgeedb	45439
bioconductor-bgmix	50872
bioconductor-bgx	25768
bioconductor-bhc	53138
bioconductor-bicare	55404
bioconductor-bifet	27965
bioconductor-biggr	11106
bioconductor-bigmelon	27141
bioconductor-bigmemoryextras	12414
bioconductor-bigpint	23037
bioconductor-bindingsitefinder	8545
bioconductor-bioassayr	33891
bioconductor-biobase	2189814
bioconductor-biobroom	23865
bioconductor-biobtreer	16896
bioconductor-bioc.gff	553
bioconductor-biocancer	25013
bioconductor-biocartaimage	992
bioconductor-biocbaseutils	210777
bioconductor-biocbook	1096
bioconductor-bioccasestudies	16434
bioconductor-bioccheck	31154
bioconductor-biocdockermanager	19459
bioconductor-biocfhir	6365
bioconductor-biocfilecache	391265
bioconductor-biocgenerics	2275024
bioconductor-biocgraph	38738
bioconductor-biochail	1472
bioconductor-biochubsshiny	4041
bioconductor-biocinstaller	92130
bioconductor-biocio	400170
bioconductor-biocmake	2954
bioconductor-biocneighbors	529425
bioconductor-bioconcotk	25535
bioconductor-biocor	25739
bioconductor-biocparallel	1945073
bioconductor-biocpkgtools	27669
bioconductor-biocroxytest	837
bioconductor-biocset	18964
bioconductor-biocsingular	528577
bioconductor-biocsklearn	39615
bioconductor-biocstyle	94579
bioconductor-biocthis	16590
bioconductor-biocversion	112701
bioconductor-biocviews	73043
bioconductor-biocworkflowtools	45480
bioconductor-biodb	17262
bioconductor-biodbchebi	9125
bioconductor-biodbexpasy	5539
bioconductor-biodbhmdb	14028
bioconductor-biodbkegg	7001
bioconductor-biodblipidmaps	5011
bioconductor-biodbmirbase	5675
bioconductor-biodbncbi	5856
bioconductor-biodbnci	6214
bioconductor-biodbuniprot	7233
bioconductor-biodist	45978
bioconductor-bioga	1474
bioconductor-bioimagedbs	13914
bioconductor-biomart	442538
bioconductor-biomartgogenesets	1647
bioconductor-biomformat	295013
bioconductor-biomm	22861
bioconductor-biomvcclass	36956
bioconductor-biomvrcns	34011
bioconductor-bionar	4560
bioconductor-bionero	10448
bioconductor-bionet	49533
bioconductor-bionetstat	27919
bioconductor-bioplex	9244
bioconductor-bioqc	50925
bioconductor-bioseqclass	10946
bioconductor-biosigner	66634
bioconductor-biostrings	1960098
bioconductor-biosvd	24693
bioconductor-biotip	19934
bioconductor-biotmle	27565
bioconductor-biotmledata	30026
bioconductor-biovizbase	141650
bioconductor-birewire	74529
bioconductor-birta	36562
bioconductor-birte	19422
bioconductor-biscuiteer	21776
bioconductor-biscuiteerdata	20277
bioconductor-biseq	44886
bioconductor-bitseq	43716
bioconductor-blacksheepr	20815
bioconductor-bladderbatch	40574
bioconductor-blase	80
bioconductor-blima	51229
bioconductor-blimatestingdata	29335
bioconductor-blma	22146
bioconductor-bloodcancermultiomics2017	23410
bioconductor-bloodgen3module	12200
bioconductor-bluster	329139
bioconductor-bnbc	38359
bioconductor-bnem	10664
bioconductor-bobafit	4683
bioconductor-bodymaprat	25312
bioconductor-borealis	4863
bioconductor-bovine.db	8604
bioconductor-bovine.db0	28280
bioconductor-bovinecdf	6501
bioconductor-bovineprobe	6520
bioconductor-bprmeth	35225
bioconductor-brain	40428
bioconductor-brainflowprobes	15638
bioconductor-brainimager	6121
bioconductor-brainimagerdata	21898
bioconductor-brainsaber	11545
bioconductor-brainstars	27208
bioconductor-branchpointer	28418
bioconductor-breakpointr	30549
bioconductor-breakpointrdata	33783
bioconductor-breastcancermainz	27072
bioconductor-breastcancernki	28903
bioconductor-breastcancertransbig	28011
bioconductor-breastcancerunt	28797
bioconductor-breastcancerupp	28762
bioconductor-breastcancervdx	29282
bioconductor-breastsubtyper	81
bioconductor-brendadb	25540
bioconductor-brew3r.r	804
bioconductor-brgedata	28084
bioconductor-brgenomics	17472
bioconductor-bridge	43028
bioconductor-bridgedbr	24433
bioconductor-broadseq	704
bioconductor-bronchialil13	25132
bioconductor-browserviz	36119
bioconductor-browservizdemo	11586
bioconductor-bsgenome	310316
bioconductor-bsgenome.alyrata.jgi.v1	8688
bioconductor-bsgenome.amellifera.beebase.assembly4	6470
bioconductor-bsgenome.amellifera.ncbi.amelhav3.1	4430
bioconductor-bsgenome.amellifera.ucsc.apimel2	5650
bioconductor-bsgenome.amellifera.ucsc.apimel2.masked	6474
bioconductor-bsgenome.aofficinalis.ncbi.v1	6170
bioconductor-bsgenome.athaliana.tair.04232008	6435
bioconductor-bsgenome.athaliana.tair.tair9	6736
bioconductor-bsgenome.btaurus.ucsc.bostau3	6470
bioconductor-bsgenome.btaurus.ucsc.bostau3.masked	6417
bioconductor-bsgenome.btaurus.ucsc.bostau4	6407
bioconductor-bsgenome.btaurus.ucsc.bostau4.masked	6374
bioconductor-bsgenome.btaurus.ucsc.bostau6	6574
bioconductor-bsgenome.btaurus.ucsc.bostau6.masked	5944
bioconductor-bsgenome.btaurus.ucsc.bostau8	6429
bioconductor-bsgenome.btaurus.ucsc.bostau9	5345
bioconductor-bsgenome.btaurus.ucsc.bostau9.masked	2029
bioconductor-bsgenome.carietinum.ncbi.v1	6408
bioconductor-bsgenome.celegans.ucsc.ce10	15787
bioconductor-bsgenome.celegans.ucsc.ce11	6623
bioconductor-bsgenome.celegans.ucsc.ce2	6624
bioconductor-bsgenome.celegans.ucsc.ce6	15740
bioconductor-bsgenome.cfamiliaris.ucsc.canfam2	6442
bioconductor-bsgenome.cfamiliaris.ucsc.canfam2.masked	6551
bioconductor-bsgenome.cfamiliaris.ucsc.canfam3	7612
bioconductor-bsgenome.cfamiliaris.ucsc.canfam3.masked	7018
bioconductor-bsgenome.cjacchus.ucsc.caljac3	5909
bioconductor-bsgenome.cjacchus.ucsc.caljac4	2901
bioconductor-bsgenome.cneoformansvargrubiikn99.ncbi.asm221672v1	2206
bioconductor-bsgenome.creinhardtii.jgi.v5.6	4412
bioconductor-bsgenome.dmelanogaster.ucsc.dm2	6446
bioconductor-bsgenome.dmelanogaster.ucsc.dm2.masked	6637
bioconductor-bsgenome.dmelanogaster.ucsc.dm3	16356
bioconductor-bsgenome.dmelanogaster.ucsc.dm3.masked	6581
bioconductor-bsgenome.dmelanogaster.ucsc.dm6	7856
bioconductor-bsgenome.drerio.ucsc.danrer10	7080
bioconductor-bsgenome.drerio.ucsc.danrer11	5509
bioconductor-bsgenome.drerio.ucsc.danrer5	6391
bioconductor-bsgenome.drerio.ucsc.danrer5.masked	6050
bioconductor-bsgenome.drerio.ucsc.danrer6	6550
bioconductor-bsgenome.drerio.ucsc.danrer6.masked	5764
bioconductor-bsgenome.drerio.ucsc.danrer7	10820
bioconductor-bsgenome.drerio.ucsc.danrer7.masked	5286
bioconductor-bsgenome.dvirilis.ensembl.dvircaf1	5304
bioconductor-bsgenome.ecoli.ncbi.20080805	19543
bioconductor-bsgenome.gaculeatus.ucsc.gasacu1	6292
bioconductor-bsgenome.gaculeatus.ucsc.gasacu1.masked	6888
bioconductor-bsgenome.ggallus.ucsc.galgal3	6544
bioconductor-bsgenome.ggallus.ucsc.galgal3.masked	6356
bioconductor-bsgenome.ggallus.ucsc.galgal4	6441
bioconductor-bsgenome.ggallus.ucsc.galgal4.masked	6432
bioconductor-bsgenome.ggallus.ucsc.galgal5	6441
bioconductor-bsgenome.ggallus.ucsc.galgal6	5335
bioconductor-bsgenome.gmax.ncbi.gmv40	2892
bioconductor-bsgenome.hsapiens.1000genomes.hs37d5	7853
bioconductor-bsgenome.hsapiens.ncbi.grch38	8694
bioconductor-bsgenome.hsapiens.ncbi.t2t.chm13v2.0	3091
bioconductor-bsgenome.hsapiens.ucsc.hg17	6597
bioconductor-bsgenome.hsapiens.ucsc.hg17.masked	6919
bioconductor-bsgenome.hsapiens.ucsc.hg18	10413
bioconductor-bsgenome.hsapiens.ucsc.hg18.masked	5333
bioconductor-bsgenome.hsapiens.ucsc.hg19	47103
bioconductor-bsgenome.hsapiens.ucsc.hg19.masked	9199
bioconductor-bsgenome.hsapiens.ucsc.hg38	58666
bioconductor-bsgenome.hsapiens.ucsc.hg38.dbsnp151.major	4014
bioconductor-bsgenome.hsapiens.ucsc.hg38.dbsnp151.minor	4035
bioconductor-bsgenome.hsapiens.ucsc.hg38.masked	13642
bioconductor-bsgenome.hsapiens.ucsc.hs1	1620
bioconductor-bsgenome.mdomestica.ucsc.mondom5	5999
bioconductor-bsgenome.mfascicularis.ncbi.5.0	5443
bioconductor-bsgenome.mfascicularis.ncbi.6.0	2389
bioconductor-bsgenome.mfuro.ucsc.musfur1	6485
bioconductor-bsgenome.mmulatta.ucsc.rhemac10	5383
bioconductor-bsgenome.mmulatta.ucsc.rhemac2	6505
bioconductor-bsgenome.mmulatta.ucsc.rhemac2.masked	6586
bioconductor-bsgenome.mmulatta.ucsc.rhemac3	6423
bioconductor-bsgenome.mmulatta.ucsc.rhemac3.masked	5964
bioconductor-bsgenome.mmulatta.ucsc.rhemac8	6512
bioconductor-bsgenome.mmusculus.ucsc.mm10	33754
bioconductor-bsgenome.mmusculus.ucsc.mm10.masked	9054
bioconductor-bsgenome.mmusculus.ucsc.mm39	11723
bioconductor-bsgenome.mmusculus.ucsc.mm8	6544
bioconductor-bsgenome.mmusculus.ucsc.mm8.masked	5713
bioconductor-bsgenome.mmusculus.ucsc.mm9	18447
bioconductor-bsgenome.mmusculus.ucsc.mm9.masked	6411
bioconductor-bsgenome.osativa.msu.msu7	8719
bioconductor-bsgenome.ppaniscus.ucsc.panpan1	4637
bioconductor-bsgenome.ppaniscus.ucsc.panpan2	4625
bioconductor-bsgenome.ptroglodytes.ucsc.pantro2	6466
bioconductor-bsgenome.ptroglodytes.ucsc.pantro2.masked	5688
bioconductor-bsgenome.ptroglodytes.ucsc.pantro3	6335
bioconductor-bsgenome.ptroglodytes.ucsc.pantro3.masked	6392
bioconductor-bsgenome.ptroglodytes.ucsc.pantro5	6398
bioconductor-bsgenome.ptroglodytes.ucsc.pantro6	6498
bioconductor-bsgenome.rnorvegicus.ucsc.rn4	6578
bioconductor-bsgenome.rnorvegicus.ucsc.rn4.masked	5464
bioconductor-bsgenome.rnorvegicus.ucsc.rn5	6843
bioconductor-bsgenome.rnorvegicus.ucsc.rn5.masked	5912
bioconductor-bsgenome.rnorvegicus.ucsc.rn6	13522
bioconductor-bsgenome.rnorvegicus.ucsc.rn7	4155
bioconductor-bsgenome.scerevisiae.ucsc.saccer1	5957
bioconductor-bsgenome.scerevisiae.ucsc.saccer2	5883
bioconductor-bsgenome.scerevisiae.ucsc.saccer3	7869
bioconductor-bsgenome.sscrofa.ucsc.susscr11	5858
bioconductor-bsgenome.sscrofa.ucsc.susscr3	7686
bioconductor-bsgenome.sscrofa.ucsc.susscr3.masked	6240
bioconductor-bsgenome.tgondii.toxodb.7.0	8109
bioconductor-bsgenome.tguttata.ucsc.taegut1	6436
bioconductor-bsgenome.tguttata.ucsc.taegut1.masked	6469
bioconductor-bsgenome.tguttata.ucsc.taegut2	6570
bioconductor-bsgenome.vvinifera.urgi.iggp12xv0	6356
bioconductor-bsgenome.vvinifera.urgi.iggp12xv2	6371
bioconductor-bsgenome.vvinifera.urgi.iggp8x	6419
bioconductor-bsgenomeforge	4219
bioconductor-bsseq	66780
bioconductor-bsseqdata	27966
bioconductor-bsubtiliscdf	6365
bioconductor-bsubtilisprobe	6883
bioconductor-bubbletree	70355
bioconductor-bufferedmatrix	48932
bioconductor-bufferedmatrixmethods	47852
bioconductor-bugphyzz	394
bioconductor-bugsigdbr	8858
bioconductor-bulksignalr	203
bioconductor-bumhmm	27327
bioconductor-bumphunter	85624
bioconductor-bumpymatrix	13382
bioconductor-bus	48385
bioconductor-buscorrect	35885
bioconductor-busparse	35737
bioconductor-busseq	10999
bioconductor-cadd.v1.6.hg19	1665
bioconductor-cadd.v1.6.hg38	1693
bioconductor-cadra	2046
bioconductor-caen	12081
bioconductor-cafe	23961
bioconductor-cagefightr	29074
bioconductor-cageminer	8671
bioconductor-cager	54236
bioconductor-calib	33312
bioconductor-calibracurve	73
bioconductor-calm	21269
bioconductor-camera	80633
bioconductor-camthc	9750
bioconductor-camutqc	783
bioconductor-cancer	3114
bioconductor-cancerclass	35851
bioconductor-cancerdata	28393
bioconductor-cancerinsilico	53021
bioconductor-cancermutationanalysis	40055
bioconductor-cancersubtypes	35998
bioconductor-cand	34763
bioconductor-canine.db	9066
bioconductor-canine.db0	28436
bioconductor-canine2.db	8712
bioconductor-canine2cdf	6507
bioconductor-canine2probe	6513
bioconductor-caninecdf	6413
bioconductor-canineprobe	7102
bioconductor-caomicsv	22770
bioconductor-cardelino	4555
bioconductor-cardinal	75121
bioconductor-cardinalio	2787
bioconductor-cardinalworkflows	27386
bioconductor-cardspa	549
bioconductor-carnival	18687
bioconductor-casper	56423
bioconductor-catalyst	27660
bioconductor-category	69190
bioconductor-categorycompare	26120
bioconductor-catscradle	830
bioconductor-causalr	47394
bioconductor-cbaf	24768
bioconductor-cbea	4328
bioconductor-cbioportaldata	24483
bioconductor-cbn2path	630
bioconductor-cbnplot	4047
bioconductor-cbpmanager	11927
bioconductor-ccafe	74
bioconductor-ccdata	27879
bioconductor-ccfindr	35424
bioconductor-ccimpute	5467
bioconductor-ccl4	31053
bioconductor-ccmap	27548
bioconductor-ccplotr	2865
bioconductor-ccpromise	23067
bioconductor-ccrepe	24178
bioconductor-cctutorial	25009
bioconductor-cdi	3402
bioconductor-celaref	24519
bioconductor-celarefdata	27924
bioconductor-celda	39931
bioconductor-celegans.db	9117
bioconductor-celeganscdf	6410
bioconductor-celegansprobe	6512
bioconductor-cellarepertorium	16549
bioconductor-cellbarcode	10462
bioconductor-cellbaser	27891
bioconductor-cellbench	22886
bioconductor-celldex	25966
bioconductor-cellgrowth	24007
bioconductor-cellhashr	1530
bioconductor-cellhts2	40889
bioconductor-cellid	17648
bioconductor-cellity	26162
bioconductor-cellmapper	46550
bioconductor-cellmapperdata	28396
bioconductor-cellmig	608
bioconductor-cellmigration	8093
bioconductor-cellmixs	25197
bioconductor-cellnoptr	60183
bioconductor-cellscape	27439
bioconductor-cellscore	28245
bioconductor-celltrails	26091
bioconductor-celltree	26675
bioconductor-cellxgenedp	6396
bioconductor-cemitool	30077
bioconductor-censcyt	11549
bioconductor-centreannotation	74
bioconductor-centreprecomputed	72
bioconductor-cepo	7901
bioconductor-cernanetsim	19437
bioconductor-cetf	24154
bioconductor-ceu1kg	12383
bioconductor-ceu1kgv	14594
bioconductor-ceuhm3	10841
bioconductor-cexor	47843
bioconductor-cfassay	45374
bioconductor-cfdnakit	1964
bioconductor-cfdnapro	10166
bioconductor-cftools	2674
bioconductor-cftoolsdata	2320
bioconductor-cgdv17	13624
bioconductor-cgen	31638
bioconductor-cghbase	58441
bioconductor-cghcall	63226
bioconductor-cghmcr	42132
bioconductor-cghnormaliter	37768
bioconductor-cghregions	44350
bioconductor-champ	21213
bioconductor-champdata	28083
bioconductor-charge	12938
bioconductor-charm	3069
bioconductor-charmdata	2820
bioconductor-chemminedrugs	6542
bioconductor-chemmineob	6257
bioconductor-chemminer	59150
bioconductor-chetah	24748
bioconductor-chevreulplot	75
bioconductor-chevreulprocess	83
bioconductor-chevreulshiny	71
bioconductor-chic	25401
bioconductor-chic.data	24853
bioconductor-chicago	53118
bioconductor-chicken.db	8671
bioconductor-chicken.db0	28447
bioconductor-chickencdf	6877
bioconductor-chickenprobe	6513
bioconductor-chihaya	4603
bioconductor-chimera	35781
bioconductor-chimeraviz	42098
bioconductor-chimp.db0	27452
bioconductor-chimphumanbraindata	24149
bioconductor-chipanalyser	26985
bioconductor-chipcomp	61965
bioconductor-chipdbdata	75
bioconductor-chipenrich	28281
bioconductor-chipenrich.data	23410
bioconductor-chipexoqual	26735
bioconductor-chipexoqualexample	27525
bioconductor-chippeakanno	48872
bioconductor-chipqc	53893
bioconductor-chipseeker	86156
bioconductor-chipseq	67199
bioconductor-chipseqdbdata	25248
bioconductor-chipseqr	37755
bioconductor-chipseqspike	16505
bioconductor-chipsim	39424
bioconductor-chipxpress	30238
bioconductor-chipxpressdata	34134
bioconductor-chopsticks	47868
bioconductor-chrogps	9381
bioconductor-chromatograms	96
bioconductor-chromdraw	54300
bioconductor-chromheatmap	36801
bioconductor-chromhmmdata	4122
bioconductor-chromplot	44040
bioconductor-chromscape	17415
bioconductor-chromstar	54690
bioconductor-chromstardata	44790
bioconductor-chromswitch	25415
bioconductor-chromvar	64359
bioconductor-chronos	46233
bioconductor-cicero	33577
bioconductor-cigarillo	87057
bioconductor-cimice	11335
bioconductor-cindex	44959
bioconductor-circrnaprofiler	21657
bioconductor-circseqaligntk	3169
bioconductor-cispath	48797
bioconductor-citefuse	20100
bioconductor-citruscdf	6466
bioconductor-citrusprobe	6680
bioconductor-clariomdhumanprobeset.db	9053
bioconductor-clariomdhumantranscriptcluster.db	9225
bioconductor-clariomshumanhttranscriptcluster.db	9063
bioconductor-clariomshumantranscriptcluster.db	8257
bioconductor-clariomsmousehttranscriptcluster.db	9090
bioconductor-clariomsmousetranscriptcluster.db	9129
bioconductor-clariomsrathttranscriptcluster.db	9024
bioconductor-clariomsrattranscriptcluster.db	9872
bioconductor-classifyr	41749
bioconductor-cleanupdtseq	37426
bioconductor-cleanuprnaseq	320
bioconductor-cleaver	42804
bioconductor-clevrvis	3580
bioconductor-clippda	27506
bioconductor-clipper	36459
bioconductor-cliprofiler	7923
bioconductor-cliquems	21333
bioconductor-cll	27540
bioconductor-cllmethylation	24276
bioconductor-clomial	43459
bioconductor-clonality	39941
bioconductor-clonotyper	31896
bioconductor-clst	37083
bioconductor-clstutils	37536
bioconductor-clumsid	21346
bioconductor-clumsiddata	22393
bioconductor-clustall	268
bioconductor-clustcomp	42897
bioconductor-clusterexperiment	42139
bioconductor-clusterfoldsimilarity	807
bioconductor-clusterjudge	30180
bioconductor-clusterprofiler	211836
bioconductor-clusterseq	25441
bioconductor-clustersignificance	36954
bioconductor-clusterstab	36511
bioconductor-clustifyr	15552
bioconductor-clustifyrdatahub	14706
bioconductor-clustirr	2035
bioconductor-clustsignal	103
bioconductor-cma	37913
bioconductor-cmap	11090
bioconductor-cmap2data	41157
bioconductor-cmapr	15791
bioconductor-cn.farms	48311
bioconductor-cn.mops	81119
bioconductor-cnanorm	57263
bioconductor-cner	86807
bioconductor-cnordt	39561
bioconductor-cnorfeeder	25260
bioconductor-cnorfuzzy	46567
bioconductor-cnorode	47326
bioconductor-cnpbayes	10057
bioconductor-cntools	58031
bioconductor-cnvfilter	24165
bioconductor-cnvgears	10060
bioconductor-cnvgsa	39517
bioconductor-cnvgsadata	23952
bioconductor-cnviz	8020
bioconductor-cnvmetrics	5845
bioconductor-cnvpanelizer	37282
bioconductor-cnvranger	27625
bioconductor-cnvrd2	23778
bioconductor-cnvtools	27968
bioconductor-cobindr	13048
bioconductor-cocitestats	25449
bioconductor-cocoa	26227
bioconductor-codelink	39125
bioconductor-codex	42742
bioconductor-coexnet	24101
bioconductor-cogaps	34770
bioconductor-cogena	39495
bioconductor-cogeqc	7821
bioconductor-cogito	5996
bioconductor-cogps	38451
bioconductor-cohcap	49151
bioconductor-cohcapanno	41198
bioconductor-cola	33407
bioconductor-colonca	24809
bioconductor-comapr	5482
bioconductor-combi	12718
bioconductor-comet	24642
bioconductor-comethdmr	6304
bioconductor-compartmap	24005
bioconductor-compass	61560
bioconductor-compcoder	30166
bioconductor-compepitools	44252
bioconductor-compgo	12673
bioconductor-complexheatmap	181292
bioconductor-compounddb	6561
bioconductor-compran	12395
bioconductor-compspot	2309
bioconductor-conclus	8313
bioconductor-concordexr	4041
bioconductor-condcomp	6879
bioconductor-condiments	10699
bioconductor-confess	28316
bioconductor-confessdata	28854
bioconductor-connectivitymap	25999
bioconductor-consensus	31888
bioconductor-consensusclusterplus	59623
bioconductor-consensusde	26335
bioconductor-consensusov	34247
bioconductor-consensusseeker	38750
bioconductor-consica	6306
bioconductor-constand	11637
bioconductor-contibait	46505
bioconductor-conumee	18534
bioconductor-convert	38340
bioconductor-copa	36014
bioconductor-copdsexualdimorphism.data	31286
bioconductor-copyhelper	43135
bioconductor-copyneutralima	28234
bioconductor-copynumber	53235
bioconductor-copynumberplots	24545
bioconductor-copywriter	30704
bioconductor-coralysis	95
bioconductor-cordon	27788
bioconductor-coregflux	11867
bioconductor-coregnet	39938
bioconductor-coregx	16193
bioconductor-cormotif	36078
bioconductor-cormut	12125
bioconductor-corral	15858
bioconductor-correp	36904
bioconductor-coseq	22174
bioconductor-cosia	4037
bioconductor-cosiadata	4108
bioconductor-cosmic.67	26389
bioconductor-cosmiq	43165
bioconductor-cosmosr	12223
bioconductor-cosnet	36873
bioconductor-cotan	3240
bioconductor-cottoncdf	6508
bioconductor-cottonprobe	5731
bioconductor-countclust	27008
bioconductor-countsimqc	31257
bioconductor-coveb	31577
bioconductor-coverageview	26890
bioconductor-covrna	36033
bioconductor-cpsm	71
bioconductor-cpvsnp	37260
bioconductor-cqn	48935
bioconductor-crcl18	30352
bioconductor-crimage	36293
bioconductor-crisprball	82
bioconductor-crisprbase	6742
bioconductor-crisprbowtie	3919
bioconductor-crisprbwa	5738
bioconductor-crisprdesign	6808
bioconductor-crisprscore	6973
bioconductor-crisprscoredata	6937
bioconductor-crisprseek	40085
bioconductor-crisprseekplus	33923
bioconductor-crisprshiny	752
bioconductor-crisprvariants	37101
bioconductor-crisprverse	4846
bioconductor-crisprviz	4867
bioconductor-crlmm	47519
bioconductor-crossicc	6416
bioconductor-crossmeta	26814
bioconductor-crumblr	139
bioconductor-crupr	73
bioconductor-csar	38931
bioconductor-csaw	91035
bioconductor-csdr	10743
bioconductor-csoa	71
bioconductor-cssp	34651
bioconductor-cssq	18620
bioconductor-ctc	67101
bioconductor-ctcf	6863
bioconductor-ctdata	4052
bioconductor-ctdquerier	20510
bioconductor-ctexplorer	805
bioconductor-ctggem	6849
bioconductor-ctrap	28292
bioconductor-ctsge	43030
bioconductor-ctsv	6296
bioconductor-cummerbund	86318
bioconductor-curatedadipoarray	18809
bioconductor-curatedadipochip	21374
bioconductor-curatedadiporna	24765
bioconductor-curatedatlasqueryr	1123
bioconductor-curatedbladderdata	24449
bioconductor-curatedbreastdata	28408
bioconductor-curatedcrcdata	28609
bioconductor-curatedmetagenomicdata	45042
bioconductor-curatedovariandata	60556
bioconductor-curatedpcadata	76
bioconductor-curatedtbdata	9397
bioconductor-curatedtcgadata	27409
bioconductor-customcmpdb	14560
bioconductor-customprodb	32898
bioconductor-cve	20910
bioconductor-cyanofilter	11002
bioconductor-cycle	27407
bioconductor-cydar	33678
bioconductor-cyp450cdf	6479
bioconductor-cypress	73
bioconductor-cytodx	28462
bioconductor-cytofast	12958
bioconductor-cytofpower	5872
bioconductor-cytofqc	3926
bioconductor-cytoglmm	12370
bioconductor-cytokernel	11094
bioconductor-cytolib	101090
bioconductor-cytomapper	20521
bioconductor-cytomds	787
bioconductor-cytomem	6310
bioconductor-cytomethic	275
bioconductor-cytoml	41496
bioconductor-cytopipeline	3875
bioconductor-cytopipelinegui	2335
bioconductor-cytotree	7690
bioconductor-cytoviewer	4085
bioconductor-dada2	726068
bioconductor-daglogo	30499
bioconductor-dama	35345
bioconductor-damefinder	18643
bioconductor-damirseq	24827
bioconductor-damsel	383
bioconductor-dandelionr	75
bioconductor-dapar	26312
bioconductor-dapardata	25504
bioconductor-dar	687
bioconductor-dart	26457
bioconductor-dasper	13595
bioconductor-data-packages	800332
bioconductor-davidtiling	26945
bioconductor-dbchip	21666
bioconductor-dcanr	25311
bioconductor-dcats	2322
bioconductor-dce	11206
bioconductor-dcgsa	43379
bioconductor-dchiprep	22558
bioconductor-ddct	38067
bioconductor-ddpcrclust	28080
bioconductor-dearseq	15544
bioconductor-debcam	18528
bioconductor-debrowser	27611
bioconductor-decipher	246513
bioconductor-deco	21366
bioconductor-decomplexdisease	29910
bioconductor-decomptumor2sig	24654
bioconductor-deconrnaseq	29588
bioconductor-decontam	229848
bioconductor-decontx	3831
bioconductor-deconvobuddies	80
bioconductor-deconvr	9338
bioconductor-decoupler	17052
bioconductor-deds	27044
bioconductor-deedeeexperiment	80
bioconductor-deepbluer	31839
bioconductor-deeppincs	11801
bioconductor-deepsnv	61038
bioconductor-deeptarget	435
bioconductor-deformats	36567
bioconductor-degcre	769
bioconductor-degnorm	16777
bioconductor-degraph	36112
bioconductor-degreport	74361
bioconductor-degseq	55821
bioconductor-delayedarray	1854385
bioconductor-delayeddataframe	24399
bioconductor-delayedmatrixstats	587212
bioconductor-delayedrandomarray	14067
bioconductor-delayedtensor	9035
bioconductor-delocal	3954
bioconductor-deltacapturec	19690
bioconductor-deltagseg	26299
bioconductor-demand	38286
bioconductor-demixt	31472
bioconductor-demuxmix	6308
bioconductor-demuxsnp	2235
bioconductor-densvis	26090
bioconductor-dep	29537
bioconductor-depecher	31383
bioconductor-depinfer	6416
bioconductor-depmap	24091
bioconductor-deqms	38406
bioconductor-derfinder	46545
bioconductor-derfinderdata	33704
bioconductor-derfinderhelper	53553
bioconductor-derfinderplot	36198
bioconductor-descan2	38336
bioconductor-deseq	67298
bioconductor-deseq2	793023
bioconductor-desingle	25452
bioconductor-desousa2013	27710
bioconductor-despace	4071
bioconductor-destiny	33774
bioconductor-desubs	24507
bioconductor-dewseq	23930
bioconductor-dexma	11780
bioconductor-dexmadata	12495
bioconductor-dexseq	123666
bioconductor-dexus	39841
bioconductor-dfp	35440
bioconductor-dfplyr	2723
bioconductor-dialignr	22005
bioconductor-diffbind	223955
bioconductor-diffcoexp	27012
bioconductor-diffcyt	26166
bioconductor-differentialregulation	6913
bioconductor-diffgeneanalysis	39813
bioconductor-diffhic	36686
bioconductor-difflogo	27994
bioconductor-diffloop	29032
bioconductor-diffloopdata	28075
bioconductor-diffustats	55274
bioconductor-diffutr	11913
bioconductor-diggit	25615
bioconductor-diggitdata	29308
bioconductor-dino	8242
bioconductor-dinor	668
bioconductor-dir.expiry	32647
bioconductor-director	38295
bioconductor-dirichletmultinomial	280175
bioconductor-discordant	37357
bioconductor-discorhythm	18229
bioconductor-distinct	21624
bioconductor-dittoseq	24071
bioconductor-divergence	25097
bioconductor-dks	26204
bioconductor-dlbcl	25460
bioconductor-dmcfb	18831
bioconductor-dmchmm	25940
bioconductor-dmelsgi	32828
bioconductor-dmgsea	74
bioconductor-dmrcaller	38622
bioconductor-dmrcate	32427
bioconductor-dmrcatedata	37673
bioconductor-dmrforpairs	25076
bioconductor-dmrscan	23190
bioconductor-dmrseq	33051
bioconductor-dnabarcodecompatibility	24882
bioconductor-dnabarcodes	50509
bioconductor-dnacopy	242444
bioconductor-dnacycp2	79
bioconductor-dnafusion	6356
bioconductor-dnashaper	53337
bioconductor-dnazoodata	4096
bioconductor-dnea	69
bioconductor-do.db	48240
bioconductor-dominoeffect	30291
bioconductor-dominosignal	2633
bioconductor-donapllp2013	25748
bioconductor-doppelgangr	48691
bioconductor-doqtl	22341
bioconductor-doremitra	67
bioconductor-dorothea	17766
bioconductor-doscheda	29072
bioconductor-dose	239984
bioconductor-doser	24384
bioconductor-dotools	1892
bioconductor-dotseq	377
bioconductor-doubletrouble	3810
bioconductor-dpeak	16408
bioconductor-drawproteins	28702
bioconductor-dream4	22310
bioconductor-dreamlet	1232
bioconductor-dresscheck	30171
bioconductor-drimseq	48950
bioconductor-drivernet	38566
bioconductor-droplettestfiles	15614
bioconductor-dropletutils	76220
bioconductor-drosgenome1.db	9129
bioconductor-drosgenome1cdf	6427
bioconductor-drosgenome1probe	6486
bioconductor-drosophila2.db	7903
bioconductor-drosophila2cdf	6101
bioconductor-drosophila2probe	6466
bioconductor-drugtargetinteractions	12167
bioconductor-drugvsdisease	37576
bioconductor-drugvsdiseasedata	38648
bioconductor-dsimer	15932
bioconductor-dspikein	80
bioconductor-dsqtl	15733
bioconductor-dss	56008
bioconductor-dstruct	8977
bioconductor-dta	39535
bioconductor-dualks	19657
bioconductor-dune	14967
bioconductor-duoclustering2018	25268
bioconductor-dupchecker	24157
bioconductor-duplexdiscoverer	828
bioconductor-dupradar	73164
bioconductor-dvddata	31481
bioconductor-dyebias	36675
bioconductor-dyebiasexamples	28447
bioconductor-dyndoc	40440
bioconductor-easier	8490
bioconductor-easierdata	9584
bioconductor-easycelltype	4636
bioconductor-easylift	2345
bioconductor-easyqpcr	12346
bioconductor-easyreporting	16479
bioconductor-easyrnaseq	32269
bioconductor-eatonetalchipseq	28302
bioconductor-ebarrays	55684
bioconductor-ebcoexpress	35425
bioconductor-ebimage	78834
bioconductor-ebsea	38845
bioconductor-ebseq	140439
bioconductor-ebseqhmm	31277
bioconductor-ecoli2.db	9178
bioconductor-ecoli2cdf	6435
bioconductor-ecoli2probe	6448
bioconductor-ecoliasv2cdf	6408
bioconductor-ecoliasv2probe	6475
bioconductor-ecolicdf	6371
bioconductor-ecolik12.db0	28043
bioconductor-ecolileucine	26866
bioconductor-ecoliprobe	6293
bioconductor-ecolisakai.db0	28364
bioconductor-ecolitk	28713
bioconductor-edaseq	98457
bioconductor-edda	29671
bioconductor-edge	37869
bioconductor-edger	774814
bioconductor-edirquery	4047
bioconductor-eds	8659
bioconductor-eegc	25908
bioconductor-egad	28625
bioconductor-egsea	36209
bioconductor-egseadata	44027
bioconductor-eir	29460
bioconductor-eisa	13984
bioconductor-eisar	19668
bioconductor-elbow	16372
bioconductor-elmer	36111
bioconductor-elmer.data	28793
bioconductor-emdomics	26801
bioconductor-empiricalbrownsmethod	38372
bioconductor-emtdata	12735
bioconductor-encodexplorer	26915
bioconductor-encodexplorerdata	11570
bioconductor-enhancedvolcano	49922
bioconductor-enhancerhomologsearch	11874
bioconductor-enmcb	19101
bioconductor-enmix	32968
bioconductor-enrichdo	666
bioconductor-enrichedheatmap	36780
bioconductor-enrichmentbrowser	32832
bioconductor-enrichplot	176274
bioconductor-enrichtf	24063
bioconductor-enrichviewnet	1498
bioconductor-ensdb.hsapiens.v75	15634
bioconductor-ensdb.hsapiens.v79	7232
bioconductor-ensdb.hsapiens.v86	19925
bioconductor-ensdb.mmusculus.v75	6445
bioconductor-ensdb.mmusculus.v79	10743
bioconductor-ensdb.rnorvegicus.v75	6367
bioconductor-ensdb.rnorvegicus.v79	6233
bioconductor-ensembldb	181139
bioconductor-ensemblvep	39660
bioconductor-envisionquery	13214
bioconductor-eopreddata	73
bioconductor-epialleler	13785
bioconductor-epicompare	4956
bioconductor-epicv2manifest	128
bioconductor-epidecoder	12388
bioconductor-epidish	30540
bioconductor-epigenomix	39244
bioconductor-epigrahmm	17949
bioconductor-epihet	22264
bioconductor-epimix	5506
bioconductor-epimix.data	4391
bioconductor-epimutacions	4409
bioconductor-epimutacionsdata	7966
bioconductor-epinem	13599
bioconductor-epipwr	76
bioconductor-epipwr.data	73
bioconductor-epiregulon	1242
bioconductor-epiregulon.extra	842
bioconductor-epistack	9386
bioconductor-epistasisga	7559
bioconductor-epitxdb	21482
bioconductor-epitxdb.hs.hg38	7283
bioconductor-epitxdb.mm.mm10	8160
bioconductor-epitxdb.sc.saccer3	8290
bioconductor-epivizr	37703
bioconductor-epivizrchart	25099
bioconductor-epivizrdata	36339
bioconductor-epivizrserver	37944
bioconductor-epivizrstandalone	37649
bioconductor-erccdashboard	28003
bioconductor-erma	133202
bioconductor-erssa	28050
bioconductor-esatac	37221
bioconductor-escape	16328
bioconductor-escher	3379
bioconductor-esetvis	37479
bioconductor-estrogen	28305
bioconductor-etec16s	26770
bioconductor-eudysbiome	36614
bioconductor-eupathdb	5965
bioconductor-evaluomer	26675
bioconductor-eventpointer	29857
bioconductor-ewce	14380
bioconductor-ewcedata	12817
bioconductor-excluderanges	3802
bioconductor-excluster	28629
bioconductor-eximir	39053
bioconductor-exomecopy	64249
bioconductor-exomepeak	18248
bioconductor-exomepeak2	16001
bioconductor-experimenthub	66825
bioconductor-experimenthubdata	28182
bioconductor-experimentsubset	13905
bioconductor-explorase	12957
bioconductor-exploremodelmatrix	18884
bioconductor-expressionatlas	26216
bioconductor-expressionnormalizationworkflow	3531
bioconductor-expressionview	23194
bioconductor-extrachips	6383
bioconductor-faahko	33135
bioconductor-fabia	48660
bioconductor-fabiadata	26992
bioconductor-facopy.annot	8430
bioconductor-facsdorit	11110
bioconductor-factdesign	28280
bioconductor-factr	6273
bioconductor-faers	117
bioconductor-famagg	30326
bioconductor-famat	14393
bioconductor-fantom3and4cage	27426
bioconductor-farms	42379
bioconductor-fastliquidassociation	28443
bioconductor-fastqcleaner	37198
bioconductor-fastreer	5806
bioconductor-fastseg	78259
bioconductor-fcbf	21524
bioconductor-fccac	40030
bioconductor-fci	27062
bioconductor-fcoex	15812
bioconductor-fcscan	20716
bioconductor-fdb.fantom4.promoters.hg19	5941
bioconductor-fdb.infiniummethylation.hg18	5840
bioconductor-fdb.infiniummethylation.hg19	17573
bioconductor-fdb.ucsc.snp135common.hg19	6385
bioconductor-fdb.ucsc.snp137common.hg19	6385
bioconductor-fdb.ucsc.trnas	6156
bioconductor-fdrame	39308
bioconductor-feast	14906
bioconductor-featseekr	2771
bioconductor-fedup	11888
bioconductor-fella	28966
bioconductor-fem	12725
bioconductor-fenr	3907
bioconductor-ffpe	36160
bioconductor-ffpeexampledata	27326
bioconductor-fgga	12188
bioconductor-fgnet	30673
bioconductor-fgsea	234479
bioconductor-fibroeset	30204
bioconductor-fieldeffectcrc	15936
bioconductor-filterffpe	15771
bioconductor-findips	72
bioconductor-findit2	9220
bioconductor-findmyfriends	39708
bioconductor-finfomds	75
bioconductor-fis	44899
bioconductor-fishalyser	47569
bioconductor-fishpond	33484
bioconductor-fission	27007
bioconductor-fitcons.ucsc.hg19	6323
bioconductor-fithic	54893
bioconductor-flagme	48552
bioconductor-flames	11828
bioconductor-fletcher2013a	29830
bioconductor-fletcher2013b	27141
bioconductor-flipflop	17267
bioconductor-flowai	70654
bioconductor-flowbeads	35906
bioconductor-flowbin	24317
bioconductor-flowcatchr	27811
bioconductor-flowchic	27748
bioconductor-flowcl	56303
bioconductor-flowclean	39171
bioconductor-flowclust	38000
bioconductor-flowcore	127877
bioconductor-flowcut	16004
bioconductor-flowcybar	28051
bioconductor-flowdensity	61224
bioconductor-flowfit	9551
bioconductor-flowfitexampledata	15712
bioconductor-flowfp	59399
bioconductor-flowgate	4004
bioconductor-flowgraph	11571
bioconductor-flowmap	36245
bioconductor-flowmatch	45658
bioconductor-flowmeans	27254
bioconductor-flowmerge	27445
bioconductor-flowpeaks	54000
bioconductor-flowploidy	39515
bioconductor-flowploidydata	27427
bioconductor-flowplots	27244
bioconductor-flowq	11335
bioconductor-flowqb	4215
bioconductor-flowqbdata	9282
bioconductor-flowrepositoryr	35654
bioconductor-flowsom	61020
bioconductor-flowsorted.blood.450k	34632
bioconductor-flowsorted.blood.epic	28696
bioconductor-flowsorted.cordblood.450k	23886
bioconductor-flowsorted.cordbloodcombined.450k	24339
bioconductor-flowsorted.cordbloodnorway.450k	21062
bioconductor-flowsorted.dlpfc.450k	27506
bioconductor-flowspecs	21956
bioconductor-flowspy	13326
bioconductor-flowstats	30151
bioconductor-flowtime	26019
bioconductor-flowtrans	25402
bioconductor-flowtype	15866
bioconductor-flowutils	41587
bioconductor-flowviz	55102
bioconductor-flowvs	22945
bioconductor-flowworkspace	66784
bioconductor-flowworkspacedata	31253
bioconductor-fly.db0	24321
bioconductor-fmcsr	34768
bioconductor-fmrs	19137
bioconductor-fobitools	10752
bioconductor-focalcall	21490
bioconductor-foldgo	28644
bioconductor-fourcseq	45370
bioconductor-fourdndata	4002
bioconductor-fraser	71661
bioconductor-frenchfish	17139
bioconductor-frgepistasis	26186
bioconductor-frma	35719
bioconductor-frmaexampledata	30447
bioconductor-frmatools	35387
bioconductor-fscanr	13472
bioconductor-funchip	49487
bioconductor-funcisnp	12621
bioconductor-funcisnp.data	12491
bioconductor-funomics	73
bioconductor-funtoonorm	22376
bioconductor-furrowseg	28344
bioconductor-fusesom	7541
bioconductor-g4snvhunter	560
bioconductor-ga4ghclient	26208
bioconductor-ga4ghshiny	26840
bioconductor-gaga	58409
bioconductor-gage	58160
bioconductor-gagedata	64336
bioconductor-gaggle	22600
bioconductor-gaia	18863
bioconductor-gapgom	18280
bioconductor-gaprediction	39000
bioconductor-garfield	38259
bioconductor-gars	25648
bioconductor-gaschyhs	31608
bioconductor-gatefinder	25771
bioconductor-gatingmldata	23474
bioconductor-gatom	436
bioconductor-gbscleanr	10914
bioconductor-gcapc	23107
bioconductor-gcatest	48067
bioconductor-gcmap	9938
bioconductor-gcmapweb	8754
bioconductor-gcptools	214
bioconductor-gcrisprtools	34955
bioconductor-gcrma	54786
bioconductor-gcsconnection	15385
bioconductor-gcsfilesystem	9310
bioconductor-gcspikelite	48403
bioconductor-gcsscore	15340
bioconductor-gdcrnatools	30622
bioconductor-gdnainrnaseqdata	4033
bioconductor-gdnax	1258
bioconductor-gdr	2276
bioconductor-gdrcore	2855
bioconductor-gdrimport	2279
bioconductor-gdrstyle	2089
bioconductor-gdrtestdata	2298
bioconductor-gdrutils	2322
bioconductor-gdsarray	24180
bioconductor-gdsfmt	64180
bioconductor-gedi	245
bioconductor-geecc	24271
bioconductor-gem	24542
bioconductor-gemini	21764
bioconductor-gemma.r	4455
bioconductor-genarise	28324
bioconductor-genbankr	38533
bioconductor-geneaccord	23406
bioconductor-geneanswers	16467
bioconductor-geneattribution	39149
bioconductor-genebreak	52280
bioconductor-geneclassifiers	28203
bioconductor-geneexpressionsignature	24112
bioconductor-genefilter	611866
bioconductor-genefu	40229
bioconductor-genega	34977
bioconductor-genegeneinter	30100
bioconductor-genelendatabase	91595
bioconductor-genemeta	39439
bioconductor-genenetworkbuilder	42422
bioconductor-geneoverlap	42240
bioconductor-geneplast	43906
bioconductor-geneplast.data	11915
bioconductor-geneplast.data.string.v91	5761
bioconductor-geneplotter	480250
bioconductor-generecommender	36813
bioconductor-generegionscan	38659
bioconductor-generxcluster	54000
bioconductor-geneselectmmd	38534
bioconductor-geneselector	16470
bioconductor-genesis	42463
bioconductor-genestructuretools	28147
bioconductor-genesummary	7366
bioconductor-genetclassifier	37038
bioconductor-geneticsdesign	23961
bioconductor-geneticsped	36115
bioconductor-genetonic	20458
bioconductor-genextender	47969
bioconductor-genie3	41868
bioconductor-genocn	40469
bioconductor-genogam	40533
bioconductor-genomation	78713
bioconductor-genomationdata	30355
bioconductor-genomautomorphism	5673
bioconductor-genomegraphs	27185
bioconductor-genomeinfodb	1946924
bioconductor-genomeinfodbdata	1721120
bioconductor-genomeintervals	38437
bioconductor-genomes	28961
bioconductor-genomewidesnp5crlmm	6819
bioconductor-genomewidesnp6crlmm	7044
bioconductor-genomicalignments	1304734
bioconductor-genomicdatacommons	47510
bioconductor-genomicdistributions	11721
bioconductor-genomicdistributionsdata	12743
bioconductor-genomicfeatures	441855
bioconductor-genomicfiles	45785
bioconductor-genomicinstability	8701
bioconductor-genomicinteractionnodes	6338
bioconductor-genomicinteractions	45976
bioconductor-genomicozone	21464
bioconductor-genomicplot	2292
bioconductor-genomicranges	2022140
bioconductor-genomicscores	53655
bioconductor-genomicstate	7608
bioconductor-genomicsupersignature	9675
bioconductor-genomictuples	53095
bioconductor-genominator	27516
bioconductor-genoset	31630
bioconductor-genotypeeval	23672
bioconductor-genphen	26349
bioconductor-genproseq	6471
bioconductor-genrank	24615
bioconductor-genvisr	52384
bioconductor-geodiff	11363
bioconductor-geoexplorer	8162
bioconductor-geofastq	10312
bioconductor-geometadb	40217
bioconductor-geometrid	73
bioconductor-geomxtools	13313
bioconductor-geoquery	106962
bioconductor-geosubmission	39388
bioconductor-geotcgadata	4056
bioconductor-gep2pep	27725
bioconductor-gesper	23555
bioconductor-getdee2	13363
bioconductor-geuvadistranscriptexpr	31366
bioconductor-geuvpack	15721
bioconductor-geuvstore2	12442
bioconductor-geva	12547
bioconductor-gewist	36937
bioconductor-geyser	74
bioconductor-gg4way	881
bioconductor-ggbase	27985
bioconductor-ggbio	82321
bioconductor-ggcyto	57347
bioconductor-ggdata	15812
bioconductor-gghumanmethcancerpanelv1.db	6494
bioconductor-ggkegg	1493
bioconductor-ggmanh	6746
bioconductor-ggmsa	7242
bioconductor-ggpa	19284
bioconductor-ggsc	2339
bioconductor-ggseqalign	466
bioconductor-ggspavis	9329
bioconductor-ggtools	21577
bioconductor-ggtree	241845
bioconductor-ggtreedendro	5734
bioconductor-ggtreeextra	15292
bioconductor-ggtreespace	75
bioconductor-gigsea	28619
bioconductor-gigseadata	29005
bioconductor-ginmapper	70
bioconductor-girafe	46310
bioconductor-gispa	27544
bioconductor-glad	31610
bioconductor-gladiatox	25069
bioconductor-glimma	40452
bioconductor-glmgampoi	274150
bioconductor-glmsparsenet	26550
bioconductor-globalancova	49088
bioconductor-globalseq	42672
bioconductor-globaltest	47713
bioconductor-gloscope	1211
bioconductor-gmapr	36017
bioconductor-gmicr	22069
bioconductor-gmoviz	14251
bioconductor-gmrp	35539
bioconductor-gnet2	29301
bioconductor-gnosis	2279
bioconductor-go.db	303482
bioconductor-goatea	69
bioconductor-goexpress	27842
bioconductor-gofuncr	38374
bioconductor-gofunction	20532
bioconductor-golubesets	40235
bioconductor-googlegenomics	4735
bioconductor-gopro	34522
bioconductor-goprofiles	25052
bioconductor-gosemsim	228111
bioconductor-goseq	94089
bioconductor-gosim	34881
bioconductor-gosorensen	6215
bioconductor-gostag	32728
bioconductor-gostats	67300
bioconductor-gosummaries	33631
bioconductor-gothic	52278
bioconductor-gotools	37614
bioconductor-gp53cdf	6614
bioconductor-gpa	23483
bioconductor-gpaexample	19538
bioconductor-gpart	28513
bioconductor-gpls	38184
bioconductor-gprege	22582
bioconductor-gpumagic	20979
bioconductor-gqtlbase	11756
bioconductor-gqtlstats	11548
bioconductor-grafgen	405
bioconductor-gramm4r	9666
bioconductor-granie	6143
bioconductor-granulator	11592
bioconductor-graper	24014
bioconductor-graph	220872
bioconductor-graphalignment	34383
bioconductor-graphat	39271
bioconductor-graphite	72555
bioconductor-graphpac	37651
bioconductor-grasp2db	6605
bioconductor-greengenes13.5mgdb	4820
bioconductor-grenits	36396
bioconductor-greylistchip	35932
bioconductor-grmetrics	42510
bioconductor-grndata	31020
bioconductor-grohmm	36208
bioconductor-grridge	24158
bioconductor-gsalightning	36363
bioconductor-gsar	25349
bioconductor-gsbenchmark	27708
bioconductor-gsca	40497
bioconductor-gscreend	19810
bioconductor-gse103322	9116
bioconductor-gse13015	9344
bioconductor-gse159526	9501
bioconductor-gse62944	27999
bioconductor-gseabase	113826
bioconductor-gseabenchmarker	30465
bioconductor-gsealm	35625
bioconductor-gseamining	14151
bioconductor-gsean	28709
bioconductor-gsgalgor	15203
bioconductor-gskb	18469
bioconductor-gsreg	47544
bioconductor-gsri	38092
bioconductor-gsva	98804
bioconductor-gsvadata	29954
bioconductor-gtrellis	39437
bioconductor-guideseq	35598
bioconductor-guitar	31465
bioconductor-gvenn	80
bioconductor-gviz	101490
bioconductor-gwas.bayes	18166
bioconductor-gwascat	30656
bioconductor-gwascatdata	4444
bioconductor-gwasdata	28879
bioconductor-gwastools	30728
bioconductor-gwasurvivr	26271
bioconductor-gwena	12802
bioconductor-gypsum	6467
bioconductor-h10kcod.db	6473
bioconductor-h20kcod.db	6321
bioconductor-h5mread	17089
bioconductor-h5vc	33965
bioconductor-h5vcdata	33247
bioconductor-hapfabia	47651
bioconductor-hapmap100khind	29544
bioconductor-hapmap100kxba	29209
bioconductor-hapmap370k	6762
bioconductor-hapmap500knsp	31210
bioconductor-hapmap500ksty	28042
bioconductor-hapmapsnp5	30458
bioconductor-hapmapsnp6	31629
bioconductor-harbchip	27553
bioconductor-harman	50462
bioconductor-harmandata	30555
bioconductor-harmonizedtcgadata	27143
bioconductor-harmonizr	2335
bioconductor-harshlight	44619
bioconductor-hca	12497
bioconductor-hcabrowser	13029
bioconductor-hcadata	23278
bioconductor-hcaexplorer	9737
bioconductor-hcamatrixbrowser	3421
bioconductor-hcatonsildata	2304
bioconductor-hcg110.db	8993
bioconductor-hcg110cdf	6555
bioconductor-hcg110probe	6399
bioconductor-hd2013sgi	24726
bioconductor-hdcytodata	28393
bioconductor-hdf5array	424910
bioconductor-hdo.db	78827
bioconductor-hdtd	35164
bioconductor-hdxmsqc	796
bioconductor-healthycontrolspresencechecker	5370
bioconductor-healthyflowdata	26750
bioconductor-heatmaps	43707
bioconductor-heatplus	51363
bioconductor-heebodata	31480
bioconductor-helloranges	37968
bioconductor-hellorangesdata	31217
bioconductor-help	37701
bioconductor-hem	45544
bioconductor-hermes	6296
bioconductor-heron	995
bioconductor-herper	18109
bioconductor-hgc	15407
bioconductor-hgfocus.db	8951
bioconductor-hgfocuscdf	6415
bioconductor-hgfocusprobe	5355
bioconductor-hgu133a.db	15997
bioconductor-hgu133a2.db	15158
bioconductor-hgu133a2cdf	6734
bioconductor-hgu133a2frmavecs	5708
bioconductor-hgu133a2probe	6869
bioconductor-hgu133abarcodevecs	28143
bioconductor-hgu133acdf	6966
bioconductor-hgu133afrmavecs	7493
bioconductor-hgu133aprobe	6711
bioconductor-hgu133atagcdf	6811
bioconductor-hgu133atagprobe	6433
bioconductor-hgu133b.db	7979
bioconductor-hgu133bcdf	5893
bioconductor-hgu133bprobe	6348
bioconductor-hgu133plus2.db	18317
bioconductor-hgu133plus2barcodevecs	24154
bioconductor-hgu133plus2cdf	7388
bioconductor-hgu133plus2cellscore	26030
bioconductor-hgu133plus2frmavecs	6154
bioconductor-hgu133plus2probe	6460
bioconductor-hgu219.db	6877
bioconductor-hgu219cdf	6446
bioconductor-hgu219probe	6316
bioconductor-hgu2beta7	32241
bioconductor-hgu95a.db	9605
bioconductor-hgu95acdf	5451
bioconductor-hgu95aprobe	6202
bioconductor-hgu95av2	7209
bioconductor-hgu95av2.db	13225
bioconductor-hgu95av2cdf	6729
bioconductor-hgu95av2probe	6347
bioconductor-hgu95b.db	10187
bioconductor-hgu95bcdf	6647
bioconductor-hgu95bprobe	6147
bioconductor-hgu95c.db	8149
bioconductor-hgu95ccdf	6369
bioconductor-hgu95cprobe	5527
bioconductor-hgu95d.db	8334
bioconductor-hgu95dcdf	5932
bioconductor-hgu95dprobe	6354
bioconductor-hgu95e.db	9130
bioconductor-hgu95ecdf	6975
bioconductor-hgu95eprobe	5882
bioconductor-hguatlas13k.db	6783
bioconductor-hgubeta7.db	6391
bioconductor-hgudkfz31.db	6499
bioconductor-hgug4100a.db	6319
bioconductor-hgug4101a.db	6431
bioconductor-hgug4110b.db	6348
bioconductor-hgug4111a.db	6397
bioconductor-hgug4112a.db	6403
bioconductor-hgug4845a.db	6451
bioconductor-hguqiagenv3.db	5548
bioconductor-hi16cod.db	6392
bioconductor-hiannotator	37049
bioconductor-hibag	56372
bioconductor-hibed	991
bioconductor-hicaggr	696
bioconductor-hicapture	71
bioconductor-hicbricks	26653
bioconductor-hiccompare	39714
bioconductor-hicdatahumanimr90	31762
bioconductor-hicdatalymphoblast	28127
bioconductor-hicdcplus	14794
bioconductor-hicdoc	6844
bioconductor-hicexperiment	3934
bioconductor-hicontacts	6468
bioconductor-hicontactsdata	6393
bioconductor-hicool	3985
bioconductor-hicparser	552
bioconductor-hicpotts	560
bioconductor-hicrep	29668
bioconductor-hicvenndiagram	2233
bioconductor-hiergwas	26481
bioconductor-hierinf	27836
bioconductor-highlyreplicatedrnaseq	18956
bioconductor-hiiragi2013	27095
bioconductor-hilbertcurve	26644
bioconductor-hilbertvis	62590
bioconductor-hilda	27871
bioconductor-hipathia	28632
bioconductor-hippo	16110
bioconductor-hireadsprocessor	24770
bioconductor-hireewas	36060
bioconductor-hitc	36101
bioconductor-hivcdnavantwout03	29406
bioconductor-hivprtplus2cdf	6917
bioconductor-hmdbquery	28541
bioconductor-hmmcopy	73459
bioconductor-hmp16sdata	26413
bioconductor-hmp2data	21517
bioconductor-hmyrib36	14332
bioconductor-holofoodr	537
bioconductor-hom.at.inp.db	6455
bioconductor-hom.ce.inp.db	7404
bioconductor-hom.dm.inp.db	7629
bioconductor-hom.dr.inp.db	7534
bioconductor-hom.hs.inp.db	16895
bioconductor-hom.mm.inp.db	7512
bioconductor-hom.rn.inp.db	7579
bioconductor-hom.sc.inp.db	7353
bioconductor-homo.sapiens	12943
bioconductor-homosapiendee2cellscore	76
bioconductor-hoodscanr	3106
bioconductor-hopach	49279
bioconductor-hpaanalyze	30640
bioconductor-hpannot	9134
bioconductor-hpar	72525
bioconductor-hpastainr	13882
bioconductor-hpip	9506
bioconductor-hpo.db	544
bioconductor-hs25kresogen.db	6404
bioconductor-hs6ug171.db	5954
bioconductor-hsagilentdesign026652.db	6363
bioconductor-hsmmsinglecell	64710
bioconductor-hspec	6354
bioconductor-hspeccdf	6291
bioconductor-hta20probeset.db	9164
bioconductor-hta20transcriptcluster.db	8920
bioconductor-hthgu133a.db	9123
bioconductor-hthgu133acdf	6335
bioconductor-hthgu133afrmavecs	6855
bioconductor-hthgu133aprobe	5951
bioconductor-hthgu133b.db	8468
bioconductor-hthgu133bcdf	5892
bioconductor-hthgu133bprobe	6609
bioconductor-hthgu133plusa.db	3856
bioconductor-hthgu133plusb.db	3948
bioconductor-hthgu133pluspm.db	3681
bioconductor-hthgu133pluspmcdf	6148
bioconductor-hthgu133pluspmprobe	5642
bioconductor-htmg430a.db	4022
bioconductor-htmg430acdf	6439
bioconductor-htmg430aprobe	6177
bioconductor-htmg430b.db	3465
bioconductor-htmg430bcdf	5805
bioconductor-htmg430bprobe	6046
bioconductor-htmg430pm.db	4030
bioconductor-htmg430pmcdf	6443
bioconductor-htmg430pmprobe	6635
bioconductor-htqpcr	39143
bioconductor-htrat230pm.db	3816
bioconductor-htrat230pmcdf	6134
bioconductor-htrat230pmprobe	6435
bioconductor-htratfocus.db	3989
bioconductor-htratfocuscdf	6347
bioconductor-htratfocusprobe	6467
bioconductor-htsanalyzer	9588
bioconductor-htseqgenie	25983
bioconductor-htseqtools	17515
bioconductor-htsfilter	38510
bioconductor-hu35ksuba.db	7759
bioconductor-hu35ksubacdf	5763
bioconductor-hu35ksubaprobe	6789
bioconductor-hu35ksubb.db	8996
bioconductor-hu35ksubbcdf	6382
bioconductor-hu35ksubbprobe	6418
bioconductor-hu35ksubc.db	8539
bioconductor-hu35ksubccdf	6398
bioconductor-hu35ksubcprobe	7091
bioconductor-hu35ksubd.db	8454
bioconductor-hu35ksubdcdf	5887
bioconductor-hu35ksubdprobe	6436
bioconductor-hu6800.db	8351
bioconductor-hu6800cdf	5980
bioconductor-hu6800probe	6533
bioconductor-hu6800subacdf	5522
bioconductor-hu6800subbcdf	6593
bioconductor-hu6800subccdf	6591
bioconductor-hu6800subdcdf	5416
bioconductor-hubmapr	262
bioconductor-hubpub	9286
bioconductor-huex.1.0.st.v2frmavecs	6743
bioconductor-huex10stprobeset.db	9373
bioconductor-huex10sttranscriptcluster.db	8975
bioconductor-huexexonprobesetlocation	6342
bioconductor-huexexonprobesetlocationhg18	6463
bioconductor-huexexonprobesetlocationhg19	6313
bioconductor-hugene.1.0.st.v1frmavecs	6137
bioconductor-hugene10stprobeset.db	7856
bioconductor-hugene10sttranscriptcluster.db	9536
bioconductor-hugene10stv1cdf	5777
bioconductor-hugene10stv1probe	6410
bioconductor-hugene11stprobeset.db	6758
bioconductor-hugene11sttranscriptcluster.db	9437
bioconductor-hugene20stprobeset.db	8875
bioconductor-hugene20sttranscriptcluster.db	8294
bioconductor-hugene21stprobeset.db	9210
bioconductor-hugene21sttranscriptcluster.db	9035
bioconductor-human.db0	28183
bioconductor-human1mduov3bcrlmm	6807
bioconductor-human1mv1ccrlmm	6799
bioconductor-human370quadv3ccrlmm	6778
bioconductor-human370v1ccrlmm	8380
bioconductor-human550v3bcrlmm	6593
bioconductor-human610quadv1bcrlmm	6706
bioconductor-human650v3acrlmm	6804
bioconductor-human660quadv1acrlmm	6714
bioconductor-humanaffydata	25753
bioconductor-humanchrloc	5853
bioconductor-humancytosnp12v2p1hcrlmm	6521
bioconductor-humanhippocampus2024	79
bioconductor-humanomni1quadv1bcrlmm	6717
bioconductor-humanomni25quadv1bcrlmm	6220
bioconductor-humanomni5quadv1bcrlmm	6828
bioconductor-humanomniexpress12v1bcrlmm	6889
bioconductor-humanstemcell	28275
bioconductor-humantranscriptomecompendium	24319
bioconductor-hummingbird	19936
bioconductor-huo22.db	6518
bioconductor-hvp	81
bioconductor-hwgcod.db	7056
bioconductor-hybridexpress	799
bioconductor-hybridmtest	36313
bioconductor-hyper	17635
bioconductor-hyperdraw	38345
bioconductor-hypergraph	39066
bioconductor-iaseq	36012
bioconductor-iasva	27353
bioconductor-ibbig	36914
bioconductor-ibh	38926
bioconductor-ibmq	39195
bioconductor-icare	39962
bioconductor-icens	40265
bioconductor-icetea	23774
bioconductor-icheck	24616
bioconductor-ichip	50478
bioconductor-iclusterplus	23351
bioconductor-icnv	23235
bioconductor-icobra	41689
bioconductor-ideal	34984
bioconductor-ideoviz	39502
bioconductor-idiogram	37095
bioconductor-idmappinganalysis	9518
bioconductor-idmappingretrieval	9488
bioconductor-idpr	18161
bioconductor-idr2d	21071
bioconductor-ifaa	4000
bioconductor-igblastr	2082
bioconductor-igc	25939
bioconductor-iggeneusage	27627
bioconductor-igvr	24535
bioconductor-igvshiny	91
bioconductor-ihw	57897
bioconductor-ihwpaper	30139
bioconductor-illumina450probevariants.db	34475
bioconductor-illuminadatatestfiles	29857
bioconductor-illuminahumanmethylation27k.db	7159
bioconductor-illuminahumanmethylation27kanno.ilmn12.hg19	6435
bioconductor-illuminahumanmethylation27kmanifest	6737
bioconductor-illuminahumanmethylation450kanno.ilmn12.hg19	25755
bioconductor-illuminahumanmethylation450kmanifest	17568
bioconductor-illuminahumanmethylation450kprobe	6190
bioconductor-illuminahumanmethylationepicanno.ilm10b2.hg19	10409
bioconductor-illuminahumanmethylationepicanno.ilm10b3.hg19	10251
bioconductor-illuminahumanmethylationepicanno.ilm10b4.hg19	14812
bioconductor-illuminahumanmethylationepicmanifest	15803
bioconductor-illuminahumanmethylationepicv2anno.20a1.hg38	1554
bioconductor-illuminahumanmethylationepicv2manifest	1686
bioconductor-illuminahumanmethylationmsaanno.ilm10a1.hg38	69
bioconductor-illuminahumanmethylationmsamanifest	76
bioconductor-illuminahumanv1.db	5847
bioconductor-illuminahumanv2.db	6506
bioconductor-illuminahumanv2beadid.db	6369
bioconductor-illuminahumanv3.db	6396
bioconductor-illuminahumanv4.db	6480
bioconductor-illuminahumanwgdaslv3.db	6409
bioconductor-illuminahumanwgdaslv4.db	6528
bioconductor-illuminaio	88785
bioconductor-illuminamousev1.db	6378
bioconductor-illuminamousev1p1.db	6565
bioconductor-illuminamousev2.db	14570
bioconductor-illuminaratv1.db	6332
bioconductor-iloreg	14090
bioconductor-imagehts	28891
bioconductor-imagetcga	87
bioconductor-imas	39434
bioconductor-imcdatasets	12841
bioconductor-imcrtools	9491
bioconductor-imetagene	12447
bioconductor-imman	27479
bioconductor-immapex	697
bioconductor-immunespacer	32042
bioconductor-immunoclust	36494
bioconductor-immunogenviewer	258
bioconductor-immunotation	10823
bioconductor-imodmix	107
bioconductor-imodmixdata	108
bioconductor-impcdata	28328
bioconductor-impulsede	23716
bioconductor-impulsede2	12765
bioconductor-impute	137093
bioconductor-indac.db	6323
bioconductor-indeed	25464
bioconductor-inetgrate	2202
bioconductor-infercnv	32600
bioconductor-infinityflow	11603
bioconductor-informeasure	13113
bioconductor-inpas	28099
bioconductor-inpower	39785
bioconductor-inspect	36630
bioconductor-intact	4379
bioconductor-intad	22874
bioconductor-intansv	26176
bioconductor-interaccircos	10747
bioconductor-interactionset	60549
bioconductor-interactivecomplexheatmap	10736
bioconductor-interactivedisplay	24295
bioconductor-interactivedisplaybase	123710
bioconductor-intercellar	12012
bioconductor-interest	32021
bioconductor-interminer	37028
bioconductor-intomics	3260
bioconductor-intramirexplorer	24236
bioconductor-inversion	41329
bioconductor-ioniser	37314
bioconductor-iontreedata	3177
bioconductor-ipac	36268
bioconductor-ipath	8179
bioconductor-ipddb	28309
bioconductor-ipo	43138
bioconductor-ippd	30129
bioconductor-iranges	2247559
bioconductor-irisfgm	9428
bioconductor-isanalytics	14527
bioconductor-iscream	679
bioconductor-isee	36380
bioconductor-iseede	2233
bioconductor-iseefier	251
bioconductor-iseehex	6396
bioconductor-iseehub	6319
bioconductor-iseeindex	2236
bioconductor-iseepathways	2234
bioconductor-iseetree	796
bioconductor-iseeu	18627
bioconductor-iseq	48923
bioconductor-islet	6250
bioconductor-islify	65
bioconductor-isobar	24250
bioconductor-isobayes	2964
bioconductor-isocorrector	31029
bioconductor-isocorrectorgui	23773
bioconductor-isoformswitchanalyzer	49428
bioconductor-isogenegui	24477
bioconductor-isolde	45016
bioconductor-isomirs	62666
bioconductor-italics	22902
bioconductor-italicsdata	31019
bioconductor-iterativebma	39649
bioconductor-iterativebmasurv	39440
bioconductor-iterclust	24828
bioconductor-iteremoval	19464
bioconductor-ivas	36484
bioconductor-ivygapse	27025
bioconductor-iwtomics	47153
bioconductor-iyer517	31491
bioconductor-jaspar2014	46401
bioconductor-jaspar2016	52535
bioconductor-jaspar2018	21154
bioconductor-jaspar2020	9780
bioconductor-jaspar2022	4153
bioconductor-jaspar2024	3321
bioconductor-jazaerimetadata.db	6272
bioconductor-jazzpanda	91
bioconductor-jctseqdata	19140
bioconductor-jmosaics	9607
bioconductor-joda	12519
bioconductor-johnsonkinasedata	71
bioconductor-junctionseq	28285
bioconductor-karyoploter	34819
bioconductor-katdetectr	4420
bioconductor-kboost	12121
bioconductor-kcsmart	50691
bioconductor-kebabs	51688
bioconductor-kegg.db	30687
bioconductor-keggandmetacoredzpathwaysgeo	31110
bioconductor-keggdzpathwaysgeo	38572
bioconductor-kegggraph	88797
bioconductor-kegglincs	35697
bioconductor-keggorthology	34355
bioconductor-keggprofile	14909
bioconductor-keggrest	778219
bioconductor-kidpack	29417
bioconductor-kimod	23315
bioconductor-kinswingr	24901
bioconductor-kissde	27208
bioconductor-kmcut	282
bioconductor-knowseq	21816
bioconductor-knowyourcg	1268
bioconductor-kodata	42555
bioconductor-koinar	831
bioconductor-lace	21294
bioconductor-lapmix	36774
bioconductor-lapointe.db	6318
bioconductor-lbe	40248
bioconductor-ldblock	26583
bioconductor-lea	39005
bioconductor-ledpred	27230
bioconductor-leebamviews	27064
bioconductor-lefser	15417
bioconductor-legato	72
bioconductor-lemur	3048
bioconductor-les	38778
bioconductor-leukemiaseset	23478
bioconductor-levi	37362
bioconductor-lfa	49986
bioconductor-lheuristic	71
bioconductor-liebermanaidenhic2009	27404
bioconductor-limma	971592
bioconductor-limmagui	28140
bioconductor-limpa	282
bioconductor-limpca	321
bioconductor-limrots	79
bioconductor-linc	30314
bioconductor-lineagepulse	24823
bioconductor-lineagespot	6334
bioconductor-linkhd	20281
bioconductor-linkset	69
bioconductor-linnorm	43038
bioconductor-lintind	6062
bioconductor-lionessr	62501
bioconductor-lipidr	18762
bioconductor-lipidtrend	82
bioconductor-liquidassociation	35235
bioconductor-lisaclust	11552
bioconductor-listeretalbsseq	25266
bioconductor-lmdme	40482
bioconductor-lmgene	24239
bioconductor-lobstahs	33442
bioconductor-loci2path	28305
bioconductor-logicfs	27115
bioconductor-logitt	44801
bioconductor-logolas	12550
bioconductor-lol	19107
bioconductor-lola	38543
bioconductor-looking4clusters	73
bioconductor-loomexperiment	36034
bioconductor-lowmaca	23942
bioconductor-lowmacaannotation	7061
bioconductor-lpe	40522
bioconductor-lpeadj	37211
bioconductor-lpnet	34240
bioconductor-lpsymphony	75632
bioconductor-lrbase.ath.eg.db	11074
bioconductor-lrbase.bta.eg.db	10704
bioconductor-lrbase.cel.eg.db	12979
bioconductor-lrbase.dme.eg.db	13273
bioconductor-lrbase.dre.eg.db	13203
bioconductor-lrbase.gga.eg.db	13015
bioconductor-lrbase.hsa.eg.db	12735
bioconductor-lrbase.mmu.eg.db	10190
bioconductor-lrbase.pab.eg.db	13121
bioconductor-lrbase.rno.eg.db	16488
bioconductor-lrbase.ssc.eg.db	13378
bioconductor-lrbase.xtr.eg.db	10765
bioconductor-lrbasedbi	26725
bioconductor-lrcell	11288
bioconductor-lrcelltypemarkers	12638
bioconductor-lumi	42806
bioconductor-lumibarnes	26325
bioconductor-lumihumanall.db	10205
bioconductor-lumihumanidmapping	6198
bioconductor-lumimouseall.db	6332
bioconductor-lumimouseidmapping	6427
bioconductor-lumiratall.db	6278
bioconductor-lumiratidmapping	6444
bioconductor-lungcanceracvssccgeo	45598
bioconductor-lungcancerlines	27698
bioconductor-lungexpression	28526
bioconductor-lute	742
bioconductor-lvsmirna	25374
bioconductor-lydata	30666
bioconductor-lymphoseq	25546
bioconductor-lymphoseqdb	6802
bioconductor-m10kcod.db	6405
bioconductor-m20kcod.db	6229
bioconductor-m3c	29520
bioconductor-m3d	30437
bioconductor-m3dexampledata	30158
bioconductor-m3drop	46764
bioconductor-m6aboost	8806
bioconductor-maanova	50773
bioconductor-maaslin2	20051
bioconductor-maaslin3	436
bioconductor-macarron	5476
bioconductor-macat	40452
bioconductor-macorrplot	45961
bioconductor-macpet	30356
bioconductor-macrophage	28761
bioconductor-macsdata	11561
bioconductor-macsquantifyr	20521
bioconductor-macsr	8199
bioconductor-made4	53866
bioconductor-madseq	34345
bioconductor-mafdb.1kgenomes.phase1.grch38	8714
bioconductor-mafdb.1kgenomes.phase1.hs37d5	7755
bioconductor-mafdb.1kgenomes.phase3.grch38	8557
bioconductor-mafdb.1kgenomes.phase3.hs37d5	8793
bioconductor-mafdb.esp6500si.v2.ssa137.grch38	6278
bioconductor-mafdb.esp6500si.v2.ssa137.hs37d5	5340
bioconductor-mafdb.exac.r1.0.grch38	9236
bioconductor-mafdb.exac.r1.0.hs37d5	9316
bioconductor-mafdb.exac.r1.0.nontcga.grch38	8787
bioconductor-mafdb.exac.r1.0.nontcga.hs37d5	8268
bioconductor-mafdb.gnomad.r2.0.1.grch38	6197
bioconductor-mafdb.gnomad.r2.0.1.hs37d5	3186
bioconductor-mafdb.gnomad.r2.1.grch38	7123
bioconductor-mafdb.gnomad.r2.1.hs37d5	7506
bioconductor-mafdb.gnomad.r3.0.grch38	5353
bioconductor-mafdb.gnomadex.r2.0.1.grch38	6279
bioconductor-mafdb.gnomadex.r2.0.1.hs37d5	2818
bioconductor-mafdb.gnomadex.r2.1.grch38	8741
bioconductor-mafdb.gnomadex.r2.1.hs37d5	10762
bioconductor-mafdb.topmed.freeze5.hg19	10499
bioconductor-mafdb.topmed.freeze5.hg38	10775
bioconductor-mafh5.gnomad.r3.0.grch38	5801
bioconductor-mafh5.gnomad.v3.1.1.grch38	5864
bioconductor-mafh5.gnomad.v3.1.2.grch38	3095
bioconductor-mafh5.gnomad.v4.0.grch38	69
bioconductor-maftools	57902
bioconductor-magar	12109
bioconductor-mageckflute	32912
bioconductor-magpie	3175
bioconductor-magrene	3985
bioconductor-mai	9202
bioconductor-maigespack	44984
bioconductor-mait	40987
bioconductor-maizecdf	6236
bioconductor-maizeprobe	5925
bioconductor-makecdfenv	54580
bioconductor-malaria.db0	23353
bioconductor-mammaprintdata	26453
bioconductor-manor	32204
bioconductor-manta	30061
bioconductor-mantelcorr	43646
bioconductor-mapkl	23803
bioconductor-mapkldata	29738
bioconductor-mapredictdsc	35228
bioconductor-mapscape	25804
bioconductor-maqcexpression4plex	31326
bioconductor-maqcsubset	25878
bioconductor-maqcsubsetafx	19911
bioconductor-maqcsubsetilm	27021
bioconductor-mariner	2604
bioconductor-marinerdata	3335
bioconductor-marker	76
bioconductor-marr	15896
bioconductor-marray	100943
bioconductor-martini	36002
bioconductor-maser	27772
bioconductor-masigpro	70834
bioconductor-maskbad	38427
bioconductor-massarray	44409
bioconductor-massir	42528
bioconductor-massspecwavelet	75301
bioconductor-mast	50991
bioconductor-mastr	3448
bioconductor-matchbox	28941
bioconductor-matrixgenerics	1521064
bioconductor-matrixqcvis	8770
bioconductor-matrixrider	36591
bioconductor-matter	62413
bioconductor-maxcontrastprojection	15835
bioconductor-mbamethyl	46435
bioconductor-mbased	43030
bioconductor-mbcb	25402
bioconductor-mbecs	6237
bioconductor-mbkmeans	33126
bioconductor-mbomic	3268
bioconductor-mbpcr	26928
bioconductor-mbqn	18808
bioconductor-mbqtl	2950
bioconductor-mbttest	44644
bioconductor-mcagui	12912
bioconductor-mcbiclust	25775
bioconductor-mcrestimate	20954
bioconductor-mcsea	26206
bioconductor-mcseadata	29264
bioconductor-mcsurvdata	26986
bioconductor-mdgsa	34193
bioconductor-mdp	28453
bioconductor-mdqc	47104
bioconductor-mdts	27931
bioconductor-meal	24102
bioconductor-measurementerror.cor	36323
bioconductor-meat	21434
bioconductor-meb	21520
bioconductor-medicagocdf	7461
bioconductor-medicagoprobe	6333
bioconductor-medips	53022
bioconductor-medipsdata	29522
bioconductor-medme	43982
bioconductor-meebodata	30018
bioconductor-megadepth	18889
bioconductor-meigor	37424
bioconductor-melissa	22546
bioconductor-memes	12793
bioconductor-merfishdata	4297
bioconductor-mergemaid	30174
bioconductor-mergeomics	46208
bioconductor-mesh.aca.eg.db	13610
bioconductor-mesh.aga.pest.eg.db	13356
bioconductor-mesh.ame.eg.db	11300
bioconductor-mesh.aml.eg.db	11080
bioconductor-mesh.ana.eg.db	13115
bioconductor-mesh.ani.fgsc.eg.db	12951
bioconductor-mesh.aor.db	13518
bioconductor-mesh.ath.eg.db	13352
bioconductor-mesh.bfl.eg.db	13205
bioconductor-mesh.bsu.168.eg.db	13352
bioconductor-mesh.bta.eg.db	11145
bioconductor-mesh.cal.sc5314.eg.db	13660
bioconductor-mesh.cbr.eg.db	13522
bioconductor-mesh.cel.eg.db	12673
bioconductor-mesh.cfa.eg.db	10337
bioconductor-mesh.cin.eg.db	10780
bioconductor-mesh.cja.eg.db	13118
bioconductor-mesh.cpo.eg.db	13519
bioconductor-mesh.cre.eg.db	11421
bioconductor-mesh.dan.eg.db	11582
bioconductor-mesh.db	24005
bioconductor-mesh.dda.3937.eg.db	8399
bioconductor-mesh.ddi.ax4.eg.db	13157
bioconductor-mesh.der.eg.db	13352
bioconductor-mesh.dgr.eg.db	13454
bioconductor-mesh.dme.eg.db	11014
bioconductor-mesh.dmo.eg.db	9137
bioconductor-mesh.dpe.eg.db	13235
bioconductor-mesh.dre.eg.db	10345
bioconductor-mesh.dse.eg.db	9215
bioconductor-mesh.dsi.eg.db	11125
bioconductor-mesh.dvi.eg.db	13353
bioconductor-mesh.dya.eg.db	13299
bioconductor-mesh.eca.eg.db	3081
bioconductor-mesh.eco.55989.eg.db	9026
bioconductor-mesh.eco.ed1a.eg.db	10205
bioconductor-mesh.eco.iai39.eg.db	9782
bioconductor-mesh.eco.k12.mg1655.eg.db	13211
bioconductor-mesh.eco.o157.h7.sakai.eg.db	12738
bioconductor-mesh.eco.umn026.eg.db	10066
bioconductor-mesh.eqc.eg.db	10192
bioconductor-mesh.gga.eg.db	13130
bioconductor-mesh.gma.eg.db	13239
bioconductor-mesh.hsa.eg.db	11792
bioconductor-mesh.laf.eg.db	13345
bioconductor-mesh.lma.eg.db	13817
bioconductor-mesh.mdo.eg.db	13901
bioconductor-mesh.mes.eg.db	13245
bioconductor-mesh.mga.eg.db	13381
bioconductor-mesh.miy.eg.db	13246
bioconductor-mesh.mml.eg.db	13523
bioconductor-mesh.mmu.eg.db	13387
bioconductor-mesh.mtr.eg.db	12592
bioconductor-mesh.nle.eg.db	11470
bioconductor-mesh.oan.eg.db	13251
bioconductor-mesh.ocu.eg.db	11394
bioconductor-mesh.oni.eg.db	13440
bioconductor-mesh.osa.eg.db	13691
bioconductor-mesh.pab.eg.db	11683
bioconductor-mesh.pae.pao1.eg.db	12435
bioconductor-mesh.pcr.db	13470
bioconductor-mesh.pfa.3d7.eg.db	13275
bioconductor-mesh.pto.eg.db	13657
bioconductor-mesh.ptr.eg.db	13952
bioconductor-mesh.rno.eg.db	12610
bioconductor-mesh.sce.s288c.eg.db	13431
bioconductor-mesh.sco.a32.eg.db	13273
bioconductor-mesh.sil.eg.db	13881
bioconductor-mesh.spu.eg.db	13570
bioconductor-mesh.ssc.eg.db	13437
bioconductor-mesh.syn.eg.db	13601
bioconductor-mesh.tbr.9274.eg.db	13306
bioconductor-mesh.tgo.me49.eg.db	10253
bioconductor-mesh.tgu.eg.db	12994
bioconductor-mesh.vvi.eg.db	13563
bioconductor-mesh.xla.eg.db	13449
bioconductor-mesh.xtr.eg.db	10526
bioconductor-mesh.zma.eg.db	13321
bioconductor-meshdbi	45761
bioconductor-meshes	38654
bioconductor-meshr	28575
bioconductor-meshsim	6798
bioconductor-meskit	20792
bioconductor-messina	55011
bioconductor-metaarray	35720
bioconductor-metab	29842
bioconductor-metabcombiner	20952
bioconductor-metabinr	6304
bioconductor-metaboannotation	6614
bioconductor-metabocoreutils	16629
bioconductor-metabodynamics	599
bioconductor-metaboliteidmapping	7310
bioconductor-metabolomicsworkbenchr	14590
bioconductor-metabomxtr	28864
bioconductor-metabosignal	36320
bioconductor-metacca	45098
bioconductor-metacyto	30661
bioconductor-metadict	77
bioconductor-metagene	21331
bioconductor-metagene2	21348
bioconductor-metagenomefeatures	16036
bioconductor-metagenomeseq	63439
bioconductor-metagxbreast	23598
bioconductor-metagxovarian	26886
bioconductor-metagxpancreas	21010
bioconductor-metahdep	53160
bioconductor-metams	52067
bioconductor-metamsdata	30185
bioconductor-metaneighbor	30109
bioconductor-metaphor	4489
bioconductor-metapod	271421
bioconductor-metapone	7370
bioconductor-metascope	3311
bioconductor-metaseq	54575
bioconductor-metaseqr	15701
bioconductor-metaseqr2	26842
bioconductor-metavizr	27062
bioconductor-metavolcanor	19442
bioconductor-metcirc	44729
bioconductor-methcp	16808
bioconductor-methimpute	40821
bioconductor-methinheritsim	25930
bioconductor-methodical	76
bioconductor-methped	47736
bioconductor-methreg	14184
bioconductor-methrix	25109
bioconductor-methtargetedngs	45974
bioconductor-methvisual	13082
bioconductor-methyanalysis	26280
bioconductor-methylaid	27298
bioconductor-methylaiddata	26127
bioconductor-methylcc	17670
bioconductor-methylclock	13973
bioconductor-methylclockdata	11598
bioconductor-methylgsa	19891
bioconductor-methylimp2	776
bioconductor-methylinheritance	26383
bioconductor-methylkit	82967
bioconductor-methylmix	27126
bioconductor-methylmnm	55098
bioconductor-methylpipe	56352
bioconductor-methylscaper	11758
bioconductor-methylseekr	47150
bioconductor-methylseqdata	14214
bioconductor-methylsig	17741
bioconductor-methylumi	52662
bioconductor-methyvim	15220
bioconductor-methyvimdata	13427
bioconductor-metid	27795
bioconductor-metmashr	509
bioconductor-metnet	22833
bioconductor-mfa	40803
bioconductor-mfuzz	30711
bioconductor-mgfm	40620
bioconductor-mgfr	42443
bioconductor-mgnifyr	336
bioconductor-mgsa	58033
bioconductor-mgu74a.db	7436
bioconductor-mgu74acdf	5441
bioconductor-mgu74aprobe	6429
bioconductor-mgu74av2.db	8089
bioconductor-mgu74av2cdf	5862
bioconductor-mgu74av2probe	6458
bioconductor-mgu74b.db	8776
bioconductor-mgu74bcdf	6250
bioconductor-mgu74bprobe	6278
bioconductor-mgu74bv2.db	7813
bioconductor-mgu74bv2cdf	6423
bioconductor-mgu74bv2probe	6177
bioconductor-mgu74c.db	8942
bioconductor-mgu74ccdf	6357
bioconductor-mgu74cprobe	6686
bioconductor-mgu74cv2.db	9033
bioconductor-mgu74cv2cdf	6307
bioconductor-mgu74cv2probe	5964
bioconductor-mguatlas5k.db	6383
bioconductor-mgug4104a.db	6738
bioconductor-mgug4120a.db	5971
bioconductor-mgug4121a.db	5676
bioconductor-mgug4122a.db	17104
bioconductor-mi16cod.db	6255
bioconductor-mia	194992
bioconductor-miadash	60
bioconductor-miasim	8068
bioconductor-miatime	85
bioconductor-miaviz	10355
bioconductor-michip	42836
bioconductor-microbiome	90486
bioconductor-microbiomebenchmarkdata	6187
bioconductor-microbiomedasim	16373
bioconductor-microbiomedatasets	12506
bioconductor-microbiomeexplorer	14654
bioconductor-microbiomemarker	6582
bioconductor-microbiomeprofiler	9210
bioconductor-microbiotaprocess	20227
bioconductor-microrna	54755
bioconductor-micrornaome	27473
bioconductor-microstasis	3867
bioconductor-micsqtl	492
bioconductor-midashla	12324
bioconductor-migsa	19303
bioconductor-migsadata	23778
bioconductor-milor	15917
bioconductor-mimager	24830
bioconductor-mimosa	41055
bioconductor-mina	14359
bioconductor-mineica	33355
bioconductor-minet	51137
bioconductor-minfi	76693
bioconductor-minfidata	27370
bioconductor-minfidataepic	24524
bioconductor-minimumdistance	39192
bioconductor-minionsummarydata	32178
bioconductor-mipp	41471
bioconductor-miqc	13022
bioconductor-mira	28688
bioconductor-mirage	48450
bioconductor-mirbase.db	6941
bioconductor-mirbaseconverter	25943
bioconductor-mirbaseversions.db	14658
bioconductor-mircomp	26316
bioconductor-mircompdata	32302
bioconductor-mirintegrator	37124
bioconductor-mirit	3876
bioconductor-mirlab	10226
bioconductor-mirmine	24882
bioconductor-mirna102xgaincdf	6554
bioconductor-mirna10cdf	6384
bioconductor-mirna10probe	6935
bioconductor-mirna20cdf	5975
bioconductor-mirnameconverter	34463
bioconductor-mirnapath	43966
bioconductor-mirnatap	47823
bioconductor-mirnatap.db	11063
bioconductor-mirnatarget	28038
bioconductor-mirsm	28172
bioconductor-mirsponge	10001
bioconductor-mirsponger	34066
bioconductor-mirsynergy	27388
bioconductor-mirtarrnaseq	11698
bioconductor-missmethyl	35803
bioconductor-missrows	28290
bioconductor-mist	1945
bioconductor-mistyr	11878
bioconductor-mitch	20470
bioconductor-mitoclone2	7975
bioconductor-mitology	69
bioconductor-mitoode	25757
bioconductor-mitoodedata	16850
bioconductor-mixomics	32998
bioconductor-mlinterfaces	41414
bioconductor-mlm4omics	5016
bioconductor-mlp	46894
bioconductor-mlseq	36215
bioconductor-mm24kresogen.db	5942
bioconductor-mmagilentdesign026655.db	6017
bioconductor-mmappr2	20509
bioconductor-mmappr2data	22756
bioconductor-mmdiff	7247
bioconductor-mmdiff2	38034
bioconductor-mmdiffbamsubset	26774
bioconductor-mmnet	6805
bioconductor-mmpalatemirna	11460
bioconductor-mmuphin	19548
bioconductor-mnem	26222
bioconductor-moanin	11899
bioconductor-mobilerna	1969
bioconductor-mobilitytransformr	5460
bioconductor-moda	24794
bioconductor-modcon	11462
bioconductor-modstrings	24823
bioconductor-moe430a.db	8898
bioconductor-moe430acdf	6752
bioconductor-moe430aprobe	6388
bioconductor-moe430b.db	9094
bioconductor-moe430bcdf	6376
bioconductor-moe430bprobe	6740
bioconductor-moex10stprobeset.db	9173
bioconductor-moex10sttranscriptcluster.db	8078
bioconductor-moexexonprobesetlocation	6340
bioconductor-mofa	10892
bioconductor-mofa2	23328
bioconductor-mofadata	25562
bioconductor-mogamun	18404
bioconductor-mogene.1.0.st.v1frmavecs	6580
bioconductor-mogene10stprobeset.db	8794
bioconductor-mogene10sttranscriptcluster.db	9047
bioconductor-mogene10stv1cdf	6352
bioconductor-mogene10stv1probe	6353
bioconductor-mogene11stprobeset.db	8976
bioconductor-mogene11sttranscriptcluster.db	9002
bioconductor-mogene20stprobeset.db	6772
bioconductor-mogene20sttranscriptcluster.db	8744
bioconductor-mogene21stprobeset.db	8979
bioconductor-mogene21sttranscriptcluster.db	9129
bioconductor-mogsa	27178
bioconductor-moleculeexperiment	3983
bioconductor-moma	14928
bioconductor-monalisa	9162
bioconductor-monocle	71676
bioconductor-moonlight2r	1916
bioconductor-moonlightr	25670
bioconductor-mops	27482
bioconductor-mosaics	64338
bioconductor-mosaicsexample	27962
bioconductor-mosbi	13793
bioconductor-mosdef	1687
bioconductor-mosim	28391
bioconductor-motif2site	4551
bioconductor-motifbreakr	52688
bioconductor-motifcounter	48778
bioconductor-motifdb	52752
bioconductor-motifmatchr	51195
bioconductor-motifpeeker	94
bioconductor-motifrg	43930
bioconductor-motifstack	62823
bioconductor-motiftestr	800
bioconductor-motiv	45474
bioconductor-mouse.db0	28764
bioconductor-mouse4302.db	13097
bioconductor-mouse4302barcodevecs	28954
bioconductor-mouse4302cdf	11433
bioconductor-mouse4302frmavecs	6936
bioconductor-mouse4302probe	6694
bioconductor-mouse430a2.db	9052
bioconductor-mouse430a2cdf	6413
bioconductor-mouse430a2frmavecs	6834
bioconductor-mouse430a2probe	6536
bioconductor-mouseagingdata	71
bioconductor-mousechrloc	6213
bioconductor-mousefm	11538
bioconductor-mousegastrulationdata	18874
bioconductor-mousethymusageing	10727
bioconductor-mpac	268
bioconductor-mpedbarray.db	6915
bioconductor-mpfe	44600
bioconductor-mpo.db	2278
bioconductor-mpra	31536
bioconductor-mpranalyze	27362
bioconductor-mqmetrics	10691
bioconductor-mqtl.nmr	11252
bioconductor-msa	41666
bioconductor-msa2dist	8312
bioconductor-msbackendmassbank	12431
bioconductor-msbackendmetabolights	551
bioconductor-msbackendmgf	11778
bioconductor-msbackendmsp	5129
bioconductor-msbackendrawfilereader	8520
bioconductor-msbackendsql	4091
bioconductor-mscoreutils	38609
bioconductor-msd16s	25404
bioconductor-msdata	33789
bioconductor-msdatahub	2418
bioconductor-mseadbi	6539
bioconductor-msexperiment	8958
bioconductor-msfeatures	16109
bioconductor-msgbsr	24383
bioconductor-msgfgui	11694
bioconductor-msgfplus	12943
bioconductor-msigdb	13436
bioconductor-msimpute	14402
bioconductor-mslp	6262
bioconductor-msmb	27919
bioconductor-msmseda	31291
bioconductor-msmstests	26463
bioconductor-msnbase	76964
bioconductor-msnid	46806
bioconductor-mspms	67
bioconductor-msprep	15624
bioconductor-mspurity	167190
bioconductor-mspuritydata	37958
bioconductor-msqc1	26223
bioconductor-msqrob2	11819
bioconductor-msquality	4024
bioconductor-msstats	72101
bioconductor-msstatsbig	1764
bioconductor-msstatsbiodata	18098
bioconductor-msstatsbionet	68
bioconductor-msstatsconvert	42648
bioconductor-msstatslip	10200
bioconductor-msstatslobd	13653
bioconductor-msstatsptm	14966
bioconductor-msstatsqc	28187
bioconductor-msstatsqcgui	27551
bioconductor-msstatsresponse	79
bioconductor-msstatssamplesize	19777
bioconductor-msstatsshiny	3433
bioconductor-msstatstmt	59082
bioconductor-msstatstmtptm	10657
bioconductor-mta10probeset.db	9004
bioconductor-mta10transcriptcluster.db	9126
bioconductor-mtbls2	30218
bioconductor-mtseeker	9427
bioconductor-mtseekerdata	9281
bioconductor-mu11ksuba.db	9078
bioconductor-mu11ksubacdf	6512
bioconductor-mu11ksubaprobe	6503
bioconductor-mu11ksubb.db	8958
bioconductor-mu11ksubbcdf	5813
bioconductor-mu11ksubbprobe	6275
bioconductor-mu15v1.db	6194
bioconductor-mu19ksuba.db	8998
bioconductor-mu19ksubacdf	6318
bioconductor-mu19ksubb.db	8368
bioconductor-mu19ksubbcdf	5836
bioconductor-mu19ksubc.db	7966
bioconductor-mu19ksubccdf	6429
bioconductor-mu22v3.db	6349
bioconductor-mu6500subacdf	6403
bioconductor-mu6500subbcdf	6457
bioconductor-mu6500subccdf	5940
bioconductor-mu6500subdcdf	6373
bioconductor-mudata	6071
bioconductor-mugaexampledata	29002
bioconductor-mulcom	51237
bioconductor-mulder2012	9499
bioconductor-muleadata	68
bioconductor-multiassayexperiment	235252
bioconductor-multibac	15830
bioconductor-multiclust	36103
bioconductor-multicrispr	14104
bioconductor-multidataset	51303
bioconductor-multigsea	19363
bioconductor-multihiccompare	26182
bioconductor-multimed	45208
bioconductor-multimir	27661
bioconductor-multimodalexperiment	2669
bioconductor-multiomicsviz	41870
bioconductor-multirnaflow	306
bioconductor-multiscan	51886
bioconductor-multisight	10060
bioconductor-multistateqtl	810
bioconductor-multiwgcna	1355
bioconductor-multiwgcnadata	74
bioconductor-multtest	354015
bioconductor-mumosa	11072
bioconductor-mungesumstats	15292
bioconductor-mus.musculus	6794
bioconductor-muscat	23867
bioconductor-muscdata	22117
bioconductor-muscle	36618
bioconductor-musicatk	14354
bioconductor-muspadata	70
bioconductor-mutationalpatterns	56317
bioconductor-mutscan	549
bioconductor-mvcclass	48310
bioconductor-mvgst	12451
bioconductor-mvoutdata	26315
bioconductor-mwastools	37368
bioconductor-mwgcod.db	5679
bioconductor-mygene	40818
bioconductor-myvariant	46258
bioconductor-mzid	61099
bioconductor-mzr	133470
bioconductor-nadfinder	39501
bioconductor-nanomethviz	18494
bioconductor-nanoporernaseq	15095
bioconductor-nanostringdiff	33017
bioconductor-nanostringnctools	12129
bioconductor-nanostringqcpro	25254
bioconductor-nanotator	20575
bioconductor-nanotube	9265
bioconductor-nanotubes	25175
bioconductor-narrowpeaks	16757
bioconductor-nbamseq	24526
bioconductor-nbsplice	30100
bioconductor-ncdfflow	72913
bioconductor-ncgtw	21589
bioconductor-ncigraph	43738
bioconductor-ncigraphdata	31633
bioconductor-ncrnatools	14380
bioconductor-ndexr	36895
bioconductor-nearbynding	15812
bioconductor-nebulosa	22440
bioconductor-neighbornet	26580
bioconductor-nem	30116
bioconductor-nempi	12231
bioconductor-nestlink	23780
bioconductor-netactivity	6331
bioconductor-netactivitydata	6091
bioconductor-netbenchmark	19534
bioconductor-netbiov	38976
bioconductor-netboost	18560
bioconductor-netboxr	12561
bioconductor-netdx	20922
bioconductor-netdx.examples	1990
bioconductor-nethet	36963
bioconductor-netomics	8448
bioconductor-netpathminer	54667
bioconductor-netprior	28667
bioconductor-netreg	34940
bioconductor-netresponse	35643
bioconductor-netsam	23829
bioconductor-netsmooth	26410
bioconductor-networkbma	40628
bioconductor-netzoor	7521
bioconductor-neuca	6971
bioconductor-neve2006	23296
bioconductor-newwave	15812
bioconductor-ngscopy	6239
bioconductor-ngscopydata	29598
bioconductor-ngsreports	28488
bioconductor-nipalsmcia	1786
bioconductor-nmrdata	72
bioconductor-nnnorm	45990
bioconductor-nnsvg	5792
bioconductor-noiseq	168121
bioconductor-nondetects	34774
bioconductor-norce	18932
bioconductor-normalize450k	24624
bioconductor-normalyzerde	26859
bioconductor-normqpcr	27759
bioconductor-normr	37284
bioconductor-norway981.db	6398
bioconductor-notame	110
bioconductor-notamestats	73
bioconductor-notameviz	63
bioconductor-nparc	18912
bioconductor-npgsea	45329
bioconductor-ntw	45289
bioconductor-nucleosim	44441
bioconductor-nucler	42210
bioconductor-nucpos	39380
bioconductor-nudge	17155
bioconductor-nugohs1a520180.db	6277
bioconductor-nugohs1a520180cdf	6016
bioconductor-nugohs1a520180probe	6407
bioconductor-nugomm1a520177.db	6357
bioconductor-nugomm1a520177cdf	5547
bioconductor-nugomm1a520177probe	6261
bioconductor-nullranges	9083
bioconductor-nullrangesdata	8598
bioconductor-nupop	37193
bioconductor-nxtirfcore	7610
bioconductor-nxtirfdata	9782
bioconductor-obmiti	11758
bioconductor-occugene	45609
bioconductor-ocplus	26822
bioconductor-oct4	23880
bioconductor-octad	6264
bioconductor-octad.db	5734
bioconductor-oder	4013
bioconductor-odseq	24208
bioconductor-ogre	6264
bioconductor-ogsa	30734
bioconductor-oligo	74615
bioconductor-oligoclasses	62024
bioconductor-oligodata	6178
bioconductor-olin	45935
bioconductor-olingui	25837
bioconductor-omada	6726
bioconductor-omadb	32259
bioconductor-omicade4	48418
bioconductor-omiccircos	47173
bioconductor-omicplotr	27290
bioconductor-omicrexposome	28138
bioconductor-omicsgmf	75
bioconductor-omicslonda	20304
bioconductor-omicsmarker	11169
bioconductor-omicsmlrepor	276
bioconductor-omicspca	20513
bioconductor-omicspcadata	25654
bioconductor-omicsprint	29169
bioconductor-omicsviewer	4987
bioconductor-omixer	18665
bioconductor-omnipathr	25067
bioconductor-ompbam	7620
bioconductor-omxplore	313
bioconductor-onassis	10989
bioconductor-onassisjavalibs	28687
bioconductor-oncomix	26138
bioconductor-oncoscanr	6320
bioconductor-oncoscore	25910
bioconductor-oncosimulr	47968
bioconductor-onesense	23744
bioconductor-onlinefdr	27136
bioconductor-ontoproc	25348
bioconductor-ontoprocdata	6085
bioconductor-opencyto	36360
bioconductor-openprimer	30166
bioconductor-openprimerui	23444
bioconductor-openstats	16812
bioconductor-operonhumanv3.db	8356
bioconductor-opossom	35922
bioconductor-oppar	57122
bioconductor-oppti	21747
bioconductor-optimalflow	18994
bioconductor-optimalflowdata	23567
bioconductor-opweight	31891
bioconductor-orderedlist	38549
bioconductor-orfhunter	14462
bioconductor-orfik	39512
bioconductor-org.ag.eg.db	28791
bioconductor-org.at.tair.db	29291
bioconductor-org.bt.eg.db	57321
bioconductor-org.ce.eg.db	119109
bioconductor-org.cf.eg.db	55062
bioconductor-org.dm.eg.db	80142
bioconductor-org.dr.eg.db	61988
bioconductor-org.eck12.eg.db	22260
bioconductor-org.ecsakai.eg.db	24520
bioconductor-org.gg.eg.db	51768
bioconductor-org.hbacteriophora.eg.db	71
bioconductor-org.hs.eg.db	232369
bioconductor-org.mm.eg.db	175834
bioconductor-org.mmu.eg.db	30979
bioconductor-org.mxanthus.db	9027
bioconductor-org.pf.plasmo.db	23362
bioconductor-org.pt.eg.db	25323
bioconductor-org.rn.eg.db	66055
bioconductor-org.sc.sgd.db	39751
bioconductor-org.ss.eg.db	57701
bioconductor-org.xl.eg.db	29256
bioconductor-organism.dplyr	28293
bioconductor-organismdbi	70502
bioconductor-orthogene	9754
bioconductor-orthology.eg.db	9204
bioconductor-orthos	2225
bioconductor-orthosdata	2277
bioconductor-osat	45275
bioconductor-oscope	46741
bioconductor-osta.data	94
bioconductor-otubase	44398
bioconductor-outlierd	34323
bioconductor-outrider	51690
bioconductor-outsplice	3994
bioconductor-oveseg	32330
bioconductor-paa	38429
bioconductor-packfinder	17593
bioconductor-padma	15771
bioconductor-padog	38752
bioconductor-paeg1acdf	6382
bioconductor-paeg1aprobe	6667
bioconductor-pagerank	15580
bioconductor-pairadise	25159
bioconductor-paircompviz	43308
bioconductor-pairedgsea	3977
bioconductor-pairkat	9227
bioconductor-pandar	35418
bioconductor-panelcn.mops	26645
bioconductor-pannbuilder	18279
bioconductor-panomir	4723
bioconductor-panp	42739
bioconductor-panr	43071
bioconductor-panther.db	20089
bioconductor-panviz	5580
bioconductor-panvizgenerator	20383
bioconductor-papi	26422
bioconductor-parathyroidse	25120
bioconductor-pareg	3761
bioconductor-parglms	27153
bioconductor-parody	45372
bioconductor-partcnv	2276
bioconductor-partheenmetadata.db	6335
bioconductor-pasilla	34281
bioconductor-pasillabamsubset	30139
bioconductor-pasillatranscriptexpr	27869
bioconductor-past	18382
bioconductor-path2ppi	49157
bioconductor-pathifier	37584
bioconductor-pathlinkr	68
bioconductor-pathmed	71
bioconductor-pathnet	42384
bioconductor-pathnetdata	27110
bioconductor-pathostat	35976
bioconductor-pathprint	21178
bioconductor-pathprintgeodata	18545
bioconductor-pathrender	36598
bioconductor-pathvar	39370
bioconductor-pathview	80650
bioconductor-pathwaypca	25968
bioconductor-pathwaysplice	9493
bioconductor-paxtoolsr	24805
bioconductor-pbase	25153
bioconductor-pbcmc	11572
bioconductor-pcaexplorer	53916
bioconductor-pcagopromoter	20107
bioconductor-pcagopromoter.hs.hg19	18767
bioconductor-pcagopromoter.mm.mm9	19162
bioconductor-pcagopromoter.rn.rn4	19128
bioconductor-pcamethods	97265
bioconductor-pcan	48463
bioconductor-pcatools	39727
bioconductor-pchicdata	55716
bioconductor-pcot2	31995
bioconductor-pcpheno	24420
bioconductor-pcxn	25861
bioconductor-pcxndata	30149
bioconductor-pd.081229.hg18.promoter.medip.hx1	6437
bioconductor-pd.2006.07.18.hg18.refseq.promoter	6527
bioconductor-pd.2006.07.18.mm8.refseq.promoter	6399
bioconductor-pd.2006.10.31.rn34.refseq.promoter	6386
bioconductor-pd.ag	5972
bioconductor-pd.aragene.1.0.st	6459
bioconductor-pd.aragene.1.1.st	6367
bioconductor-pd.atdschip.tiling	24785
bioconductor-pd.ath1.121501	6364
bioconductor-pd.barley1	6467
bioconductor-pd.bovgene.1.0.st	6731
bioconductor-pd.bovgene.1.1.st	5232
bioconductor-pd.bovine	6392
bioconductor-pd.bsubtilis	6549
bioconductor-pd.cangene.1.0.st	6457
bioconductor-pd.cangene.1.1.st	6399
bioconductor-pd.canine	6312
bioconductor-pd.canine.2	6372
bioconductor-pd.celegans	6134
bioconductor-pd.charm.hg18.example	5616
bioconductor-pd.chicken	6289
bioconductor-pd.chigene.1.0.st	6543
bioconductor-pd.chigene.1.1.st	6314
bioconductor-pd.chogene.2.0.st	5495
bioconductor-pd.chogene.2.1.st	7019
bioconductor-pd.citrus	6050
bioconductor-pd.clariom.d.human	6028
bioconductor-pd.clariom.s.human	5720
bioconductor-pd.clariom.s.human.ht	6286
bioconductor-pd.clariom.s.mouse	6462
bioconductor-pd.clariom.s.mouse.ht	6836
bioconductor-pd.clariom.s.rat	6479
bioconductor-pd.clariom.s.rat.ht	6360
bioconductor-pd.cotton	6382
bioconductor-pd.cyngene.1.0.st	5636
bioconductor-pd.cyngene.1.1.st	6438
bioconductor-pd.cyrgene.1.0.st	7639
bioconductor-pd.cyrgene.1.1.st	5627
bioconductor-pd.cytogenetics.array	6306
bioconductor-pd.drogene.1.0.st	8387
bioconductor-pd.drogene.1.1.st	5421
bioconductor-pd.drosgenome1	5718
bioconductor-pd.drosophila.2	5934
bioconductor-pd.e.coli.2	6763
bioconductor-pd.ecoli	6367
bioconductor-pd.ecoli.asv2	5787
bioconductor-pd.elegene.1.0.st	6376
bioconductor-pd.elegene.1.1.st	6364
bioconductor-pd.equgene.1.0.st	7400
bioconductor-pd.equgene.1.1.st	6513
bioconductor-pd.feinberg.hg18.me.hx1	6356
bioconductor-pd.feinberg.mm8.me.hx1	6307
bioconductor-pd.felgene.1.0.st	5440
bioconductor-pd.felgene.1.1.st	6397
bioconductor-pd.fingene.1.0.st	6111
bioconductor-pd.fingene.1.1.st	6377
bioconductor-pd.genomewidesnp.5	6246
bioconductor-pd.genomewidesnp.6	6275
bioconductor-pd.guigene.1.0.st	5866
bioconductor-pd.guigene.1.1.st	6425
bioconductor-pd.hc.g110	6395
bioconductor-pd.hg.focus	6423
bioconductor-pd.hg.u133.plus.2	6597
bioconductor-pd.hg.u133a	5559
bioconductor-pd.hg.u133a.2	6482
bioconductor-pd.hg.u133a.tag	6301
bioconductor-pd.hg.u133b	5622
bioconductor-pd.hg.u219	6525
bioconductor-pd.hg.u95a	6455
bioconductor-pd.hg.u95av2	5928
bioconductor-pd.hg.u95b	6525
bioconductor-pd.hg.u95c	6445
bioconductor-pd.hg.u95d	6439
bioconductor-pd.hg.u95e	6486
bioconductor-pd.hg18.60mer.expr	6298
bioconductor-pd.ht.hg.u133.plus.pm	6392
bioconductor-pd.ht.hg.u133a	6476
bioconductor-pd.ht.mg.430a	5519
bioconductor-pd.hta.2.0	6653
bioconductor-pd.hu6800	6461
bioconductor-pd.huex.1.0.st.v2	6715
bioconductor-pd.hugene.1.0.st.v1	6978
bioconductor-pd.hugene.1.1.st.v1	6788
bioconductor-pd.hugene.2.0.st	6587
bioconductor-pd.hugene.2.1.st	6452
bioconductor-pd.maize	6414
bioconductor-pd.mapping250k.nsp	6095
bioconductor-pd.mapping250k.sty	6377
bioconductor-pd.mapping50k.hind240	6493
bioconductor-pd.mapping50k.xba240	6159
bioconductor-pd.margene.1.0.st	6377
bioconductor-pd.margene.1.1.st	6448
bioconductor-pd.medgene.1.0.st	6328
bioconductor-pd.medgene.1.1.st	5704
bioconductor-pd.medicago	6984
bioconductor-pd.mg.u74a	5742
bioconductor-pd.mg.u74av2	6517
bioconductor-pd.mg.u74b	5764
bioconductor-pd.mg.u74bv2	6562
bioconductor-pd.mg.u74c	5704
bioconductor-pd.mg.u74cv2	6454
bioconductor-pd.mirna.1.0	6019
bioconductor-pd.mirna.2.0	5930
bioconductor-pd.mirna.3.0	5711
bioconductor-pd.mirna.3.1	6428
bioconductor-pd.mirna.4.0	6574
bioconductor-pd.moe430a	6262
bioconductor-pd.moe430b	7307
bioconductor-pd.moex.1.0.st.v1	6452
bioconductor-pd.mogene.1.0.st.v1	5851
bioconductor-pd.mogene.1.1.st.v1	6357
bioconductor-pd.mogene.2.0.st	6455
bioconductor-pd.mogene.2.1.st	6429
bioconductor-pd.mouse430.2	6653
bioconductor-pd.mouse430a.2	6424
bioconductor-pd.mta.1.0	6521
bioconductor-pd.mu11ksuba	6401
bioconductor-pd.mu11ksubb	6389
bioconductor-pd.nugo.hs1a520180	6667
bioconductor-pd.nugo.mm1a520177	6358
bioconductor-pd.ovigene.1.0.st	6429
bioconductor-pd.ovigene.1.1.st	5923
bioconductor-pd.pae.g1a	6418
bioconductor-pd.plasmodium.anopheles	6308
bioconductor-pd.poplar	6491
bioconductor-pd.porcine	6366
bioconductor-pd.porgene.1.0.st	6332
bioconductor-pd.porgene.1.1.st	6453
bioconductor-pd.rabgene.1.0.st	6362
bioconductor-pd.rabgene.1.1.st	6323
bioconductor-pd.rae230a	6058
bioconductor-pd.rae230b	6017
bioconductor-pd.raex.1.0.st.v1	6381
bioconductor-pd.ragene.1.0.st.v1	6388
bioconductor-pd.ragene.1.1.st.v1	6883
bioconductor-pd.ragene.2.0.st	5868
bioconductor-pd.ragene.2.1.st	6422
bioconductor-pd.rat230.2	6447
bioconductor-pd.rcngene.1.0.st	6793
bioconductor-pd.rcngene.1.1.st	6730
bioconductor-pd.rg.u34a	6465
bioconductor-pd.rg.u34b	6477
bioconductor-pd.rg.u34c	6596
bioconductor-pd.rhegene.1.0.st	6572
bioconductor-pd.rhegene.1.1.st	5251
bioconductor-pd.rhesus	6358
bioconductor-pd.rice	6348
bioconductor-pd.rjpgene.1.0.st	6767
bioconductor-pd.rjpgene.1.1.st	6303
bioconductor-pd.rn.u34	5400
bioconductor-pd.rta.1.0	6641
bioconductor-pd.rusgene.1.0.st	6198
bioconductor-pd.rusgene.1.1.st	6329
bioconductor-pd.s.aureus	6358
bioconductor-pd.soybean	6416
bioconductor-pd.soygene.1.0.st	6339
bioconductor-pd.soygene.1.1.st	6412
bioconductor-pd.sugar.cane	6710
bioconductor-pd.tomato	6445
bioconductor-pd.u133.x3p	6728
bioconductor-pd.vitis.vinifera	6396
bioconductor-pd.wheat	6306
bioconductor-pd.x.laevis.2	6306
bioconductor-pd.x.tropicalis	6352
bioconductor-pd.xenopus.laevis	6336
bioconductor-pd.yeast.2	7003
bioconductor-pd.yg.s98	6349
bioconductor-pd.zebgene.1.0.st	5887
bioconductor-pd.zebgene.1.1.st	6750
bioconductor-pd.zebrafish	5751
bioconductor-pdatk	9808
bioconductor-pdinfobuilder	46972
bioconductor-peacoqc	15516
bioconductor-peakcombiner	71
bioconductor-peakpanther	21753
bioconductor-peca	43777
bioconductor-peco	18687
bioconductor-pedbarrayv10.db	6388
bioconductor-pedbarrayv9.db	5986
bioconductor-pedixplorer	409
bioconductor-pengls	5708
bioconductor-pepdat	28077
bioconductor-pepsettest	791
bioconductor-pepsnmr	33827
bioconductor-pepsnmrdata	26166
bioconductor-pepstat	45643
bioconductor-pepxmltab	46929
bioconductor-perfect	17778
bioconductor-periodicdna	11316
bioconductor-perturbatr	21522
bioconductor-pfam.db	39653
bioconductor-pfamanalyzer	3358
bioconductor-pfp	6690
bioconductor-pga	9282
bioconductor-pgca	25689
bioconductor-pgsea	34602
bioconductor-pgxrpi	854
bioconductor-phantasus	26066
bioconductor-phantasuslite	1321
bioconductor-pharmacogx	29748
bioconductor-phastcons100way.ucsc.hg19	15188
bioconductor-phastcons100way.ucsc.hg38	6629
bioconductor-phastcons30way.ucsc.hg38	6579
bioconductor-phastcons35way.ucsc.mm39	2919
bioconductor-phastcons7way.ucsc.hg38	6079
bioconductor-phemd	12525
bioconductor-phenodist	11174
bioconductor-phenogeneranker	12387
bioconductor-phenomis	5727
bioconductor-phenopath	36223
bioconductor-phenotest	25295
bioconductor-phenstat	33999
bioconductor-philr	39439
bioconductor-phipdata	11938
bioconductor-phosphonormalizer	36651
bioconductor-phosr	15855
bioconductor-phylop35way.ucsc.mm39	2875
bioconductor-phyloprofile	35987
bioconductor-phyloprofiledata	21905
bioconductor-phyloseq	309489
bioconductor-pi	26036
bioconductor-piano	50467
bioconductor-picb	81
bioconductor-pickgene	45591
bioconductor-pics	53398
bioconductor-pig.db0	28631
bioconductor-pigengene	24624
bioconductor-ping	51099
bioconductor-pint	20971
bioconductor-pipecomp	13752
bioconductor-pipeframe	25195
bioconductor-pipets	818
bioconductor-pirat	2296
bioconductor-piuma	901
bioconductor-pkgdeptools	42226
bioconductor-planet	10758
bioconductor-planttfhunter	4035
bioconductor-plasfia	24069
bioconductor-plasmodiumanophelescdf	6343
bioconductor-plasmodiumanophelesprobe	6647
bioconductor-plasmut	2299
bioconductor-platecore	3247
bioconductor-plethy	38799
bioconductor-plgem	48021
bioconductor-plier	51469
bioconductor-plogo2	17893
bioconductor-plotgardener	19127
bioconductor-plotgardenerdata	9616
bioconductor-plotgrouper	26842
bioconductor-plpe	39210
bioconductor-plrs	12037
bioconductor-plsdabatch	663
bioconductor-plw	35361
bioconductor-plyinteractions	3286
bioconductor-plyranges	48373
bioconductor-plyxp	753
bioconductor-pmm	36867
bioconductor-pmp	16495
bioconductor-pmscanr	67
bioconductor-pocrcannotation.db	6333
bioconductor-podcall	12514
bioconductor-podkat	54759
bioconductor-poem	234
bioconductor-pogos	27432
bioconductor-polyester	23240
bioconductor-polyfit	33782
bioconductor-polyphen.hsapiens.dbsnp131	6628
bioconductor-polystest	69
bioconductor-polytect	75
bioconductor-poma	12935
bioconductor-poplarcdf	6301
bioconductor-poplarprobe	5783
bioconductor-porcine.db	9334
bioconductor-porcinecdf	6483
bioconductor-porcineprobe	6402
bioconductor-post	13485
bioconductor-potra	20865
bioconductor-powerexplorer	12579
bioconductor-powertcr	32656
bioconductor-powsc	12197
bioconductor-ppcseq	14587
bioconductor-ppidata	28968
bioconductor-ppinfer	38215
bioconductor-ppistats	33812
bioconductor-pqsfinder	48482
bioconductor-prada	41201
bioconductor-pram	23943
bioconductor-prebs	38367
bioconductor-prebsdata	25477
bioconductor-precisetad	15653
bioconductor-precisetadhub	12668
bioconductor-precisiontrialdrawer	18612
bioconductor-preda	37662
bioconductor-predasampledata	25786
bioconductor-predictionet	30134
bioconductor-preprocesscore	230379
bioconductor-primeviewcdf	6491
bioconductor-primeviewprobe	5994
bioconductor-primirtss	25286
bioconductor-prince	24548
bioconductor-prize	22834
bioconductor-proactiv	16168
bioconductor-probamr	48009
bioconductor-probatch	20798
bioconductor-process	34911
bioconductor-procoil	37893
bioconductor-proda	22124
bioconductor-prodata	28280
bioconductor-profia	53862
bioconductor-profileplyr	23986
bioconductor-profilescoredist	36566
bioconductor-progeny	29160
bioconductor-projectr	24355
bioconductor-proloc	44995
bioconductor-prolocdata	26877
bioconductor-prolocgui	29063
bioconductor-promise	41470
bioconductor-prone	2729
bioconductor-proper	44519
bioconductor-props	26682
bioconductor-prostar	27112
bioconductor-prostatecancercamcap	27277
bioconductor-prostatecancergrasso	26779
bioconductor-prostatecancerstockholm	30935
bioconductor-prostatecancertaylor	26029
bioconductor-prostatecancervarambally	29549
bioconductor-prot2d	14719
bioconductor-proteasy	3745
bioconductor-proteingymr	66
bioconductor-proteinprofiles	23900
bioconductor-proteodisco	9182
bioconductor-proteomicsannotationhubdata	26896
bioconductor-proteomm	25742
bioconductor-proteoqc	10007
bioconductor-protgear	6129
bioconductor-protgenerics	195228
bioconductor-psea	44429
bioconductor-psichomics	41774
bioconductor-psicquic	38855
bioconductor-psmatch	10003
bioconductor-psygenet2r	37625
bioconductor-ptairdata	12998
bioconductor-ptairms	11087
bioconductor-pth2o2lipids	25947
bioconductor-pubscore	16037
bioconductor-pulsedsilac	15998
bioconductor-puma	42558
bioconductor-pumadata	26210
bioconductor-purecn	72047
bioconductor-pvac	43457
bioconductor-pvca	36550
bioconductor-pviz	43802
bioconductor-pwalign	62962
bioconductor-pwmenrich	36738
bioconductor-pwmenrich.dmelanogaster.background	27871
bioconductor-pwmenrich.hsapiens.background	27075
bioconductor-pwmenrich.mmusculus.background	27546
bioconductor-pwomics	33086
bioconductor-pwrewas	17637
bioconductor-pwrewas.data	17829
bioconductor-qckitfastq	34006
bioconductor-qcmetrics	40101
bioconductor-qdnaseq	62082
bioconductor-qdnaseq.hg19	27514
bioconductor-qdnaseq.mm10	49920
bioconductor-qfeatures	21530
bioconductor-qmtools	4994
bioconductor-qpcrnorm	44782
bioconductor-qpgraph	52908
bioconductor-qplexanalyzer	29687
bioconductor-qplexdata	27137
bioconductor-qrqc	51485
bioconductor-qrscore	65
bioconductor-qsea	46227
bioconductor-qsmooth	25115
bioconductor-qsutils	26223
bioconductor-qsvar	6252
bioconductor-qtlexperiment	1892
bioconductor-qtlizer	21467
bioconductor-qualifier	21615
bioconductor-quantiseqr	15115
bioconductor-quantro	45071
bioconductor-quantsmooth	48160
bioconductor-quartpac	34764
bioconductor-quasr	47745
bioconductor-quaternaryprod	47004
bioconductor-qubic	36006
bioconductor-qubicdata	31161
bioconductor-qusage	51364
bioconductor-qvalue	317959
bioconductor-r10kcod.db	6357
bioconductor-r3cpet	38165
bioconductor-r3cseq	41915
bioconductor-r453plus1toolbox	36660
bioconductor-r4rna	43222
bioconductor-radiogx	15376
bioconductor-rae230a.db	9105
bioconductor-rae230acdf	6768
bioconductor-rae230aprobe	6838
bioconductor-rae230b.db	9028
bioconductor-rae230bcdf	6402
bioconductor-rae230bprobe	6837
bioconductor-raer	3220
bioconductor-raerdata	2222
bioconductor-raex10stprobeset.db	8890
bioconductor-raex10sttranscriptcluster.db	9081
bioconductor-raexexonprobesetlocation	6774
bioconductor-ragene10stprobeset.db	8901
bioconductor-ragene10sttranscriptcluster.db	9099
bioconductor-ragene10stv1cdf	7542
bioconductor-ragene10stv1probe	6306
bioconductor-ragene11stprobeset.db	8790
bioconductor-ragene11sttranscriptcluster.db	9263
bioconductor-ragene20stprobeset.db	8980
bioconductor-ragene20sttranscriptcluster.db	8645
bioconductor-ragene21stprobeset.db	8948
bioconductor-ragene21sttranscriptcluster.db	9096
bioconductor-raggedexperiment	38513
bioconductor-raids	1359
bioconductor-rain	42652
bioconductor-rama	50883
bioconductor-ramigo	18187
bioconductor-ramr	12575
bioconductor-ramwas	37824
bioconductor-randomwalkrestartmh	25591
bioconductor-randpack	41096
bioconductor-randrotation	21748
bioconductor-rankprod	37913
bioconductor-raresim	6396
bioconductor-rarevariantvis	38881
bioconductor-rariant	26838
bioconductor-rarr	8377
bioconductor-rat.db0	28114
bioconductor-rat2302.db	7820
bioconductor-rat2302cdf	6231
bioconductor-rat2302frmavecs	6025
bioconductor-rat2302probe	6148
bioconductor-ratchrloc	6955
bioconductor-rattoxfxcdf	6332
bioconductor-rattoxfxprobe	6940
bioconductor-rattus.norvegicus	6769
bioconductor-rawdiag	77
bioconductor-rawrr	6900
bioconductor-rbcbook1	45053
bioconductor-rbec	14567
bioconductor-rbgl	135241
bioconductor-rbioformats	4254
bioconductor-rbioinf	55262
bioconductor-rbiopaxparser	44193
bioconductor-rblast	802
bioconductor-rbm	45831
bioconductor-rbowtie	59820
bioconductor-rbowtie2	39493
bioconductor-rbsurv	42834
bioconductor-rbwa	7611
bioconductor-rcade	20212
bioconductor-rcas	81380
bioconductor-rcaspar	47040
bioconductor-rcellminer	28406
bioconductor-rcellminerdata	31367
bioconductor-rcgh	33650
bioconductor-rchemcpp	30814
bioconductor-rchyoptimyx	18080
bioconductor-rcistarget	31820
bioconductor-rcistarget.hg19.motifdbs.cisbponly.500bp	27605
bioconductor-rcm	24354
bioconductor-rcollectl	2682
bioconductor-rcpi	25379
bioconductor-rcsl	8936
bioconductor-rcwl	15226
bioconductor-rcwlpipelines	20027
bioconductor-rcx	8037
bioconductor-rcy3	43004
bioconductor-rcyjs	23764
bioconductor-rcytoscape	20204
bioconductor-rdavidwebservice	13744
bioconductor-rdgidb	46326
bioconductor-rdisop	40483
bioconductor-rdrtoolbox	27950
bioconductor-reactome.db	50611
bioconductor-reactomecontentservice4r	11727
bioconductor-reactomegraph4r	10178
bioconductor-reactomegsa	21961
bioconductor-reactomegsa.data	20319
bioconductor-reactomepa	49342
bioconductor-readat	9522
bioconductor-readqpcr	41676
bioconductor-reb	18693
bioconductor-rebet	37979
bioconductor-rebook	12743
bioconductor-receptloss	14757
bioconductor-reconsi	15999
bioconductor-recount	51830
bioconductor-recount3	16936
bioconductor-recountmethylation	13857
bioconductor-recoup	44685
bioconductor-reder	41311
bioconductor-redisparam	6321
bioconductor-redseq	24866
bioconductor-reducedexperiment	65
bioconductor-refnet	28511
bioconductor-refplus	34133
bioconductor-regenrich	14848
bioconductor-regionalpcs	2254
bioconductor-regionalst	1534
bioconductor-regioner	79403
bioconductor-regionereloaded	4909
bioconductor-regionreport	30976
bioconductor-regparallel	29751
bioconductor-regsplice	35446
bioconductor-regutools	20936
bioconductor-remp	25335
bioconductor-repitools	64227
bioconductor-reportingtools	45181
bioconductor-repviz	24235
bioconductor-reqon	21367
bioconductor-residualmatrix	44523
bioconductor-resolve	6212
bioconductor-restfulse	24986
bioconductor-restfulsedata	26433
bioconductor-retrofit	4080
bioconductor-reusedata	2465
bioconductor-rexposome	30042
bioconductor-rfarm	20791
bioconductor-rfastp	22874
bioconductor-rflomics	100
bioconductor-rforproteomics	27268
bioconductor-rfpred	56577
bioconductor-rgadem	58987
bioconductor-rgalaxy	47009
bioconductor-rgenometracks	7130
bioconductor-rgenometracksdata	4059
bioconductor-rgin	30139
bioconductor-rgmql	23988
bioconductor-rgmqllib	34313
bioconductor-rgntx	6287
bioconductor-rgoslin	7612
bioconductor-rgraph2js	42667
bioconductor-rgraphviz	139499
bioconductor-rgreat	47551
bioconductor-rgsea	46809
bioconductor-rgsepd	46035
bioconductor-rgu34a.db	7577
bioconductor-rgu34acdf	5969
bioconductor-rgu34aprobe	5897
bioconductor-rgu34b.db	8956
bioconductor-rgu34bcdf	6459
bioconductor-rgu34bprobe	6410
bioconductor-rgu34c.db	8985
bioconductor-rgu34ccdf	6375
bioconductor-rgu34cprobe	6482
bioconductor-rguatlas4k.db	6772
bioconductor-rgug4105a.db	6278
bioconductor-rgug4130a.db	6310
bioconductor-rgug4131a.db	6882
bioconductor-rhdf5	808821
bioconductor-rhdf5client	42961
bioconductor-rhdf5filters	649357
bioconductor-rhdf5lib	785082
bioconductor-rhesus.db0	27801
bioconductor-rhesuscdf	6343
bioconductor-rhesusprobe	6040
bioconductor-rheumaticconditionwollbold	30337
bioconductor-rhinotyper	796
bioconductor-rhisat2	29622
bioconductor-rhtslib	1130164
bioconductor-rhvdm	6209
bioconductor-ri16cod.db	6477
bioconductor-ribocrypt	5161
bioconductor-ribodipa	14212
bioconductor-riboprofiling	44801
bioconductor-ribor	18831
bioconductor-riboseqr	44677
bioconductor-ribosomaldatabaseproject11.5mgdb	4667
bioconductor-ribosomeprofilingqc	29005
bioconductor-ricecdf	6677
bioconductor-riceprobe	6296
bioconductor-rifi	6324
bioconductor-rificomparative	3943
bioconductor-rigraphlib	1066
bioconductor-rigvf	64
bioconductor-rimmport	44516
bioconductor-ringo	60948
bioconductor-ripat	13437
bioconductor-ripseeker	24174
bioconductor-ripseekerdata	9381
bioconductor-risa	45858
bioconductor-ritan	27579
bioconductor-ritandata	35820
bioconductor-river	27719
bioconductor-rjmcmcnucleosomes	35156
bioconductor-rlassocox	12369
bioconductor-rlhub	7264
bioconductor-rlmm	41614
bioconductor-rlseq	5079
bioconductor-rmagpie	27415
bioconductor-rmassbank	30078
bioconductor-rmassbankdata	30969
bioconductor-rmat	27953
bioconductor-rmelting	23213
bioconductor-rmir	29957
bioconductor-rmir.hs.mirna	10770
bioconductor-rmir.hsa	5606
bioconductor-rmmquant	39135
bioconductor-rmspc	8524
bioconductor-rnaagecalc	13588
bioconductor-rnadecay	41567
bioconductor-rnaeditr	12422
bioconductor-rnagilentdesign028282.db	5581
bioconductor-rnainteract	34183
bioconductor-rnainteractmapk	23181
bioconductor-rnaither	22960
bioconductor-rnamodr	22184
bioconductor-rnamodr.alkanilineseq	20660
bioconductor-rnamodr.data	20353
bioconductor-rnamodr.ml	22120
bioconductor-rnamodr.ribomethseq	20218
bioconductor-rnaprobr	32787
bioconductor-rnasense	20623
bioconductor-rnaseqcomp	45811
bioconductor-rnaseqcovarimpute	2280
bioconductor-rnaseqdata.hnrnpc.bam.chr14	26203
bioconductor-rnaseqmap	36557
bioconductor-rnaseqpower	50191
bioconductor-rnaseqr	23164
bioconductor-rnaseqrdata	27682
bioconductor-rnaseqsamplesize	41339
bioconductor-rnaseqsamplesizedata	36564
bioconductor-rnbeads	39296
bioconductor-rnbeads.hg19	38148
bioconductor-rnbeads.hg38	26588
bioconductor-rnbeads.mm10	33540
bioconductor-rnbeads.mm9	37277
bioconductor-rnbeads.rn5	39073
bioconductor-rnits	47128
bioconductor-rnu34.db	9470
bioconductor-rnu34cdf	6469
bioconductor-rnu34probe	5550
bioconductor-roar	50263
bioconductor-roastgsa	1576
bioconductor-roberts2005annotation.db	6308
bioconductor-roc	59203
bioconductor-rocpai	18208
bioconductor-rolde	3715
bioconductor-roleswitch	30412
bioconductor-rols	48871
bioconductor-rontotools	43572
bioconductor-ropls	83219
bioconductor-roseq	16369
bioconductor-rots	66454
bioconductor-rpa	41596
bioconductor-rprimer	5916
bioconductor-rprotobuflib	108439
bioconductor-rpsixml	30345
bioconductor-rpx	52390
bioconductor-rqc	37599
bioconductor-rqt	28262
bioconductor-rqubic	36996
bioconductor-rrbsdata	27276
bioconductor-rrdp	44439
bioconductor-rrdpdata	28510
bioconductor-rrho	46272
bioconductor-rrvgo	20593
bioconductor-rsamtools	1333474
bioconductor-rsbml	16495
bioconductor-rscudo	23928
bioconductor-rsemmed	15781
bioconductor-rseqan	34789
bioconductor-rsffreader	10082
bioconductor-rsubread	145157
bioconductor-rsvsim	42567
bioconductor-rsweep	18632
bioconductor-rta10probeset.db	8158
bioconductor-rta10transcriptcluster.db	9152
bioconductor-rtandem	24511
bioconductor-rtca	47906
bioconductor-rtcga	40577
bioconductor-rtcga.clinical	26634
bioconductor-rtcga.cnv	27744
bioconductor-rtcga.methylation	28454
bioconductor-rtcga.mirnaseq	31101
bioconductor-rtcga.mrna	42494
bioconductor-rtcga.mutations	28077
bioconductor-rtcga.pancan12	30036
bioconductor-rtcga.rnaseq	30670
bioconductor-rtcga.rppa	25057
bioconductor-rtcgatoolbox	45788
bioconductor-rtn	32809
bioconductor-rtnduals	27082
bioconductor-rtnsurvival	31728
bioconductor-rtopper	45407
bioconductor-rtpca	12487
bioconductor-rtracklayer	668519
bioconductor-rtreemix	52959
bioconductor-rtrm	45577
bioconductor-rtrmui	44942
bioconductor-rtu34.db	9043
bioconductor-rtu34cdf	6418
bioconductor-rtu34probe	6427
bioconductor-rucova	72
bioconductor-runibic	33386
bioconductor-ruvcorr	25909
bioconductor-ruvnormalize	38888
bioconductor-ruvnormalizedata	39259
bioconductor-ruvseq	83800
bioconductor-rvisdiff	2257
bioconductor-rvs	28422
bioconductor-rwgcod.db	6325
bioconductor-rwikipathways	31520
bioconductor-s4arrays	630212
bioconductor-s4vectors	2285225
bioconductor-safe	45172
bioconductor-sagenhaft	44658
bioconductor-sagx	37066
bioconductor-saigegds	34353
bioconductor-samexplorer	19489
bioconductor-sampleclassifier	22075
bioconductor-sampleclassifierdata	27903
bioconductor-samspectral	43113
bioconductor-sangeranalyser	13118
bioconductor-sangerseqr	43394
bioconductor-sanityr	530
bioconductor-santa	48723
bioconductor-sapfinder	24519
bioconductor-sarc	1305
bioconductor-sarks	15394
bioconductor-saser	791
bioconductor-saturn	14146
bioconductor-saureuscdf	6399
bioconductor-saureusprobe	6338
bioconductor-savr	42998
bioconductor-sbgnview	25014
bioconductor-sbgnview.data	27265
bioconductor-sbmlr	27985
bioconductor-sc3	50845
bioconductor-sc3-scripts	10438
bioconductor-scaedata	73
bioconductor-scafari	67
bioconductor-scale4c	28211
bioconductor-scaledmatrix	485543
bioconductor-scalign	11256
bioconductor-scan.upc	42428
bioconductor-scanmir	8441
bioconductor-scanmirapp	10997
bioconductor-scanmirdata	8906
bioconductor-scannotatr	9435
bioconductor-scannotatr.models	3968
bioconductor-scanvis	21658
bioconductor-scarray	12752
bioconductor-scarray.sat	5861
bioconductor-scatac.explorer	11085
bioconductor-scate	13354
bioconductor-scatedata	15579
bioconductor-scater	308216
bioconductor-scater-scripts	154
bioconductor-scatterhatch	8678
bioconductor-scbfa	21575
bioconductor-scbn	29126
bioconductor-scbubbletree	4495
bioconductor-sccb2	15624
bioconductor-scclassifr	4798
bioconductor-scclassify	12721
bioconductor-sccomp	4846
bioconductor-scdataviz	13194
bioconductor-scdblfinder	43997
bioconductor-scdd	28555
bioconductor-scddboost	4023
bioconductor-scde	48474
bioconductor-scdesign3	2380
bioconductor-scdiagnostics	781
bioconductor-scdotplot	556
bioconductor-scds	30957
bioconductor-scfa	15747
bioconductor-scfeaturefilter	28517
bioconductor-scfeatures	3521
bioconductor-scfind	18313
bioconductor-scgps	23194
bioconductor-scgraphverse	367
bioconductor-schex	22203
bioconductor-schiccompare	64
bioconductor-schot	19518
bioconductor-scider	1171
bioconductor-scifer	6318
bioconductor-scisi	32167
bioconductor-sclane	4138
bioconductor-sclcbam	28235
bioconductor-scmageck	14888
bioconductor-scmap	37591
bioconductor-scmerge	30548
bioconductor-scmet	7042
bioconductor-scmeth	24642
bioconductor-scmitomut	1353
bioconductor-scmultiome	4053
bioconductor-scmultisim	489
bioconductor-scnorm	37967
bioconductor-scone	31054
bioconductor-sconify	25977
bioconductor-scope	18830
bioconductor-scoreinvhap	28237
bioconductor-scoup	806
bioconductor-scp	16345
bioconductor-scpca	21602
bioconductor-scpdata	12387
bioconductor-scpipe	51686
bioconductor-scqtltools	76
bioconductor-scran	331945
bioconductor-scrapper	1901
bioconductor-screclassify	9230
bioconductor-screcover	25729
bioconductor-screencounter	4601
bioconductor-screenr	3740
bioconductor-screpertoire	15716
bioconductor-scrnaseq	39235
bioconductor-scrnaseqapp	3968
bioconductor-scruff	30655
bioconductor-scry	22315
bioconductor-scshapes	8136
bioconductor-scsr	12567
bioconductor-sctensor	24384
bioconductor-sctgif	24001
bioconductor-scthi	16974
bioconductor-scthi.data	16781
bioconductor-sctreeviz	6546
bioconductor-scuttle	508204
bioconductor-scvir	4008
bioconductor-sdams	25516
bioconductor-seahtrue	390
bioconductor-sechm	12369
bioconductor-segmenter	7280
bioconductor-segmentseq	43275
bioconductor-selectksigs	19807
bioconductor-selex	21696
bioconductor-semdist	43577
bioconductor-semisup	42751
bioconductor-sepa	23972
bioconductor-sepira	27374
bioconductor-seq.hotspot	4134
bioconductor-seq2pathway	38211
bioconductor-seq2pathway.data	42421
bioconductor-seqarchr	5450
bioconductor-seqarchrplus	3239
bioconductor-seqarray	44224
bioconductor-seqbias	35970
bioconductor-seqc	26107
bioconductor-seqcat	36194
bioconductor-seqcna	31368
bioconductor-seqcna.annot	29260
bioconductor-seqcombo	27184
bioconductor-seqgate	14354
bioconductor-seqgsea	40033
bioconductor-seqinfo	196657
bioconductor-seqlogo	119883
bioconductor-seqpattern	67296
bioconductor-seqplots	15230
bioconductor-seqsetvis	28575
bioconductor-seqsqc	25545
bioconductor-seqtools	56456
bioconductor-seqvartools	29133
bioconductor-seraster	70
bioconductor-serumstimulation	31176
bioconductor-sesame	31402
bioconductor-sesamedata	32501
bioconductor-seta	69
bioconductor-setools	21288
bioconductor-sevenbridges	32619
bioconductor-sevenc	26784
bioconductor-seventygenedata	29106
bioconductor-sfedata	5557
bioconductor-sgcp	3958
bioconductor-sgseq	46759
bioconductor-sharedobject	25418
bioconductor-shdz.db	6511
bioconductor-shiny.gosling	188
bioconductor-shinybiocloader	81
bioconductor-shinydsp	67
bioconductor-shinyepico	12061
bioconductor-shinymethyl	35574
bioconductor-shinymethyldata	28600
bioconductor-shinytandem	12486
bioconductor-shortread	777113
bioconductor-siamcat	27615
bioconductor-sictools	33317
bioconductor-sift.hsapiens.dbsnp132	6438
bioconductor-sift.hsapiens.dbsnp137	6553
bioconductor-sigar	24027
bioconductor-sigcheck	24775
bioconductor-sigfeature	25560
bioconductor-sigfuge	37545
bioconductor-siggenes	77089
bioconductor-sights	48820
bioconductor-signaturesearch	32208
bioconductor-signaturesearchdata	23655
bioconductor-signer	53785
bioconductor-signet	8743
bioconductor-signifinder	5605
bioconductor-sigpathway	50142
bioconductor-sigspack	21027
bioconductor-sigsquared	26356
bioconductor-silva128.1mgdb	5005
bioconductor-sim	48648
bioconductor-simat	39047
bioconductor-simbenchdata	11327
bioconductor-simbindprofiles	44383
bioconductor-simbu	4612
bioconductor-simd	32781
bioconductor-simffpe	17821
bioconductor-similarpeak	42858
bioconductor-simlr	53430
bioconductor-simona	2835
bioconductor-simpic	806
bioconductor-simpintlists	39550
bioconductor-simpleaffy	40316
bioconductor-simpleseg	4498
bioconductor-simplifyenrichment	16332
bioconductor-simulatorz	23052
bioconductor-sincell	55556
bioconductor-single	5525
bioconductor-single.mtec.transcriptomes	29000
bioconductor-singlecellalleleexperiment	433
bioconductor-singlecellexperiment	633341
bioconductor-singlecellexperiment-scripts	10499
bioconductor-singlecellmultimodal	20381
bioconductor-singlecellsignalr	16631
bioconductor-singlecelltk	28653
bioconductor-singlemoleculefootprinting	11708
bioconductor-singlemoleculefootprintingdata	11332
bioconductor-singler	52518
bioconductor-singscore	28379
bioconductor-sipsic	3963
bioconductor-sispa	40704
bioconductor-sitadela	13987
bioconductor-site2target	71
bioconductor-sitepath	37454
bioconductor-sizepower	44647
bioconductor-sketchr	805
bioconductor-skewr	24946
bioconductor-slalom	38937
bioconductor-slgi	32215
bioconductor-slingshot	41683
bioconductor-slinky	22044
bioconductor-slqpcr	45408
bioconductor-smad	32550
bioconductor-smap	55741
bioconductor-smartid	2678
bioconductor-smartphos	64
bioconductor-smite	36177
bioconductor-smokingmouse	2288
bioconductor-smoothclust	351
bioconductor-smoppix	4328
bioconductor-snadata	28045
bioconductor-snagee	38550
bioconductor-snageedata	42340
bioconductor-snapcgh	29428
bioconductor-snapcount	18234
bioconductor-snifter	15711
bioconductor-snm	36325
bioconductor-snpchip	25045
bioconductor-snpediar	43923
bioconductor-snphood	45736
bioconductor-snphooddata	27624
bioconductor-snplocs.hsapiens.dbsnp.20101109	5046
bioconductor-snplocs.hsapiens.dbsnp.20120608	6411
bioconductor-snplocs.hsapiens.dbsnp141.grch38	4568
bioconductor-snplocs.hsapiens.dbsnp142.grch37	4789
bioconductor-snplocs.hsapiens.dbsnp144.grch37	8266
bioconductor-snplocs.hsapiens.dbsnp144.grch38	11436
bioconductor-snplocs.hsapiens.dbsnp149.grch38	6256
bioconductor-snplocs.hsapiens.dbsnp150.grch38	6263
bioconductor-snplocs.hsapiens.dbsnp151.grch38	5033
bioconductor-snprelate	57719
bioconductor-snpstats	70353
bioconductor-soggi	49136
bioconductor-sojourner	21762
bioconductor-somascan.db	2268
bioconductor-somaticadata	30130
bioconductor-somaticcanceralterations	28282
bioconductor-somaticsignatures	41806
bioconductor-somnibus	11380
bioconductor-sosta	134
bioconductor-soybeancdf	6344
bioconductor-soybeanprobe	6353
bioconductor-spacemarkers	816
bioconductor-spacepac	39168
bioconductor-spacetrooper	79
bioconductor-spacexr	208
bioconductor-spaniel	21950
bioconductor-spanorm	705
bioconductor-spari	562
bioconductor-sparrow	8820
bioconductor-sparsearray	606343
bioconductor-sparsedossa	24929
bioconductor-sparsematrixstats	579439
bioconductor-sparsenetgls	28630
bioconductor-sparsesignatures	27439
bioconductor-spasim	3374
bioconductor-spatialcpie	23019
bioconductor-spatialdatasets	2276
bioconductor-spatialde	7103
bioconductor-spatialdecon	16563
bioconductor-spatialdmelxsim	9193
bioconductor-spatialexperiment	32044
bioconductor-spatialexperimentio	106
bioconductor-spatialfda	2012
bioconductor-spatialfeatureexperiment	6720
bioconductor-spatialheatmap	15541
bioconductor-spatiallibd	18332
bioconductor-spatialomicsoverlay	2336
bioconductor-spatialsimgp	801
bioconductor-spatzie	7857
bioconductor-speckle	4058
bioconductor-specl	40166
bioconductor-specond	43021
bioconductor-spectra	21570
bioconductor-spectraltad	22062
bioconductor-spectraql	801
bioconductor-spem	44786
bioconductor-spia	47219
bioconductor-spiat	6400
bioconductor-spicey	68
bioconductor-spicyr	21654
bioconductor-spidermir	38997
bioconductor-spikein	27726
bioconductor-spikeinsubset	28223
bioconductor-spikeli	41769
bioconductor-spiky	9018
bioconductor-spillr	795
bioconductor-spktools	43234
bioconductor-splatter	42607
bioconductor-splicegear	26218
bioconductor-splicer	18248
bioconductor-splicesites	9196
bioconductor-splicewiz	7679
bioconductor-splicingfactory	11745
bioconductor-splicinggraphs	40286
bioconductor-splinedv	71
bioconductor-splinetimer	38738
bioconductor-splinter	43525
bioconductor-splots	46941
bioconductor-sponge	26476
bioconductor-spoon	796
bioconductor-spotclean	6642
bioconductor-spotlight	7267
bioconductor-spotsegmentation	23522
bioconductor-spotsweeper	206
bioconductor-spqn	12033
bioconductor-spqndata	16911
bioconductor-spsimseq	14347
bioconductor-sqldataframe	20366
bioconductor-squadd	44396
bioconductor-squallms	65
bioconductor-sracipe	31880
bioconductor-sradb	58888
bioconductor-srap	24443
bioconductor-srgnet	15056
bioconductor-srnadiff	38766
bioconductor-sscore	41200
bioconductor-sscu	42541
bioconductor-sseq	47563
bioconductor-ssize	44971
bioconductor-ssnappy	6740
bioconductor-sspa	43475
bioconductor-sspaths	21472
bioconductor-ssrch	18681
bioconductor-ssviz	43617
bioconductor-stabmap	308
bioconductor-stadyum	560
bioconductor-stager	35033
bioconductor-stan	42257
bioconductor-standr	5527
bioconductor-starank	40849
bioconductor-starbiotrek	34410
bioconductor-starr	38184
bioconductor-stategra	44558
bioconductor-statial	4817
bioconductor-stattarget	27970
bioconductor-stdeconvolve	2433
bioconductor-stemhypoxia	45211
bioconductor-stepnorm	44964
bioconductor-stexampledata	12679
bioconductor-stjoincount	6324
bioconductor-stjudem	27539
bioconductor-stpipe	397
bioconductor-strandcheckr	27331
bioconductor-streamer	51066
bioconductor-stringdb	52902
bioconductor-stroma4	25411
bioconductor-struct	17731
bioconductor-structstrings	33803
bioconductor-structtoolbox	37076
bioconductor-structuralvariantannotation	46300
bioconductor-subcellbarcode	24915
bioconductor-subcellularspatialdata	77
bioconductor-subseq	46449
bioconductor-sugarcanecdf	6427
bioconductor-sugarcaneprobe	6735
bioconductor-suitor	5043
bioconductor-summarizedbenchmark	26190
bioconductor-summarizedexperiment	1892948
bioconductor-summix	11742
bioconductor-supercellcyto	72
bioconductor-supersigs	11968
bioconductor-suprahex	50618
bioconductor-surfaltr	9644
bioconductor-surfr	66
bioconductor-survclust	901
bioconductor-survcomp	58567
bioconductor-survtype	21949
bioconductor-sushi	38586
bioconductor-sva	159029
bioconductor-svanumt	8250
bioconductor-svaplsseq	27705
bioconductor-svaretro	11086
bioconductor-svm2crm	21509
bioconductor-svm2crmdata	31627
bioconductor-svmdo	3358
bioconductor-svp	482
bioconductor-swath2stats	44443
bioconductor-swathxtend	44765
bioconductor-swfdr	27169
bioconductor-swimr	29061
bioconductor-switchbox	54437
bioconductor-switchde	43609
bioconductor-synapsis	9382
bioconductor-synapter	27853
bioconductor-synapterdata	20762
bioconductor-synaptome.data	3900
bioconductor-synaptome.db	7900
bioconductor-synergyfinder	58227
bioconductor-synextend	16275
bioconductor-synlet	40310
bioconductor-synmut	24833
bioconductor-syntenet	7841
bioconductor-systempiper	76959
bioconductor-systempiperdata	29560
bioconductor-systempipeshiny	15380
bioconductor-systempipetools	11551
bioconductor-tabulamurisdata	24574
bioconductor-tabulamurissenisdata	8766
bioconductor-tadar	1490
bioconductor-tadcompare	14170
bioconductor-tanggle	9467
bioconductor-tapseq	18272
bioconductor-target	21348
bioconductor-targetdecoy	8615
bioconductor-targetscan.hs.eg.db	10416
bioconductor-targetscan.mm.eg.db	5731
bioconductor-targetscore	45775
bioconductor-targetscoredata	27895
bioconductor-targetsearch	45059
bioconductor-targetsearchdata	31854
bioconductor-tarseqqc	46586
bioconductor-tartare	21371
bioconductor-taxsea	80
bioconductor-tbsignatureprofiler	11171
bioconductor-tbx20bamsubset	27863
bioconductor-tcc	33930
bioconductor-tcgabiolinks	47318
bioconductor-tcgabiolinksgui	24762
bioconductor-tcgabiolinksgui.data	42545
bioconductor-tcgacrcmirna	31052
bioconductor-tcgacrcmrna	31215
bioconductor-tcgamethylation450k	29593
bioconductor-tcgautils	28551
bioconductor-tcgawgbsdata.hg19	22020
bioconductor-tcgaworkflowdata	25131
bioconductor-tcseq	24254
bioconductor-tdaracne	34804
bioconductor-tdbasedufe	4107
bioconductor-tdbasedufeadv	2428
bioconductor-tekrabber	7316
bioconductor-tenet	63
bioconductor-tenet.annotationhub	65
bioconductor-tenet.experimenthub	69
bioconductor-tenxbraindata	26564
bioconductor-tenxbusdata	21996
bioconductor-tenxio	6502
bioconductor-tenxpbmcdata	26340
bioconductor-tenxplore	27505
bioconductor-tenxvisiumdata	11636
bioconductor-tenxxeniumdata	65
bioconductor-teqc	43505
bioconductor-terapadog	64
bioconductor-ternarynet	55005
bioconductor-terratcgadata	5854
bioconductor-test1cdf	6376
bioconductor-test2cdf	6393
bioconductor-test3cdf	6381
bioconductor-test3probe	6390
bioconductor-tfarm	28320
bioconductor-tfbstools	94619
bioconductor-tfea.chip	27319
bioconductor-tfhaz	28320
bioconductor-tfutils	28191
bioconductor-tidybulk	19085
bioconductor-tidycoverage	810
bioconductor-tidyflowcore	639
bioconductor-tidyomics	827
bioconductor-tidysbml	824
bioconductor-tidysinglecellexperiment	14880
bioconductor-tidyspatialexperiment	812
bioconductor-tidysummarizedexperiment	16327
bioconductor-tidytof	871
bioconductor-tigre	51705
bioconductor-tiledbarray	16685
bioconductor-tilingarray	37654
bioconductor-timecourse	46251
bioconductor-timecoursedata	15935
bioconductor-timeomics	19019
bioconductor-timerquant	32031
bioconductor-timescape	25554
bioconductor-timeseriesexperiment	21077
bioconductor-timirgen	14117
bioconductor-tin	36158
bioconductor-tinesath1cdf	36495
bioconductor-tinesath1probe	25815
bioconductor-tissueenrich	33435
bioconductor-tissuetreg	29633
bioconductor-titancna	82341
bioconductor-tkwidgets	31415
bioconductor-tloh	11867
bioconductor-tmexplorer	18783
bioconductor-tmixclust	26984
bioconductor-tmsig	352
bioconductor-tnbc.cms	24738
bioconductor-tnt	28207
bioconductor-toast	22192
bioconductor-tofsims	35809
bioconductor-tofsimsdata	30516
bioconductor-tomatocdf	6754
bioconductor-tomatoprobe	6117
bioconductor-tomoda	15552
bioconductor-tomoseqr	5955
bioconductor-top	4007
bioconductor-topaseq	20962
bioconductor-topconfects	24704
bioconductor-topdownr	28194
bioconductor-topdownrdata	28007
bioconductor-topgo	81303
bioconductor-toxicogx	18056
bioconductor-tpp	30967
bioconductor-tpp2d	25275
bioconductor-tpsvg	317
bioconductor-tracktables	39879
bioconductor-trackviewer	42234
bioconductor-tradeseq	28052
bioconductor-trajectorygeometry	8924
bioconductor-trajectoryutils	22882
bioconductor-transcriptogramer	26074
bioconductor-transcriptr	37475
bioconductor-transformgampoi	10210
bioconductor-transite	39183
bioconductor-translatome	31795
bioconductor-transmogr	1295
bioconductor-transomics2cytoscape	15519
bioconductor-transomicsdata	75
bioconductor-transview	49747
bioconductor-trare	7903
bioconductor-traser	45830
bioconductor-traviz	7009
bioconductor-treeandleaf	18577
bioconductor-treeclimbr	796
bioconductor-treeio	404941
bioconductor-treekor	11536
bioconductor-treesummarizedexperiment	212470
bioconductor-treg	6294
bioconductor-trena	20158
bioconductor-trendy	25279
bioconductor-tress	9317
bioconductor-tricycle	13205
bioconductor-trident	115
bioconductor-triform	28535
bioconductor-trigger	48554
bioconductor-trio	45099
bioconductor-triplex	52431
bioconductor-tripr	9365
bioconductor-trna	27891
bioconductor-trnadbimport	24373
bioconductor-trnascanimport	27097
bioconductor-tronco	27938
bioconductor-tsar	2329
bioconductor-tscan	46710
bioconductor-tscr	21827
bioconductor-tspair	43578
bioconductor-tsrchitect	19589
bioconductor-tssi	24210
bioconductor-ttgsea	12268
bioconductor-ttmap	27914
bioconductor-tuberculosis	7789
bioconductor-tumourmethdata	2161
bioconductor-turbonorm	47480
bioconductor-tvtb	38078
bioconductor-tweedeseq	62295
bioconductor-tweedeseqcountdata	21223
bioconductor-twilight	52017
bioconductor-twoddpcr	24648
bioconductor-txcutr	6008
bioconductor-txdb.athaliana.biomart.plantsmart22	6588
bioconductor-txdb.athaliana.biomart.plantsmart25	6478
bioconductor-txdb.athaliana.biomart.plantsmart28	6506
bioconductor-txdb.athaliana.biomart.plantsmart51	4027
bioconductor-txdb.btaurus.ucsc.bostau8.refgene	17552
bioconductor-txdb.btaurus.ucsc.bostau9.refgene	6357
bioconductor-txdb.celegans.ucsc.ce11.ensgene	10406
bioconductor-txdb.celegans.ucsc.ce11.refgene	34160
bioconductor-txdb.celegans.ucsc.ce6.ensgene	15125
bioconductor-txdb.cfamiliaris.ucsc.canfam3.refgene	14864
bioconductor-txdb.cfamiliaris.ucsc.canfam4.refgene	3990
bioconductor-txdb.cfamiliaris.ucsc.canfam5.refgene	3425
bioconductor-txdb.cfamiliaris.ucsc.canfam6.refgene	1212
bioconductor-txdb.dmelanogaster.ucsc.dm3.ensgene	16940
bioconductor-txdb.dmelanogaster.ucsc.dm6.ensgene	28930
bioconductor-txdb.drerio.ucsc.danrer10.refgene	27774
bioconductor-txdb.drerio.ucsc.danrer11.refgene	7375
bioconductor-txdb.ggallus.ucsc.galgal4.refgene	18638
bioconductor-txdb.ggallus.ucsc.galgal5.refgene	14842
bioconductor-txdb.ggallus.ucsc.galgal6.refgene	5619
bioconductor-txdb.hsapiens.biomart.igis	6515
bioconductor-txdb.hsapiens.ucsc.hg18.knowngene	21462
bioconductor-txdb.hsapiens.ucsc.hg19.knowngene	50542
bioconductor-txdb.hsapiens.ucsc.hg19.lincrnastranscripts	11809
bioconductor-txdb.hsapiens.ucsc.hg19.refgene	133
bioconductor-txdb.hsapiens.ucsc.hg38.knowngene	51270
bioconductor-txdb.hsapiens.ucsc.hg38.refgene	7136
bioconductor-txdb.mmulatta.ucsc.rhemac10.refgene	8015
bioconductor-txdb.mmulatta.ucsc.rhemac3.refgene	15171
bioconductor-txdb.mmulatta.ucsc.rhemac8.refgene	17608
bioconductor-txdb.mmusculus.ucsc.mm10.ensgene	19841
bioconductor-txdb.mmusculus.ucsc.mm10.knowngene	30182
bioconductor-txdb.mmusculus.ucsc.mm39.knowngene	4443
bioconductor-txdb.mmusculus.ucsc.mm39.refgene	7284
bioconductor-txdb.mmusculus.ucsc.mm9.knowngene	16187
bioconductor-txdb.ptroglodytes.ucsc.pantro4.refgene	17902
bioconductor-txdb.ptroglodytes.ucsc.pantro5.refgene	17471
bioconductor-txdb.ptroglodytes.ucsc.pantro6.refgene	5980
bioconductor-txdb.rnorvegicus.biomart.igis	6364
bioconductor-txdb.rnorvegicus.ucsc.rn4.ensgene	15039
bioconductor-txdb.rnorvegicus.ucsc.rn5.refgene	39362
bioconductor-txdb.rnorvegicus.ucsc.rn6.ncbirefseq	4877
bioconductor-txdb.rnorvegicus.ucsc.rn6.refgene	26374
bioconductor-txdb.rnorvegicus.ucsc.rn7.refgene	6010
bioconductor-txdb.scerevisiae.ucsc.saccer2.sgdgene	12071
bioconductor-txdb.scerevisiae.ucsc.saccer3.sgdgene	22431
bioconductor-txdb.sscrofa.ucsc.susscr11.refgene	17413
bioconductor-txdb.sscrofa.ucsc.susscr3.refgene	16037
bioconductor-txdbmaker	26390
bioconductor-tximeta	74176
bioconductor-tximport	218585
bioconductor-tximportdata	32571
bioconductor-txreginfra	15770
bioconductor-typeinfo	27784
bioconductor-u133aaofav2cdf	6376
bioconductor-u133x3p.db	6237
bioconductor-u133x3pcdf	6060
bioconductor-u133x3pprobe	6319
bioconductor-ucell	12630
bioconductor-ucsc.utils	200472
bioconductor-ucscrepeatmasker	2604
bioconductor-ularcirc	26061
bioconductor-umi4cats	17011
bioconductor-uncoverapplib	15164
bioconductor-undo	36382
bioconductor-unifiedwmwqpcr	35537
bioconductor-uniprot.ws	49260
bioconductor-uniprotkeywords	2239
bioconductor-uniquorn	37061
bioconductor-universalmotif	41872
bioconductor-updateobject	6292
bioconductor-updhmm	216
bioconductor-usort	28101
bioconductor-vaexprs	8594
bioconductor-vanillaice	50150
bioconductor-varcon	12281
bioconductor-variancepartition	51358
bioconductor-variantannotation	227798
bioconductor-variantexperiment	22462
bioconductor-variantfiltering	48156
bioconductor-varianttools	44438
bioconductor-varianttoolsdata	25446
bioconductor-vasp	17240
bioconductor-vbmp	44308
bioconductor-vcfarray	24096
bioconductor-vdjdive	5103
bioconductor-vectrapolarisdata	3991
bioconductor-vega	36069
bioconductor-vegamc	46695
bioconductor-velociraptor	14937
bioconductor-veloviz	8059
bioconductor-venndetail	26406
bioconductor-verso	14765
bioconductor-vidger	26783
bioconductor-viper	46933
bioconductor-viseago	20805
bioconductor-visiumio	879
bioconductor-visiumstitched	67
bioconductor-visse	12365
bioconductor-vitisviniferacdf	5615
bioconductor-vitisviniferaprobe	5775
bioconductor-vmrseq	68
bioconductor-voyager	5253
bioconductor-vplotr	15040
bioconductor-vsclust	7447
bioconductor-vsn	108299
bioconductor-vtpnet	24246
bioconductor-vulcan	22745
bioconductor-vulcandata	25403
bioconductor-waddr	26480
bioconductor-watermelon	38584
bioconductor-wavcluster	38120
bioconductor-wavetiling	25281
bioconductor-wavetilingdata	19517
bioconductor-weaver	41466
bioconductor-webbioc	37576
bioconductor-weberdivechalcdata	6296
bioconductor-weitrix	18777
bioconductor-wes.1kg.wugsc	31242
bioconductor-wgsmapp	18242
bioconductor-wheatcdf	5438
bioconductor-wheatprobe	6592
bioconductor-widgettools	27041
bioconductor-wiggleplotr	47687
bioconductor-worm.db0	28322
bioconductor-wpm	10485
bioconductor-wppi	10796
bioconductor-wrench	35104
bioconductor-xaitest	1928
bioconductor-xbseq	29425
bioconductor-xcell2	97
bioconductor-xcir	15610
bioconductor-xcms	122837
bioconductor-xcore	6289
bioconductor-xcoredata	6272
bioconductor-xde	50213
bioconductor-xeniumio	71
bioconductor-xenlite	699
bioconductor-xenopus.db0	20524
bioconductor-xenopuslaeviscdf	6620
bioconductor-xenopuslaevisprobe	6465
bioconductor-xeva	22729
bioconductor-xhybcasneuf	28090
bioconductor-xina	31065
bioconductor-xlaevis.db	6477
bioconductor-xlaevis2cdf	6373
bioconductor-xlaevis2probe	5708
bioconductor-xmapbridge	44229
bioconductor-xnastring	14129
bioconductor-xtrasnplocs.hsapiens.dbsnp141.grch38	5111
bioconductor-xtrasnplocs.hsapiens.dbsnp144.grch37	6767
bioconductor-xtrasnplocs.hsapiens.dbsnp144.grch38	6316
bioconductor-xtropicaliscdf	7275
bioconductor-xtropicalisprobe	5738
bioconductor-xvector	2077932
bioconductor-yamss	30070
bioconductor-yapsa	38559
bioconductor-yaqcaffy	23635
bioconductor-yarn	35512
bioconductor-ye6100subacdf	6371
bioconductor-ye6100subbcdf	6457
bioconductor-ye6100subccdf	6260
bioconductor-ye6100subdcdf	6355
bioconductor-yeast.db0	28169
bioconductor-yeast2.db	9956
bioconductor-yeast2cdf	6456
bioconductor-yeast2probe	6815
bioconductor-yeastcc	41483
bioconductor-yeastexpdata	45423
bioconductor-yeastgsdata	30878
bioconductor-yeastnagalakshmi	30818
bioconductor-yeastrnaseq	31001
bioconductor-ygs98.db	9133
bioconductor-ygs98cdf	6480
bioconductor-ygs98frmavecs	6746
bioconductor-ygs98probe	6405
bioconductor-yri1kgv	15397
bioconductor-yrimulti	12545
bioconductor-zebrafish.db	8582
bioconductor-zebrafish.db0	28189
bioconductor-zebrafishcdf	6478
bioconductor-zebrafishprobe	7320
bioconductor-zebrafishrnaseq	31629
bioconductor-zellkonverter	29808
bioconductor-zenith	6947
bioconductor-zfpkm	38213
bioconductor-zinbwave	44182
bioconductor-zitools	782
bioconductor-zlibbioc	1879498
bioconductor-zygositypredictor	3662
bioconvert	54023
biocutils	439
biodiff	8035
biodigest	1695
bioemu	901
bioepic	15021
bioexcel_seqqc	6517
biofastq-a	1302
bioflowkit	38
biofluff	62453
bioformats	8222
bioformats2raw	109
bioframe	68148
biogridpy	10002
bioinfokit	76407
biokit	60778
bioleads	572
biolib	44667
biolite	11540
biolite-tools	9427
biom-format	206882
biomaj	9357
bionetcomp	3141
bionumpy	44950
bionym	22
biopet	54746
biopet-bamstats	7203
biopet-basecounter	3925
biopet-extractadaptersfastqc	17625
biopet-fastqsplitter	4502
biopet-sampleconfig	14178
biopet-scatterregions	7780
biopet-seattleseqkit	5782
biopet-seqstat	15124
biopet-validateannotation	3874
biopet-validatefastq	9711
biopet-validatevcf	3498
biopet-vcffilter	4637
biopet-vcfstats	19786
biophi	24675
bioprov	9333
biopython	444721
biopython.convert	28776
bioservices	84574
biosniff	7522
biotdg	3200
biothings_client	52386
biotradis	17141
biotransformer	8900
bioutils	12756
biovalid	628
biowdl-input-converter	9525
biox	2079
bipangolin	184
bipode-httr	126
bird_tool_utils_python	22605
bis-snp	24340
bis-snp-utils	7253
biscot	2317
biscuit	41130
biskit	8611
bismark	128890
bistreroc	1751
bitmapperbs	25525
bitstring	14959
blacksheep-outliers	5027
blasr	43569
blasr_libcpp	32856
blast	3431674
blast-legacy	278312
blast2galaxy	1923
blastalign	16688
blastbesties	9886
blastdbbuilder	1617
blastmining	7088
blastn2dotplots	692
blat	65262
blaze2	2740
bleach	91078
blend-bio	2948
bleties	6158
blksheep	15555
blobtk	7007
blobtoolkit	2003
blobtools	13886
blockbuster	10379
blockclust	25296
bloocoo	8639
bloomfiltertrie	11375
blosum	15480
blue-crab	517
bmfilter	40663
bmge	6741
bmtagger	40219
bmtool	48632
bofasa	3100
bohra	95401
bold-identification	6287
bolt	16115
bolt-lmm	4788
boltons	13984
boms	4741
booster	7490
boquila	3259
borf	3205
botocore	11931
boutroslabplottinggeneral	8376
bowtie	814186
bowtie2	3942126
bpipe	134647
bpp-core	15094
bpp-phyl	15736
bpp-popgen	7254
bpp-seq	17196
bppsuite	181
bqc	6056
bqtools	2522
bracken	129075
braid	161
braid-mrf	2459
braker	11440
braker2	42077
braker3	10921
bramble	1611
branchsnv	65
brass	6786
brawn	12445
break-point-inspector	13283
breakdancer	11846
breakfast	16709
breakinator	1975
breakseq2	7023
breaktracer	1885
breseq	98241
broccoli	1228
brockman-pipeline	7258
bronko	6604
brooklyn_plot	3517
bs-seeker2	10295
bs_call	9545
bsaseq	85
bsmap	11216
bte	25885
btllib	68725
btrim	11987
bttcmp	9403
bttoxin_digger	28005
bttoxin_scanner	3219
btyper3	14383
bubblefinder	2088
bubblegun	922
bubblotter	47
bucketcache	9479
bufet	5628
bugseq-porechop	7360
buildh	11806
bullseye	191
bumbershoot	80927
burrito	47434
burrito-fillings	44642
burst	6118
busco	461772
busco_phylogenomics	2181
buscolite	3730
bustools	44089
bwa	2306012
bwa-aln-interactive	4137
bwa-fastalign	1225
bwa-mem2	150982
bwa-mem3	18365
bwa-mem4	217
bwa-meme	18886
bwakit	34993
bwameth	59617
bwapy	31632
bwise	5697
bwread	20662
bwtk	1899
bx-python	788691
bxtools	12924
bygul	2343
byobu	12825
c-ares	156877
c4counter	2433
caalm	77
cactus	34942
cactus-gfa-tools	717
cadd-scripts	9675
cadd-threshold-app	1236
caddsv	2067
cafe	35598
cage	26879
cagecleaner	4078
cagee	4986
calcs	2696
calib	17252
calisp	7386
calitas	4039
callerpp	6050
callingcardstools	14136
callstate	3887
calour	8498
cameo	14859
cami-amber	14143
cami-opal	22449
camisim2	893
camlhmp	8069
campyagainst	1490
campygstyper	652
cancerit-allelecount	40055
cannoli	40990
canopy	1439
cansam	11364
cansnper	9823
cansnper2	3310
canu	118604
canvas	11574
cap-mirseq	10812
cap3	17842
capc-map	15290
capcruncher	19845
capcruncher-tools	271
caper	58704
captus	50627
card_trick	15524
carna	44263
carnac-lr	6695
carp	3934
carpedeam	2292
cartools	2275
carveme	5651
cas-offinder	12680
cascade-config	2628
cascade-reg	129
caspeak	4311
cassiopee	12881
cassiopeia	6144
cassis	2715
cat	64828
catch	28386
catch_chimera	3050
catfasta2phyml	3114
cath-tools	14940
catnip-seq	391
cats-rb	1281
cats-rf	1402
cawlign	6524
cayman	896
cazy_webscraper	22514
cblaster	20222
ccat	8916
ccfind	100
ccmetagen	9226
ccne	5436
ccp4srs	867
ccphylo	6262
ccsmeth	11788
cctk	10095
cctyper	3105
cd-hit	249756
cd-hit-auxtools	23461
cdbtools	181557
cdhit-reader	9052
cdk-inchi-to-svg	3562
cdna_cupcake	103618
cdskit	7247
cdst	127
ceas	7378
cell-types-analysis	40206
cell2cell	7272
cellbender	3627
cellitac	267
cellosaurus	43
cellprofiler	20121
cellprofiler-core	29277
cellpyability	146
cellqc	10366
cellrank	57986
cellrank-krylov	48752
cellsnake	6078
cellsnp-lite	36899
celltypist	95892
celltypist-so	67
cellxgene	34241
cenmap	3781
cenote-taker3	8191
cenplot	936
censtats	1051
centreseq	7963
centrifuge	63376
centrifuge-core	12156
centrifuger	23538
centroid_rna_package	10965
centrosome	56976
cerberus-mg	110
cerberus-x	507
cesar	3934
cesm	21382
cfdna-biomarkersearch	165
cfm	8216
cfm-id	199
cfoldseeker	221
cgat-apps	44481
cgat-daisy	27346
cgat-pipelines-nosetests	6197
cgat-report	36971
cgat-scripts	34167
cgat-scripts-nosetests	6265
cgatcore	94089
cgcloud-lib	20300
cgecore	47593
cgelib	6855
cgmlst-dists	12016
cgmlst-dists-py	252
cgpbigwig	49507
cgranges	34680
cgt	1727
cgview	10476
chado-tools	26676
chain2paf	1135
chainc	257
chainmap	9767
chaintools	1574
chamois	1049
changeo	38410
chanjo	15160
chap	4513
chap_mddb	335
check-sort-order	23902
checkatlas	6387
checkm-genome	128657
checkm2	27056
checkqc	19638
checkv	60123
chelae	4368
chemap	1963
chemembed	42
chemfp	36650
chemproflow	160
cherri	6719
chewbbaca	110055
chewiesnake	4283
chexalign	6691
chexmix	14294
chia-rep	20621
chicagotools	16252
chip-r	3577
chipmunk	37
chips	9664
chipseq-greylist	16781
chira	61682
chiron	64111
chisel	17737
chiton	4366
chopper	61476
chorus2	19584
chromap	94709
chromatiblock	19160
chromeister	27483
chromhmm	40987
chromimpute	3043
chromograph	2859
chromoplot	79
chromosight	91807
chromosomer	6848
chromsize	5107
chronaeon	1063
chronumental	10988
chum	1461
chunked-scatter	9337
cialign	6677
cif-tools	1111
cifi	55906
cigar	14545
cima	56
circexplorer	39139
circexplorer2	116160
circlator	62846
circle-map	17130
circle-map-cpp	3899
circleseeker	2239
circmimi	48
circminer	7953
circos	280609
circos-tools	9838
circrna_finder	2575
circtools	9143
circularmapper	17022
circulocov	1318
ciri-as	365
ciri-full	1337
ciri2	332
ciriquant	2301
cirtap	8895
ciso8601	18049
cistrome-ceas	6832
cistrome_beta	9812
cite-seq-count	3916
citeable	555
cityhash	16996
civicpy	6987
cladebreaker	13098
cladeomatic	1932
clair	29774
clair3	87937
clair3-illumina	17183
clair3-trio	13645
clairvoyante	16844
clam	10427
clame	5838
clan	5523
clark	54117
classpro	978
clawbio	154
cleanifier	4548
clearcnv	5766
clearcut	9989
cleaverna	702
clermontyping	3021
clever-toolkit	55361
cligv	153
clincnv	737
clinker	7169
clinker-py	38734
clinod	10299
clinvar-this	38509
clinvar-tsv	19563
clipandmerge	8695
clipcontext	12822
clipkit	54388
clipper	2710
clippy	13408
cliquesnv	16053
cloci	2729
clonalframeml	158228
cloudspades	2240
clove	7532
clsify	2721
clumppling	1859
clust	42401
clustalo	376052
clustalw	556084
cluster-picker	6456
cluster_vcf_records	13051
clusterfunk	2861
clustergrammer	15593
clusterone	5366
clusterpicker	5972
clustrx	57
clusty	5644
cmaple	2387
cmappy	127208
cmash	13299
cmat	11431
cmfinder	20853
cmip	28966
cmph	8278
cmsearch_tblout_deoverlap	1426
cmseq	51453
cmsip	42096
cmv	29176
cnasim	1733
cnmf	9404
cnv_facets	46840
cnvetti	9877
cnvkit	268467
cnvnator	12128
cnvpytor	20095
coast	9401
coatran	4059
cobra	54396
cobra-meta	3244
cobs	15552
coconet-binning	12496
cocoscore	8668
codan	6903
codingorf	5082
codingquarry	36812
codoff	7010
codon-bias	388
codonw	10715
cofold	9807
cogclassifier	10179
cogent	58489
cogent3	28841
cogtriangles	4679
coidb	14801
coils	5871
coinfinder	59635
cojac	12011
colabfold	9300
collect-columns	9877
collect_mgf	8364
collectl	39452
colombo	25039
colorbrewer	12250
colord	6703
colorid_bv	1653
colormap	13258
coltron	36
combined-pvalues	23901
comebin	7229
comet-ms	396425
commec	4596
commet	13504
compalignp	7174
comparative-annotation-toolkit	6480
compare-reads	12757
comparem	7673
comparem2	18566
comparems2	8916
compleasm	12586
complexcgr	1426
compressed-lists	118
comseg	525
comut	3225
concoct	117751
concoord	4069
condiga	2004
conduit-assembler	4061
confindr	62565
conga	587
conifer	4863
conipher	3954
connectome-workbench	9944
connor	18741
conpair	8527
consan	146650
consel	7766
consensify	2435
consensusfixer	11899
consent	17610
conservation	156
consplice	2552
constava	1175
constax	49048
constellations	125261
constrain	184
contammix	6957
contatester	11777
conterminator	5186
contignet	2050
contigtax	6515
contrafold	10906
control-freec	38596
conus	7723
convert_zero_one_based	3749
coolbox	32587
cooler	326796
coolpuppy	5176
cooltools	368145
coot-headless	55628
coprarna	34363
coptr	1392
copybara-cf	85
coral	4902
core-snp-filter	4716
corekaburra	7234
coreprofiler	2429
coreutils	242008
corgi	2678
corneto	11068
corona_lineage_dynamics	2209
correlationplus	13058
corset	18987
corsid	8210
cortex_con	5954
cortexpy	36141
cosap	1166
cosg	2822
cosi2	54814
cosigt	6974
cospar	2743
count_constant_sites	4891
count_logan_tig_coverage	707
counterr	3009
cov-lineages	3770
covar	5073
coverageanomalyscanner	4220
coverm	64347
covid-spike-classification	36431
covsnap	543
covsonar	4715
covtobed	50851
cpat	45361
cpc2	2997
cpgeneprofiler	4182
cphasing-rs	8310
cpinsim	7798
cpstools	10115
cpt_gffparser	6011
cptac	31490
crabs	8287
cram-archiver	791
cramino	23756
cramtools	29643
craq	1715
crass	6690
crazydoc	584
crb-blast	9393
cressent	625
crimson	38345
crispector	14019
crispector2	9209
crisper_recognition_tool	12394
crispr_studio	4254
crisprbact	23598
crispresso	30927
crispresso2	190921
crispressosea	71
crisprhawk	221
crispritz	198201
crisprlungo	1523
crisprme	465336
crnsimulator	6279
crocodeel	4508
cromshell	54908
cromwell	120830
cromwell-tools	23882
croo	27933
crossfilt	2689
crossmap	110841
crumble	24497
crunchstat-summary	280
crussmap	4030
crux-toolkit	38164
cryfa	10297
cryptkeeper	509
crypto_typer	2236
cryptogenotyper	4813
cs-tagger	65
csb	8359
csblast	8605
csem	580
csi-ssu	298
cstag	33334
cstag-cli	5276
csubst	48874
csuite	156
csvtk	234091
ctat-lncrna	11400
ctat-metagenomics	6624
ctat-mutations	19087
ctc-scite	893
cthreepo	11626
ctseq	2387
ctxcore	5780
ctyper	1515
cufflinks	85535
cuna	1164
curare	12625
cured	1165
curesim	7276
curlywhirly	6674
curve-curator	105
curves	18429
customtkinter	7820
cutadapt	1594961
cutefc	1669
cutehap	1897
cutesv	60851
cutesv-ol	1457
cutqc	5580
cuttlefish	20040
cvanmf	717
cvbio	26665
cvlr	3815
cwl2wdl	20587
cwltest	50448
cwltool	164697
cycle_finder	2523
cycsim	330
cyntenator	4058
cyordereddict	14699
cyrcular	1038
cyto	142
cytocad	12216
cytome	104
cytoscape	130882
cytosnake	1525
cytotrace2-python	1709
cytozip	1265
cyushuffle	15924
cyvcf	6683
cyvcf2	1220196
czlab_perl_lib	1967
d4binding	5190
d4tools	27698
dadaist2	55010
dadaist2-full	11481
dadi	18025
dagchainer	6780
daisyblast	96
daisysuite	79315
dajin2	29189
daligner	28360
damageprofiler	47450
damasker	8445
damidseq_pipeline	13278
dammet	9303
dammit	39381
dampa	36371
danbing-tk	562
danpos	4037
danpos3	292
dapcy	3007
dark-matter	1548
darkprofiler	245
dart	35127
dart-adna	1385
dartunifrac	9704
dartunifrac-gpu	1841
das_tool	37754
dascrubber	14087
dashing	37083
dashing2	330
dastk	2794
data_hacks	7119
datafunk	9873
datamash	25271
datma	5512
dawg	9719
dazz_db	22298
dbcan	31396
dbcanlight	6227
dbg2olc	18135
dbghaplo	1255
dbgraph	9918
dca	47655
dcc	2340
dcmtk	23921
dcplib	40766
ddipy	9076
ddocent	122336
ddprimer	138
ddqc	375
ddquint	126
ddrage	61800
deacon	28905
deap	14875
debarcer	9596
deblur	554293
debreak	5654
debwt	9155
decenttree	574
dechat	3076
decifer	69310
decodiphy	425
decom	2024
deconveil	185
decoupler	6382
decoypyrat	3087
dedup	31448
deepac	48156
deepaccess	12200
deepaclive	11510
deepacstrain	9610
deepacvir	12971
deeparg	6290
deepbgc	76699
deepbinner	12616
deepblast	1126
deepchopper	13823
deepchopper-cli	15242
deepdetails	3165
deepdirect	3195
deepfplearn	2319
deeplc	124252
deeplcretrainer	13025
deeplift	19601
deepmased	6088
deepmedic	15940
deepmei	2783
deepmicro	6197
deepmicroclass	1387
deepmod	3709
deepnog	6914
deepsig	13496
deepsignal-plant	14480
deepstats	13130
deepsvr	3318
deeptaxa-rrna	674
deeptools	1236963
deeptoolsintervals	192819
deepvariant	88523
defense-finder	13514
defiant	7396
degenotate	21710
dehomopolymerate	10791
delegation	3597
delfies	371
delly	170220
delphy	4370
deltabs	6652
deltamsi	1069
deltapd	12669
delve-bio	1646
demultiplex	2131
demultiplexer	6002
demultiplexer2	897
demuxem	12954
demuxlet	7981
dendropy	991201
denovogear	6797
density-fitness	1420
deploid	11676
derip2	913
derna	4432
desalt	51315
desman	14986
detonate	8690
devider	8052
dextractor	14841
dfam	11976
dfast	67556
dfast_qc	33780
dgenies	20266
dia_umpire	20938
dialign-tx	147259
dialign2	11116
diamond	3138872
diamond_add_taxonomy	10726
diamondonpy	122
diapysef	7233
diatracer	1614
dice	2203
diced	20535
dicey	25533
diego	3160
difcover	1550
diffacto	3491
dig2	8110
digest	3116
digestiflow-cli	67910
digestiflow-demux	33309
dimet	12220
dimspy	27839
dinamo	13036
dinf	8851
dingii	1827
dinopy	69469
dinosaur	7124
dipcall	7620
dipgenie	83
diphase	2317
dipper	4561
directclean	86
dirseq	2469
discasm	11410
disco	122258
discosnp	42197
discount	288
discovar	6508
discovardenovo	7413
discovir	57
dist2mst	61
dist2mst-rs	495
dist_est	4248
distle	3127
distree	442
disty	9316
ditasic	6672
diting	245
dive-mri	53
divvier	11357
djcounter	66
djinn	2726
dkfz-bias-filter	17219
dlcpar	10253
dligand2	4712
dmbiolib	10804
dmox	3438
dms	3709
dmtools	839
dna-nn	3280
dna_features_viewer	42673
dnaapler	44279
dnacauldron	7747
dnachisel	57234
dnadotplot	373
dnaio	1269106
dnakit	2380
dnamarkmaker	1463
dnapi	29502
dnarrange	17776
dnaweaver	2997
dnaweaver_synbiocad	6008
dnmtools	16838
dnoise	3387
dnp-binstrings	8979
dnp-corrprofile	7779
dnp-diprofile	9449
dnp-fourier	7602
dnp-mapping	4575
docking_py	3247
dockq	2062
dodge	3896
doit	6058
domainator	179
domclust	12463
dominate	10971
domino	8019
dosage_score	1313
dot-explorer	36115
dotmatch	34924
doubletd	3079
doubletdetection	1850
downpore	22902
dpcstruct	840
dr-disco	102541
dragmap	18007
dragonflye	55198
dram	56664
drax	7489
dream-stellar	276
dreamtools	16441
drep	112719
drevalpy	278
drhip	648
drive	10698
drop	66803
dropbox	61073
dropest	12759
dropkick	1947
dropletutils-scripts	13960
dropseq_tools	31288
drprg	2256
drtransformer	2162
drug2cell	912
dscr	6320
dsh-bio	174095
dsk	27183
dsrc	47992
dudes	25925
duet	8505
dunovo	76681
dupblaster	6809
duphist	4632
duphold	65789
duplex-tools	18171
duplomap	13262
dupre	7546
dupsifter	4864
dvorfs	6195
dwgsim	21723
dx-cwl	70149
dxpy	986182
dxua	16713
dysgu	60366
e-pcr	5658
ea-utils	16214
eagle	21446
eagle2	1164
earlgrey	42787
earlgrey-partea	1757
easel	80065
eastr	7091
eastr-cpp	832
easy45	275
easy_vitessce	391
easypqp	80442
ebcsgen	16282
ebfilter	9675
ebi-eva-common-pyutils	14468
ebisearch	10451
ebolaseq	2558
echidna	403
echtvar	1759
ecmsd	1039
ecmwfapi	11995
ecolityper	531
ecopcr	7458
ecoprimers	9138
ecopy	17818
ectyper	32585
edd	12291
eden	31726
edena	9699
edentity	1658
edittag	10583
edlib	62938
edta	45190
eefinder	3411
effectivet3	8393
efishent	10421
ega-cryptor	457
ega2	3574
egap	5521
egglib	32800
eggnog-mapper	131522
eggs	545
egt	128
eider	653
eigen	42332
eigensoft	27046
eigenstratdatabasetools	11716
eklipse	2724
el_gato	9682
elastic-blast	45643
elasticluster	9000
elector	23554
elprep	68989
ema	24036
embassy-phylip	8508
embl-api-validator	15717
emblmygff3	15648
emboss	284303
emerald	6444
emeraldbgc	8272
emirge	12238
emits	402
emmix	7098
emmtyper	8462
emperor	44516
emptydrops	9194
emu	51554
emu-pca	23270
emuse	165
emvc-2	2552
ena-dl	3913
ena-upload-cli	71347
ena-webin-cli	154493
enabrowsertools	6510
enano	5881
enasearch	32020
enaswan	50
encode-blacklist	8774
encyclopedia	15773
endorspy	15510
enhancedsppider	168
enhjoerning	6608
enrichm	11239
ensembl-genomio	482
ensembl-py	828
ensembl-utils	9794
ensembl-vep	470895
ensemblcov	588
enteromark	175
enteroscope	394
entrez-direct	1986848
entrezpy	78890
enviroampdesigner	1137
enzbert	173
enzymm	471
enzywizard-aaprops	92
enzywizard-batch	268
enzywizard-clean	93
enzywizard-conservation	89
enzywizard-disorder	103
enzywizard-dock	355
enzywizard-embedding	92
enzywizard-energy	93
enzywizard-flexibility	91
enzywizard-hydrocluster	92
enzywizard-integrate	131
enzywizard-interaction	127
enzywizard-mut-batch	276
enzywizard-mut-clean	98
enzywizard-mut-integrate	119
enzywizard-pocket	356
enzywizard-substrate	92
eoulsan	23514
epa-ng	86262
ephemeris	66034
epic	126219
epic2	105931
epicore	2721
epicseg	9711
epik	2516
epimetheus-py	37594
epimuller	9000
episcanpy	6661
epiweeks	84593
eplacer	349
epydoc	6622
epytope	12283
eqtlbma	15855
equirep	1032
erds	5563
ericscript	15884
erne	8259
ervdetective	1727
ervmancer	3402
escher	3752
esimsa	5825
eskaks	68
eskrim	1204
esme_esmf_mpich_4_2_3	733
esme_esmf_mpich_4_3_1	576
esme_esmf_mvapich_4_0	736
esme_esmf_mvapich_4_0_ofi	415
esme_esmf_mvapich_4_0_ucx	587
esme_esmf_openmpi_4_1_6	651
esme_esmf_openmpi_5_0_6	682
esme_esmf_openmpi_5_0_7	686
esme_esmf_psmpi_4_3_2	785
esme_esmf_psmpi_5_10_0	558
esme_esmf_psmpi_5_12_1	219
esme_hdf5_mpich_4_2_3	743
esme_hdf5_mpich_4_3_1	209
esme_hdf5_mvapich_4_0	396
esme_hdf5_mvapich_4_0_ofi	403
esme_hdf5_mvapich_4_0_ucx	223
esme_hdf5_openmpi_4_1_6	728
esme_hdf5_openmpi_5_0_6	295
esme_hdf5_openmpi_5_0_7	312
esme_hdf5_psmpi_4_3_2	791
esme_hdf5_psmpi_5_10_0	181
esme_hdf5_psmpi_5_12_1	217
esme_mpich_4_2_3	577
esme_mpich_4_3_1	581
esme_mvapich_4_0	1158
esme_mvapich_4_0_ofi	404
esme_mvapich_4_0_ucx	201
esme_netcdf-c_mpich_4_2_3	730
esme_netcdf-c_mpich_4_3_1	66
esme_netcdf-c_mvapich_4_0	1159
esme_netcdf-c_mvapich_4_0_ofi	397
esme_netcdf-c_mvapich_4_0_ucx	224
esme_netcdf-c_openmpi_4_1_6	713
esme_netcdf-c_openmpi_5_0_6	304
esme_netcdf-c_openmpi_5_0_7	310
esme_netcdf-c_psmpi_4_3_2	754
esme_netcdf-c_psmpi_5_10_0	232
esme_netcdf-c_psmpi_5_12_1	201
esme_netcdf-fortran_mpich_4_2_3	362
esme_netcdf-fortran_mpich_4_3_1	584
esme_netcdf-fortran_mvapich_4_0	1169
esme_netcdf-fortran_mvapich_4_0_ofi	398
esme_netcdf-fortran_mvapich_4_0_ucx	76
esme_netcdf-fortran_openmpi_4_1_6	717
esme_netcdf-fortran_openmpi_5_0_6	671
esme_netcdf-fortran_openmpi_5_0_7	684
esme_netcdf-fortran_psmpi_4_3_2	411
esme_netcdf-fortran_psmpi_5_10_0	566
esme_netcdf-fortran_psmpi_5_12_1	209
esme_omb_mpich_4_2_3	354
esme_omb_mpich_4_3_1	198
esme_omb_mvapich_4_0	555
esme_omb_openmpi_4_1_6	248
esme_omb_openmpi_5_0_6	682
esme_omb_openmpi_5_0_7	679
esme_omb_psmpi_4_3_2	783
esme_omb_psmpi_5_10_0	553
esme_omb_psmpi_5_12_1	211
esme_openmpi_4_1_6	707
esme_openmpi_5_0_6	676
esme_openmpi_5_0_7	674
esme_pio_mpich_4_2_3	369
esme_pio_mpich_4_3_1	355
esme_pio_mvapich_4_0	1164
esme_pio_mvapich_4_0_ofi	395
esme_pio_mvapich_4_0_ucx	219
esme_pio_openmpi_4_1_6	367
esme_pio_openmpi_5_0_6	683
esme_pio_openmpi_5_0_7	676
esme_pio_psmpi_4_3_2	767
esme_pio_psmpi_5_10_0	183
esme_pio_psmpi_5_12_1	206
esme_pnetcdf_mpich_4_2_3	764
esme_pnetcdf_mpich_4_3_1	579
esme_pnetcdf_mvapich_4_0	777
esme_pnetcdf_mvapich_4_0_ofi	392
esme_pnetcdf_mvapich_4_0_ucx	585
esme_pnetcdf_openmpi_4_1_6	723
esme_pnetcdf_openmpi_5_0_6	247
esme_pnetcdf_openmpi_5_0_7	249
esme_pnetcdf_psmpi_4_3_2	787
esme_pnetcdf_psmpi_5_10_0	372
esme_pnetcdf_psmpi_5_12_1	199
esme_psmpi_4_3_2	796
esme_psmpi_5_10_0	562
esme_psmpi_5_12_1	195
esmre	7822
espresso	9109
est-sfs	2351
estmapper	18241
estscan	8767
esviritu	7095
eta	11528
ete2	28727
ete3	38438
eternafold	8543
etoki	2670
eukbin	81
eukcc	19665
eukdetect	412
eukfinder	1154
eukrep	6772
euktect	135
eukulele	25576
eutils	334
eva-sub-cli	238796
eval	4504
evehap	119
eviann	5574
evidencemodeler	34033
evigene	1761
evofold2	6307
evofr	67586
examine	2960
excludonfinder	3529
exomiser-rest-prioritiser	12160
exonerate	104376
expam	34423
expansionhunter	50844
expansionhunterdenovo	7568
exparna	8755
export2graphlan	19956
express	60077
expressbetadiversity	13238
extern	6588
extract-codon-alignment	3091
extract-sv-reads	31732
extract_fasta_seq	3619
extract_fullseq	40869
extract_genome_region	10302
extract_vcf	3515
extracthifi	4284
ezaai	6179
ezcharts	2446
ezclermont	17460
ezfastq	1351
ezomero	6228
f5c	304371
fa-lint	2312
fadapa	31693
fade	9358
fairease-source	2988
fairy	8136
falco	48203
falcoamadeus	125
falcon2	264
famdb	5874
famsa	203295
famseq	10457
famus	383
fanc	7046
fann	8325
faqcs	18633
fargene	6561
fast-beagle	268
fast-edit-distance	8699
fast-fasta-compressor	2349
fast2q	1285
fast5	249007
fast5-research	34961
fast5seek	13423
fasta-splitter	10486
fasta3	48122
fasta_ushuffle	9878
fasta_windows	10737
fastafunk	15582
fastagap	2693
fastaguard	1675
fastahack	43729
fastaindex	7181
fastalite	12348
fastan	1976
fastani	187890
fastaptamer	3260
fastcov	306
fastdtw	425404
fastdup	1947
fasten	31207
fastg2protlib	6293
fastga	3492
fastindep	8131
fastk	10322
fastkit	8160
fastlin	9778
fastlmm	13891
fastmd5	1796
fastme	69815
fastml	9371
fastmlst	33419
fastobo	91839
fastoma	1691
fastool	42074
fastools	2046
fastp	839857
fastphylo	8235
fastplong	16066
fastpmr	3917
fastppm	8924
fastq	10060
fastq-and-furious	36181
fastq-anonymous	7295
fastq-count	7070
fastq-dl	47059
fastq-dupaway	310
fastq-filter	31540
fastq-fix-i5	759
fastq-groupmerge	191
fastq-join	13642
fastq-multx	26095
fastq-pair	11611
fastq-scan	51223
fastq-screen	87578
fastq-tools	23153
fastq_utils	58675
fastqc	1526015
fastqc-rs	27756
fastqe	14498
fastqmetrics	8077
fastqoptifilter	1104
fastqpacker	1002
fastqpuri	23397
fastqsplitter	28463
fastqtk	11961
fastquast	2075
fastreer	2196
fastremap-bio	2995
fastsimbac	7883
fastsimcoal2	3011
fastspar	27337
faststructure	14932
fasttree	1666790
fastuniq	12999
fastutils	15747
fastv	8185
fastx_toolkit	83239
fatslim_biobb	9143
favites_lite	2636
fba	10608
fc	1204
fcp	5476
fcsparser	40319
fdedup	2404
feature_merge	11851
fec	4878
feelnc	12757
feems	2623
fegenie	11541
feht	12617
fermi	10389
fermi-lite	11403
fermi2	197845
fermikit	6981
ferro-hgvs	6246
fetchmgs	589
ffgc	4110
ffindex	7367
ffindex-dbkit	6746
ffq	15692
fg-mako	2138
fg-sra	1643
fg-stitch	567
fgap	6654
fgbio	444807
fgbio-minimal	107166
fglatch	1932
fgmp	11878
fgpyo	26284
fgsmk	1905
fgsv	13080
fgumi	8817
fgwas	8519
fibertools-rs	68656
ficus	15649
fido	30666
figaro	3744
figtree	13717
fiji	40598
fiji-max_inscribed_circles	5491
fiji-morpholibj	9951
fiji-omero_ij	5676
fiji-simple_omero_client	3827
filechunkio	119287
filt3r	155
filtlong	59695
finaletoolkit	1414
find_circ	2455
find_differential_primers	16493
finemap	4395
fineradstructure	7009
finestructure	10285
fingerprintscan	4831
fings	9386
firecloud	41786
fisher	12500
fishplotpy	554
fishtaco	8362
fit_nbinom	29220
fithic	13126
fitter	38383
fjord	71
flagx	247
flaimapper	37538
flair	21960
flams	12282
flanker	10640
flapjack	22068
flash	42369
flash2	13575
flashalign	2214
flashlfq	81343
flashpca2	72
flask-admin	9682
flask-bootstrap	10356
flask-bower	13780
flask-markdown	9052
flask-nav	7407
flask-potion	8181
flavotyper	155
flexbar	26348
flexi-formatter	3627
flexidot	512
flexiformatter	1628
flexiplex	36525
flexserv	9241
flexsweep	1149
flextaxd	43015
flexynesis	8560
flight-genome	51931
flippyr	6629
flock	11328
floco	283
flopp	2269
floria	1593
flowcraft	45876
flumut	6548
flumutdb	5246
flux-simulator	7885
flye	276976
fmh-funprofiler	602
fmlrc	13397
fmlrc2	13290
fmsi	5009
foci-3d	92
focus	17105
foldcomp	8318
folddisco	2278
foldmason	8099
foldseek	628175
foldtree	2599
footprint	11308
forceatlas2-python	6409
forgi	31350
forked-path	7321
formulaic-contrasts	32480
forwardgenomics	1551
fpa	64814
fpocketr	286
fq	22555
fqfa	63
fqgrep	12813
fqtk	15907
fqtools	16133
fqtrim	7627
fqxv	2303
fqzcomp	6746
fracsim	72
frag_gene_scan_rs	825
fragbuilder	3491
fraggenescan	74603
fragpipe	3290
fraposa-pgsc	4495
frc	6701
fred2	22176
freddie	2334
freebayes	945331
freqsap	228
freyja	66782
frogs	39898
fsa	7100
fseq	6737
fsm-lite	8903
fsnviz	70973
fstic	474
ftputil	126910
fuc	88343
fufihla	662
fulgor	3343
fuma	21965
funannotate	55427
funannotate2	438
funcannot	5702
fungar	305
fungtion	171
funnel	9929
funtaxfinder	238
fununifrac	1912
fur	322
fusepy	8906
fusion-filter	8520
fusion-inspector	26103
fusion-report	25856
fusioncatcher	23742
fusioncatcher-seqtk	9929
fwdpp	44812
fwdpy	7394
fwdpy11	289696
fxsplit	1032
fxtract	3213
ga4gh-happy-report	1244
ga4gh.cat_vrs	181
ga4gh.va_spec	317
ga4gh.vrs	338
ga4ghmongo	8167
gaas	8515
gadem	18312
gadma	28016
gafpack	1999
gaftools	1064
gait-gm	5977
galah	27167
galaxy-containers	25605
galaxy-data	10481
galaxy-files	19725
galaxy-files-full	2054
galaxy-ie-helpers	20787
galaxy-job-config-init	1270
galaxy-job-execution	1479
galaxy-lib	298667
galaxy-ml	78875
galaxy-objectstore	29400
galaxy-ops	16805
galaxy-parsec	23933
galaxy-schema	7576
galaxy-tool-util	39393
galaxy-upload	4539
galaxy-util	80254
galaxy-workflow-executor	11352
galaxy_sequence_utils	99916
galaxyxml	23959
galitime	6057
galru	6587
gambit	21769
gambitcore	735
gametes	1538
gamma	11820
gangstr	86948
ganon	139182
gap2seq	70012
gapfiller	11223
gapless	2688
gapmm2	3513
gappa	103453
gapseq	6241
gargammel	8045
gargammel-slim	5886
garnet	27884
garnett-cli	19939
gassst	3563
gat	39373
gatb	11172
gather	356
gatk	203851
gatk-framework	28576
gatk4	1245565
gatk4-lite	1428
gatk4-main	1162
gatk4-spark	340471
gatktool	6911
gb-io	30448
gb_taxonomy_tools	12890
gbdraw	4434
gbintk	1639
gbkviz	5011
gblocks	20815
gbmunge	7160
gbsx	3705
gc-meox-tms	3893
gcen	20030
gci	726
gclib	15889
gcluster	76282
gcnvkernel	17262
gcs-oauth2-boto-plugin	10772
gcta	126915
gctb	3718
gdal	21783
gdc	7428
gdc-client	26405
gdk-pixbuf	180063
gdmicro	6673
gdsctools	16560
gecco	47272
gecko	19363
geco2	5718
geco3	5277
gecode	216060
gedi	366
gefast	8893
gem2	4202
gem3-mapper	14475
gembs	31987
gemf_favites	1346
gemini	150187
gemma	25177
gemoma	33497
gempipe	19995
genbank	28053
genbank_to	8712
genblasta	11394
genblastg	14216
genclust	6525
gencore	16067
gencove	39905
gencube	1141
gene-fetch	2286
gene-tidy	2165
gene-trajectory-python	867
genecircuitry	134
genedom	830
genefior	903
genefuse	10493
geneimpacts	144738
genenotebook	950142
genepender	6074
genepop	92223
genera	492
generax	46815
genericrepeatfinder	21477
genescanner	72
genescopefk	1724
genesis	606
genesplicer	25803
genewalk	13160
genform	6764
genie	21051
genin2	1962
genion	16670
genmap	36996
genmod	10596
geno2phenotb	3632
genoboo	722248
genochar	62
genodsp	2311
genoflu	10696
genologics	10381
genomad	170013
genome-dl	153
genome-uploader	1109
genome2tree	284
genome_profiler	509
genome_updater	46924
genomebaser	5997
genomeconstellation	8362
genomedata	69748
genomelake	32727
genomemanagement	78
genomemask	837
genomepy	137118
genomescope2	30439
genomestrip	7337
genomesyn2	308
genometester4	7759
genomethreader	39765
genometools	9408
genometools-genometools	602461
genometreetk	3933
genomextract	290
genomic_address_service	6164
genomic_regions	5665
genomicassertions	9495
genomicconsensus	19603
genomicranges	141
genomics-data-index	2278
genonets	16968
genotopep	75
genotyphi	15436
genotypy	1064
genrich	27810
gentle	1976
genview	8366
geodl	15972
geofetch	49404
geomloss	767
geosketch	29971
gepard	7649
gerp	6110
get_fasta_info	3259
get_homologues	11917
get_mnv	3834
get_orfs	2509
get_pangenes	468
getitd	146
getorganelle	57878
gevent	33541
gfa1	3509
gfaffix	33974
gfaidx	4793
gfainject	1604
gfapy	40099
gfastats	38246
gfatk	887
gfatools	33951
gff2bed	6167
gff3sort	10460
gff3toddbj	15349
gff3toembl	8409
gffcompare	46317
gfflu	3602
gffmunger	11471
gffpandas	1859
gffread	202926
gfftk	7228
gffutils	291002
gfinisher	7624
gfmix	3674
gfold	8694
gfviewer	1594
ggcaller	36897
ggcat	2538
ggd	27519
gget	54617
ggplot	16931
ghc	6002
ghm	15037
ghmm	7721
ghost-tree	3849
ghostscript	131526
ghostx	9943
ghostz	13073
gia	2345
giatools	9330
gifrop	15877
gigatyper	81
gimbleprep	7407
gimmemotifs	176089
gimmemotifs-minimal	33280
ginpipepy	1870
ginpiper	3558
glean-gene	261
glimmer	19285
glimmerhmm	249455
glimpse-bio	16699
glnexus	7217
glob2	34672
gloome	3356
glpk	31640
glyco-csdb2snfg	35
gmap	597698
gmap-fusion	11987
gmcloser	4153
gmgc-mapper	6514
gmm-demux	934
gmove	1548
gmsc-mapper	736
gmtk	13355
gmwi2	2230
gnali	27520
gndiff	5174
gneiss	442556
gnk_fastasort	162
gnomic	4030
gnparser	31853
gnu-getopt	7443
gnu-wget	20607
gnuplot	161581
gnuplot-py	7151
gnuvid	14898
go-figure	1194
goalie	112
goalign	41849
goat	16523
goatools	104750
goblin	1579
gocr	9714
godmd	14621
goenrichment	4696
goetia	9717
gofasta	211100
gogstools	3050
goldrush	25520
goleft	120723
google-api-python-client	15062
google-cloud-sdk	22532
google-sparsehash	27080
gopeaks	3913
gor_pyspark	2260
gorpipe	2287
goslimmer	3991
gothresher	14519
gotohscan	8025
gotree	36714
gottcha	6189
gottcha2	6600
gpatch	2758
gpid	79
gplas	6754
gprofiler-official	46988
gpsw	2336
gqlib	820
gqt	6724
grabix	52721
grafimo	20745
graftm	31946
grampa	7984
grapetree	5154
graph-boink	17704
graph2pro-var	5004
graph_embed	10037
graphaligner	90887
graphanalyzer	14397
graphbin	7838
graphbin2	3020
graphclust-wrappers	84763
graphembed	4136
graphicsmagick	28340
graphlan	20281
graphlite	11081
graphmap	48272
graphmb	3900
graphprot	12680
graphtyper	26386
gravlax	13169
greenhill	6254
grenedalf	5873
grep	72559
grepq	5754
gretel	21600
gretl	1635
grfmite-rs	1465
grid	22671
gridss	183831
grimer	3896
grit-genomics	590
gromacs	294135
gromacs_mddb	2434
gromacs_mpi	9033
gromacs_py	11689
gromacswrapper	7285
groopm	5308
groot	93561
group_humann2_uniref_abundances_to_go	16917
grz-check	3285
grz-check-python	1289
grz-cli	7902
grz-common	5311
grz-db	4194
grz-pydantic-models	9766
grzctl	3037
gs-tama	12883
gsalign	93544
gsea	3888
gseapy	305596
gsearch	26707
gsmap	4376
gsort	54617
gtdb-genomes	302
gtdb-gtranslate	1233
gtdb_to_taxdump	1167
gtdbtk	290820
gtf_to_genes	6292
gtfparse	49391
gtfreader	4135
gtfsort	3074
gtftools	6578
gtotree	30687
guacamole-bio	141
gubbins	112933
guessmylt	3270
guide-counter	10624
guidemaker	12819
guidescan	31356
gum	5513
gunc	22971
gustaf	8596
gvcf-regions	41776
gvcf2bed	3165
gvcf2coverage	7890
gvcfgenotyper	17821
gvcftools	10451
gw	66328
gwama	6345
gwaslab	1136
gwiscan	189
gxf2bed	12934
gxf2chrom	1659
gxfkit	496
gxformat2	84056
gzrt	2844
h5max	85
h5sparse	3194
hackgap	1341
haddock_biobb	10535
hafez	6659
hail	15670
hairsplitter	6730
hal2vg	518
halfdeep	988
hall-lab-svtools	7462
halla	6099
hamip	3163
hamroaster	5042
hamronization	12325
handyreadgenotyper	9002
hanselx	10273
hap-ibd	4804
hap.py	48324
hapbin	12883
hapcut2	25326
hapflk	8122
hapfold	337
haphpipe	13367
haplink	2906
haplocheck	5028
haploclique	8323
haploconduct	5523
haplodon	11546
haploflow	8881
haplogrep	33630
haplogrep3	9179
haplomap	6547
haplophaser	59
haplotaglr	7051
haplotype-lso	32275
haploview	4081
hapog	22585
hapolish	53
happer	3412
happy-python	1323
haproh	24952
hapsolo	2158
haptools	17823
hardklor	15792
harmony-pytorch	14382
harmonypy	74166
harpy	1946988
harvest-variants	14262
harvesttools	14998
haslr	12256
hat-phasing	10258
hatchet	115993
haystac	24346
haystack_bio	32685
hca	18716
hca-matrix-downloader	9523
hclust2	40213
hcluster_sg	9641
hdmi	107
heasoft	50256
heatcluster	91
hecatomb	23951
heinz	12378
heliano	3948
helitronscanner	6838
helperlibs	31320
hera	26555
hesslab-gambit	25233
hg-color	11901
hgtools	15838
hgvs	11209
hhsuite	536610
hi-corrector	5377
hic-straw	14714
hic2cool	59103
hicap	15158
hicberg	379
hicbrowser	6523
hicexplorer	225335
hichipper	8230
hicmatrix	78506
hicona	2263
hicstuff	45588
hictk	29416
hictkpy	29486
hicup	38342
hiddendomains	9431
hifi_trimmer	2081
hifiadapterfilt	1397
hifiasm	135352
hifiasm_meta	23616
hificnv	6710
hifieval	1675
hifihla	6206
hifive	48348
hiline	48141
hilinetojuicer	5569
hilive2	9248
hillrep	104
hint	19949
hiphase	18760
hippunfold	464
hippunfold-dev	592
hipstr	770
hisat-3n	1014
hisat2	463847
hisat2-pipeline	4340
hitac	61238
hitea	5175
hits	40642
hivtrace	17708
hla-asm	1911
hla-la	28482
hlafreq	5213
hlama	18879
hlaprofiler	31987
hmftools-amber	36611
hmftools-bam-tools	6331
hmftools-bwa-plus	634
hmftools-chord	2695
hmftools-cider	562
hmftools-cobalt	32753
hmftools-cuppa	6227
hmftools-esvee	5172
hmftools-fastq-tools	61
hmftools-gene-utils	19544
hmftools-gripss	47168
hmftools-isofox	14042
hmftools-lilac	5906
hmftools-linx	55836
hmftools-mark-dups	4879
hmftools-neo	3786
hmftools-orange	11928
hmftools-pave	5271
hmftools-peach	1145
hmftools-protect	1541
hmftools-purple	105959
hmftools-qsee	91
hmftools-redux	4319
hmftools-rose	1849
hmftools-sage	43460
hmftools-sigs	2734
hmftools-sv-prep	6964
hmftools-teal	1841
hmftools-virus-interpreter	2801
hmftools-wisp	680
hmmcopy	27068
hmmer	2651478
hmmer2	45460
hmmibd	132
hmmlearn	22812
hmmploidy	387
hmmratac	25780
hmnfusion	8475
hmnillumina	6872
hmnqc	2101
hmnrandomread	7049
hmntrimmer	2757
hmtnote	2987
hocort	16763
holodeck	1519
homer	126389
homerun-csrna	38
homoeditdistance	3208
homopolish	13344
hopla	51936
hops	21170
hormon	2666
hostile	19385
hotspot3d	11882
how_are_we_stranded_here	3346
howdesbt	25210
hpcblast	1527
hpsuissero	6081
hr2	7261
hs-blastn	11260
hsdecipher	2856
hsdfinder	2695
hts-nim-tools	19995
htsbox	68721
htseq	1136708
htseq-clip	6263
htseqqc	3152
htsinfer	5019
htslib	9276956
htsqualc	2602
htstream	28126
httpretty	10186
hubward	14909
hubward-all	7162
hulk	24264
humanfilt	277
humann	196509
humann2	143540
humid	8037
hurry.filesize	9615
hybkit	6068
hybpiper	17499
hybracter	23846
hybran	11587
hydra-amr	42
hydra-multi	4788
hylight	547
hymet	468
hymet2	383
hypercluster	24969
hyperloglog	924
hyphaeon	3610
hyphaeon-core	1085
hyphlow	2209
hyphy	1351520
hyplas	15582
hypo	20555
hypro	2075
ibdmix	3332
ibdne	7016
ibdseq	6097
ibridges	3028
ice-cream	2447
iced	65256
icescreen	23052
icfree-ml	7272
iclipro	6382
icount	5881
icount-mini	6367
icqsol	12222
idba	66572
idba_subasm	21279
ideas	7973
idemux	9770
idemuxcpp	6805
idr	57705
idr-py	27733
ifcnv	2784
ifeature	2372
ifnepitope2	54
ig-checkfcs	5559
ig-checkflowtypes	6799
ig-flowtools	64114
igblast	118849
igblast-parser	16504
igda-script	2499
igdiscover	82157
igdtools	4753
igfinder	1238
igor_vdj	7554
igphyml	24675
igua	4096
igv	201200
igv-notebook	2175
igv-reports	200224
igvtools	68774
ilesta	2147
illumina-cleanup	5834
illumina-interop	221192
illumina-utils	34661
illuminate	8605
illumiprocessor	11012
im-pipelines	18903
im2deep	57616
ima3	6582
imctools	26462
imfusion	15369
immuneml	76958
immunotype	163
imods	3566
impaqt	304
impg	10319
impute2	19604
imseq	7690
imsindel	6626
indelfixer	6781
infernal	446361
infinity	16548
influx-si-data-manager	3696
influx_si	48454
inforna	7152
inheritance	74646
inmoose	14150
inquistr	563
insilicoseq	132406
insilicosv	4405
inspector	5367
instanexus	476
instanovo	1564
instrain	104890
insurveyor	8877
intarna	246905
integron_finder	19429
intemap	6402
interleafq	9851
intermine	44102
interproscan	25749
interval-binning	2299
intervals	8513
intervalstats	7110
intervaltree_bio	9088
intervene	43085
intron-prospector	1101
involucro	131946
iobrpy	2071
ionquant	3909
iow	312486
ipapy2	1808
ipcr	10362
iphop	21269
ipk	5991
iprophit	171
iptkl	7763
ipyrad	217121
ipyrad2	76
ipython-cluster-helper	120966
iqkm	3126
iqtree	1153389
ir	7337
iranges	589
irep	7550
irescue	10746
irf	10950
irfinder	42714
irida-linker	18722
irida-sistr-results	25200
irida-staramr-results	11508
irida-uploader	53077
irissv	8493
irma	7018
is6110	332
isa-rwval	4294
isaac4	3810
isafe	8769
isatools	44150
iscc-sum	1098
iseq	12682
isescan	36727
isiteuk	272
islandpath	18373
ismapper	10905
isocall	50
isocor	21497
isodesign	1138
isoformcheck	102
isonclust	6840
isonclust2	5246
isonclust3	1028
isoncorrect	17219
isonform	1072
isopedia	312
isoplot	23204
isoquant	65845
isorefiner	816
isoseq	11648
isoseq3	64146
isospecpy	5996
isotools	1424
isovar	10612
ispcr	18226
itbins	156
itero	30888
itk	20754
itol-config	5895
itolapi	16426
itolparser	5907
itsx	23841
itsxpress	205582
itsxrust	2199
iucn_sim	28078
iva	26505
ivar	124691
jacusa2	1008
jaeger-bio	2143
jaffa	23283
jali	5581
jalview	128085
jamm	28574
jannovar-cli	65207
janook	38
janusx	4807
jarvis	5894
jarvis3	1650
jasmine	4321
jasminesv	49563
jass	10407
jass_preprocessing	15160
java-jdk	375400
jbrowse	91455
jbrowse2	286237
jcast	23540
jccirc	1235
jclusterfunk	2076
jcvi	247527
je-suite	15406
jellyfish	187697
jemalloc	76972
jgoslin	7379
jms-metabolite-services	2633
jmztab-m	6682
jobtree	7421
joltax	266
jolytree	4559
jorg	110
jpredapi	3221
jq	149747
jronn	1532
json_collect_data_source	15368
juicebox_scripts	652
juicertools	1985
julia-divand	1359
junit-xml	17855
jupiterplot	1212
jupyterngsplugin	9647
justbackoff	7773
jvarkit	6493
jvarkit-bam2svg	5471
jvarkit-bam2wig	4858
jvarkit-bamstats04	2602
jvarkit-msa2vcf	4083
jvarkit-wgscoverageplotter	4392
k-slam	5508
k2tools	3845
k8	1203671
kaiju	152048
kakscalculator2	8464
kalamari	11990
kalign2	435612
kalign3	45624
kallisto	316867
kamino	15679
kanpig	3201
kaptive	64269
karect	8454
kart	24470
karyopype	3147
kat	56360
kb-python	46405
kbo-cli	778
kcalign	67878
kcftools	808
kcounter	42966
kegalign-full	3540
kegg-pathways-completeness	6224
kegg_pull	228
keggcharter	56880
kernel_density_plots	526
kerneltree	6900
kestrel	279
kf2vec	258
kfb2zarr	1578
kfilt	1326
kfoots	12890
kggseq	2701
kgwasflow	6438
khipu-metabolomics	4131
khmer	120805
kid	6598
kin	1036
kinamine_y_shaker	3157
kinex	4311
king	16991
kingfisher	18164
kinship-read	2906
kinsimriboswitch	6520
kipoi	90922
kipoi-conda	9221
kipoi-utils	37303
kipoi_veff	14804
kipoiseq	47251
kissplice	18419
kitsune	3144
kivvi	145
kiwidist	19521
kleborate	47978
kleboscope	536
kled	1756
kma	305202
kmask	1498
kmasker	18736
kmate	606
kmc	140214
kmcp	25556
kmd_hmdb_api_client	1743
kmer-counter	1508
kmer-db	18041
kmer-jellyfish	140229
kmer2stats	648
kmercamel	6181
kmerfinder	3148
kmergenie	32690
kmerinshort	7457
kmerstream	6068
kmertools	20407
kmetashot	240
kmhelpers	22
kmindex	6867
kmtricks	5876
kneaddata	54518
knock-knock	5006
knot	4685
knot-asm-analysis	3106
knotannotsv	336
knotinframe	10937
kobas	18807
kodoja	32488
koeken	6328
kofamscan	26178
koinapy	358
komb	10561
kompot	499
konezumiaid	4205
kopt	35834
kosudoku	1640
kounta	7174
koverage	9141
kpal	13717
kpop	1606
kractor	5622
krak	1098
kraken	90272
kraken-all	16998
kraken-biom	16118
kraken-ea	8399
kraken2	231333
krakenhll	28359
krakentools	32015
krakenuniq	62370
krakmeopen	9454
kraut	1932
krbalancing	55628
krepp	4839
krocus	25485
krona	154104
kronik	9491
kronos	2833
kseqpp	4760
ksnp	2503
kssd	12582
ksw	27616
kwip	8192
kyber	1013
kyototycoon	11235
labrat	6404
labretriever	45
lace	25844
lamassemble	17474
lambda	102183
lamps	461
lanceotron	143
lap	5575
lapack	13318
lassaseq	1809
lassensus	1128
last	3845874
lastz	156115
latch	12638
latentstrainanalysis	7266
lca	26984
lcfit	8862
ldblockshow	45758
lddt	6954
ldhelmet	7970
ldpop	66
ldsc	4103
leafcutter	417
learnmsa	19227
leehom	6541
lefse	39342
legsta	10358
lemur	2660
leptonica	8702
lepwrap	6071
leviathan	11633
leviosam	19921
leviosam2	21457
lexicmap	9643
lexmapr	55554
liana	5242
lib-pod5	244558
libarbdb	69999
libbambamc	7989
libbigwig	78662
libcarna	1455
libcarna-python	3338
libccp4	2958
libcifpp	534713
libdb	137401
libdeflate	1841461
libdivsufsort	22785
libffi	75823
libgab	12228
libgenome	16073
libgff	33719
libgtextutils	71714
libidn	12209
libis	56101
libis_moabs	2759
libmaus2	23567
libmems	17042
libmuscle	14988
libopenms	69855
libpdb-redo	2533
libsbml	15655
libsequence	275014
libshorah	4158
libssw	7240
libstatgen	15461
libsvm	17051
liftoff	39907
liftofftools	7082
lifton	277
liftover	69973
ligand-validation	325
lightassembler	8002
lighter	44831
lightning	10222
lightpanda	173
lightstringgraph	5997
lima	145739
limix	4850
linearfold	13808
linearpartition	10991
linezolid-amr	208
linkage2allegro	21115
linkedsv	359
links	36300
linkstats	8902
liqa	1140
liquorice	11033
lirtmats	88
lisa2	6450
lissero	10560
litlog	41
liv_utils	2339
livekraken	12273
lja	2717
lmas	20256
local-cd-search	504
localhgt	1326
locarna	161405
locidex	3431
locityper	40722
locus_processing	2944
lodei	1162
lodestar	249
lofreq	107544
log4cpp	5673
logan_blaster	238
logbook	50367
logol	6082
logomaker	62391
lohhla	7454
lollipop	10969
longairr	72
longbarcodeqc	39
longbow	1249
longcalld	8382
longcallr	3877
longcallr_nn	1754
longdust	3497
longestrunsubsequence	12364
longgf	9854
longhap	1866
longphase	6839
longqc	4583
longreadsum	14454
longshot	80598
longstitch	14795
longtr	3274
longtrack	152
look4ltrs	149
loompy	42698
loomxpy	326
lorax	9268
lordec	17339
lordfast	13524
lorikeet	14609
lorikeet-genome	42585
lorma	6994
losat	2836
lotus2	70037
lotus3	948
lovis4u	1592
lr_gapcloser	169
lra	34496
lrez	40059
lrge	14481
lrphase	20340
lrsaga	53
lrsim	1513
lrtk	20425
lrzip	27737
ls-gkm	13243
lsabgc	13380
lsc	5025
lsd	7515
ltr_finder	24077
ltr_finder_parallel	8712
ltr_harvest_parallel	7392
ltr_retriever	61948
luciphor2	33138
lukasa	32017
lumpy-sv	74111
lumpy-sv-minimal	11270
lusstr	19906
lyner	6003
lz-ani	2448
lz4-bin	15877
m-party	2285
m6anet	4003
ma	26555
maaslin	17217
maaslin2	14169
maaslin3	558
maast	9169
macaron	6657
mace	6189
mach2	659
machina	6984
macrel	50424
macs	2916
macs2	227804
macs3	40281
macse	13387
macsyfinder	17112
macsylib	2662
madre	622
maegatk	1796
maelstrom-core	2400
maf2synteny	15036
mafft	1515214
magcluster	13898
mage-tab-merger	1994
magebin	52
mageck	162739
mageck-vispr	53313
magetab-curation-scripts	5941
magic-impute	2580
magicblast	19955
magmax	4061
magneto	2125
magphi	10712
magpurify	23175
mags-visualization	770
magus-msa	6781
majec	263
make_prg	7585
makehub	41804
maker	101398
malder	7816
malt	27876
malva	31703
mameshiba	3063
mammal	3469
mamotif	13587
manc_cojo	387
mango	3914
manorm	28955
manormfast	11504
manta	119073
mantis	5968
mantis-msi	3441
mantis-msi2	2484
mantis_pfa	43075
map4	94
mapad	6723
mapcaller	117117
mapdamage2	33686
mapdia	15038
mapgl	18818
mapping-iterative-assembler	7935
mappy	298150
mapsembler2	6903
mapseq	10636
mapsplice	22248
mapula	13489
marbel	1025
marge	7450
mark-nonconverted-reads	9220
markadoros	212
marker-magu	1071
markermag	7357
markerrepo	133
markinp	357
markov_clustering	6016
markov_genome	299
mars	13230
marti	7667
marvd2	7794
marvel	4479
mash	333602
mashid	53
mashmap	36919
mashpit	6936
mashtree	104781
maskrc-svg	3498
mason	32751
mass2chem	4185
massdash	3708
massiveqc	10327
mastrspy	55
masurca	87590
matam	8990
matchms	117222
matchmsextras	5735
matchtigs	27059
mathstats	20540
matlock	8798
mauve	21275
mauvealigner	16205
mavenn	27116
maverick	719
mavis	3686
mavis-config	1614
mawk	110216
maxalign-rs	2644
maxbin2	61227
maxentpy	43114
maxentscan	15334
maxit	11456
maxquant	144229
mbcgmlst	82
mbg	47570
mbgc	13111
mbuffer	19088
mccortex	12694
mcl	165828
mcroni	5898
mcross	1724
mcscanx	5529
md-cogent	4835
mdasim	26600
mddb_workflow	128
mdl-repeat	376
mdmcleaner	6617
mdust	19954
me-pcr	1368
mea	9036
medaka	353078
medicc2	47489
medpy	15130
medusa	4698
medusa-data-fusion	7023
megadepth	22750
megagta	5707
megahit	361191
megalodon	111408
megan	21550
megapath	6450
megapath-nano	5733
megatron	3431
mehari	75133
mehari-python	6709
melon	7955
melt	51140
meme	3566574
memopair	1651
memote	2178
mendelscan	10049
meneco	6030
menetools	10786
meningotype	7959
mentalist	175309
meraculous	26188
mercat	15924
mercat2	10914
merfin	5096
merfishtools	50631
merge-gbk-records	1327
mergenotcombined	5707
mergevcf	7154
merlin	16786
merqury	32595
merquryfk	9508
meryl	49715
mess	12766
met4j	101364
meta-apo	7419
meta-neuro	10942
meta-sparse	18446
meta_eukaryome_detect	877
metaamrplus	438
metabat2	91056
metabinkit	27348
metabinner	9292
metabintools	1169
metabolabpy	40731
metabolights-utils	11712
metabolishmm	495
metabuli	15790
metacache	37706
metacarp	67
metacat	4830
metacerberus	17104
metacerberus-lite	3191
metacherchant	6581
metachip	31325
metaclassifier	4974
metaclock	3108
metacluster	8026
metacoag	12515
metacompass	638
metacontam	775
metacontextify	112
metacooc	976
metacortex	3186
metadmg	7809
metaeuk	137930
metafun	1892
metafx	660
metagem	2637
metagene_annotator	13494
metagenome-atlas	137275
metagenomescope	238
metagraph	29552
metahict	76
metalcoordanalysis	159
metalign	9867
metamaps	6354
metamate	1836
metamdbg	172413
metameta	27766
metametamerge	15297
metamlst	5363
metamobilepicker	1861
metanovo	6484
metaomestats	2725
metaphlan	454580
metaphlan2	199316
metaphor	29501
metaphyler	8439
metapi	39511
metaplatanus	6366
metaplex	9375
metapointfinder	96
metapop	3317
metaprob	6475
metaprokka	5747
metapub	1168
metaquant	6389
metaquantome	32431
metasbt	1073
metaseq	13729
metaseq-all	7905
metasmash	1424
metasnek	11738
metasnv	53373
metaspace2020	252
metastrand	65
metasv	22062
metator	3500
metatracer	137
metatrawl	3601
metatree	3134
metav	2103
metavelvet	13390
metavelvet-annois	7686
metavelvet-sl	6934
metavelvet-sl-feature-extraction	8259
metavelvet-sl-pipeline	5438
metawatt	7892
metawepp	2554
metawrap	15197
metawrap-annotate-bins	95
metawrap-assembly	103
metawrap-binning	170
metawrap-blobology	92
metawrap-classify-bins	96
metawrap-kraken	93
metawrap-mg	4482
metawrap-quant-bins	100
metawrap-read-qc	96
metawrap-reassemble-bins	96
metawrap-refinement	125
metaxa	10763
metaxaqr	229
metdatamodel	4209
meteor	7670
metfrag	20404
methbat	6253
methphaser	2168
methpipe	4620
methplotlib	46878
methurator	850
methylartist	23735
methyldackel	70180
methylextract	5600
methylmap	15989
methylpy	18390
methylsieve	992
metilene	26997
mfold	3932
mfqe	24563
mft-tools	383
mg-toolkit	8546
mgatk	2093
mgca	2651
mgcod	6150
mgcplotter	3792
mge-cluster	4418
mgems	5315
mgf-formatter	11700
mgikit	6927
mgkit	82090
mglex	10833
mgltools	60346
mgnifam	2043
mgnify-genome-search	134
mgnify-pipelines-toolkit	26530
mgs-canopy	8636
mhap	16452
mhc-annotation	2068
mhcflurry	47375
mhcgnomes	18505
mhcnames	5162
mhcnuggets	17294
mhctools	7367
mhg	16804
mi-pimento	3703
micall-lite	30844
mice	906
micom	42633
micomplete	1335
micro_razers	8113
microbeannotator	3958
microbecensus	12811
microhapdb	24196
microhapulator	23433
microphaser	21542
micropita	5728
microscape	74
microview	2303
midas	35742
midsv	37101
mifaser	294
miga	2005
migmap	21153
migraine	15695
migrate-n	8010
miidl	8666
mikado	124965
mikrokondo-tools	847
milonga	5788
mim	522
mimeo	9864
mimi	591
mimick	5446
mimodd	22280
mimseq	100411
mimsi	7020
minced	202244
mindagap	2417
mindthegap	25107
minepy	30100
mini3di	360
minia	26955
minialign	49691
miniasm	131608
minibusco	3830
minibwa	4250
minigraph	20119
minimac4	3941
minimap	19483
minimap2	1561263
minimap2-coverage	6056
minimizers	489
minimock	8921
minimod	1210
minipileup	685
minipolish	12164
miniprot	124288
miniprot-boundary-scorer	1537
minirmd	5367
minisplice	798
minkemap	137
minnow	16683
minorseq	10655
mintie	8515
mintmap	11039
minute	9058
minvar	182731
minys	8921
mir-prefer	10904
mira	31842
mira-moods	4330
mira-multiome	3206
miranda	18036
mirdeep-p2	2635
mirdeep2	47753
mirfix	12469
mirge	30599
mirge-build	3104
mirge3	28616
mirmachine	24667
mirnature	7195
mirscore	2703
mirtop	88923
mirtrace	9877
miru-hero	3139
misopy	10729
mist	1026
mist-cf	1820
mist_typing	1787
mitgard	4765
mitobim	3860
mitofinder	7592
mitogeneextractor	237
mitorsaw	5562
mitos	144463
mitosalt	1121
mitoz	19542
mity	1021
mixem	3117
mkdesigner	14213
mlgenotype	1923
mlpy	6816
mlrho	8813
mlst	359808
mlst-cge	1860
mlstdb	2189
mlstudio	115
mm2plus	3637
mmannot	4532
mmaseq	2234
mmcif	18967
mmdb2	2917
mmft	1868
mmlong2	1449
mmlong2-lite	1279
mmpdb	685
mmquant	9792
mmseqs2	688284
mmseqs2-server	1824
mmtf-python	129160
mmult	2871
mmvc	5913
mnbc-me	61
mnnpy	15121
moabs	97895
mob_suite	90768
mobidic-mpa	27168
mobiorigin	1403
mobivision-m	89
mobster	32346
moca	27220
mockinbird	13593
moddotplot	64
modeltest-ng	23202
modifi	8272
modlamp	7685
modle	4898
mofaflex	179
mofapy	7061
mofapy2	6317
moff	34522
mogaaap	1520
mogs	1131
mokapot	45865
molamola	839
molemap	478
molnetpack	43
molpacd	355
molpopgen-analysis	9212
moments	257868
moni	2306
monocle3-cli	29356
monopogen	4155
monovar	10363
monsda	15234
moods	61684
moreutils	15743
morpheus	18216
mosaic	2270
mosaicatcher	8413
mosaik	10145
mosca	37983
mosdepth	293722
moss	7909
mostar	223
mothur	208013
motif-bridge	700
motifraptor	16754
motifscan	36500
motulizer	18937
motus	65566
mozaiko	467
mp-est	4609
mp3treesim	6252
mpa-portable	16321
mpa-server	111406
mpboot	752
mpra-data-access-portal	9471
mpralib	4280
mqc	56658
mquad	580
mrbayes	34758
mrbayes_volpiano	1712
mreps	21943
mrpast	6731
mrsfast	11034
mrtrix3	4151
ms	6249
ms-entropy	26148
ms2deepscore	20714
ms2pip	26932
ms2query	11763
ms2rescore	11540
ms2rescore-rs	15769
msa4u	596
msaboot	20223
msaconverter	8625
msalign2	6729
msamtools	17903
msaprobs	6541
msbuddy	48
mseqtools	7066
msfiddle	45
msfragger	6560
msgf_plus	115665
msi	15743
msisensor	28592
msisensor-pro	133922
msisensor-rna	1829
msisensor2	5054
msmc2	2853
msmetaenhancer	28301
msms	20522
msoma	1704
msp2db	10277
msprime	80346
msproteomicstools	17316
msstitch	133720
mstmap	4439
msweep	10392
mtb-snp-it	6482
mtbseq	14360
mtglink	39578
mtgrasp	109998
mtm-align	2528
mtnucratio	18321
mtsv	25072
mtsv-tools	20984
muat	13368
mudas	2365
mudskipper	2841
mugsy	70437
multi-omics-classification	1211
multigps	30624
multiqc	943420
multiqc-bcbio	172110
multiqc-xenium-extra	186
multiqc_sav	9258
multirnafold	1722
multisub	2320
multitax	18508
multivcfanalyzer	10914
multivelo	4577
multixrank	2792
multiz	7788
mumemto	43584
mummer	168401
mummer2circos	2750
mummer4	84206
mumu	130
munkres	498609
mupbwt	3338
muscle	747928
muse	13233
muset	310
music	6878
music-deconvolution	3267
musicc	23316
mustang	149553
mutalyzer_hgvs_parser	1464
mutamr	1322
mutmap	45770
mutopia	320
mutscan	5991
mutserve	1762
mutyper	6470
mvicuna	26356
mview	2103
mvip	5830
mvirs	2052
mvp	13187
mwga-utils	21323
mycotools	20518
mydbfinder	1804
myers-batch	20402
mygene	113133
mykatlas	15830
mykrobe	89719
myloasm	12341
myloasm-kmc	7056
mylotools	605
mypmfs_py	270
myriad	11983
mysql-connector-c	167149
mysqlclient	66121
mysterymaster	1280
mytaxa	467
mzmine	44898
mzml2isa	48193
mzpaf	1600
mzspeclib	2500
mztosqlite	124443
n50	112445
naf	4010
nafcodec	5060
naibr-plus	7697
nail	3701
naltorfs	6507
namfinder	5672
nano16s	81
nanoblaster	9160
nanocall	37410
nanocaller	30387
nanocomp	152416
nanocompore	13247
nanocount	1221
nanofilt	97321
nanoget	208345
nanoinsight	1326
nanolyse	48634
nanomath	135538
nanometa-live	11362
nanomod	2070
nanomonsv	5682
nanomotif	28252
nanonet	7315
nanopack	1325
nanoplexer	14361
nanoplot	249199
nanoplotter	97641
nanopolish	162548
nanopolishcomp	6357
nanopore_simulation	7841
nanoq	32621
nanoqc	50245
nanoraw	30830
nanosim	63228
nanosim-h	24102
nanosimh	7768
nanosplit	6555
nanospring	4950
nanostat	63522
nanosv	33831
nanovar	62980
narfmap	4448
nasm	5790
nasp	34424
nbitk	10996
ncbi-acc-download	14382
ncbi-amr	5089
ncbi-amrfinderplus	216078
ncbi-datasets-pyclient	29209
ncbi-datasets-pylib	138963
ncbi-fcs-gx	27557
ncbi-genome-download	126182
ncbi-ngs-sdk	216674
ncbi-stxtyper	8010
ncbi-util-legacy	6414
ncbi-vdb	1279156
ncbi-vdb-py	18996
ncbimeta	25313
ncbitax2lin	2574
ncbitk	3224
ncfp	13600
ncls	316733
ncrf	17277
nda-tools	11018
ndex-python	6103
ndex2	7303
neat	9070
neatms	9196
nebulizer	11350
necat	10420
nedbit-features-calculator	2061
nedrex	2274
needle	7845
needletail	25450
needlr	754
neffy	2771
neffy-cli	912
negative_training_sampler	10421
negspy	307
nemo	6643
nemo-age	8563
neodisambiguate	2127
neofox	3111
neoloop	1613
neptune	18577
neptune-signature	1028
nerpa	11515
nest	20315
netcdf-metadata-info	7857
netifaces	29052
netmd	492
netreg	26877
netsyn	4520
networkxgmml	8604
neurodocker	19341
newick_utils	27801
newmap	2094
newt	8414
nexcision	90
nextalign	168679
nextclade	237405
nextclade2	44884
nextclade_js	10912
nextdenovo	19588
nextflow	654611
nextgenmap	57950
nextpolish	13103
nextpolish2	9284
nextstrain	4269
nextstrain-cli	119551
nf-core	156309
nf-docs	285
nf-metro	3679
nf-test	81319
nfixplanet	304
ngless	119789
nglview	123829
ngmaster	7396
ngmerge	10578
ngmlr	225115
ngs-bits	114933
ngs-chew	7100
ngs-disambiguate	40398
ngs-sdk	5799
ngs-smap	16822
ngs-tools	131483
ngs45	1260
ngs_te_mapper2	3220
ngscheckmate	8403
ngsderive	34161
ngsep	3345
ngseqbasic	6882
ngsfetch	247
ngshmmalign	10361
ngsindex	2030
ngslca	7044
ngsngs	4390
ngspeciesid	1519
ngsplotdb-ngsplotdb-hg19	5614
ngsrelate	1053
ngsutils	9610
niemads	7955
niemagraphgen	1653
nifflr	1195
nii2dcm	1421
nim-abif	693
nim-falcon	68280
nimnexus	10831
ninja-nj	26669
nirvana	187
nlstradamus	5693
nmrglue	42755
nmrml2isa	11165
nmrpro	8844
nmslib-metabrainz	968
noah-cli	1692
nohuman	6457
noise2read	3129
nolb	2664
nomadic	2045
nomnom	173
nonpareil	62930
nopilesum	6576
nordic	15451
noresm	5525
norns	34982
nose-capturestderr	11842
notramp	2592
novae	4215
novasplice	6541
novoalign	124921
novobreak	9025
novoloci	485
novoplasty	29318
np-likeness-scorer	7912
npinv	5314
npstructures	16641
npyscreen	6693
nrpys	15808
nseg	38865
nspdk	7411
ntcard	29302
ntedit	39835
nthits	12028
ntjoin	53596
ntlink	63768
ntm-profiler	25962
ntroot	3977
ntsm	1629
ntstat	11118
ntsynt	33291
ntsynt-viz	1715
nucamino	5667
nucdiff	16855
nucflag	766
nuclease	637
nucleoatac	14140
nucleosome_prediction	7517
nudup	21724
nullarbor	16257
numkit	7493
nvc	11097
nwalign3	39058
nwkit	1238
nxtrim	6500
oakvar	112321
oarfish	22746
oases	12841
oatk	2515
oauth2client	25979
obitools	28009
obitools4	2452
obonet	21551
occultercut	1611
ococo	28490
ocrad	6673
octopus	50559
octopusv	6310
odamnet	1865
oddsnp	48
odgi	81377
odose	5700
ogdf	10580
ogmapper	1599
ogtfinder	1078
ohe-rs	2201
olga	1100
oligoarrayaux	26263
oligomap	2960
oligon-design	403
oligotyping	11386
olivar	21318
omamer	9436
omark	3878
omero-annotate-ai	343
omero-py	34096
omssa	27170
oncocnv	2297
oncofuse	25140
oncogemini	6312
oncopipe	10727
oncotator	5036
onebam	1526
onehot2seq	3371
ont-end-reason	95
ont-fast5-api	192082
ont-modkit	38378
ont-tombo	78743
ont_vbz_hdf_plugin	18578
ontime	10926
onto2nx	12768
onyx	150
ope	6631
open-cravat	34380
openbabel	13740
opencontactcli	13353
openduck	6346
openmg	8680
openms	120105
openms-thirdparty	45303
openms-tools	4541
openomicsbench	1437
openpyxl	52080
openslide	16282
openslide-python	11066
openspliceai	249
openstructure	119737
opentargets	3538
opentargets-urlzsource	3152
opentargets-validator	8199
opfi	5876
opsin	33169
opt	82
optbuild	13974
opticlust	2898
optilcms	760
optimir	9488
optitype	62421
optplus	10467
orfanage	4966
orfedit	1071
orfipy	31487
orfm	28802
orforise	289
orfquant	4657
orientagraph	5333
orientationpy	1284
orna	5060
orographer	319
orsum	12720
orthanq	118898
orthodb	2050
orthofinder	155290
orthofisher	2762
orthoflow	5707
orthologer	9849
orthomcl	10362
orthosynassign	1955
osra	19405
ostir	16264
ourotools	1528
outrigger	8457
ovrlpy	2187
owl	852
oxbow	64878
oxbreaker	335
oxo-call	3500
oxo-flow-cli	15920
p7zip	31456
pacbio_falcon	7134
pacini_typing	3286
pacu_snp	4818
padloc	1658
paf2chain	1381
pafpy	12780
paidiverpy	512
pairassembler	272
pairix	214008
pairsnp	13933
pairtools	70155
pal2nal	20563
pal_finder	6917
paladin	27082
palantir	7591
palikiss	1139
palmscan	96
pam_scanning	36
paml	427986
pan-plaster	15470
pan_te	38
panacota	14983
panacus	24157
panaln	199
panaroo	66634
pancake	8476
panchip	93
pandamap	206
pandaseq	234997
pandepth	337
pandora	5015
panfeed	8107
pangbank-api	336
pangbank-cli	268
pangene	478
pangenie	892
pangenomerge	223
pango-collapse	758
pango-designation	335072
pango_aliasor	54776
pangolearn	120168
pangolin	173483
pangolin-data	80947
pangu	11013
pangwas	138
pangwes	2783
panisa	3995
panisoguard	864
panman	1011
panmap	7354
panoct	6491
panoptes-ui	7673
panorama	446
panpasco	6168
panphlan	33753
panplexity	1569
panqc	97
panta	658
pantax	2024
pantax-dbg	78
pantools	40210
panx	10692
panxpress	186
papa2	2917
papaa	41812
paplot	2445
paraclu	10780
parafly	41754
paragone	6458
paragraph	14347
parallel	196133
parallel-fastq-dump	121762
parallel-meta-suite	3574
parallel-virfinder	9649
paralyzer	9115
paraphase	21411
parasail	61055
parasail-python	490605
parascopy	98283
paraview	6890
paraviewer	263
pardre	4066
parebrick	5402
parent-map	16701
pargenes	4835
parm	5482
parnas	1124
parse-vcf	2703
parse_mito_blast	9670
parsnp	75601
pasa	30169
pash	5673
pass	1106
pasta	315288
paste-bio	24914
pastml	15065
pastrami	2920
pasty	14830
patchify	613
pathofetch	47
pathogen-embed	43230
pathogen-profiler	70523
pathogentrack	2113
pathogist	24906
patholive	3519
pathoscope	11969
pathotypr	712
pathphynder	5327
pathracer	5883
pathview-plus	66
pathwaymatcher	17336
pauda	6223
pauvre	44416
pavfinder	2441
pb-assembly	52944
pb-cpg-tools	1624
pb-dazzler	16889
pb-falcon	114106
pb-falcon-phase	7055
pb-falconc	26545
pbaa	22174
pbalign	15093
pbbam	84884
pbccs	70542
pbcommand	28049
pbcopper	65960
pbcore	44332
pbcoretools	13372
pbdagcon	7308
pbfusion	11205
pbgcpp	25339
pbgzip	98155
pbh5tools	9243
pbhoover	14699
pbiotools	12582
pbipa	41806
pbjasmine	4035
pblaa	6787
pblat	30018
pbmarkdup	20029
pbmm2	126937
pbpigeon	18439
pbptyper	13392
pbsim	11126
pbsim2	4822
pbsim3	6285
pbskera	18558
pbstarphase	28635
pbsv	69686
pbtk	119172
pbwt	12752
pcangsd	5184
pcaone	33224
pcasuite	5113
pcdl	3925
pcne	2333
pcst-fast	10388
pdb2fasta	1072
pdbecif	406
pdbx	12308
pdfkit	17033
pdivas	2304
peakachu	19163
peakhood	8983
peakqc	1008
peakranger	11904
peaks2utr	11525
peaksql	6674
peakzilla	10523
pear	41896
pecat	7989
ped_parser	16149
pedagree	13878
peddy	110761
pedesigner	1806
peek-bio	119
peekseq	1739
peer	2088
peewee	11045
pegas	5821
pegas-lite	261
pegas-snakemake	86
pegasusio	113717
pegasuspy	30709
peglit	4025
pegs	15605
peka	15947
pepgenome	5840
pepnovo	30535
pepquery	16798
pepr	24354
pepsirf	3009
peptdeep	329
peptide-shaker	1427548
peptides	5333
perbase	55176
percolator	52316
peregrine-2021	9033
perl-aceperl	197184
perl-acme-damn	18579
perl-algorithm-cluster	35078
perl-algorithm-dependency	12922
perl-algorithm-diff	237385
perl-algorithm-munkres	192481
perl-aliased	6088
perl-alien-build	440932
perl-alien-build-plugin-download-gitlab	78572
perl-alien-libxml2	437611
perl-apache-test	289403
perl-app-cpanminus	504102
perl-appconfig	194815
perl-archive-extract	46688
perl-archive-tar	1851341
perl-archive-tar-wrapper	5305
perl-archive-zip	58630
perl-array-compare	203382
perl-array-intspan	206
perl-array-set	7394
perl-array-utils	39140
perl-atlas-modules	16496
perl-attribute-handlers	15587
perl-authen-sasl-saslprep	12328
perl-autodie	13313
perl-autoloader	236418
perl-b	30256
perl-b-debug	5624
perl-b-hooks-endofscope	36062
perl-base	522489
perl-bignum	13275
perl-bio-asn1-entrezgene	418995
perl-bio-automatedannotation	8038
perl-bio-bigfile	59064
perl-bio-bpwrapper	1894
perl-bio-cigar	8739
perl-bio-coordinate	370277
perl-bio-das	3572
perl-bio-db-embl	48839
perl-bio-db-hts	197529
perl-bio-db-refseq	48140
perl-bio-db-sam	17532
perl-bio-db-swissprot	47873
perl-bio-easel	14126
perl-bio-eutilities	10956
perl-bio-featureio	402313
perl-bio-gff3	12304
perl-bio-kmer	830
perl-bio-mlst-check	7093
perl-bio-monophylizer	127
perl-bio-phylo	201237
perl-bio-phylo-cipres	3627
perl-bio-phylo-forest-dbtree	2484
perl-bio-procedural	48162
perl-bio-rna-barmap	2230
perl-bio-rna-barriers	2210
perl-bio-rna-rnaalisplit	22802
perl-bio-rna-treekin	2078
perl-bio-samtools	426408
perl-bio-searchio-hmmer	217355
perl-bio-tools-phylo-paml	371941
perl-bio-tools-run-alignment-clustalw	368575
perl-bio-tools-run-alignment-tcoffee	364965
perl-bio-tools-run-remoteblast	47583
perl-bio-trace-abif	3753
perl-bio-viennangs	26463
perl-bioperl	524493
perl-bioperl-core	494185
perl-bioperl-run	426594
perl-biosails	6110
perl-biox-seq	64011
perl-biox-workflow	17747
perl-biox-workflow-command	28011
perl-biox-workflow-plugin-filedetails	10679
perl-biox-workflow-plugin-fileexists	10798
perl-bit-vector	16339
perl-blib	6504
perl-bloom-faster	9287
perl-border-style	6121
perl-btlib	6954
perl-bundle-bioperl	5598
perl-business-isbn	578707
perl-business-isbn-data	574289
perl-cache-cache	163812
perl-cairo	9785
perl-canary-stability	21215
perl-capture-tiny	358834
perl-carp	1112430
perl-carp-clan	17544
perl-cg-pipeline	3626
perl-cgi	377272
perl-class-accessor	12470
perl-class-data-inheritable	284160
perl-class-inspector	252824
perl-class-load	274705
perl-class-load-xs	278500
perl-class-method-modifiers	305406
perl-class-methodmaker	40974
perl-class-singleton	8909
perl-class-std	9361
perl-class-std-fast	7245
perl-class-trigger	2888
perl-class-xsaccessor	9271
perl-clone	399981
perl-clone-choose	41730
perl-clone-pp	14242
perl-color-theme	11344
perl-common-sense	1071853
perl-compress-bgzf	7200
perl-compress-raw-bzip2	1006985
perl-compress-raw-zlib	1055145
perl-config-any	21158
perl-config-autoconf	14752
perl-config-general	309884
perl-config-simple	14471
perl-config-tiny	12275
perl-const-fast	7512
perl-constant	689496
perl-convert-binary-c	204141
perl-convert-binhex	200583
perl-cpan-meta	153185
perl-cpan-meta-check	85715
perl-cpan-meta-requirements	204047
perl-cpan-meta-validator	6531
perl-cpan-meta-yaml	138171
perl-cpan-shell	7452
perl-crypt-openssl-bignum	507
perl-crypt-openssl-guess	5698
perl-crypt-openssl-random	8298
perl-crypt-openssl-rsa	17468
perl-crypt-rc4	193098
perl-data-compare	11565
perl-data-dump	179561
perl-data-dumper	695900
perl-data-lock	3457
perl-data-match	10204
perl-data-munge	6222
perl-data-optlist	236773
perl-data-predicate	3762
perl-data-stag	195798
perl-data-utilities	6396
perl-data-uuid	28444
perl-data-visitor	7169
perl-data-walk	6188
perl-date-format	165495
perl-date-manip	34101
perl-datetime	40346
perl-datetime-format-strptime	14690
perl-datetime-locale	49585
perl-datetime-timezone	42396
perl-db-file	259066
perl-dbd-mysql	214645
perl-dbd-pg	48120
perl-dbd-sqlite	326237
perl-dbi	440966
perl-dbm-deep	10694
perl-devel-assert	6642
perl-devel-checkbin	7493
perl-devel-checkcompiler	84
perl-devel-checklib	88294
perl-devel-checkos	5527
perl-devel-cover	5613
perl-devel-cycle	5762
perl-devel-globaldestruction	312357
perl-devel-overloadinfo	269836
perl-devel-size	48980
perl-devel-stacktrace	358839
perl-devel-symdump	25983
perl-digest-crc	4627
perl-digest-crc32	11006
perl-digest-hmac	606003
perl-digest-md5	429864
perl-digest-md5-file	31658
perl-digest-perl-md5	387594
perl-digest-sha	6400
perl-digest-sha1	168286
perl-dist-checkconflicts	285432
perl-dumbbench	5202
perl-dynaloader	235769
perl-email-date-format	195879
perl-email-simple	6047
perl-encode	1048151
perl-encode-locale	678851
perl-ensembl-api	3907
perl-ensembl-compara	3990
perl-ensembl-core	5082
perl-ensembl-funcgen	4121
perl-ensembl-genomes	3725
perl-ensembl-io	4203
perl-ensembl-variation	4110
perl-env	7937
perl-env-path	17592
perl-error	203520
perl-escape-houdini	6225
perl-estscan1	5317
perl-estscan2	6303
perl-eval-closure	284765
perl-excel-writer-xlsx	27324
perl-exception-class	315096
perl-experimental	16003
perl-exporter	1112925
perl-exporter-tidy	6892
perl-exporter-tiny	1128427
perl-extutils-cbuilder	205824
perl-extutils-config	12306
perl-extutils-constant	11035
perl-extutils-cppguess	104917
perl-extutils-depends	15544
perl-extutils-helpers	22099
perl-extutils-installpaths	17360
perl-extutils-makemaker	871096
perl-extutils-manifest	220808
perl-extutils-parsexs	217815
perl-extutils-pkgconfig	6904
perl-fast	4020
perl-fastx-abi	12602
perl-fastx-reader	59409
perl-ffi-checklib	422229
perl-file-chdir	121380
perl-file-compare	7000
perl-file-copy-link	7650
perl-file-copy-recursive	59370
perl-file-copy-recursive-reduced	5690
perl-file-details	6826
perl-file-fetch	43575
perl-file-find	6981
perl-file-find-rule	51146
perl-file-grep	34412
perl-file-homedir	37915
perl-file-listing	602837
perl-file-next	11485
perl-file-path	434910
perl-file-pushd	6785
perl-file-readbackwards	11798
perl-file-remove	6716
perl-file-share	38051
perl-file-sharedir	91816
perl-file-sharedir-install	100741
perl-file-slurp	54910
perl-file-slurp-tiny	284852
perl-file-slurper	177858
perl-file-sort	400242
perl-file-spec	430392
perl-file-tee	7551
perl-file-temp	401358
perl-file-touch	8898
perl-file-util	39739
perl-file-which	270471
perl-filedirutil	11770
perl-filesys-df	53158
perl-filter-simple	6102
perl-findbin	61075
perl-findbin-libs	9019
perl-findbin-real	5654
perl-font-afm	195731
perl-font-ttf	382619
perl-forks	19345
perl-gd	525204
perl-gd-svg	4468
perl-gdgraph	98197
perl-gdgraph-histogram	44322
perl-gdtextutil	93836
perl-getopt-argvfile	7290
perl-getopt-long	614601
perl-getopt-long-descriptive	10291
perl-gfacs	3326
perl-git-wrapper	12357
perl-git-wrapper-plus	11982
perl-go-perl	8431
perl-graph	237349
perl-graph-readwrite	36462
perl-graphics-colornames	8026
perl-graphics-colorobject	8275
perl-graphviz	205403
perl-grass	5788
perl-gtdbtk	11658
perl-hash-merge	52647
perl-hash-util-fieldhash-compat	7818
perl-heap	33230
perl-heap-simple	10976
perl-heap-simple-perl	10980
perl-heap-simple-xs	13679
perl-hook-lexwrap	6800
perl-hpc-runner	10589
perl-hpc-runner-command	78309
perl-hpc-runner-command-plugin-logger-sqlite	7113
perl-hpc-runner-mce	5311
perl-hpc-runner-pbs	5005
perl-hpc-runner-scheduler	10679
perl-hpc-runner-slurm	17531
perl-html-element-extended	192730
perl-html-entities-numbered	195078
perl-html-form	14188
perl-html-formatter	201387
perl-html-parser	742282
perl-html-tableextract	193068
perl-html-tagset	697995
perl-html-template	127747
perl-html-tidy	202988
perl-html-tree	405365
perl-html-treebuilder-xpath	193199
perl-http-cookiejar-lwp	140366
perl-http-cookies	614531
perl-http-daemon	616838
perl-http-date	688774
perl-http-message	701153
perl-http-negotiate	594476
perl-http-server-simple	7315
perl-http-tiny	3930
perl-if	3619
perl-image-exiftool	34947
perl-image-info	197233
perl-image-size	194197
perl-import-into	4868
perl-importer	154399
perl-indirect	11051
perl-inline	34768
perl-inline-c	31748
perl-integer	6230
perl-io-all	23304
perl-io-compress	2052857
perl-io-compress-deflate	5488
perl-io-gzip	21173
perl-io-handle	16011
perl-io-html	672618
perl-io-interactive	19528
perl-io-null	3690
perl-io-pager	2520
perl-io-prompt	15981
perl-io-scalar	8536
perl-io-sessiondata	200268
perl-io-socket-inet6	9768
perl-io-socket-ssl	438646
perl-io-string	572648
perl-io-stringy	192526
perl-io-tty	278979
perl-io-uncompress-bunzip2	6101
perl-io-uncompress-gunzip	9916
perl-io-uncompress-rawinflate	6407
perl-io-zlib	1799517
perl-ipc-cmd	233339
perl-ipc-run	446289
perl-ipc-run3	6781
perl-ipc-sharelite	170389
perl-ipc-system-simple	39755
perl-jcode	192683
perl-json	2024826
perl-json-create	11562
perl-json-maybexs	16049
perl-json-parse	22472
perl-json-pp	167572
perl-json-validator	2313
perl-json-xs	2165102
perl-lib	178682
perl-libwww-perl	660351
perl-libxml-perl	415117
perl-list-compare	7718
perl-list-moreutils	2015589
perl-list-moreutils-xs	1914677
perl-list-someutils	16808
perl-list-uniq	10101
perl-list-util	45645
perl-local-lib	22094
perl-locale	6528
perl-locale-maketext-simple	230978
perl-lockfile-simple	3810
perl-log-any	9540
perl-log-log4perl	120567
perl-logger-simple	41536
perl-lwp-mediatypes	675918
perl-lwp-protocol-https	528304
perl-lwp-simple	264825
perl-lyve-set	3482
perl-mac-propertylist	13391
perl-mac-systemdirectory	4000
perl-mailtools	207887
perl-math-base-convert	7870
perl-math-bezier	227001
perl-math-bigint	43579
perl-math-bigrat	16412
perl-math-cdf	298661
perl-math-combinatorics	5859
perl-math-complex	6140
perl-math-derivative	198096
perl-math-matrix	13983
perl-math-matrixreal	3047
perl-math-random	198823
perl-math-random-mt-auto	12080
perl-math-round	138347
perl-math-spline	192837
perl-math-utils	44349
perl-math-vecstat	226160
perl-mce	127923
perl-mce-shared	27788
perl-memoize	16798
perl-metabolomics-fragment-annotation	20368
perl-mime-base64	587685
perl-mime-lite	200936
perl-mime-quotedprint	6403
perl-mime-tools	209900
perl-mime-types	211046
perl-minion	9611
perl-minion-backend-sqlite	1626
perl-mixin-linewise	15223
perl-mldbm	195999
perl-mldbm-sync	7084
perl-module-build	185308
perl-module-build-tiny	13268
perl-module-corelist	296980
perl-module-extract-use	5649
perl-module-fromperlver	9143
perl-module-implementation	380091
perl-module-list	5867
perl-module-load	346009
perl-module-load-conditional	239031
perl-module-loaded	8345
perl-module-metadata	301627
perl-module-pluggable	24215
perl-module-runtime	441977
perl-module-runtime-conflicts	267133
perl-module-scandeps	29514
perl-module-util	5928
perl-mojo-pg	1989
perl-mojo-sqlite	1651
perl-moo	313573
perl-moose	306155
perl-moosex-app	26215
perl-moosex-app-role-log4perl	6250
perl-moosex-clone	6938
perl-moosex-fileattribute	12550
perl-moosex-getopt	21756
perl-moosex-nonmoose	7332
perl-moosex-object-pluggable	5835
perl-moosex-role-parameterized	8515
perl-moosex-role-withoverloading	6542
perl-moosex-singleton	6310
perl-moosex-strictconstructor	3279
perl-moosex-types	17153
perl-moosex-types-path-class	10310
perl-moosex-types-path-tiny	7012
perl-moosex-types-stringlike	5776
perl-mozilla-ca	493988
perl-mro-compat	271153
perl-ms	16065
perl-namespace-autoclean	35036
perl-namespace-clean	30521
perl-net-ftp	6738
perl-net-ftp-recursive	5849
perl-net-http	610680
perl-net-netrc	6632
perl-net-ssleay	408434
perl-ntlm	593100
perl-number-compare	46981
perl-number-format	193179
perl-number-misc	7292
perl-number-range	7093
perl-number-witherror	5267
perl-object-insideout	48205
perl-obogaf-parser	13245
perl-ole-storage_lite	198329
perl-onto-perl	7295
perl-package-deprecationmanager	265219
perl-package-stash	296740
perl-package-stash-xs	228169
perl-padwalker	11132
perl-par	6556
perl-par-dist	6940
perl-par-packer	8209
perl-parallel-forkmanager	209418
perl-parallel-iterator	6035
perl-parallel-loops	10337
perl-params-check	234288
perl-params-coerce	7445
perl-params-util	292265
perl-params-validate	296190
perl-params-validationcompiler	31897
perl-parent	806174
perl-parse-recdescent	208733
perl-parse-yapp	39255
perl-path-class	21528
perl-path-tiny	165149
perl-pathtools	1155592
perl-pbkdf2-tiny	5911
perl-pcap	20975
perl-pdf-api2	243854
perl-pdf-table	13618
perl-pegex	20889
perl-perl-osnames	10042
perl-perl-ostype	154082
perl-perl-unsafe-signals	18799
perl-perl-version	10848
perl-perl4-corelibs	6992
perl-perldoc	1484
perl-perlio	12661
perl-perlio-encoding	6774
perl-perlio-gzip	231884
perl-perlio-utf8_strict	46249
perl-pod-checker	6613
perl-pod-coverage	8776
perl-pod-coverage-trustpod	11006
perl-pod-elemental	17097
perl-pod-escapes	193904
perl-pod-eventual	3926
perl-pod-parser	7964
perl-pod-plaintext	6421
perl-pod-simple	6808
perl-pod-simple-text	6109
perl-pod-usage	176486
perl-posix	43561
perl-postscript	193208
perl-postscript-simple	336
perl-ppi	6417
perl-prefork	5312
perl-probe-perl	5644
perl-proc-fork	12346
perl-readonly	143468
perl-regexp-common	145173
perl-rest-client	5490
perl-retroseq	2424
perl-return-multilevel	6275
perl-role-tiny	311479
perl-role-tiny-with	5645
perl-safe	35073
perl-sanger-allelecount	5606
perl-sanger-cgp-allelecount	32000
perl-sanger-cgp-battenberg	18696
perl-sanger-cgp-vagrent	29402
perl-sanger-cgp-vcf	24792
perl-scalar-list-utils	1175092
perl-scalar-util-numeric	51623
perl-scope-guard	138493
perl-sereal	173576
perl-sereal-decoder	189505
perl-sereal-encoder	186084
perl-set-intervaltree	210408
perl-set-intspan	227940
perl-set-object	33041
perl-set-scalar	192262
perl-slurp	5826
perl-snap	4585
perl-soap-lite	204714
perl-socket	584363
perl-socket6	14435
perl-sort-key	5072
perl-sort-mergesort	3612
perl-sort-naturally	219589
perl-sort-versions	7843
perl-specio	18228
perl-specio-exporter	26415
perl-spiffy	9151
perl-spreadsheet-parseexcel	194965
perl-spreadsheet-writeexcel	197512
perl-sql-abstract	1830
perl-sql-abstract-pg	1816
perl-sql-statement	13458
perl-statistics-basic	235313
perl-statistics-caseresampling	6093
perl-statistics-descriptive	229677
perl-statistics-distributions	15496
perl-statistics-frequency	6927
perl-statistics-lite	7525
perl-statistics-r	34389
perl-statistics-ttest	10039
perl-storable	402787
perl-string-approx	10345
perl-string-diff	4941
perl-string-escape	10293
perl-string-random	6131
perl-string-rewriteprefix	13095
perl-string-truncate	10337
perl-string-util	6473
perl-sub-attribute	10761
perl-sub-exporter	281934
perl-sub-exporter-formethods	13023
perl-sub-exporter-progressive	319858
perl-sub-identify	286417
perl-sub-info	138563
perl-sub-install	285937
perl-sub-name	269236
perl-sub-quote	269657
perl-sub-uplevel	250779
perl-super	8346
perl-svg	292303
perl-svg-graph	195910
perl-symbol	6649
perl-symbol-util	6658
perl-sys-info	85246
perl-sys-info-base	85324
perl-sys-info-driver-linux	91460
perl-sys-info-driver-osx	12837
perl-sys-sigaction	15212
perl-tap-harness-env	6478
perl-task-weaken	205935
perl-template-toolkit	205546
perl-term-app-roles	17906
perl-term-detect-software	9207
perl-term-encoding	12166
perl-term-progressbar	41984
perl-term-table	456625
perl-termreadkey	31980
perl-test	179494
perl-test-base	12274
perl-test-builder-tester	17569
perl-test-class-moose	21328
perl-test-classapi	12659
perl-test-cleannamespaces	12714
perl-test-cpan-meta	26649
perl-test-deep	236592
perl-test-differences	246740
perl-test-eol	14055
perl-test-exception	243808
perl-test-exec	6196
perl-test-fatal	215250
perl-test-file	14266
perl-test-file-contents	6990
perl-test-files	18939
perl-test-fork	5851
perl-test-harness	281490
perl-test-inter	20734
perl-test-leaktrace	202852
perl-test-lectrotest	5235
perl-test-longstring	7218
perl-test-memory-cycle	6272
perl-test-mockmodule	6863
perl-test-more	133368
perl-test-most	401838
perl-test-needs	94401
perl-test-notabs	12704
perl-test-nowarnings	78130
perl-test-object	6842
perl-test-output	20895
perl-test-pod	111278
perl-test-pod-coverage	8104
perl-test-prereq	5482
perl-test-requires	11311
perl-test-requiresinternet	460675
perl-test-script	8685
perl-test-simple	75152
perl-test-subcalls	6666
perl-test-sys-info	10941
perl-test-taint	942
perl-test-toolbox	7207
perl-test-trap	12589
perl-test-unit-lite	6555
perl-test-utf8	4586
perl-test-warn	244465
perl-test-warnings	85571
perl-test-without-module	6102
perl-test-xml	6652
perl-test-yaml	13012
perl-test2	21315
perl-test2-plugin-nowarnings	4055
perl-test2-suite	485309
perl-text-abbrev	137354
perl-text-ansitable	6526
perl-text-asciitable	9092
perl-text-balanced	40367
perl-text-csv	134377
perl-text-csv_xs	16898
perl-text-diff	246265
perl-text-format	230413
perl-text-glob	59887
perl-text-levenshtein	6977
perl-text-levenshteinxs	5769
perl-text-nsp	8327
perl-text-parsewords	164648
perl-text-tabs	6516
perl-text-tabs-wrap	11020
perl-text-template	5994
perl-text-template-simple	81237
perl-text-wrap	22020
perl-threaded	589258
perl-tie-cache	7387
perl-tie-cacher	7550
perl-tie-hash	6594
perl-tie-hash-indexed	11014
perl-tie-ixhash	198788
perl-tie-log4perl	6889
perl-tie-refhash	9404
perl-tie-refhash-weak	6074
perl-tie-toobject	7454
perl-time-hires	526808
perl-time-local	635879
perl-time-piece	22618
perl-timedate	551131
perl-tree-dag_node	432292
perl-try-tiny	557611
perl-try-tiny-retry	12984
perl-type-tiny	226520
perl-types-serialiser	1848643
perl-types-standard	8605
perl-unicode-map	200256
perl-unicode-normalize	16269
perl-unicode-stringprep	7544
perl-unicode-utf8	9201
perl-uri	727414
perl-uri-db	4173
perl-uri-nested	1813
perl-url-encode	357346
perl-util-properties	3304
perl-variable-magic	33373
perl-vars	26780
perl-vcftools-vcf	64871
perl-velvetoptimiser	15448
perl-version	224548
perl-version-next	10018
perl-want	17785
perl-warnings-register	26465
perl-www-mechanize	5924
perl-www-robotrules	600544
perl-xml-dom	415771
perl-xml-dom-xpath	409377
perl-xml-entities	5991
perl-xml-filter-buffertext	191638
perl-xml-libxml	753342
perl-xml-libxslt	211040
perl-xml-namespacesupport	619899
perl-xml-parser	243940
perl-xml-parser-lite	12866
perl-xml-regexp	409577
perl-xml-sax	625371
perl-xml-sax-base	619838
perl-xml-sax-expat	418228
perl-xml-sax-writer	197493
perl-xml-semanticdiff	12079
perl-xml-simple	502261
perl-xml-twig	207533
perl-xml-writer	197288
perl-xml-xpath	200035
perl-xml-xpathengine	412694
perl-xsloader	653238
perl-xxx	6654
perl-yaml	593682
perl-yaml-libyaml	26806
perl-yaml-pp	7323
perl-yaml-tiny	13344
permucn	153
permutect	450
perseus	3166
pfam_scan	17345
pfp	13228
pftools	29277
pgap2	2340
pgcgap	93746
pgdspider	4504
pgenlib	20566
pggb	35276
pgma-simple	10291
pgr-tk	9720
pgrc	3119
pgsa	7072
pgscatalog-utils	7411
pgscatalog.calc	5173
pgscatalog.core	7914
pgscatalog.match	9706
pgx-pipe-helper	3436
pgx-variant-tools	13025
phables	23952
phabox	11489
phageflow	150
phagemine	1564
phamb	2143
phame	26775
phanotate	52243
phanotate-rs	276
phantasm	1254
phantasm-xenogi	1643
phantompeakqualtools	20862
pharmcat3	1187
pharokka	59987
phaser	2268
phasius	6408
phast	13204
phastaf	3786
phate	25257
phava	873
phcue-ck	6566
pheniqs	37739
phenix	6026
phenograph	1514
phertilizer	2192
phiercc	1992
phigaro	7008
philosopher	2493
phip-stat	2380
phipack	21581
phirbo	3424
phispy	86717
phist	4744
phizz	11811
phlame	342
phold	9213
pholdlib	652
phonenumbers	8301
phu	1050
phyclone	1006
phykit	51769
phylics	24248
phyling	674
phylip	172775
phyloacc	48087
phyloaln	949
phylobayes-mpi	13959
phyloblitz	143
phylocsf	5581
phylocsfpp	15503
phylodeep	2823
phylodeep_data_bd	855
phylodeep_data_bdei	303
phylodeep_data_bdss	2053
phylodm	69374
phylofisher	25406
phyloflash	36905
phylogenetics	3179
phylogenize	2911
phylommand	7046
phylonium	380
phylopandas	31223
phylophlan	73640
phylopypruner	814
phylorank	30551
phylornn	2639
phylotoast	16003
phylovega	9517
phylowgs	27011
phyluce	38892
phyml	122664
phynder	3339
phynteny	3161
phynteny_transformer	2487
phyphy	2393
physher	4197
physiofit	7275
physiofit4galaxy	5420
physiofit_data_manager	2556
physlr	7821
phytest	3218
phytop	320
phyx	6420
pia	12400
piaso	1217
piawka	8102
picard	2992438
picard-slim	222846
picopore	46177
picrust	37968
picrust2	71100
pictrust	4659
pie	11271
piemmer	8574
pifcosm	2250
pigpen	4413
pilea	47918
pileometh	6529
piler	7203
piler-cr	41877
pileuppy	13759
pilon	144333
pin_hic	5314
pindel	67318
pipelign	7187
piper	80750
pipette	113
pipits	53764
pipmir	7705
piranha	12478
piranha-polio	21359
pirate	16569
piret	5554
pirs	7231
pisad	2986
piscem	49801
piscem-infer	3387
pisces	16928
pispino	15142
pixel-patrol-base	54
pixelator	13757
pizzly	22771
pkiss	16434
planemo	164104
plannotate	115188
plant_tribes_assembly_post_processor	27350
plant_tribes_gene_family_aligner	22082
plant_tribes_gene_family_classifier	41161
plant_tribes_gene_family_integrator	22645
plant_tribes_gene_family_phylogeny_builder	23171
plant_tribes_kaks_analysis	21786
plantcv	41832
plasann	2359
plasclass	6590
plascope	12556
plasflow	8472
plasmar	244
plasmidcommunity	657
plasmidfinder	20215
plasmidhawk	6435
plasmidid	15563
plasmidtron	19916
plasnet	1906
plasrisk	54
plass	21187
plassembler	31255
plast	281
plastanno	3675
plastedma	3937
plastid	42581
plateo	593
platon	34343
platonyzer	592
platypus-conquistador	6802
platypus-variant	35357
plek	21921
plinder	2435
pling	2483
plink	195132
plink2	124487
plinkio	3764
plmc	3614
plncpro	13991
ploidypatch	79
plotcritic	4443
plothic	2242
plotnado	140
plotsr	27578
pm4ngs	55837
pmdtools	10739
pmga	5583
pmidcite	1961
pmlst	2909
pmlst_ssi	99
pmmrcalculator	10127
pmotools	224
pmultiqc	51948
pmx_biobb	21991
pneumo-typer	84100
pneumocat	15878
poa	215145
pod5	15802
polap	10374
polars-bio	10829
poly-qtlseq	2741
polyat	139
polymutt	5620
polypolish	22888
polystest	14542
pomegranate	15349
pomoxis	57461
poolsnp	2544
popdel	94231
popera	3191
popgen-entropy	10156
popins2	897
poplddecay	4157
popoolation2	1233
poppunk	84324
popqc	440
popscle	9037
popt	88138
pore-c	6468
porechop	75775
porechop_abi	21736
poretools	50436
porfast	3901
portcullis	256954
portello	942
poseidon-trident	33521
poseidon-xerxes	11060
postmaster	971
potrace	14551
pourrna	17142
pout2mzid	5097
pp	45928
pp-sketchlib	18319
ppanggolin	131845
ppanini	15988
pplacer	177191
pprodigal	4016
ppx	35015
pqlseqpy	134
prank	292987
predex	9211
predicthaplo	5916
predictosaurus	42021
preface	3136
prefersim	6987
prequal	6295
preseq	63732
president	38123
presto	44880
prestor	6641
pretext-suite	6072
pretext-to-asm	741
pretextannotate	238
pretextgraph	21723
pretextmap	30439
pretextsnapshot	18773
prform	236
price2	1291
pridepy	385
prim	78
primalbedtools	3349
primalscheme	7728
primedrpa	8567
primer3	458546
primer3-py	213280
primerclip	5179
primerforge	7206
primerprospector	5358
primers	1801
prince	28041
prinseq	44087
prinseq-plus-plus	15250
prinseq-rust	122
priorcons	170
privateer	4192
proact	68
probabilistic2020	8714
probamconvert	18118
probcons	154444
probconsrna	145972
probe	599
probeit	18434
probord	178
proda	104887
prodigal	583627
prodigal-gv	37637
profile_dists	2470
progenomes	241
progressivemauve	12254
prokanota	66
prokaryote	13001
prokbert	4014
prokka	265578
proksee	15134
promis-msi	44
promod3	6085
promotercalculator	569
pronto	99892
proot	6250
prooverlap	448
proovframe	4105
prophane	25706
prophasm	12464
prophex	14101
prophyle	550430
propy3	8803
prosampler	14390
prosic	23772
prosolo	36876
prot-scriber	19510
protal	1468
protein-mosaic-q	56
proteinortho	203049
proteinview	274
proteomes2structs	38
proteomiqon-alignmentbasedquantification	2226
proteomiqon-alignmentbasedquantstatistics	4313
proteomiqon-joinquantpepionswithproteins	5378
proteomiqon-labeledproteinquantification	5351
proteomiqon-labelfreeproteinquantification	5312
proteomiqon-mzmltomzlite	8804
proteomiqon-mzmltomzliteionmobility	33
proteomiqon-peptidedb	12650
proteomiqon-peptidespectrummatching	15568
proteomiqon-proteininference	12608
proteomiqon-psmbasedquantification	13883
proteomiqon-psmbasedquantificationtims	119
proteomiqon-psmstatistics	18032
proteomiqon-quantbasedalignment	1849
proteowizard	13038
protgraph	27071
protk	6011
protmapper	24912
protrac	18143
provean	2912
prscs	4176
prsedm	69
prseq	10953
prymer	5011
psap	5714
psaps	102
psascan	6269
psass	9792
psauron	4062
psdm	10917
pseqsid	1942
pseudo-it	6615
pseudoscope	567
psiclass	11049
psims	37897
psipred	1163
psirc	1578
psm-utils	23813
psm_fragments	12113
psmc	5935
psortem	97
psosp	1759
psqtl	312
psspd	54
pstools	3934
pstrain	2324
psytrans	2940
ptgaul	5001
ptools_bin	11221
ptrimmer	16177
pubchempy	168538
pubgator	186
pubmlst_client	6202
pulchra	6043
pullseq	22788
pupmapper	865
pureclip	47936
purge-dups-runner	6200
purge_dups	19486
purge_haplotigs	29168
purple-bio	6326
pvacseq	13717
pvactools	1903
pvga	1105
pxblat	37163
py-graphviz	18281
py2bit	242260
py_fasta_validator	19504
py_nucflag	12192
pyaavf	4399
pyabpoa	81248
pyalveo	36288
pyamilyseq	313
pyani	49780
pyani-plus	1459
pyaragorn	28717
pyasn1-modules	84178
pyasp	9261
pyasr	3175
pybamparser	6504
pybamtools	12683
pybarrnap	5005
pybascule	515
pybbi	30474
pybda	6540
pybdei	3547
pybedgraph	37396
pybedlite	52671
pybedtools	1605927
pybel	28577
pybigtools	30222
pybigwig	1123459
pybiolib	270847
pybiomart	22671
pybmtools	4150
pybwa	36009
pychopper	41631
pycistarget	491
pycistopic	314
pycli	13683
pyclone	4245
pyclone-vi	10694
pycluster	26955
pycomo	7554
pycoqc	34156
pycov3	2407
pycoverm	4748
pycrac	5308
pycsg	8774
pyctv_taxonomy	1980
pydamage	21347
pydbsnp	1167
pydemult	12594
pydeseq2	66368
pydmtools	7495
pydna	25036
pydna_repeatfinder	7301
pydnase	20920
pydownsampler	3106
pydp	5326
pydpi	3357
pydustmasker	14427
pyeasyfuse	1717
pyega3	53193
pyensembl	73585
pyeuk	70
pyexcelerator	8700
pyfaidx	992716
pyfamsa	36906
pyfasta	23022
pyfastani	22945
pyfastaq	49908
pyfastg	2967
pyfastx	258701
pyfba	19055
pyfish	7835
pygage	71
pygcap	8786
pygenetic_code	1508
pygenometracks	94005
pygenomeviz	29839
pygmes	16395
pygoslin	190
pygraphviz	82871
pygresql	10595
pygrgl	13122
pygtftk	103082
pygvcf2coverage	3129
pyhalcyon	2541
pyham	2008
pyhashxx	11557
pyhmmer	386895
pyhmmsearch	1593
pyhoward	85
pyideogram	149
pyimagingmspec	6728
pyimzml	21116
pyjaspar	36953
pyjess	40747
pykofamsearch	1406
pylca	3002
pylibseq	49662
pyliftover	172102
pylipid	707
pylocuszoom	4995
pyloh	21044
pylprotpredictor	3270
pymethylation_utils	695
pymisc-utils	17641
pymix	6738
pymlst	12295
pymmseqs	350
pymochi	4065
pymot	6686
pymsaviz	17580
pymummer	70829
pymvpa	32051
pymzml	118005
pymzqc	1271
pynacl	11174
pynast	41133
pyngost	512
pynnotator	22623
pynteny	4255
pyomero-upload	20322
pyomo	19476
pyonsite	290
pyopal	28358
pyopenms	68399
pyopt	6122
pypairs	27007
pypeflow	49530
pypgatk	45200
pypgx	59063
pypints	22482
pypiper	13740
pyplink	1792
pypolca	11495
pypore	22906
pyprimer-ilps	98
pyprophet	96911
pyqi	61349
pyquant-ms	28365
pyquery	7752
pyrad	10703
pyranges	356701
pyranges1	3978
pyrho	80
pyrle	177963
pyrodigal	315148
pyrodigal-gv	30147
pyrodigal-rv	4251
pyroe	41919
pyrovelocity	2567
pyrpipe	6733
pysais	6295
pysam	12607832
pysamstats	122109
pyscaf	6584
pyscenic	5357
pysctransform	600
pyseer	70610
pyseq-align	23386
pysftp	135836
pyskani	3450
pyslim	9338
pyslow5	55686
pysnptools	13379
pyspoa	145125
pyspoars	2470
pysradb	99209
pysvg	7870
pysvmlight	7359
pytabix	126577
pytantan	5428
pytaxonkit	23238
pyteomics	195066
pytest-marks	10574
pytest-timeout	23117
pytest-workflow	12425
pythomics	21651
python-bioext	71141
python-bioformats	21086
python-chado	76591
python-cluster	20836
python-codon-tables	6758
python-consensuscore	39124
python-consensuscore2	15069
python-crypt4gh	9574
python-edlib	363512
python-eel	5474
python-fakemp	10792
python-ferro-hgvs	15140
python-goenrichment	9185
python-hivclustering	46175
python-hppy	25758
python-htsget	11674
python-hyphy-python	48261
python-intervaltree	16644
python-levenshtein	21040
python-libsbml	28989
python-mailund-newick	5582
python-minibwa	5294
python-monovar	1362
python-msgpack	57100
python-newick	43225
python-nextflow	14032
python-omero	99447
python-rnacentral	3243
python-sortedcontainers	25041
python-tripal	56545
python-weblogo	18762
python_circos	3988
pythoncyc	658
pythonnet	7102
pythonpy	22814
pytransaln	1425
pytrf	26629
pytriangle	28824
pytrimal	36951
pytwobit	6954
pytximport	14593
pyutilib	13917
pyvcf	116465
pyvcf3	492194
pyvolve	19606
pywdl	9220
pywfa	26584
pywgsim	8094
pyx	15040
qax	24225
qcat	17268
qcatch	5518
qcli	47451
qcumber	5850
qfilt	8670
qglmm	231
qgrs-cpp	11233
qhery	2377
qiime	137249
qiime-default-reference	45360
qiimetomaaslin	5428
qimba	671
qiskit-xyz2pdb	3690
qorts	20873
qpx	2140
qsignature	19415
qtip	8765
qtlseq	35069
quake	7810
qualifilter	93
qualimap	245077
qualrepair	197
quantiprot	3136
quantms-rescoring	6147
quantms-utils	18725
quantpi	3131
quantwiz-iq	4063
quaqc	7637
quartet-bio	625
quasildr	5184
quasirecomb	3661
quasitools	87376
quast	405086
quatradis	60694
query_phenomizer	13417
querynator	20180
quick-variants	181
quickbam	1936
quickdeconvolution	5073
quickmerge	8796
quickmirseq	424
quicksect	51290
quicksnp	2213
quicktree	32110
quip	4220
quorum	7669
quota_anchor	5159
r-abdiv	142765
r-abind	8238
r-acidbase	138248
r-acidcli	27768
r-acidexperiment	37849
r-acidgenerics	69485
r-acidgenomes	65337
r-acidgsea	18192
r-acidmarkdown	24420
r-acidplots	95866
r-acidplyr	56469
r-acidroxygen	34
r-acidsinglecell	29298
r-acidtest	36
r-ada	7497
r-ade4	11704
r-adegenet	12430
r-adephylo	7105
r-agricolae	6656
r-ahocorasicktrie	7409
r-airr	4085
r-alakazam	23942
r-algdesign	6303
r-amap	8717
r-amlmapr	160
r-ampliconduo	5082
r-ampvis	9872
r-ampvis2	28482
r-anndata	15642
r-annotables	15754
r-aod	6825
r-aptreeshape	7550
r-archr	4699
r-argparse	13817
r-argparser	6044
r-argumentcheck	5753
r-aroma.affymetrix	30746
r-aroma.apd	6537
r-aroma.core	36923
r-ash	45431
r-asics	5737
r-autospill	7096
r-azimuth	4874
r-bascule	1028
r-base64	8239
r-basejump	191548
r-batch	11015
r-batchjobs	7822
r-bayesprism	3233
r-bbmisc	14911
r-bbmle	6169
r-bc3net	3533
r-bcalm	180
r-bcbiobase	74243
r-bcbiornaseq	105767
r-bcbiosinglecell	44418
r-beanplot	7248
r-bedr	6509
r-bedtoolsr	8748
r-beyondcell	3235
r-bh	42172
r-biasedurn	9211
r-biganalytics	5596
r-biglm	6463
r-bigmemory	7320
r-bigmemory.sri	6894
r-bio3d	14647
r-biodb	61967
r-biom	9104
r-biomark	5772
r-biomartr	16864
r-bioregion	71
r-bioverbs	64524
r-bipartite	6871
r-bisquerna	17582
r-bit	11415
r-bit64	12619
r-blockfest	7390
r-blockmodeling	11172
r-bma	15398
r-bmix	1496
r-boutroslabplottinggeneral	351
r-bpcells	6659
r-bread	106
r-breakaway	8103
r-brio	81165
r-bseqsc	4192
r-bsicons	269
r-buencolors	1277
r-bulkanalyser	5189
r-calder2	11978
r-calibrate	7642
r-canopy	12593
r-car	13207
r-caroline	6626
r-cate	13235
r-catools	72115
r-ccqtl	2570
r-ccube	5197
r-cdseq	4486
r-cellassign	19263
r-cellosaurus	25760
r-cghflasso	50888
r-cghseg	2984
r-changepoint	12711
r-chbutils	22776
r-checkmate	16925
r-checkpoint	6662
r-chord	2037
r-chromium	4281
r-chromvarmotifs	4343
r-cimpl	9996
r-cin-signature-quantification	118
r-circlize	14413
r-circrnafull	521
r-classdiscovery	26705
r-cleangeostreamr	742
r-clinfun	4131
r-clustermole	59
r-clvalid	3527
r-cnaqc	1511
r-cnogpro	6734
r-cobrar	11394
r-codedepends	5773
r-coenocliner	7202
r-coloc	36555
r-combinat	7845
r-compquadform	6334
r-compute.es	7417
r-conos	17340
r-consensustme	6002
r-corbi	4667
r-corncob	12287
r-corpcor	9406
r-corrplot	13486
r-cp4p	8719
r-crbhits	4625
r-crisprcleanr	109645
r-crmn	6589
r-cssam	8406
r-ctree	1050
r-d3heatmap	6761
r-dartr	33077
r-data.table	75774
r-dbchip	8785
r-ddir	4669
r-ddrtree	6527
r-deconcell	1531
r-deconstructsigs	24093
r-deepkin	59
r-delaporte	6429
r-deldir	7916
r-dendextend	9329
r-densityclust	6497
r-deoptimr	28708
r-deseqanalysis	90247
r-devemf	771
r-dgeclustering	7248
r-diagram	7586
r-diffcorr	11602
r-digest	74528
r-dimsum	30051
r-dinamic.duo	5378
r-diptest	8797
r-disco	2922
r-discriminer	7730
r-disprose	2377
r-dndscv	1594
r-dnet	15587
r-docopt	7375
r-dorng	8441
r-doubletfinder	322
r-downloader	5241
r-dowser	9382
r-dpeak	11405
r-dplyr	22569
r-drc	7820
r-dsb	3462
r-dt	11740
r-dunn.test	7036
r-dwls	4988
r-dynamictreecut	10667
r-e1071	6099
r-eacon	10527
r-easydifferentialgenecoexpression	3544
r-easylift	1195
r-easypar	2053
r-ebimetagenomics	5727
r-ecodist	7008
r-efglmh	176
r-eggnog	4047
r-ellipse	9687
r-emdbook	6560
r-empiricalfdr.deseq2	11892
r-enchantr	19809
r-enrichr	3303
r-epic	16530
r-epitrace	1044
r-erah	5632
r-exactranktests	5846
r-exomedepth	28852
r-extrafont	5852
r-extrafontdb	5554
r-eztune	1938
r-facets	20067
r-factominer	11505
r-fail	7886
r-fastbaps	24027
r-fastcluster	11658
r-fastica	6263
r-fastmatch	7588
r-fastqcr	11770
r-fateid	16188
r-fda	7818
r-ff	7094
r-fftwtools	7008
r-fgwas	15730
r-fields	14407
r-findpython	9021
r-firebrowser	4590
r-fitdistrplus	8399
r-flanders	634
r-flashclust	6610
r-flexclust	5809
r-flexmix	6969
r-floral	449
r-flowr	13312
r-fmsb	7253
r-fnn	8115
r-fpc	5945
r-freerange	28700
r-freqestimationmodel	620
r-funr	7663
r-funrar	7193
r-futile.logger	92384
r-futile.options	93212
r-future	123049
r-gam	15433
r-gamlss	5827
r-gamlss.data	6785
r-gamlss.dist	6482
r-gap	10760
r-garnett	8551
r-gbm	13411
r-gchromvar	1176
r-gdtools	6939
r-geiger	17671
r-genabel	6030
r-genabel.data	6755
r-geneexpressionfromgeo	3767
r-genekitr	79
r-genemodel	5012
r-genenet	8479
r-genometricorr	5466
r-genomictools	6723
r-genomictools.filehandler	3511
r-geoaxe	7169
r-geomap	6936
r-george	7835
r-getoptlong	9297
r-ggally	102209
r-ggalt	13213
r-gganatogram	3382
r-ggbiplot	12230
r-ggcoverage	4271
r-ggdendro	45593
r-ggmsa	4627
r-ggplot2	82586
r-ggrasp	7640
r-ggrepel	14768
r-ggsignif	6549
r-giant	8638
r-gkmsvm	26008
r-globaloptions	9010
r-globals	122018
r-gmd	8604
r-gmodels	5650
r-gmwt	8213
r-goalie	180160
r-goeveg	10546
r-googlevis	7713
r-gpca	6288
r-gplots	19646
r-gprofiler	7992
r-gpseq	6419
r-grain	26846
r-graphstatsr	76
r-grbase	31816
r-grimport	7385
r-gsalib	52188
r-gsmoothr	7883
r-gsubfn	8712
r-guilds	5870
r-gwasexacthw	5634
r-gwpcr	30223
r-hahmmr	1343
r-haplo.stats	5886
r-hardyweinberg	14905
r-harmony	19400
r-hdrcde	46724
r-heattree	223
r-hemdag	61103
r-hexdensity	387
r-hgvsparser	1273
r-hierfstat	4074
r-histonehmm	28454
r-hmm	227
r-htmltools	20285
r-htmlwidgets	13574
r-htscluster	9284
r-htssip	13683
r-hwriter	22275
r-ic10	20149
r-ic10trainingdata	5877
r-ichorcna	35519
r-icluster	5706
r-idpmisc	7510
r-idr	8987
r-immucellaimouse	1406
r-immunedeconv	29310
r-imp4p	5335
r-imputelcmd	10031
r-inline	10475
r-inlinedocs	7725
r-instantiate	812
r-intego	8076
r-interpretmsspectrum	5655
r-intlim	7345
r-ipo	6645
r-isogene	5627
r-isva	6761
r-itertools	7221
r-jackstraw	13551
r-jetset	3070
r-jpeg	5350
r-jsonlite	26583
r-kaos	4878
r-kernlab	7140
r-kinship2	7178
r-klar	6230
r-km.ci	6708
r-kmsurv	6754
r-knitr	15527
r-knitrbootstrap	7356
r-kriging	7422
r-ks	60728
r-lambda.r	92672
r-ldrtools	4739
r-ldsr	68
r-ldweaver	7511
r-leapp	10328
r-leaps	12986
r-learnbayes	6696
r-leidenbase	38862
r-liger	26999
r-linxreport	2122
r-lipidomer	2939
r-lisi	5692
r-listenv	122236
r-lme4qtl	6823
r-lncpipereporter	9562
r-locfdr	5489
r-locfit	64998
r-locom2	72
r-locuszoomr	1747
r-logging	5968
r-longitudinal	8075
r-loom	12209
r-loomr	5995
r-loose.rock	10128
r-lsd	43544
r-lymphclon	3697
r-magrittr	32210
r-maldiquant	24423
r-maldiquantforeign	21536
r-maldirppa	7472
r-mams	1146
r-matlab	5843
r-matrixeqtl	6946
r-matrixstats	67128
r-maxlik	6290
r-mba	7668
r-mclust	21801
r-mcpcounter	14991
r-merge-kallisto	3926
r-mess	10192
r-metablastr	1777
r-metaboanalyst	4011
r-metacoder	20681
r-metadig	1941
r-metalonda	12984
r-metama	12152
r-metamapwidget	64
r-metap	4995
r-metarnaseq	5793
r-metstat	10091
r-mfassignr	2000
r-mgsz	3818
r-micropan	12784
r-microseq	6899
r-millefy	2533
r-minems2	20496
r-minionqc	9105
r-minpack.lm	6388
r-misc3d	45456
r-misctools	5802
r-misha	34147
r-missforest	6197
r-mitools	6415
r-mixedcca	2154
r-mixkernel	19839
r-mixomics	26484
r-mixtools	6809
r-mkmisc	6844
r-mlgt	6721
r-mmcpcounter	6399
r-mmgenome	15454
r-mmod	4893
r-mobster	996
r-mocha	50
r-momf	5439
r-momr	4403
r-monocle3	47586
r-motifbinner	7368
r-mpath	88
r-mqtl	5839
r-msm	14529
r-mspbwt	3593
r-msqrob	15529
r-multicool	51899
r-multitaper	9104
r-music	4211
r-mutationalpatterns	8337
r-mutoss	20041
r-mutsigextractor	2572
r-mvr	6276
r-mytai	4294
r-nabor	9072
r-nam	5335
r-nanopore	17748
r-nanostringnorm	21243
r-nastiseq	9358
r-nbpseq	18887
r-ncbit	6271
r-netcomi	4655
r-netgsa	431
r-ngsplot	8895
r-ngsplotdb-hg19	6124
r-ngsplotdb-hg38	6852
r-ngsplotdb-mm10	7889
r-nhmmfdr	5604
r-nleqslv	6956
r-nodiv	13515
r-noisyr	2218
r-nor1mix	7850
r-nozzle.r1	47649
r-numbat	2900
r-oai	7253
r-oncopharmadb	13532
r-ontologyplot	6512
r-openebgm	123
r-openxlsx	8342
r-optparse	25108
r-orca	531
r-ore	6453
r-orqa	9328
r-outliers	6464
r-pack	6620
r-pairadise	1658
r-pamr	5975
r-panther	4016
r-params	7545
r-pathfindr	11320
r-pathosurveilr	1077
r-pathwaytmb	5487
r-patpro	7044
r-pcalg	7377
r-pcapp	52344
r-pctgcdata	16413
r-peakpick	1351
r-peer	9895
r-pegas	13131
r-penalized	6458
r-perfmeas	12532
r-permute	11906
r-pgecore	5265
r-phangorn	12046
r-pheatmap	48180
r-phewas	10570
r-phonr	7024
r-phyext2	9605
r-phylobase	14303
r-phylomeasures	10188
r-phylosignal	12574
r-phytools	16490
r-pinfsc50	6107
r-pio	1716
r-pipette	105236
r-plasmidprofiler	15686
r-plotly	24106
r-plotrix	14077
r-plsgenomics	3573
r-pma	23349
r-pmcmr	7540
r-png	11312
r-pointillism	69
r-polynom	7529
r-polysat	11650
r-popgenome	15678
r-popgenreport	6384
r-pophelper	13935
r-poppr	27346
r-pore	15333
r-prabclus	5592
r-pracma	9758
r-precrec	5503
r-preseqr	7307
r-presto	15837
r-prestor	3418
r-prettyunits	8427
r-probmetab	33078
r-progress	7186
r-proj4	7983
r-propcis	5433
r-proteus-bartongroup	1925
r-proxy	6737
r-prroc	30024
r-pscbs	99516
r-pscl	6660
r-psminer	611
r-pspecterlib	1375
r-psych	14657
r-ptw	6568
r-purbayes	5822
r-qiime2r	3204
r-qiimer	7317
r-qlcmatrix	5915
r-qorts	10301
r-qpcr	5642
r-qqman	28130
r-qtl	5884
r-qtl2	8211
r-qtlseqr	5391
r-quilt	19022
r-quorts	6001
r-r.cache	48656
r-r.devices	6829
r-r.filesets	6642
r-r.huge	6824
r-r.methodss3	88661
r-r.oo	90640
r-r.rsp	6635
r-r.utils	90850
r-r0	3632
r-r2html	5653
r-r4cker	7089
r-raceid	8979
r-rainbow	46110
r-ramclustr	18719
r-rann	6869
r-rapidr	8909
r-rappdirs	8786
r-rbamtools	4892
r-rbison	7148
r-rblast	12740
r-rcircos	15481
r-rcppgsl	4709
r-rcppparallel	20812
r-rcpptoml	5798
r-readbrukerflexdata	13105
r-readmzxmldata	8649
r-readr	13839
r-rebird	17487
r-recetox-aplcms	29637
r-recetox-waveica	5780
r-recetox-xmsannotator	5344
r-redeemr	1131
r-relaimpo	6276
r-relations	6391
r-remapenrich	827
r-rematch2	8325
r-rentrez	6346
r-reshape	9501
r-restfulr	399144
r-rfoc	7826
r-rgbif	28677
r-rgraphics	7240
r-riborex	7137
r-ridigbio	7067
r-rismed	3964
r-rjson	10061
r-rldne	240
r-rlist	6153
r-rmarkdown	9096
r-rmysql	6128
r-rnexml	24131
r-rniftyreg	7316
r-robustrankaggreg	9793
r-rocr	6056
r-roll	967
r-rphast	10718
r-rphylip	9144
r-rpmg	7968
r-rrbgen	14035
r-rrcov	15915
r-rseis	9153
r-rsm	7834
r-rsnps	3906
r-rsolnp	6702
r-rspectral	6120
r-rtassel	4855
r-rtfbs	12538
r-rtsne	6480
r-rttf2pt1	5740
r-rubic	18123
r-runit	8292
r-rvertnet	7033
r-rwave	7857
r-saccharis	529
r-sads	6041
r-saige	629138
r-samr	20875
r-sartools	72213
r-sbpiper	13999
r-scales	39784
r-scarhrd	415
r-scatterplot3d	7814
r-scavenge	1223
r-scbio	3834
r-scdc	6823
r-sceasy	21632
r-scevan	813
r-sched	145
r-scimpute	14359
r-scistreer	1646
r-scoper	7168
r-scopfunctions	3945
r-scpred	12611
r-scrm	19965
r-scroshi	2592
r-seamless	2932
r-segmented	6438
r-sendmailr	8934
r-seqinr	16717
r-seqmagick	10326
r-seqminer	17819
r-sequenza	16508
r-sets	6544
r-seurat	99818
r-seurat-data	4748
r-seurat-disk	4351
r-seurat-scripts	15396
r-sew	9681
r-sgtr	26934
r-shaman	6508
r-shape	9343
r-shazam	35196
r-shinyace	6618
r-shinyngs	68239
r-sigminer	69525
r-signac	237272
r-signal	8124
r-sigqc	14761
r-sigtree	11605
r-singlecellnet	5735
r-skellam	6521
r-sleuth	49560
r-smartsva	9495
r-smvar	5976
r-snow	82258
r-snowfall	12780
r-snpassoc	5907
r-soap-nmr	9953
r-solarius	8491
r-som	5697
r-spacexr	106905
r-spam	15391
r-sparql	7394
r-spdep	6780
r-speaq	38241
r-speedglm	6500
r-spieceasi	23265
r-splancs	7794
r-splitstackshape	6936
r-spocc	19228
r-spp	56698
r-spring	3627
r-sqldf	5924
r-stampp	7766
r-statmod	56049
r-statvisual	10481
r-stitch	53283
r-strainspy	1944
r-stringr	19846
r-structssi	10283
r-survey	7225
r-svdialogs	7495
r-svgui	7778
r-swamp	20349
r-syntactic	107258
r-tailfindr	12780
r-taxa	15635
r-taxonomizr	19672
r-tcga2stat	9955
r-tcr	21769
r-teddy	1044
r-testthat	13095
r-tfmpvalue	7499
r-tftargets	4774
r-tibble	40522
r-tidygenomics	14701
r-tidygwas	47
r-tidyheatmap	4112
r-tidytacos	123
r-tiff	7981
r-tigger	7494
r-tinc	629
r-tinyarray	13967
r-tmae	19070
r-traminer	12414
r-transformer	68239
r-transphylo	12326
r-treesim	10794
r-trimcluster	5962
r-truncnorm	6836
r-tsenat	877
r-tsne	6786
r-tximport	6083
r-txrevise	6916
r-ukbrapr	5909
r-umi4c	10176
r-umianalyzer	2850
r-upsetr	9460
r-variantstring	219
r-vcfr	13813
r-vegan	86205
r-velocyto.r	9509
r-venn	7543
r-venndiagram	8304
r-viber	947
r-virfinder	9965
r-viridis	15776
r-viscorvar	14204
r-vision	7613
r-wasabi	47558
r-waveslim	6894
r-wgcna	80761
r-whopgenome	9495
r-wicket	6889
r-workflowscriptscommon	27009
r-wormbase	5296
r-wrassp	6757
r-writexls	50011
r-xcell	16030
r-xgr	14976
r-xmlrpc	10887
r-xnomial	9907
r-yaml	22072
r-zerone	6175
r2r	16779
ra	70648
ra-integrate	5609
raaqa	98
rabbitqcplus	3408
rabbitsketch	644
rabbittclust	1217
rabies	3355
rabix-bunny	46231
raccoon	227
racon	274384
rad	976
rad_haplotyper	19534
radiant	1334
radiantkit	471
radsex	25927
radte	231
radtk	1166
ragout	39610
ragtag	38729
rainbow	16963
raiss	12184
rambo-k	7276
rammap	6669
rammappy	1313
randfold	20709
rapclust	17638
rapgreen	1440
rapid	53158
rapidnj	33844
rapidshapes	1518
rapifilt	5886
rapmap	41499
rappas	11805
rapsearch	15276
raptor	20284
rasbhari	374
rascaf	9115
rastair	4120
rastqc	6110
rastqc-nanopore	31032
rasusa	59690
ratatosk	6196
ratatoskr	492
ratt	4072
rattle	1528
raven-assembler	88836
rawtools	16160
raxml	1577767
raxml-ng	122146
raxtax	1380
ray	15129
razers3	58765
rbpbench	19273
rcorrector	34730
rcsbsearch	2246
rcx-tk	1037
rd-analyzer	2058
rdeval	8507
rdfextras	7037
rdflib	12542
rdflib-jsonld	23751
rdkit	24420
rdock	10088
rdp-readseq	6234
rdp_classifier	16413
rdptools	21030
rdrpcatch	4088
reactome-cli	1085
read-it-and-keep	15612
read2tree	2770
readfq	8606
reads2graph	1347
readseq	11061
readucks	9602
readzor	2528
reago	6563
real	5850
realignpro	313
realphy	6999
reaper	7628
reaper-trim	459
rearr	3501
rebaler	22552
rebar	1024
recalladapters	9012
recentrifuge	101913
recgraph	2205
recmpox	386
recode-h5ad	1659
recognizer	122943
recombass	65
recon	44039
recon-para	505
recontig	14699
rectanglepy	134
rectify-rna	192
recur	654
recycler	21659
red	10513
reditools3	541
redskull	1669
reduce	26881
redundans	2326
ref-solver	2602
referee	1775
referenceseeker	37383
reffinder	3334
refgenconf	80504
refgendetector	119
refgenie	74459
refgenieserver	21029
refinegems	58
refinem	16778
reframed	9904
refseq-plasmid-dl	111
refseq2cds	97
refseq_masher	17068
regain-cli	391
regenie	89536
regex	31710
regional	6597
reglscatterpy	595
regtools	37076
relecov-tools	4827
relion	19506
relocate2	14099
remag	7168
remeta	145
remurna	5809
rename	28522
renano	11821
reneo	5756
renet2	2344
repaq	9244
reparation_blast	49768
repdenovo	6577
repeatafterme	15074
repeatmasker	151727
repeatmodeler	66228
repeatscout	46295
repenrich	7001
repermulize	455
repic	7473
replidec	5119
reportfunk	3054
represent	12254
req	7439
requests-cache	17367
requests-mock	19090
requests-toolbelt	21979
rerconverge	3415
reseek	4128
reseq	11198
reseq2	640
resfinder	14456
resistify	76887
resistogrid	478
resmico	11065
respro	2957
restrander	209
retry_decorator	17297
revbayes	13638
reveal	9251
reveal-tools	104
reviewer	1644
revoluzer	5614
revtag	8205
revtrans	5822
rfmix	11019
rfplasmid	13133
rgccacmd	7869
rgi	224546
rgt	28873
rhinotype	171
rhocall	11981
rhotermpredict	1178
riassigner	11802
riblast	2394
ribocode	48006
ribocutter	9155
ribodetector	20651
ribodiff	7561
ribolands	3106
riboloco	3346
ribominer	6285
riboplot	7139
riboraptor	6430
riborex	8588
riboseed	67066
riboseek	258
riboseq-rust	5152
riboseqc	2855
ribotaper	14884
ribotin	6751
ribotish	28654
ribotools	1399
ribotricer	34331
ribowaltz	5703
rich-msa	1674
rigel	2522
riker	7924
rikin	9275
rilseq	33939
ripcal	1213
ripser	6458
ristretto-ms	825
rjchallis-assembly-stats	3115
rkp	3065
rlpipes	9209
rmap	6500
rmath4	6633
rmats	95763
rmats-long	4045
rmats2sashimiplot	27584
rmblast	130611
rmetl	2398
rmlst-cli	56
rmlst_api	5528
rna-cd	6247
rna-seqc	36724
rnaalishapes	1304
rnabloom	23249
rnablueprint	41928
rnabob	9024
rnabridge-align	7938
rnabridge-denovo	3661
rnachipintegrator	17817
rnaclust	5593
rnacode	10835
rnaframework	321
rnahybrid	5624
rnalien	50786
rnalyze	1438
rnamining	1233
rnanorm	39056
rnaprot	8885
rnaquast	32072
rnaredprint	9083
rnasamba	46839
rnashapes	107940
rnasketch	11012
rnasnp	11157
rnastructure	154728
rnavigate	220
rnavirhost	397
rnaz	25011
rneat	1148
rnftools	117085
roadies	2791
roary	68933
roary2fripan.py	6207
robust-bias-aware	577
rock	3156
rodeo	3521
roguenarok	4478
rolypoly-tk	3523
rop	10075
ropebwt2	19251
ropebwt3	10624
roprofile	5671
roprofile.py	5160
rosella	33665
rotate	1317
roundabout	81
rpbp	21059
rpf-count-cds	3601
rpfa	5465
rpfbagr	9491
rpkmforgenes	7094
rpsbproc	383853
rpy2	39319
rrikindp	7130
rrmscorer	4027
rs3	318
rsa	120044
rsat-core	17848
rscape	158019
rseg	6300
rsem	251728
rseqc	190395
rsidx	9701
rsrq	1963
rsv-typer	3762
rtg-core	2850
rtg-tools	199225
rtk	12412
rtk2	5117
ruby	64793
ruby-dna-tools	7588
rucs	4469
ruffus	74081
rukki	1722
run-dbcan	3951
runjob	9433
ruranges	13471
rust-bio-tools	335984
rust-gtars	17568
rust-mdbg	6690
rust-ncbitaxonomy	35209
rust-overlaps	8964
rust-proseg	4006
rustqc	2143
rustybam	36574
rustynuc	12458
rustyread	17943
rvtests	11075
rxdock	22756
ryuto	12684
s3gof3r	15951
s4pred	1596
sabre	8680
saccharis	10525
sadie-antibody	596
safesim	5466
saffrontree	5788
sage-proteomics	50418
sailfish	37352
sainsc	11995
saintbioutils	6827
sak	7449
salmid	13259
salmon	873856
salsa2	9618
salti	1613
salty	7977
sam	7441
sam-algorithm	26302
sam-formatter	292
sam-subsampler	268
sam-tagger	49
sam2lca	14019
sam2pairwise	3291
samap	54270
sambamba	500273
samblaster	297882
samclip	61591
samcut	4148
samestr	4489
samhaplotag	14882
sampei	12051
sample-sheet	64775
sample_grouping	93
samplesheet-parser	1097
samplot	73244
samrefiner	8758
samshee	5643
samsift	264052
samsifter	9392
samstats	9142
samstrip	1001
samsum	30216
samtools	9851539
samwell	38483
sanitizeme	6806
sankoff	6372
sanntis	17195
sansa	21575
sap	145863
sapling	96
sar11-genome-atlas-tools	117
sarscov2formatter	11858
sarscov2summary	3512
sashimi-py	2657
saspector	8743
sassy	3163
sat-bsa	4835
sativa	3478
sativa-epang	5482
satrap	7293
satsuma2	7157
savage	29987
savana	113443
savont	6674
savvy	47492
sawfish	15773
sbg-cwl-runner	5321
sbol-utilities	4421
sbpipe	12884
sbt	8070
sc-musketeers	2170
sc3-scripts	9795
scaden	15741
scaffold_builder	9039
scagaire	3501
scala	8225
scallop	18861
scallop-lr	8345
scallop-umi	6549
scallop2	10695
scalop	2979
scalpel	58606
scanexitron	169
scanindel	5998
scanitd	87
scanmst	43
scanorama	36880
scanpro	133
scanpy	149307
scanpy-cli	1643
scanpy-scripts	236501
scapp	5999
scar	25673
scarap	1218
scarches	1367
scatac-fragment-tools	3118
scater-scripts	3640
scatrans	2842
sccaf	28506
sccaller	15190
sccellfie	240
sccmec	3931
scelestial	3305
scelvis	65994
scenicplus	399
scepia	9405
scexecute	7009
scfair	2481
scg	6790
scgbinner	96
scglue	15017
schavott	29693
schema	19652
schema-salad	108388
schemarefinery	777
schiccorr	98
schicexplorer	22273
schpl	963
scib	8816
scicone	260
scikit-allel	9146
scikit-bio	61465
scikit-fingerprints	128
scikits-datasmooth	12616
scinexus	2859
sciphi	15739
sciphin	3500
scirpy	81558
scispacy	541
scitrack	4622
scmap-cli	24214
scmidas	4061
scnic	19770
scoary	17762
scoop	19274
scop3p	83
scoring-matrices	31670
scorpio	68053
scpred-cli	28780
scprep	73546
scramble	8550
scran-cli	6329
scrappie	26081
screadcounts	9351
screamingbackpack	12349
screed	42190
scripps-msms	476
scriptmanager	68
scrm	29152
scrnasim-toolz	3170
scrubby	815
scrublet	68925
scspectra	988
scsplit	1344
scssim	6111
scstem	90
sctagger	5491
scte	2614
sctools	6036
sctriangulate	1350
scvelo	38194
scvi	74914
scvi-tools	56499
scvis	2328
scvis_galaxy	3185
scxa-plots	3475
scxmatch	1815
sdeper	13666
sdm	77403
sdrf-pipelines	71733
sdust	3220
seabreeze-genomics	291
seacells	1285
seacr	10344
search_ncbi	615
searchgui	759340
secapr	89896
secedo	15935
secimtools	16752
seedme	12829
seeker	61
seer	5777
seg-suite	4322
segalign-full	8585
segalign-galaxy	779
segemehl	234225
segmentation-fold	13841
segmetrics	14435
segtools	20040
segul	4269
segway	54790
segzoo	4404
seidr	4111
seismic-rna	13168
selam	4159
selectfasta	10258
selectsequencesfrommsa	13249
selene-sdk	86720
selenzy_wrapper	9523
selexprep	851
selscan	19822
sem	5673
semeta	5760
semibin	53076
semidbm	12692
sensv	13300
sentieon	331012
sepp	1320812
sepp-refgg138	9994
sepp-refsilva128	5842
seq-gen	13875
seq-hasher	3117
seq-seq-pan	52563
seq-to-first-iso	12560
seq2c	38949
seq2hla	13964
seq2onehot	2903
seq2science	128305
seq2squiggle	2352
seqan	61312
seqan3	22380
seqan_tcoffee	11938
seqbuster	52265
seqcal	51
seqchromloader	25331
seqcluster	129107
seqcomplexity	9154
seqera	997
seqerakit	15965
seqfold	3004
seqforge	538
seqfu	196203
seqgain	587
seqhax	8790
seqiolib	16532
seqkit	931561
seqlib	25861
seqlike	2883
seqlogo	50724
seqmagick	33674
seqmap	6989
seqnado	17500
seqprep	23638
seqproc	81
seqscreen	116163
seqsero2	30822
seqsero2s	18910
seqsizzle	5541
seqspec	1899
seqstats	7120
seqstr	1602
seqtk	871840
seqtui	546
sequali	41326
sequana	108955
sequana_pipetools	18692
sequencetools	30034
sequenoscope	1808
sequenticon	1943
sequenza-utils	27331
sequip	8780
sequnwinder	5680
seqverify	7961
seqwin	8978
seqwish	48211
seqyclean	13545
sercol	5123
seroba	16899
serotypefinder	6110
serovar_detector	231
seshat	750
sesimcmc	6443
setuptools_cython	10464
seurat-scripts	23200
sevenbridges-python	232138
severus	7215
sexdeterrmine	16091
sff2fastq	6555
sfld	16907
sfold	1774
sfs	1793
sfs_code	7760
sga	20749
sga_ice	2217
sgcocaller	15616
sgdemux	13145
sglearn	172
shannon	3645
shannon_cpp	9289
shape_it	9854
shapeit4	25577
shapeit5	8467
shapemapper	6180
shapeshifter	6145
shapeshifter-cli	4506
sharedmem	15460
sharg	3646
shark	14984
sharkmer	3244
shasta	14992
shellescape	17007
shellinford	1025
sherpas	9351
shiba	2203
shiba2sashimi	3758
shigapass	1643
shigatyper	22684
shigeifinder	18010
shiptv	5370
shiver	32513
shmlast	23144
shorah	91205
short-read-connector	4001
shortcut	591
shortreadconnector	7024
shortseq	960
shortstack	40271
shorttracks	6487
shovill	65874
shovill-se	8595
showali	508
showit	7210
shredtools	86
shustring	14078
siann	12227
sibelia	15878
sibeliaz	17915
sicer	10968
sicer2	21975
sickle	32821
sickle-trim	48038
sideretro	625
sidr	2335
sierra-local	449
sierrapy	11688
sift4g	10165
sigmut	3276
sigprofilerassignment	8108
sigprofilerextractor	1533
sigprofilermatrixgenerator	9365
sigprofilerplotting	6451
sim4db	8064
simba	10797
simba_pbg	19633
simbac	6632
simka	24221
simlord	37633
simo-omics	205
simphyni	340
simple_sv_annotation	79948
simpleaf	68259
simplejson	139398
simplesam	12193
simscsntree	5204
simug	4489
simwalk2	7523
sina	121540
sincei	4744
singlecell-barcodes	19432
singlecellnet-cli	1943
singlem	21906
singularity	25043
sinto	29155
sipros	3067
siren-rnai	109
sirius-csifingerid	52771
sis	14778
sistem	700
sistr_cmd	73455
sixgill	17895
sizemeup	6360
ska	12597
ska2	48209
skani	83373
skc	2168
skder	48808
skesa	57243
sketchlib	1735
sketchy	20261
skewer	28754
skiver	473
skmer	42703
skope	5533
skyline2isocor	3408
slacken	82
slamdunk	33502
slamem	13009
slang	6580
slclust	51843
slicedimage	50915
slimfastq	5787
slimm	7233
slivar	94354
slncky	10222
sloika	5517
slow5curl	2158
slow5tools	416299
smaca	36240
smafa	21682
smakcr	320
smallgenomeutilities	49027
smalt	12626
smartdenovo	11029
smartmap	4723
smashbenchmarking	5737
smashpp	13551
smcounter2	10427
smcpp	1699
smeg	34761
smetana	2830
smhasher	21093
smina	12503
smithwaterman	753
smncopynumbercaller	2413
smof	28933
smoothxg	32623
smoove	56072
smudgeplot	47122
smudgeplot_rn	9818
snakealtpromoter	173
snakeatac_env	454
snakebids	2305
snakedeploy	71698
snakefmt	121558
snakehichiptf	63
snakelines	15449
snakemake	1974099
snakemake-executor-plugin-aws-batch	1171
snakemake-executor-plugin-azure-batch	1104
snakemake-executor-plugin-cannon	3542
snakemake-executor-plugin-cluster-generic	81521
snakemake-executor-plugin-cluster-sync	3706
snakemake-executor-plugin-drmaa	4641
snakemake-executor-plugin-googlebatch	13694
snakemake-executor-plugin-htcondor	1705
snakemake-executor-plugin-kubernetes	10660
snakemake-executor-plugin-lsf	9924
snakemake-executor-plugin-lsf-jobstep	3194
snakemake-executor-plugin-slurm	130684
snakemake-executor-plugin-slurm-jobstep	95667
snakemake-executor-plugin-tes	1382
snakemake-interface-common	604581
snakemake-interface-executor-plugins	601479
snakemake-interface-logger-plugins	364308
snakemake-interface-report-plugins	544203
snakemake-interface-scheduler-plugins	277465
snakemake-interface-storage-plugins	577799
snakemake-logger-plugin-panoptes	381
snakemake-logger-plugin-prometheus	319
snakemake-logger-plugin-pypsa	37930
snakemake-logger-plugin-snkmt	28484
snakemake-minimal	2055942
snakemake-scheduler-plugin-firstfit	537
snakemake-scheduler-plugin-greedy	211
snakemake-scheduler-plugin-milp	215
snakemake-storage-plugin-azure	14028
snakemake-storage-plugin-cached-http	45573
snakemake-storage-plugin-fs	23624
snakemake-storage-plugin-ftp	4356
snakemake-storage-plugin-gcs	14936
snakemake-storage-plugin-http	107039
snakemake-storage-plugin-irods	2226
snakemake-storage-plugin-rucio	368
snakemake-storage-plugin-s3	43462
snakemake-storage-plugin-sftp	2517
snakemake-storage-plugin-sharepoint	507
snakemake-storage-plugin-xrootd	1696
snakemake-storage-plugin-zenodo	4675
snakemake-wrapper-utils	165100
snakemk_util	56
snakeobjects	33227
snakeparse	10922
snakesee	852
snakesv	119598
snaketool-utils	10526
snap	31796
snap-aligner	179334
snapatac2	24671
snapgene-reader	5569
snaptools	4002
sneakernet-qc	4281
sneep	18907
sniffcell	36
sniffcell-lite	34
sniffles	95560
sniffles2-plot	68
snikt	8250
snipe	2304
snipit	16833
snippy	152523
snk	1272
snk-cli	5204
snkmt	28624
snmf	6610
snns	6700
snoopy	72
snoscan	28111
snostrip	5897
snp-dists	83291
snp-mutator	7381
snp-pileup	32177
snp-pipeline	35077
snp-sites	80167
snp2cell	2589
snpeff	664452
snpgenie	3681
snpick	1748
snpiphy	19358
snpomatic	6389
snpsift	433269
snpsplit	24904
snputils	55259
snver	3756
snvphyl-tools	13445
soapaligner	6671
soapcoverage	5842
soapdenovo-trans	58949
soapdenovo2	14979
soapdenovo2-errorcorrection	7915
soapdenovo2-gapcloser	10060
soapdenovo2-prepare	8970
soapec	7937
soapsplice	6073
socksipy-branch	13100
socru	58945
soda-gallery	21145
sodar-cli	3056
softsv	1053
soi	1031
solexaqa	7367
solote	1723
solvebio	93940
somalier	17566
somatem	371
somatic-sniper	7932
somaticseq	49710
sompy	6355
sonicparanoid	48561
sonlib	10561
sonneityping	5265
sopa	4811
sorted_nearest	228598
sortmerna	615947
souporcell	1031
sourcepredict	2680
sourcetracker	3687
sourmash	311950
spacedust	1043
spacepharer	20119
spacerextractor	637
spacerplacer	185
spacna	84
spacy-layout	87
spades	936248
spagrn	1517
spaln	115431
spanki	5163
spapros	718
sparc	11405
sparcc	4086
sparse-neighbors-search	31280
sparseassembler	11295
sparsehash	12567
spatialleiden	2448
spatialqc	130
spatialsnake	375
spatrio	1822
spatyper	7721
spclust	1953
spec2vec	6454
spechla	586
spectacle	7115
spectra-cluster-cli	12294
spectral_hk	6381
spectrassembler	7478
spectrseqtools	217
spectrum_utils	61106
spestimator	2538
sphae	14618
sphinx-argparse	5651
sphinxcontrib-programoutput	10347
spice	1407
spine	10294
spingo	9264
splash	1192
spliceai	18483
spliceai-wrapper	3184
spliced_bam2gff	8094
splicemap	8048
splitcode	10501
splitmem	8622
splitp	5702
splitubam	1741
spoa	48059
spoars	348
spoligotyper	55
spotyping	6354
spotyping3	3673
spp-dcj	531
sprai	5991
spreadgltools	588
spring	15387
spring2	2586
springsuite	6480
sprinkles	11055
sprinter	334
spydrpick	19720
sqanti3	582
sqlalchemy-datatables	19040
sqlalchemy-utils	7650
sqlitebrowser	5367
sqt	37446
squeakr	12463
squeegee	6248
squid	15443
squigualiser	1784
squigulator	6354
squire	3498
squirrel	10219
squizz	38193
sqz	7694
sr2silo	3849
sra-human-scrubber	9766
sra-tools	804794
sracat	12109
sracat-rs	984
sracha	7765
srahunter	1853
srax	7479
srf-n-trf	3417
sriptype	71
srna-taps	50
srnamapper	14659
srnaminer	18625
srnapipe	11072
srprism	48682
srst2	23909
ssake	6673
sscocaller	7790
ssdrippipeline	2996
sshash	3135
sshmm	7007
ssiamb	55
ssm	1566
sspace_basic	2160
ssu-align	9814
ssuissero	6771
ssuplex	6533
ssw-py	3577
stacks	420313
stacks_summary	12732
staden_io_lib	56971
stag	2618
stainwarpy	569
stamp	9683
stampede	236
staphb_toolkit	13458
staphopia-sccmec	4163
staphscan	821
staphscope	1422
staphscope-mge-data	41
staphscope-mlst-data	136
staphscope-sccmec-data	1269
star	1791407
star-fusion	622214
staramr	123018
starcatpy	871
starcode	81602
stare-abc	10714
starfish	94839
stark	11743
starseqr	36265
start-asap	9549
steamboat	450
stecfinder	8867
stellar	7341
stellarscope	10617
stemcnv-check	2558
stemsage	78
stereogene	8434
stoatydive	6212
stopfree	834
straglr	10183
straglr-ont	53
straindesign	8594
strainest	17904
strainflye	2312
strainge	28228
strainify	381
strainr2	10384
strainscan	8812
strainseeker	5576
strainy	2441
straitrazor	8744
strandphaser	7410
strangepg	23164
stranger	8497
strawc	11520
strcount	2903
strdust	14348
stream	130790
stream_atac	50304
strelka	63127
stride	9051
strike	7015
stringdecomposer	31715
stringmeup	15707
stringmlst	61914
stringtie	891135
strip_it	7784
stripepy-hic	1086
strling	34067
strmie-hd	479
strobealign	43161
strobemap	4751
structure	14100
structure-threader	22089
structureharvester	7329
strucvis	7916
strudel	6211
strvctvre	153
sts-smctc	10084
stxtyper	3081
submission-excel2xml	13050
submission-tool-validator	25922
subread	451748
subset-bam	1320
suchtree	10572
suds-jurko	6972
suma_package	8335
sumaclust	9269
summarize-ranges	173
sumstats-liftover	68
sunbeamlib	2194
super-focus	44090
super_distance	10281
superdsm	10391
superintervals	25536
superstr	5437
suppa	16554
sure	16990
surpyvor	21682
survindel2	2165
survivor	47248
sushie	53
susiex	294
suvtk	1330
sv2	8728
svaba	10099
svanalyzer	23154
svanna	100
svarp	1187
svclone	11997
svdb	120326
svdss	10097
svgutils	7599
svgwrite	10583
svhip	13402
svict	12061
svim	50740
svim-asm	17746
svision-pro	3544
svist4get	40519
svjedi	11709
svjedi-graph	10265
svjedi-tag	117
svmlight	8639
svpg	727
svseq2	991
svsolver	2838
svtk	14067
svtools	54765
svtopo	3025
svtopovz	2915
svtyper	59801
svtyper-python3	124
svviz	19414
svync	5753
swalign	16435
swarm	80011
sweepfinder2	9854
swga	19096
swiftlink	7093
swipe	17552
switchtfi	111
sword	21513
sylph	37921
sylph-tax	9466
symbiontscreener	2164
synapseclient	103340
syngap	6097
syntactic	691
synth-nmr	499
synth-pdb	1332
synth-saxs	235
synthbar	291
syny	29617
syri	30600
t-coffee	267889
t1dgrs2	5239
t1k	19088
t_coffee	231644
tabix	425774
tabixpp	167832
table2asn	11648
tablet	12599
tabview	12948
taco	13121
tadarida-c	17856
tadarida-d	24654
tadbit	19080
tadlib	915
tadrep	2920
tadtool	29443
taeper	7148
taffy	394
tafinder3d	165
tag	8556
tagbam	876
tagdust2	985
tagger	7084
tagore	10833
tagra	114
tajimas_d	5045
takeabreak	9454
talloc	6811
talon	9505
tandem-genotypes	36835
tandemtwister	928
tango	27133
tantan	40968
tapestry	15494
taranis	5871
taranys	719
tardis	42138
targetdb	7221
targetfinder	10873
targetscan	2658
targqc	11498
taseq	2289
tasmanian-mismatch	16375
tassel	45462
tatajuba	14592
tatouscan	57
tau-community-detection	272
taxadb	15199
taxator-tk	6870
taxburst	1006
taxmapper	20839
taxmyphage	21701
taxoniumtools	259
taxonkit	187902
taxonomy	48904
taxonomy_ranks	9556
taxopy	72690
taxor	5354
taxpasta	25084
taxsbp	13450
taxtastic	40327
taxutils	58132
taxutils-rs	3650
tb-consensus-aligner	41
tb-ml	4615
tb-profiler	140353
tb_variant_filter	22818
tbl2asn	118618
tbl2asn-forever	118893
tbox-scan	11108
tbpore	23819
tbtamr	2701
tbvcfreport	10608
tcdemux	11538
tcfinder	891
tciaclient	1887
tclap	11433
td2	4791
tdkc	2829
tdrmapper	21488
te-aid	176
te-looker	377
tecap	221
tecount	8023
tedna	7396
teexpo	70
tefinder	1357
telescope	15772
teloclip	13646
telogator2	542
telomerehunter	48
telomerehunter2	327
telometer	5101
telomore	79
teloscope	12606
telosearchlr	953
telox-pyabpoa	461
teloxplorer	2310
telr	4255
telseq	15396
tendo	8966
tepeaks	6343
tepid	13589
terminus	10870
terrace	2756
tesmall	324
tesorter	38561
tesseract	9165
tesseract-assembler	4748
test	160
test-glibc	5718
testfixtures	7911
tetoolkit	12339
tetranscripts	21749
tetrimmer	3149
tetyper	4102
textinput	11729
tf-comb	2211
tgsgapcloser	13004
tgt	15390
tgtools	151
tgv	1924
thapbi-pict	310154
thebigbam	1003
theiacov-gc	11247
themis	411
thermorawfileparser	100884
thesias	6780
theta2	14992
tiara-entheome	55
tiberius	2898
tiddit	104976
tidehunter	46361
tides-ml	9741
tidk	24487
tidyp	204771
tigmint	60238
timsrust_pyo3	813
tin-score-calculation	17766
tinker	1199
tinscan	7191
tiny-count	15468
tinyalign	22583
tinyfasta	3168
tinysink	5386
tipp	2672
tiptoft	19524
tir-learner	12241
tirank	347
tirmite	25351
tirvish-rs	1360
tissuumaps	21663
titan-gc	12100
titanomics	2703
tksm	12544
tmalign	204404
tmb	3276
tmhg	2799
tmscoring	698
tn3_ta_finder	75
tn93	45463
tncomp_finder	79
tntblast	17222
tobias	153576
toil	155142
tolkein	3166
tomm40_wgs	1155
tooldistillator	7503
toolshed	49958
topas	7192
tophat	74889
tophat-recondition	50286
toposort	22152
tortoize	2030
toulligqc	63174
tower-cli	14782
tpmcalculator	16117
tpp	7721
tqdist	6976
tqdm	51185
tr-trimmer	4477
trace-crispr	138
tracegroomer	4995
tracer	21992
trackastra-galaxy	170
trackhub	41824
tracknado	3286
trackplot	24111
tracs	2594
tracy	80012
traitar	5675
trand	2330
transabyss	26127
transanno	1692
transannot	7670
transcomb	6456
transcov	20035
transcriptm	2062
transdecoder	230607
transgenescan	8617
transindel	5758
transit	35875
translate-gard	11266
translatorx	6977
translatory	117
translig	4671
transposcope	13019
transposonpsi	4189
transrate	8168
transrate-tools	10810
transsplice	891
transtermhp	49384
transvar	2223
trash-py	6096
trawler	17075
tree-qmc	4028
treebest	24827
treecluster	12665
treekin	36906
treemaker	16264
treemix	23562
treeqmc	1390
treerecs	6018
treesap	1326
treesapp	92584
treeshrink	3437
treesimulator	8090
treeswift	77512
treeswirl	747
treetime	210922
trf	133051
trgt	25103
tribal	1609
tricord	1155
trident	8663
triform2	7644
trim-galore	426251
trim_isoseq_polya	3316
trimadap	217725
trimal	169844
trimap	4458
trimmomatic	451997
trimnami	5647
trimns_vgp	2300
trinculo	7663
trinity	387522
trinotate	43978
triqler	26818
tritimap	24080
trnadecoder	73
trnanalysis	38134
trnascan-py	48
trnascan-se	333243
troika-tb	3035
trtools	36076
trumicount	37924
trust4	46164
truvari	41258
trycycler	28913
tsebra	13567
tspex	31615
tssar	9962
tssv	17173
tsumugi	471
tsv-utils	25826
tttrlib	8930
turbo-picard	211
turbo-picard-picard-shim	157
turboani	500
turbocor	3259
twilight	12292
twinspector	258
twobitreader	29483
twopaco	17441
tximport-scripts	3419
txnova	6894
typesine	60
typing	57926
tyto	4560
uchime	778
ucsc-addcols	27323
ucsc-ameme	27680
ucsc-autodtd	26114
ucsc-autosql	25699
ucsc-autoxml	27738
ucsc-ave	4450
ucsc-avecols	25531
ucsc-axtchain	36441
ucsc-axtsort	27897
ucsc-axtswap	28153
ucsc-axttomaf	33357
ucsc-axttopsl	28995
ucsc-bamtopsl	16939
ucsc-bedclip	46746
ucsc-bedcommonregions	32874
ucsc-bedcoverage	26775
ucsc-bedextendranges	31691
ucsc-bedgeneparts	27630
ucsc-bedgraphpack	34114
ucsc-bedgraphtobigwig	614072
ucsc-bedintersect	32137
ucsc-beditemoverlapcount	32043
ucsc-bedjointaboffset	9796
ucsc-bedpileups	30445
ucsc-bedremoveoverlap	32892
ucsc-bedrestricttopositions	29210
ucsc-bedsort	47055
ucsc-bedtobigbed	269527
ucsc-bedtogenepred	59272
ucsc-bedtopsl	32035
ucsc-bedweedoverlapping	32213
ucsc-bigbedinfo	43648
ucsc-bigbednameditems	34328
ucsc-bigbedsummary	42925
ucsc-bigbedtobed	63447
ucsc-bigmaftomaf	21259
ucsc-bigpsltopsl	25137
ucsc-bigwigaverageoverbed	45866
ucsc-bigwigcat	31068
ucsc-bigwigcluster	35568
ucsc-bigwigcorrelate	35237
ucsc-bigwiginfo	56335
ucsc-bigwigmerge	35678
ucsc-bigwigsummary	114670
ucsc-bigwigtobedgraph	88955
ucsc-bigwigtowig	100686
ucsc-blasttopsl	32248
ucsc-blat	44504
ucsc-calc	4960
ucsc-catdir	26173
ucsc-catuncomment	21239
ucsc-cell-browser	238894
ucsc-chainantirepeat	35212
ucsc-chainbridge	6230
ucsc-chaincleaner	2042
ucsc-chainfilter	30403
ucsc-chainmergesort	32761
ucsc-chainnet	33447
ucsc-chainprenet	31109
ucsc-chainscore	1974
ucsc-chainsort	28547
ucsc-chainsplit	33559
ucsc-chainstitchid	33604
ucsc-chainswap	28697
ucsc-chaintoaxt	32855
ucsc-chaintobigchain	63
ucsc-chaintopsl	30439
ucsc-chaintopslbasic	31899
ucsc-checkagpandfa	23147
ucsc-checkcoveragegaps	25906
ucsc-checkhgfindspec	24459
ucsc-checktablecoords	25189
ucsc-chopfalines	21838
ucsc-chromgraphfrombin	25888
ucsc-chromgraphtobin	26685
ucsc-clustergenes	17554
ucsc-coltransform	23571
ucsc-countchars	25675
ucsc-crtreeindexbed	32626
ucsc-crtreesearchbed	27994
ucsc-dbsnoop	28075
ucsc-dbtrash	26325
ucsc-endsinlf	11465
ucsc-estorient	27636
ucsc-expmatrixtobarchartbed	18418
ucsc-faalign	28159
ucsc-facmp	26002
ucsc-facount	28700
ucsc-fafilter	26726
ucsc-fafiltern	26240
ucsc-fafrag	25506
ucsc-fanoise	25295
ucsc-faonerecord	31994
ucsc-fapolyasizes	28364
ucsc-farandomize	30944
ucsc-farc	31342
ucsc-fasize	35053
ucsc-fasomerecords	35383
ucsc-fasplit	36578
ucsc-fastqstatsandsubsample	20216
ucsc-fastqtofa	31835
ucsc-fatofastq	31335
ucsc-fatotab	30994
ucsc-fatotwobit	622056
ucsc-fatovcf	99577
ucsc-fatrans	31224
ucsc-featurebits	31150
ucsc-fetchchromsizes	53085
ucsc-findmotif	30399
ucsc-gaptolift	31442
ucsc-genepredcheck	62429
ucsc-genepredfilter	30975
ucsc-genepredhisto	24902
ucsc-genepredsinglecover	31221
ucsc-genepredtobed	109408
ucsc-genepredtobiggenepred	61705
ucsc-genepredtofakepsl	31852
ucsc-genepredtogtf	64345
ucsc-genepredtomafframes	36933
ucsc-genepredtoprot	19644
ucsc-gensub2	11998
ucsc-getrna	30992
ucsc-getrnapred	29847
ucsc-gff3togenepred	69889
ucsc-gff3topsl	26253
ucsc-gmtime	18288
ucsc-gtftogenepred	143634
ucsc-headrest	15660
ucsc-hgbbidblink	19887
ucsc-hgfakeagp	16663
ucsc-hgfindspec	19570
ucsc-hggcpercent	63189
ucsc-hggoldgapgl	6105
ucsc-hgloadbed	21258
ucsc-hgloadchain	22993
ucsc-hgloadmaf	25581
ucsc-hgloadnet	19735
ucsc-hgloadout	19915
ucsc-hgloadoutjoined	19752
ucsc-hgloadsqltab	13232
ucsc-hgloadwiggle	23113
ucsc-hgspeciesrna	19979
ucsc-hgsqldump	20248
ucsc-hgtrackdb	18174
ucsc-hgvstovcf	5278
ucsc-htmlcheck	19632
ucsc-hubcheck	16642
ucsc-hubpubliccheck	17753
ucsc-ixixx	50709
ucsc-lavtoaxt	20034
ucsc-lavtopsl	27859
ucsc-ldhggene	19923
ucsc-liftover	213077
ucsc-liftup	26544
ucsc-linestora	20147
ucsc-localtime	15504
ucsc-mafaddirows	23959
ucsc-mafaddqrows	25648
ucsc-mafcoverage	25826
ucsc-maffetch	25673
ucsc-maffilter	26585
ucsc-maffrag	26081
ucsc-maffrags	21884
ucsc-mafgene	27072
ucsc-mafmefirst	25794
ucsc-maforder	26373
ucsc-mafranges	26011
ucsc-mafsinregion	26822
ucsc-mafspecieslist	26215
ucsc-mafspeciessubset	26320
ucsc-mafsplit	26653
ucsc-mafsplitpos	26461
ucsc-maftoaxt	26216
ucsc-maftobigmaf	20023
ucsc-maftopsl	26689
ucsc-maftosnpbed	26299
ucsc-maketablelist	19612
ucsc-maskoutfa	28209
ucsc-matrixclustercolumns	349
ucsc-matrixmarkettotsv	556
ucsc-matrixnormalize	715
ucsc-matrixtobarchartbed	675
ucsc-mktime	19767
ucsc-mrnatogene	20036
ucsc-netchainsubset	23007
ucsc-netclass	31038
ucsc-netfilter	26569
ucsc-netsplit	19997
ucsc-netsyntenic	31765
ucsc-nettoaxt	27254
ucsc-nettobed	31671
ucsc-newprog	16148
ucsc-newpythonprog	39203
ucsc-nibfrag	128236
ucsc-nibsize	36947
ucsc-oligomatch	40314
ucsc-overlapselect	13724
ucsc-para	12911
ucsc-parafetch	37016
ucsc-parahub	13149
ucsc-parahubstop	13556
ucsc-paranode	13691
ucsc-paranodestart	13499
ucsc-paranodestatus	13425
ucsc-paranodestop	13634
ucsc-parasol	13493
ucsc-parasync	37407
ucsc-paratestjob	12013
ucsc-positionaltblcheck	33962
ucsc-pslcat	36936
ucsc-pslcdnafilter	49058
ucsc-pslcheck	37997
ucsc-psldropoverlap	37035
ucsc-pslfilter	37471
ucsc-pslhisto	33965
ucsc-pslliftsubrangeblat	34529
ucsc-pslmap	34805
ucsc-pslmappostchain	18891
ucsc-pslmrnacover	32718
ucsc-pslpairs	38177
ucsc-pslpartition	32899
ucsc-pslpostarget	40363
ucsc-pslpretty	36998
ucsc-pslprottornacoords	726
ucsc-pslrc	19879
ucsc-pslrecalcmatch	36464
ucsc-pslreps	37341
ucsc-pslscore	34580
ucsc-pslselect	37603
ucsc-pslsomerecords	13674
ucsc-pslsort	38647
ucsc-pslsortacc	2676
ucsc-pslsplicejunctions	721
ucsc-pslsplitontarget	548
ucsc-pslstats	37052
ucsc-pslswap	33583
ucsc-psltobed	36743
ucsc-psltobigpsl	35995
ucsc-psltochain	37138
ucsc-psltopslx	37733
ucsc-pslxtofa	29686
ucsc-qacagplift	36729
ucsc-qactoqa	33293
ucsc-qactowig	39108
ucsc-qatoqac	37026
ucsc-randomlines	37240
ucsc-rasqlquery	36722
ucsc-ratolines	37223
ucsc-ratotab	32562
ucsc-rmfadups	37248
ucsc-rowstocols	37180
ucsc-spacedtotab	36637
ucsc-splitfile	37234
ucsc-splitfilebycolumn	31513
ucsc-sqltoxml	33190
ucsc-stringify	51701
ucsc-subchar	39653
ucsc-subcolumn	37007
ucsc-taillines	36788
ucsc-tdbquery	37231
ucsc-texthistogram	34392
ucsc-ticktodate	33771
ucsc-tolower	41258
ucsc-toupper	37098
ucsc-transmappsltogenepred	22738
ucsc-trfbig	37701
ucsc-twobitdup	36686
ucsc-twobitinfo	238576
ucsc-twobitmask	37530
ucsc-twobittofa	265402
ucsc-validatefiles	36639
ucsc-validatemanifest	33725
ucsc-websync	12635
ucsc-wigcorrelate	31856
ucsc-wigtobigwig	385154
ucsc-wordline	36766
ucsc-xmlcat	41434
ucsc-xmltosql	36983
udocker	10791
ufcg	7443
uhgv	62
ultra	2658
ultra_bioinformatics	12868
ultraheatmap	15604
ultraplex	36884
umap	2419
umi-tools-rs	6526
umi-transfer	4859
umi_tools	283681
umicollapse	4864
umis	139661
umitools	12638
unac	175
unassigner	2887
unetcoreograph	1635
unfazed	17408
unicore	3065
unicycler	639921
unifeb	749
unifire	246
unifrac	623703
unifrac-binaries	336564
unikmer	5001
unikseq	12333
unimap	11946
unimeth	3462
uniprot	8368
uniprot-id-mapper	574
uniqsketch	2825
unitas	6436
unitem	21957
unitig-caller	48224
unitig-counter	14120
unmerge	4857
unmicst	161
unmux	1169
unum-bio	241
upd	1431
updio	2286
upimapi	124850
uqcme-cli	51
uritemplate	5811
urllib3	126761
uropa	70973
usalign	30128
uscdc-datasets-sars-cov-2	18323
uscophy	63
usearch	8734
usher	297591
ushuffle	31425
uvaia	6659
uvp	6572
vadr	20600
vafator	36331
valet	8030
validate-fasta-database	8329
validators	59736
validictory	8170
vamb	25064
vambcore	7755
vamos	11285
vapor	2787
var-agg	11072
varcode	10714
varda2-client	18729
vardict	135443
vardict-java	378310
vardictcpp	5246
varfish-annotator-cli	93521
varfish-cli	20444
varfish-server-worker	20174
vargeno	7617
variabel	2482
variant-effect-predictor	44850
variant-extractor	1157
variant_tools	26673
variantbam	40980
variantbreak	6185
variantmap	3122
varifier	10180
varlinker	259
varlociraptor	369506
varnet	1304
varpubs	5623
varscan	163229
varseek	198
vartovcf	10944
vartracker	183
vartrix	5466
varvamp	25055
vase	4302
vatools	207
vawk	15840
vaxrank	290
vbz-h5py-plugin	3550
vcf-annotator	15691
vcf-pg-loader	344
vcf-reformatter	10802
vcf-validator	7355
vcf2circos	4858
vcf2cytosure	1981
vcf2db	92857
vcf2genome	12762
vcf2maf	76629
vcf2maf-umccr	2035
vcf2pandas	611
vcf2parquet	13997
vcf2tsvpy	6304
vcf2variants	7233
vcf_parser	855
vcfanno	125449
vcfbub	9396
vcfclick	2262
vcfdist	9912
vcferr	2629
vcfexpress	834
vcfkit	15585
vcflatten	7693
vcflib	292893
vcfphasesets	1437
vcfpy	211589
vcfpy2	2582
vcfsamplecompare	14547
vcfsim	10116
vcftoolbox	12274
vcftools	788790
vcftools-ng	95
vcfx	12075
vclean	2688
vclust	6667
vcontact2	138865
vcontact3	6401
vdjer	8326
vechat	2796
velocyto.py	27226
velvet	71657
velvet-sc	7680
vembrane	77721
venndata	612
vepyr	36546
verifybamid	14303
verifybamid2	46518
verifyidintensity	6005
verkko	27778
verse	9103
versionix	8716
verticall	3588
veryfasttree	31319
vg	118115
vgan	15151
vgorient	745
vgp-processcuration	189
vhamster	897
vibrant	19692
vicmag	129
vidjil-algo	378
viennarna	1528166
viewbs	11472
viguno	4935
viloca	1532
vinalc	1169
vine-phylo	1119
viotucluster	601
viptreegen	173
viral-host-hunter	306
viral_consensus	6490
viral_usher	436
viralflye	1969
virallc	2012
viralmsa	10431
viralrecall	420
viralverify	4197
viramp-hub	1931
virasign	505
virchip	3131
virconsens	50
virdig	661
virema	6504
vireosnp	2990
virheat	5999
virmet	33307
viroconstrictor	23309
viromeqc	11602
virprof	92
virsorter	52036
virstrain	14018
virulencefinder	5133
virulign	12876
virusdetect	69
virusrecom	13764
visceral-evaluatesegmentation	13399
visitor	9689
visor	3918
vispr	70348
vitap	5218
vitessce-python	1437
vkmz	22650
vmatch	28115
vnl	5571
voluptuous	13084
vomix-mega	41
voronota	66014
votuderep	2641
voyager	4509
vphaser2	31448
vpolo	8990
vpt	783
vpt-cellpose2	656
vpt-core	889
vpt-plugin-cellpose2	269
vpt-segmentation-packing	349
vqbg	1369
vqsr_cnn	13453
vrhyme	4527
vsclust	5736
vsearch	1006340
vsearch-plus	836
vsnp	12724
vsnp3	49556
vt	210572
vtools	19206
vuegen	5711
vulcan	10138
vvv2_display	9725
w4mclassfilter	73368
w4mclstrpeakpics	7914
wade	10111
wakhan	4070
wally	27037
wasp2	2458
watchdog	7041
watchdog-wms	59064
wbuild	13594
wdltool	24378
web.py	10017
weblogo	51321
weebill	184
weeder	24517
wepp	16687
wes-service-client	7045
wfa2-lib	47490
wfmash	58662
wg-blimp	37918
wgatools	6003
wgd	29211
wgdi	49071
wgfast	9507
wgs-assembler	5703
wgs2ncbi	12608
wgsim	21716
wham	37541
whatsgnu	16729
whatsgnu-atb	70
whatshap	251921
wheezy.template	13045
whittle	334
whokaryote	9090
wiggletools	55340
winnow-fdr	2649
winnowmap	25215
wipertools	4124
wise2	16414
wisecondorx	70777
wisestork	2403
wizardeye	1948
wkhtmltopdf	21477
wlogdate	12137
woltka	5936
womtool	212208
workspace	12005
ws4py	11338
wtdbg	37481
wtforms-alchemy	23365
wtforms-components	9501
wtv	1136
wub	29113
x-mapper	371
xatlas	18198
xbioc	11969
xcftools	6405
xclone	1082
xdg	9145
xengsort	11899
xgboost	5776
xhmm	7270
xloci	805
xmatchview	22634
xmlbuilder	9746
xmltodict	26091
xmltramp2	16317
xopen	267005
xpclr	10501
xpore	9641
xpressplot	16622
xs-sim	8354
xsd	35431
xsv	13105
xtail	7497
xtandem	36188
xtea	19599
xtermcolor	9025
xumi	66
xunit-wrapper	8476
xxhash	10595
xxmotif	16129
xyalign	19085
yacht	9931
yacrd	282396
yaggo	47455
yaha	8199
yahmm	27469
yahs	22353
yak	12427
yallhap	275
yamda	3385
yame	26399
yamllint	30473
yanagiba	14279
yanc	10704
yapc	2270
yara	29963
yasma	270
yass	9651
yleaf	471
yleaf-pipelines	366
ymp	7711
zagros	9462
zamp	443
zarp	1693
zavolan-multiqc-plugins	3567
zdb	167104
zeroc-ice	19980
zerone	8362
zga	16024
zgtf	5874
zifa	7524
ziggypep	30073
zipstrain	5507
zmwfilter	3969
zna	18267
zol	144541
zorro	6644
zpca	6378
