version	total
1.2.20231229	871
1.4.20240116	854
