version	total
1.2.20231229	1011
1.4.20240116	996
1.15.250702	107
