version	total
1.2.20231229	1070
1.4.20240116	1053
1.15.250702	170
1.45.251125	36
