version	total
1.2.20231229	1152
1.4.20240116	1098
1.15.250702	256
1.45.251125	63
