version	total
1.2.20231229	1028
1.4.20240116	1012
1.15.250702	123
