version	total
1.2.20231229	1082
1.4.20240116	1062
1.15.250702	184
1.45.251125	38
