version	total
1.2.20231229	993
1.4.20240116	979
1.15.250702	87
