version	total
1.2.20231229	990
1.4.20240116	976
1.15.250702	83
