version	total
1.2.20231229	985
1.4.20240116	971
1.15.250702	78
