version	total
1.2.20231229	1078
1.4.20240116	1061
1.15.250702	181
1.45.251125	38
