version	total
1.2.20231229	969
1.4.20240116	955
1.15.250702	63
