version	total
1.2.20231229	958
1.4.20240116	945
1.15.250702	46
