version	total
1.2.20231229	1141
1.4.20240116	1094
1.15.250702	245
1.45.251125	59
