version	total
1.2.20231229	1017
1.4.20240116	1002
1.15.250702	113
