version	total
1.2.20231229	1065
1.4.20240116	1048
1.15.250702	165
1.45.251125	35
