version	total
1.2.20231229	1133
1.4.20240116	1093
1.15.250702	237
1.45.251125	56
