version	total
1.2.20231229	1037
1.4.20240116	1021
1.15.250702	137
