version	total
1.2.20231229	991
1.4.20240116	977
1.15.250702	85
