version	total
1.2.20231229	970
1.4.20240116	956
1.15.250702	64
