version	total
1.2.20231229	944
1.4.20240116	933
1.15.250702	32
