version	total
1.2.20231229	910
1.4.20240116	891
