version	total
1.2.20231229	940
1.4.20240116	929
1.15.250702	26
