version	total
1.2.20231229	1062
1.4.20240116	1044
1.15.250702	162
1.45.251125	33
