version	total
1.2.20231229	1135
1.4.20240116	1094
1.15.250702	239
1.45.251125	57
