version	total
1.2.20231229	981
1.4.20240116	967
1.15.250702	74
