version	total
1.2.20231229	928
1.4.20240116	908
