version	total
1.2.20231229	1094
1.4.20240116	1073
1.15.250702	197
1.45.251125	42
