version	total
1.2.20231229	887
1.4.20240116	868
