version	total
1.2.20231229	1039
1.4.20240116	1023
1.15.250702	139
