version	total
1.2.20231229	882
1.4.20240116	863
