version	total
1.2.20231229	1069
1.4.20240116	1052
1.15.250702	169
1.45.251125	36
