version	total
1.2.20231229	1019
1.4.20240116	1004
1.15.250702	116
