version	total
1.2.20231229	1057
1.4.20240116	1039
1.15.250702	158
1.45.251125	33
