version	total
1.2.20231229	936
1.4.20240116	926
1.15.250702	20
