version	total
1.2.20231229	894
1.4.20240116	875
