version	total
1.2.20231229	1092
1.4.20240116	1071
1.15.250702	194
1.45.251125	41
