version	total
1.2.20231229	1073
1.4.20240116	1056
1.15.250702	176
1.45.251125	37
