version	total
1.2.20231229	877
1.4.20240116	858
