version	total
1.2.20231229	988
1.4.20240116	974
1.15.250702	81
