version	total
1.2.20231229	922
1.4.20240116	904
