version	total
1.2.20231229	979
1.4.20240116	965
1.15.250702	72
