version	total
1.2.20231229	934
1.4.20240116	924
1.15.250702	16
