version	total
1.2.20231229	927
1.4.20240116	907
