version	total
1.2.20231229	1041
1.4.20240116	1025
1.15.250702	141
