version	total
1.2.20231229	913
1.4.20240116	894
