version	total
1.2.20231229	1125
1.4.20240116	1088
1.15.250702	229
1.45.251125	53
