version	total
1.2.20231229	905
1.4.20240116	886
