version	total
1.2.20231229	1001
1.4.20240116	986
1.15.250702	97
