version	total
1.2.20231229	1022
1.4.20240116	1007
1.15.250702	118
