version	total
1.2.20231229	946
1.4.20240116	934
1.15.250702	34
