version	total
1.2.20231229	1067
1.4.20240116	1050
1.15.250702	167
1.45.251125	35
