version	total
1.2.20231229	920
1.4.20240116	902
