version	total
1.2.20231229	948
1.4.20240116	935
1.15.250702	36
