version	total
1.2.20231229	933
1.4.20240116	923
