version	total
1.2.20231229	1043
1.4.20240116	1027
1.15.250702	143
1.45.251125	1
