version	total
1.2.20231229	987
1.4.20240116	973
1.15.250702	80
