version	total
1.2.20231229	1072
1.4.20240116	1055
1.15.250702	172
1.45.251125	36
