version	total
1.2.20231229	1147
1.4.20240116	1096
1.15.250702	251
1.45.251125	61
