version	total
1.2.20231229	1035
1.4.20240116	1019
1.15.250702	135
