version	total
1.2.20231229	1064
1.4.20240116	1047
1.15.250702	164
1.45.251125	35
