version	total
1.2.20231229	1059
1.4.20240116	1041
1.15.250702	160
1.45.251125	33
