version	total
1.2.20231229	1048
1.4.20240116	1032
1.15.250702	149
1.45.251125	28
