version	total
1.2.20231229	1049
1.4.20240116	1033
1.15.250702	150
1.45.251125	29
