version	total
1.2.20231229	1018
1.4.20240116	1003
1.15.250702	114
