version	total
1.2.20231229	1066
1.4.20240116	1049
1.15.250702	166
1.45.251125	35
