version	total
1.2.20231229	1034
1.4.20240116	1018
1.15.250702	134
