version	total
1.2.20231229	890
1.4.20240116	871
