version	total
1.2.20231229	961
1.4.20240116	948
1.15.250702	51
