version	total
1.2.20231229	1033
1.4.20240116	1017
1.15.250702	133
