version	total
1.2.20231229	966
1.4.20240116	952
1.15.250702	56
