version	total
1.2.20231229	1050
1.4.20240116	1034
1.15.250702	150
1.45.251125	29
