version	total
1.2.20231229	952
1.4.20240116	939
1.15.250702	40
