version	total
1.2.20231229	982
1.4.20240116	968
1.15.250702	75
