version	total
1.2.20231229	1061
1.4.20240116	1043
1.15.250702	161
1.45.251125	33
