version	total
1.2.20231229	972
1.4.20240116	958
1.15.250702	66
