version	total
1.2.20231229	954
1.4.20240116	941
1.15.250702	42
