version	total
1.2.20231229	1090
1.4.20240116	1070
1.15.250702	192
1.45.251125	40
