version	total
1.2.20231229	900
1.4.20240116	881
