version	total
1.2.20231229	998
1.4.20240116	983
1.15.250702	92
