version	total
1.2.20231229	996
1.4.20240116	981
1.15.250702	90
