version	total
1.2.20231229	1013
1.4.20240116	998
1.15.250702	108
