version	total
1.2.20231229	965
1.4.20240116	951
1.15.250702	55
