version	total
1.2.20231229	1144
1.4.20240116	1096
1.15.250702	248
1.45.251125	60
