version	total
1.2.20231229	1004
1.4.20240116	989
1.15.250702	100
