version	total
1.2.20231229	1085
1.4.20240116	1065
1.15.250702	189
1.45.251125	39
