version	total
1.2.20231229	937
1.4.20240116	927
1.15.250702	21
