version	total
1.2.20231229	941
1.4.20240116	930
1.15.250702	27
