version	total
1.2.20231229	926
1.4.20240116	906
