version	total
1.2.20231229	1005
1.4.20240116	991
1.15.250702	101
