version	total
1.2.20231229	1138
1.4.20240116	1094
1.15.250702	242
1.45.251125	58
