version	total
1.2.20231229	1060
1.4.20240116	1042
1.15.250702	161
1.45.251125	33
