version	total
1.2.20231229	953
1.4.20240116	940
1.15.250702	41
