version	total
1.2.20231229	917
1.4.20240116	899
