version	total
1.2.20231229	1042
1.4.20240116	1026
1.15.250702	142
