version	total
1.2.20231229	879
1.4.20240116	860
