version	total
1.2.20231229	989
1.4.20240116	975
1.15.250702	82
