version	total
1.2.20231229	1055
1.4.20240116	1037
1.15.250702	155
1.45.251125	33
