version	total
1.2.20231229	898
1.4.20240116	879
