version	total
1.2.20231229	1058
1.4.20240116	1040
1.15.250702	158
1.45.251125	33
