version	total
1.2.20231229	1076
1.4.20240116	1058
1.15.250702	180
1.45.251125	38
