version	total
1.2.20231229	1021
1.4.20240116	1006
1.15.250702	118
