version	total
1.2.20231229	896
1.4.20240116	877
