version	total
1.2.20231229	999
1.4.20240116	984
1.15.250702	93
