version	total
1.2.20231229	1036
1.4.20240116	1020
1.15.250702	136
