version	total
1.2.20231229	1012
1.4.20240116	997
1.15.250702	107
