version	total
1.2.20231229	1083
1.4.20240116	1063
1.15.250702	186
1.45.251125	38
