version	total
1.2.20231229	1145
1.4.20240116	1096
1.15.250702	249
1.45.251125	60
