version	total
1.2.20231229	962
1.4.20240116	949
1.15.250702	52
