version	total
1.2.20231229	919
1.4.20240116	901
