version	total
1.2.20231229	1044
1.4.20240116	1028
1.15.250702	145
1.45.251125	21
