version	total
1.2.20231229	1029
1.4.20240116	1013
1.15.250702	125
