version	total
1.2.20231229	1007
1.4.20240116	992
1.15.250702	103
