version	total
1.2.20231229	973
1.4.20240116	960
1.15.250702	67
