version	total
1.2.20231229	907
1.4.20240116	888
