version	total
1.2.20231229	956
1.4.20240116	943
1.15.250702	44
