version	total
1.2.20231229	942
1.4.20240116	931
1.15.250702	29
