version	total
1.2.20231229	960
1.4.20240116	947
1.15.250702	48
