version	total
1.2.20231229	945
1.4.20240116	934
1.15.250702	33
