version	total
1.2.20231229	997
1.4.20240116	983
1.15.250702	91
