version	total
1.2.20231229	1051
1.4.20240116	1035
1.15.250702	151
1.45.251125	30
