version	total
1.2.20231229	1063
1.4.20240116	1045
1.15.250702	164
1.45.251125	34
