version	total
1.2.20231229	1040
1.4.20240116	1024
1.15.250702	140
