version	total
1.2.20231229	968
1.4.20240116	954
1.15.250702	62
