version	total
1.2.20231229	949
1.4.20240116	936
1.15.250702	37
