version	total
1.2.20231229	1127
1.4.20240116	1090
1.15.250702	231
1.45.251125	54
