version	total
1.2.20231229	1032
1.4.20240116	1016
1.15.250702	129
