version	total
1.2.20231229	1149
1.4.20240116	1097
1.15.250702	253
1.45.251125	61
