version	total
1.2.20231229	1103
1.4.20240116	1077
1.15.250702	205
1.45.251125	46
