version	total
1.2.20231229	1124
1.4.20240116	1087
1.15.250702	228
1.45.251125	53
