version	total
1.2.20231229	1151
1.4.20240116	1098
1.15.250702	255
1.45.251125	62
