version	total
1.2.20231229	911
1.4.20240116	892
