version	total
1.2.20231229	957
1.4.20240116	944
1.15.250702	45
