version	total
1.2.20231229	1014
1.4.20240116	999
1.15.250702	109
