version	total
1.2.20231229	1056
1.4.20240116	1038
1.15.250702	156
1.45.251125	33
