version	total
1.2.20231229	963
1.4.20240116	950
1.15.250702	53
