version	total
1.2.20231229	984
1.4.20240116	970
1.15.250702	77
