version	total
1.2.20231229	1129
1.4.20240116	1092
1.15.250702	233
1.45.251125	54
