version	total
1.2.20231229	902
1.4.20240116	883
