version	total
1.2.20231229	921
1.4.20240116	903
