version	total
1.2.20231229	929
1.4.20240116	909
