version	total
1.2.20231229	977
1.4.20240116	964
1.15.250702	71
