version	total
1.2.20231229	885
1.4.20240116	866
