version	total
1.2.20231229	1000
1.4.20240116	985
1.15.250702	96
