version	total
1.2.20231229	975
1.4.20240116	962
1.15.250702	69
