version	total
1.2.20231229	1071
1.4.20240116	1054
1.15.250702	171
1.45.251125	36
