version	total
1.2.20231229	1045
1.4.20240116	1029
1.15.250702	146
1.45.251125	26
