version	total
1.2.20231229	1086
1.4.20240116	1066
1.15.250702	190
1.45.251125	40
