version	total
1.2.20231229	1128
1.4.20240116	1091
1.15.250702	232
1.45.251125	54
