version	total
1.2.20231229	930
1.4.20240116	915
