version	total
1.2.20231229	916
1.4.20240116	897
