version	total
1.2.20231229	995
1.4.20240116	980
1.15.250702	89
