version	total
1.2.20231229	1024
1.4.20240116	1009
1.15.250702	120
