version	total
1.2.20231229	912
1.4.20240116	893
