version	total
1.2.20231229	1096
1.4.20240116	1075
1.15.250702	199
1.45.251125	42
