version	total
1.2.20231229	935
1.4.20240116	925
1.15.250702	18
