version	total
1.2.20231229	1088
1.4.20240116	1068
1.15.250702	191
1.45.251125	40
