version	total
1.2.20231229	892
1.4.20240116	873
