version	total
1.2.20231229	938
1.4.20240116	928
1.15.250702	22
