version	total
1.2.20231229	955
1.4.20240116	942
1.15.250702	43
