version	total
1.2.20231229	992
1.4.20240116	978
1.15.250702	86
