version	total
1.2.20231229	1148
1.4.20240116	1097
1.15.250702	252
1.45.251125	61
