version	total
1.2.20231229	943
1.4.20240116	932
1.15.250702	31
