version	total
1.2.20231229	1104
1.4.20240116	1077
1.15.250702	207
1.45.251125	46
