version	total
1.2.20231229	873
1.4.20240116	854
