version	total
1.2.20231229	931
1.4.20240116	921
