version	total
1.2.20231229	1047
1.4.20240116	1031
1.15.250702	148
1.45.251125	28
