version	total
1.2.20231229	950
1.4.20240116	937
1.15.250702	38
