version	total
1.2.20231229	1009
1.4.20240116	994
1.15.250702	105
