version	total
1.2.20231229	1097
1.4.20240116	1076
1.15.250702	199
1.45.251125	42
