version	total
1.2.20231229	1077
1.4.20240116	1059
1.15.250702	181
1.45.251125	38
