version	total
1.2.20231229	1101
1.4.20240116	1076
1.15.250702	203
1.45.251125	44
