version	total
1.2.20231229	1016
1.4.20240116	1001
1.15.250702	111
