version	total
1.2.20231229	1010
1.4.20240116	996
1.15.250702	106
