version	total
1.2.20231229	1026
1.4.20240116	1010
1.15.250702	122
