version	total
1.2.20231229	923
1.4.20240116	905
