version	total
0.1.20160301181511	5597
0.1.20160318153100	5699
0.1.20160331153549	5587
0.1.20160412193510	5064
0.1.20160517202250	8188
0.1.20161031135838	5487
0.1.20161123074954	6509
0.1.20170818194607	5431
0.1.20171010180436	5557
0.1.20171211211613	6958
1.2.0.20180905185317	5110
1.2.0.20181108215719	5053
1.2.0.20181109162613	5143
1.2.0.20181121194423	5074
1.2.1	5182
1.3.0.20181130020805	4927
1.3.0.20190205182514	4790
1.3.0.20190221150417	2571
1.3.1.20190301150258	6582
1.3.1.20190402172810	5356
1.3.2.20190402172810	5287
1.3.3.20190402172810	5373
1.4.0	5462
1.4.1	4961
1.4.2	4733
1.4.3	4626
2.0.0	4528
2.0.1	4658
2.0.2	2872
2.0.3	2652
2.0.3.1	2820
2.0.4	2728
2.1.0	2682
2.1.1	2759
2.1.2	2675
2.2.0	2629
2.2.1	2568
2.2.2	2571
2.3.0	2510
2.3.1	2471
2.3.2	2456
2.3.3	2306
2.4.0	2276
2.4.1	2181
2.4.2	2018
2.4.3	1970
2.4.4	1849
2.5.0	1783
2.6.0	1569
2.6.1	1537
2.6.2	1490
2.6.3	1585
2.7.0	1230
2.7.1	1066
2.7.2	832
2.7.3	739
2.7.4	674
3.0.0	556
3.1.0	177
3.1.1	136
3.1.2	151
