version	total
0.1.20160301181511	5562
0.1.20160318153100	5660
0.1.20160331153549	5551
0.1.20160412193510	5054
0.1.20160517202250	8144
0.1.20161031135838	5477
0.1.20161123074954	6474
0.1.20170818194607	5420
0.1.20171010180436	5521
0.1.20171211211613	6931
1.2.0.20180905185317	5075
1.2.0.20181108215719	5021
1.2.0.20181109162613	5107
1.2.0.20181121194423	5040
1.2.1	5147
1.3.0.20181130020805	4920
1.3.0.20190205182514	4775
1.3.0.20190221150417	2562
1.3.1.20190301150258	6540
1.3.1.20190402172810	5313
1.3.2.20190402172810	5240
1.3.3.20190402172810	5326
1.4.0	5413
1.4.1	4913
1.4.2	4686
1.4.3	4579
2.0.0	4481
2.0.1	4610
2.0.2	2837
2.0.3	2617
2.0.3.1	2785
2.0.4	2693
2.1.0	2647
2.1.1	2723
2.1.2	2641
2.2.0	2593
2.2.1	2533
2.2.2	2536
2.3.0	2475
2.3.1	2437
2.3.2	2422
2.3.3	2271
2.4.0	2242
2.4.1	2146
2.4.2	1983
2.4.3	1935
2.4.4	1815
2.5.0	1748
2.6.0	1534
2.6.1	1503
2.6.2	1453
2.6.3	1541
2.7.0	1196
2.7.1	1031
2.7.2	797
2.7.3	704
2.7.4	637
3.0.0	506
3.1.0	140
3.1.1	99
3.1.2	111
