version	total
0.1.20160301181511	5659
0.1.20160318153100	5761
0.1.20160331153549	5647
0.1.20160412193510	5076
0.1.20160517202250	8258
0.1.20161031135838	5523
0.1.20161123074954	6569
0.1.20170818194607	5471
0.1.20171010180436	5620
0.1.20171211211613	7011
1.2.0.20180905185317	5174
1.2.0.20181108215719	5102
1.2.0.20181109162613	5204
1.2.0.20181121194423	5135
1.2.1	5242
1.3.0.20181130020805	4960
1.3.0.20190205182514	4808
1.3.0.20190221150417	2579
1.3.1.20190301150258	6643
1.3.1.20190402172810	5422
1.3.2.20190402172810	5366
1.3.3.20190402172810	5452
1.4.0	5541
1.4.1	5041
1.4.2	4811
1.4.3	4703
2.0.0	4607
2.0.1	4738
2.0.2	2928
2.0.3	2708
2.0.3.1	2877
2.0.4	2783
2.1.0	2737
2.1.1	2814
2.1.2	2731
2.2.0	2685
2.2.1	2623
2.2.2	2627
2.3.0	2566
2.3.1	2527
2.3.2	2512
2.3.3	2362
2.4.0	2332
2.4.1	2236
2.4.2	2074
2.4.3	2027
2.4.4	1905
2.5.0	1838
2.6.0	1625
2.6.1	1592
2.6.2	1546
2.6.3	1647
2.7.0	1285
2.7.1	1122
2.7.2	888
2.7.3	795
2.7.4	732
3.0.0	622
3.1.0	236
3.1.1	194
3.1.2	217
3.2.0	30
