version	total
1.0.20160323	5512
1.0.20160311144647	5538
1.0.20160314171956	5426
1.0.20160318143738	5636
1.0.20160401183214	5416
1.0.20160406195023	5365
1.0.20160411202258	5564
1.0.20160421150319	5603
1.0.20160502202716	6894
1.0.20160715171107	9586
1.0.20161031135838	5221
1.0.20161123235904	5759
1.0.20161230191227	5821
1.0.20170216151734	5697
1.0.20170327202303	5693
1.0.20170414202629	5922
1.0.20170914161842	5508
1.0.20171010180436	5856
1.0.20171211211613	5239
1.0.20180216164101	6915
1.3.0.20181218191458	5197
1.3.0.20190206223817	2960
1.3.0.20190221150417	2823
1.3.1.20190301150258	5901
1.3.1.20190419203205	5390
1.3.2.20190419203205	5386
1.3.3.20190419203205	4971
1.4.0	2815
1.4.1	2875
1.4.2	2799
1.4.3	2840
2.0.0	3092
2.0.1	2749
2.0.2	2954
2.0.3	2748
2.0.3.1	3388
2.0.4	2788
2.6.3	1310
2.7.0	1233
3.1.2	74
