version	total
1.0.20160323	5442
1.0.20160311144647	5472
1.0.20160314171956	5389
1.0.20160318143738	5567
1.0.20160401183214	5389
1.0.20160406195023	5348
1.0.20160411202258	5497
1.0.20160421150319	5535
1.0.20160502202716	6826
1.0.20160715171107	9570
1.0.20161031135838	5206
1.0.20161123235904	5690
1.0.20161230191227	5755
1.0.20170216151734	5629
1.0.20170327202303	5626
1.0.20170414202629	5853
1.0.20170914161842	5485
1.0.20171010180436	5826
1.0.20171211211613	5225
1.0.20180216164101	6836
1.3.0.20181218191458	5127
1.3.0.20190206223817	2896
1.3.0.20190221150417	2760
1.3.1.20190301150258	5807
1.3.1.20190419203205	5304
1.3.2.20190419203205	5291
1.3.3.20190419203205	4926
1.4.0	2761
1.4.1	2822
1.4.2	2744
1.4.3	2787
2.0.0	3034
2.0.1	2691
2.0.2	2896
2.0.3	2690
2.0.3.1	3311
2.0.4	2729
2.6.3	1246
2.7.0	1164
3.1.2	51
