version	total
0.1.20160301181511	5728
0.1.20160318153100	5828
0.1.20160331153549	5714
0.1.20160412193510	5091
0.1.20160517202250	8340
0.1.20161031135838	5548
0.1.20161123074954	6636
0.1.20170818194607	5497
0.1.20171010180436	5686
0.1.20171211211613	7050
1.2.0.20180905185317	5240
1.2.0.20181108215719	5127
1.2.0.20181109162613	5271
1.2.0.20181121194423	5201
1.2.1	5310
1.3.0.20181130020805	4982
1.3.0.20190205182514	4829
1.3.0.20190221150417	2590
1.3.1.20190301150258	6708
1.3.1.20190402172810	5468
1.3.2.20190402172810	5452
1.3.3.20190402172810	5537
1.4.0	5624
1.4.1	5125
1.4.2	4897
1.4.3	4786
2.0.0	4694
2.0.1	4826
2.0.2	2990
2.0.3	2771
2.0.3.1	2940
2.0.4	2845
2.1.0	2800
2.1.1	2877
2.1.2	2794
2.2.0	2748
2.2.1	2687
2.2.2	2689
2.3.0	2629
2.3.1	2590
2.3.2	2575
2.3.3	2424
2.4.0	2395
2.4.1	2297
2.4.2	2137
2.4.3	2090
2.4.4	1968
2.5.0	1897
2.6.0	1687
2.6.1	1654
2.6.2	1609
2.6.3	1724
2.7.0	1347
2.7.1	1184
2.7.2	950
2.7.3	857
2.7.4	799
3.0.0	707
3.1.0	302
3.1.1	260
3.1.2	282
3.2.0	49
