version	total
1.0.20160323	5294
1.0.20160311144647	5321
1.0.20160314171956	5284
1.0.20160318143738	5419
1.0.20160401183214	5285
1.0.20160406195023	5255
1.0.20160411202258	5349
1.0.20160421150319	5390
1.0.20160502202716	6682
1.0.20160715171107	9471
1.0.20161031135838	5118
1.0.20161123235904	5550
1.0.20161230191227	5608
1.0.20170216151734	5483
1.0.20170327202303	5478
1.0.20170414202629	5711
1.0.20170914161842	5386
1.0.20171010180436	5676
1.0.20171211211613	5137
1.0.20180216164101	6622
1.3.0.20181218191458	4992
1.3.0.20190206223817	2777
1.3.0.20190221150417	2639
1.3.1.20190301150258	5582
1.3.1.20190419203205	5089
1.3.2.20190419203205	5066
1.3.3.20190419203205	4772
1.4.0	2650
1.4.1	2707
1.4.2	2630
1.4.3	2672
2.0.0	2917
2.0.1	2577
2.0.2	2782
2.0.3	2574
2.0.3.1	3137
2.0.4	2600
2.6.3	1128
2.7.0	1037
