version	total
0.1.20160301181511	5632
0.1.20160318153100	5733
0.1.20160331153549	5621
0.1.20160412193510	5072
0.1.20160517202250	8229
0.1.20161031135838	5506
0.1.20161123074954	6543
0.1.20170818194607	5454
0.1.20171010180436	5592
0.1.20171211211613	6991
1.2.0.20180905185317	5145
1.2.0.20181108215719	5084
1.2.0.20181109162613	5177
1.2.0.20181121194423	5107
1.2.1	5215
1.3.0.20181130020805	4944
1.3.0.20190205182514	4802
1.3.0.20190221150417	2576
1.3.1.20190301150258	6624
1.3.1.20190402172810	5398
1.3.2.20190402172810	5331
1.3.3.20190402172810	5419
1.4.0	5508
1.4.1	5008
1.4.2	4778
1.4.3	4672
2.0.0	4574
2.0.1	4705
2.0.2	2902
2.0.3	2682
2.0.3.1	2851
2.0.4	2757
2.1.0	2712
2.1.1	2788
2.1.2	2705
2.2.0	2659
2.2.1	2598
2.2.2	2601
2.3.0	2540
2.3.1	2501
2.3.2	2486
2.3.3	2336
2.4.0	2306
2.4.1	2210
2.4.2	2048
2.4.3	2000
2.4.4	1879
2.5.0	1813
2.6.0	1599
2.6.1	1567
2.6.2	1520
2.6.3	1619
2.7.0	1260
2.7.1	1096
2.7.2	862
2.7.3	769
2.7.4	706
3.0.0	594
3.1.0	210
3.1.1	169
3.1.2	189
3.2.0	9
