version	total
0.1.20160301181511	5725
0.1.20160318153100	5825
0.1.20160331153549	5711
0.1.20160412193510	5091
0.1.20160517202250	8337
0.1.20161031135838	5545
0.1.20161123074954	6633
0.1.20170818194607	5494
0.1.20171010180436	5683
0.1.20171211211613	7047
1.2.0.20180905185317	5237
1.2.0.20181108215719	5124
1.2.0.20181109162613	5268
1.2.0.20181121194423	5198
1.2.1	5307
1.3.0.20181130020805	4979
1.3.0.20190205182514	4828
1.3.0.20190221150417	2589
1.3.1.20190301150258	6708
1.3.1.20190402172810	5465
1.3.2.20190402172810	5449
1.3.3.20190402172810	5534
1.4.0	5622
1.4.1	5123
1.4.2	4895
1.4.3	4784
2.0.0	4692
2.0.1	4824
2.0.2	2987
2.0.3	2768
2.0.3.1	2936
2.0.4	2843
2.1.0	2796
2.1.1	2873
2.1.2	2790
2.2.0	2744
2.2.1	2683
2.2.2	2686
2.3.0	2625
2.3.1	2586
2.3.2	2571
2.3.3	2420
2.4.0	2391
2.4.1	2293
2.4.2	2133
2.4.3	2086
2.4.4	1964
2.5.0	1894
2.6.0	1683
2.6.1	1650
2.6.2	1605
2.6.3	1719
2.7.0	1343
2.7.1	1180
2.7.2	946
2.7.3	853
2.7.4	795
3.0.0	702
3.1.0	298
3.1.1	256
3.1.2	278
3.2.0	48
