version	total
1.0.20160323	5290
1.0.20160311144647	5317
1.0.20160314171956	5282
1.0.20160318143738	5416
1.0.20160401183214	5283
1.0.20160406195023	5252
1.0.20160411202258	5345
1.0.20160421150319	5386
1.0.20160502202716	6680
1.0.20160715171107	9468
1.0.20161031135838	5117
1.0.20161123235904	5548
1.0.20161230191227	5604
1.0.20170216151734	5479
1.0.20170327202303	5476
1.0.20170414202629	5708
1.0.20170914161842	5384
1.0.20171010180436	5676
1.0.20171211211613	5136
1.0.20180216164101	6618
1.3.0.20181218191458	4988
1.3.0.20190206223817	2774
1.3.0.20190221150417	2635
1.3.1.20190301150258	5578
1.3.1.20190419203205	5087
1.3.2.20190419203205	5064
1.3.3.20190419203205	4772
1.4.0	2648
1.4.1	2705
1.4.2	2628
1.4.3	2670
2.0.0	2915
2.0.1	2575
2.0.2	2780
2.0.3	2572
2.0.3.1	3133
2.0.4	2598
2.6.3	1126
2.7.0	1035
