version	total
1.0.20160323	5429
1.0.20160311144647	5459
1.0.20160314171956	5388
1.0.20160318143738	5554
1.0.20160401183214	5388
1.0.20160406195023	5347
1.0.20160411202258	5484
1.0.20160421150319	5522
1.0.20160502202716	6813
1.0.20160715171107	9569
1.0.20161031135838	5205
1.0.20161123235904	5678
1.0.20161230191227	5742
1.0.20170216151734	5616
1.0.20170327202303	5614
1.0.20170414202629	5840
1.0.20170914161842	5484
1.0.20171010180436	5823
1.0.20171211211613	5224
1.0.20180216164101	6822
1.3.0.20181218191458	5113
1.3.0.20190206223817	2881
1.3.0.20190221150417	2745
1.3.1.20190301150258	5792
1.3.1.20190419203205	5290
1.3.2.20190419203205	5277
1.3.3.20190419203205	4923
1.4.0	2748
1.4.1	2809
1.4.2	2731
1.4.3	2774
2.0.0	3020
2.0.1	2677
2.0.2	2882
2.0.3	2676
2.0.3.1	3293
2.0.4	2715
2.6.3	1232
2.7.0	1150
3.1.2	42
