version	total
1.0.20160323	5581
1.0.20160311144647	5603
1.0.20160314171956	5452
1.0.20160318143738	5702
1.0.20160401183214	5440
1.0.20160406195023	5383
1.0.20160411202258	5634
1.0.20160421150319	5672
1.0.20160502202716	6958
1.0.20160715171107	9606
1.0.20161031135838	5237
1.0.20161123235904	5815
1.0.20161230191227	5890
1.0.20170216151734	5766
1.0.20170327202303	5758
1.0.20170414202629	5987
1.0.20170914161842	5530
1.0.20171010180436	5888
1.0.20171211211613	5255
1.0.20180216164101	6995
1.3.0.20181218191458	5262
1.3.0.20190206223817	3022
1.3.0.20190221150417	2887
1.3.1.20190301150258	5986
1.3.1.20190419203205	5432
1.3.2.20190419203205	5463
1.3.3.20190419203205	5004
1.4.0	2836
1.4.1	2897
1.4.2	2819
1.4.3	2862
2.0.0	3116
2.0.1	2773
2.0.2	2978
2.0.3	2772
2.0.3.1	3464
2.0.4	2813
2.6.3	1371
2.7.0	1298
3.1.2	95
