version	total
1.0.20160323	5504
1.0.20160311144647	5532
1.0.20160314171956	5422
1.0.20160318143738	5628
1.0.20160401183214	5414
1.0.20160406195023	5365
1.0.20160411202258	5558
1.0.20160421150319	5596
1.0.20160502202716	6886
1.0.20160715171107	9586
1.0.20161031135838	5221
1.0.20161123235904	5751
1.0.20161230191227	5815
1.0.20170216151734	5691
1.0.20170327202303	5685
1.0.20170414202629	5914
1.0.20170914161842	5506
1.0.20171010180436	5856
1.0.20171211211613	5239
1.0.20180216164101	6908
1.3.0.20181218191458	5190
1.3.0.20190206223817	2952
1.3.0.20190221150417	2816
1.3.1.20190301150258	5894
1.3.1.20190419203205	5383
1.3.2.20190419203205	5378
1.3.3.20190419203205	4970
1.4.0	2810
1.4.1	2870
1.4.2	2793
1.4.3	2835
2.0.0	3086
2.0.1	2742
2.0.2	2947
2.0.3	2741
2.0.3.1	3381
2.0.4	2780
2.6.3	1302
2.7.0	1225
3.1.2	72
