version	total
0.1.20160301181511	5468
0.1.20160318153100	5563
0.1.20160331153549	5459
0.1.20160412193510	4987
0.1.20160517202250	7984
0.1.20161031135838	5403
0.1.20161123074954	6373
0.1.20170818194607	5344
0.1.20171010180436	5424
0.1.20171211211613	6783
1.2.0.20180905185317	4982
1.2.0.20181108215719	4929
1.2.0.20181109162613	5010
1.2.0.20181121194423	4950
1.2.1	5049
1.3.0.20181130020805	4860
1.3.0.20190205182514	4687
1.3.0.20190221150417	2516
1.3.1.20190301150258	6279
1.3.1.20190402172810	5155
1.3.2.20190402172810	5083
1.3.3.20190402172810	5166
1.4.0	5257
1.4.1	4754
1.4.2	4530
1.4.3	4421
2.0.0	4327
2.0.1	4439
2.0.2	2765
2.0.3	2544
2.0.3.1	2713
2.0.4	2622
2.1.0	2576
2.1.1	2652
2.1.2	2569
2.2.0	2521
2.2.1	2466
2.2.2	2465
2.3.0	2403
2.3.1	2366
2.3.2	2352
2.3.3	2202
2.4.0	2169
2.4.1	2074
2.4.2	1914
2.4.3	1864
2.4.4	1742
2.5.0	1675
2.6.0	1463
2.6.1	1432
2.6.2	1380
2.6.3	1429
2.7.0	1124
2.7.1	958
2.7.2	725
2.7.3	630
2.7.4	557
3.0.0	371
3.1.0	56
