version	total
1.0.20160323	5488
1.0.20160311144647	5516
1.0.20160314171956	5412
1.0.20160318143738	5613
1.0.20160401183214	5407
1.0.20160406195023	5362
1.0.20160411202258	5541
1.0.20160421150319	5580
1.0.20160502202716	6870
1.0.20160715171107	9583
1.0.20161031135838	5218
1.0.20161123235904	5735
1.0.20161230191227	5799
1.0.20170216151734	5675
1.0.20170327202303	5670
1.0.20170414202629	5898
1.0.20170914161842	5501
1.0.20171010180436	5850
1.0.20171211211613	5236
1.0.20180216164101	6890
1.3.0.20181218191458	5174
1.3.0.20190206223817	2937
1.3.0.20190221150417	2802
1.3.1.20190301150258	5870
1.3.1.20190419203205	5363
1.3.2.20190419203205	5355
1.3.3.20190419203205	4956
1.4.0	2799
1.4.1	2860
1.4.2	2782
1.4.3	2825
2.0.0	3073
2.0.1	2730
2.0.2	2935
2.0.3	2728
2.0.3.1	3361
2.0.4	2769
2.6.3	1287
2.7.0	1209
3.1.2	66
