version	total
0.1.20160301181511	5623
0.1.20160318153100	5724
0.1.20160331153549	5612
0.1.20160412193510	5070
0.1.20160517202250	8218
0.1.20161031135838	5497
0.1.20161123074954	6534
0.1.20170818194607	5445
0.1.20171010180436	5583
0.1.20171211211613	6980
1.2.0.20180905185317	5137
1.2.0.20181108215719	5076
1.2.0.20181109162613	5169
1.2.0.20181121194423	5099
1.2.1	5206
1.3.0.20181130020805	4936
1.3.0.20190205182514	4800
1.3.0.20190221150417	2575
1.3.1.20190301150258	6618
1.3.1.20190402172810	5388
1.3.2.20190402172810	5320
1.3.3.20190402172810	5408
1.4.0	5498
1.4.1	4998
1.4.2	4768
1.4.3	4662
2.0.0	4564
2.0.1	4695
2.0.2	2894
2.0.3	2674
2.0.3.1	2843
2.0.4	2749
2.1.0	2704
2.1.1	2780
2.1.2	2697
2.2.0	2651
2.2.1	2590
2.2.2	2593
2.3.0	2532
2.3.1	2493
2.3.2	2478
2.3.3	2328
2.4.0	2298
2.4.1	2202
2.4.2	2040
2.4.3	1992
2.4.4	1871
2.5.0	1805
2.6.0	1591
2.6.1	1559
2.6.2	1511
2.6.3	1610
2.7.0	1252
2.7.1	1088
2.7.2	854
2.7.3	761
2.7.4	696
3.0.0	581
3.1.0	199
3.1.1	158
3.1.2	178
