version	total
0.1.20160301181511	5593
0.1.20160318153100	5694
0.1.20160331153549	5583
0.1.20160412193510	5063
0.1.20160517202250	8183
0.1.20161031135838	5486
0.1.20161123074954	6505
0.1.20170818194607	5430
0.1.20171010180436	5552
0.1.20171211211613	6955
1.2.0.20180905185317	5106
1.2.0.20181108215719	5051
1.2.0.20181109162613	5139
1.2.0.20181121194423	5071
1.2.1	5178
1.3.0.20181130020805	4926
1.3.0.20190205182514	4789
1.3.0.20190221150417	2570
1.3.1.20190301150258	6576
1.3.1.20190402172810	5352
1.3.2.20190402172810	5281
1.3.3.20190402172810	5367
1.4.0	5457
1.4.1	4956
1.4.2	4728
1.4.3	4621
2.0.0	4523
2.0.1	4652
2.0.2	2869
2.0.3	2649
2.0.3.1	2816
2.0.4	2725
2.1.0	2679
2.1.1	2756
2.1.2	2673
2.2.0	2626
2.2.1	2565
2.2.2	2568
2.3.0	2507
2.3.1	2469
2.3.2	2454
2.3.3	2303
2.4.0	2274
2.4.1	2178
2.4.2	2015
2.4.3	1967
2.4.4	1847
2.5.0	1780
2.6.0	1567
2.6.1	1535
2.6.2	1487
2.6.3	1581
2.7.0	1227
2.7.1	1063
2.7.2	829
2.7.3	736
2.7.4	671
3.0.0	552
3.1.0	174
3.1.1	134
3.1.2	147
