version	total
0.1.20160301181511	5655
0.1.20160318153100	5756
0.1.20160331153549	5643
0.1.20160412193510	5075
0.1.20160517202250	8254
0.1.20161031135838	5521
0.1.20161123074954	6565
0.1.20170818194607	5468
0.1.20171010180436	5615
0.1.20171211211613	7009
1.2.0.20180905185317	5168
1.2.0.20181108215719	5098
1.2.0.20181109162613	5200
1.2.0.20181121194423	5130
1.2.1	5237
1.3.0.20181130020805	4958
1.3.0.20190205182514	4807
1.3.0.20190221150417	2578
1.3.1.20190301150258	6642
1.3.1.20190402172810	5419
1.3.2.20190402172810	5361
1.3.3.20190402172810	5448
1.4.0	5537
1.4.1	5037
1.4.2	4807
1.4.3	4699
2.0.0	4603
2.0.1	4734
2.0.2	2924
2.0.3	2704
2.0.3.1	2873
2.0.4	2779
2.1.0	2733
2.1.1	2810
2.1.2	2727
2.2.0	2681
2.2.1	2619
2.2.2	2623
2.3.0	2562
2.3.1	2523
2.3.2	2508
2.3.3	2358
2.4.0	2328
2.4.1	2232
2.4.2	2070
2.4.3	2022
2.4.4	1901
2.5.0	1834
2.6.0	1621
2.6.1	1588
2.6.2	1542
2.6.3	1643
2.7.0	1281
2.7.1	1118
2.7.2	884
2.7.3	791
2.7.4	728
3.0.0	618
3.1.0	232
3.1.1	190
3.1.2	213
3.2.0	29
