version	total
0.1.20160301181511	5648
0.1.20160318153100	5749
0.1.20160331153549	5636
0.1.20160412193510	5075
0.1.20160517202250	8247
0.1.20161031135838	5518
0.1.20161123074954	6558
0.1.20170818194607	5465
0.1.20171010180436	5608
0.1.20171211211613	7006
1.2.0.20180905185317	5161
1.2.0.20181108215719	5095
1.2.0.20181109162613	5193
1.2.0.20181121194423	5123
1.2.1	5230
1.3.0.20181130020805	4955
1.3.0.20190205182514	4807
1.3.0.20190221150417	2578
1.3.1.20190301150258	6642
1.3.1.20190402172810	5416
1.3.2.20190402172810	5353
1.3.3.20190402172810	5440
1.4.0	5530
1.4.1	5030
1.4.2	4800
1.4.3	4692
2.0.0	4596
2.0.1	4727
2.0.2	2917
2.0.3	2697
2.0.3.1	2866
2.0.4	2772
2.1.0	2726
2.1.1	2803
2.1.2	2720
2.2.0	2674
2.2.1	2612
2.2.2	2616
2.3.0	2555
2.3.1	2516
2.3.2	2501
2.3.3	2351
2.4.0	2321
2.4.1	2225
2.4.2	2063
2.4.3	2015
2.4.4	1894
2.5.0	1827
2.6.0	1614
2.6.1	1581
2.6.2	1535
2.6.3	1636
2.7.0	1274
2.7.1	1111
2.7.2	877
2.7.3	784
2.7.4	721
3.0.0	611
3.1.0	225
3.1.1	183
3.1.2	205
3.2.0	29
