version	total
0.1.20160301181511	5737
0.1.20160318153100	5837
0.1.20160331153549	5723
0.1.20160412193510	5093
0.1.20160517202250	8352
0.1.20161031135838	5550
0.1.20161123074954	6647
0.1.20170818194607	5499
0.1.20171010180436	5694
0.1.20171211211613	7054
1.2.0.20180905185317	5249
1.2.0.20181108215719	5129
1.2.0.20181109162613	5280
1.2.0.20181121194423	5210
1.2.1	5318
1.3.0.20181130020805	4983
1.3.0.20190205182514	4831
1.3.0.20190221150417	2591
1.3.1.20190301150258	6714
1.3.1.20190402172810	5471
1.3.2.20190402172810	5461
1.3.3.20190402172810	5546
1.4.0	5634
1.4.1	5135
1.4.2	4907
1.4.3	4796
2.0.0	4704
2.0.1	4836
2.0.2	2998
2.0.3	2779
2.0.3.1	2948
2.0.4	2853
2.1.0	2808
2.1.1	2885
2.1.2	2802
2.2.0	2756
2.2.1	2695
2.2.2	2697
2.3.0	2637
2.3.1	2598
2.3.2	2583
2.3.3	2432
2.4.0	2403
2.4.1	2305
2.4.2	2145
2.4.3	2098
2.4.4	1976
2.5.0	1905
2.6.0	1695
2.6.1	1662
2.6.2	1617
2.6.3	1733
2.7.0	1355
2.7.1	1192
2.7.2	958
2.7.3	865
2.7.4	807
3.0.0	716
3.1.0	310
3.1.1	268
3.1.2	290
3.2.0	55
