version	total
1.0.20160323	5446
1.0.20160311144647	5476
1.0.20160314171956	5390
1.0.20160318143738	5571
1.0.20160401183214	5390
1.0.20160406195023	5349
1.0.20160411202258	5501
1.0.20160421150319	5539
1.0.20160502202716	6830
1.0.20160715171107	9571
1.0.20161031135838	5209
1.0.20161123235904	5694
1.0.20161230191227	5759
1.0.20170216151734	5633
1.0.20170327202303	5630
1.0.20170414202629	5857
1.0.20170914161842	5486
1.0.20171010180436	5828
1.0.20171211211613	5226
1.0.20180216164101	6841
1.3.0.20181218191458	5131
1.3.0.20190206223817	2901
1.3.0.20190221150417	2765
1.3.1.20190301150258	5813
1.3.1.20190419203205	5310
1.3.2.20190419203205	5297
1.3.3.20190419203205	4929
1.4.0	2766
1.4.1	2827
1.4.2	2749
1.4.3	2792
2.0.0	3039
2.0.1	2696
2.0.2	2901
2.0.3	2695
2.0.3.1	3318
2.0.4	2734
2.6.3	1251
2.7.0	1170
3.1.2	53
