version	total
1.0.20160323	5374
1.0.20160311144647	5404
1.0.20160314171956	5366
1.0.20160318143738	5501
1.0.20160401183214	5368
1.0.20160406195023	5326
1.0.20160411202258	5430
1.0.20160421150319	5471
1.0.20160502202716	6762
1.0.20160715171107	9545
1.0.20161031135838	5183
1.0.20161123235904	5628
1.0.20161230191227	5688
1.0.20170216151734	5562
1.0.20170327202303	5562
1.0.20170414202629	5789
1.0.20170914161842	5463
1.0.20171010180436	5779
1.0.20171211211613	5202
1.0.20180216164101	6749
1.3.0.20181218191458	5065
1.3.0.20190206223817	2838
1.3.0.20190221150417	2700
1.3.1.20190301150258	5715
1.3.1.20190419203205	5221
1.3.2.20190419203205	5203
1.3.3.20190419203205	4876
1.4.0	2709
1.4.1	2769
1.4.2	2691
1.4.3	2733
2.0.0	2978
2.0.1	2636
2.0.2	2841
2.0.3	2635
2.0.3.1	3232
2.0.4	2676
2.6.3	1190
2.7.0	1108
