version	total
0.1.20160301181511	5566
0.1.20160318153100	5664
0.1.20160331153549	5555
0.1.20160412193510	5055
0.1.20160517202250	8149
0.1.20161031135838	5478
0.1.20161123074954	6478
0.1.20170818194607	5421
0.1.20171010180436	5525
0.1.20171211211613	6933
1.2.0.20180905185317	5079
1.2.0.20181108215719	5024
1.2.0.20181109162613	5111
1.2.0.20181121194423	5044
1.2.1	5151
1.3.0.20181130020805	4921
1.3.0.20190205182514	4777
1.3.0.20190221150417	2563
1.3.1.20190301150258	6546
1.3.1.20190402172810	5318
1.3.2.20190402172810	5246
1.3.3.20190402172810	5332
1.4.0	5419
1.4.1	4920
1.4.2	4692
1.4.3	4585
2.0.0	4487
2.0.1	4616
2.0.2	2841
2.0.3	2621
2.0.3.1	2789
2.0.4	2697
2.1.0	2651
2.1.1	2727
2.1.2	2645
2.2.0	2597
2.2.1	2537
2.2.2	2540
2.3.0	2479
2.3.1	2441
2.3.2	2426
2.3.3	2275
2.4.0	2246
2.4.1	2150
2.4.2	1987
2.4.3	1939
2.4.4	1819
2.5.0	1752
2.6.0	1538
2.6.1	1507
2.6.2	1458
2.6.3	1546
2.7.0	1200
2.7.1	1035
2.7.2	801
2.7.3	708
2.7.4	641
3.0.0	511
3.1.0	144
3.1.1	103
3.1.2	115
