version	total
0.1.20160301181511	5678
0.1.20160318153100	5780
0.1.20160331153549	5666
0.1.20160412193510	5080
0.1.20160517202250	8280
0.1.20161031135838	5527
0.1.20161123074954	6588
0.1.20170818194607	5475
0.1.20171010180436	5640
0.1.20171211211613	7018
1.2.0.20180905185317	5193
1.2.0.20181108215719	5106
1.2.0.20181109162613	5223
1.2.0.20181121194423	5154
1.2.1	5261
1.3.0.20181130020805	4963
1.3.0.20190205182514	4815
1.3.0.20190221150417	2583
1.3.1.20190301150258	6662
1.3.1.20190402172810	5432
1.3.2.20190402172810	5391
1.3.3.20190402172810	5477
1.4.0	5565
1.4.1	5066
1.4.2	4837
1.4.3	4728
2.0.0	4632
2.0.1	4765
2.0.2	2947
2.0.3	2727
2.0.3.1	2896
2.0.4	2802
2.1.0	2756
2.1.1	2833
2.1.2	2750
2.2.0	2704
2.2.1	2642
2.2.2	2646
2.3.0	2585
2.3.1	2546
2.3.2	2531
2.3.3	2381
2.4.0	2351
2.4.1	2254
2.4.2	2093
2.4.3	2046
2.4.4	1924
2.5.0	1857
2.6.0	1644
2.6.1	1611
2.6.2	1565
2.6.3	1671
2.7.0	1304
2.7.1	1141
2.7.2	907
2.7.3	814
2.7.4	754
3.0.0	650
3.1.0	256
3.1.1	214
3.1.2	238
3.2.0	36
