version	total
1.0.20160323	5359
1.0.20160311144647	5387
1.0.20160314171956	5350
1.0.20160318143738	5483
1.0.20160401183214	5351
1.0.20160406195023	5311
1.0.20160411202258	5415
1.0.20160421150319	5455
1.0.20160502202716	6746
1.0.20160715171107	9529
1.0.20161031135838	5165
1.0.20161123235904	5613
1.0.20161230191227	5672
1.0.20170216151734	5547
1.0.20170327202303	5543
1.0.20170414202629	5773
1.0.20170914161842	5448
1.0.20171010180436	5747
1.0.20171211211613	5186
1.0.20180216164101	6717
1.3.0.20181218191458	5050
1.3.0.20190206223817	2829
1.3.0.20190221150417	2691
1.3.1.20190301150258	5680
1.3.1.20190419203205	5186
1.3.2.20190419203205	5169
1.3.3.20190419203205	4840
1.4.0	2699
1.4.1	2759
1.4.2	2682
1.4.3	2723
2.0.0	2968
2.0.1	2627
2.0.2	2832
2.0.3	2626
2.0.3.1	3212
2.0.4	2656
2.6.3	1181
2.7.0	1097
