version	total
1.0.20160323	5423
1.0.20160311144647	5453
1.0.20160314171956	5386
1.0.20160318143738	5548
1.0.20160401183214	5386
1.0.20160406195023	5345
1.0.20160411202258	5478
1.0.20160421150319	5516
1.0.20160502202716	6807
1.0.20160715171107	9567
1.0.20161031135838	5203
1.0.20161123235904	5672
1.0.20161230191227	5736
1.0.20170216151734	5610
1.0.20170327202303	5608
1.0.20170414202629	5834
1.0.20170914161842	5482
1.0.20171010180436	5819
1.0.20171211211613	5222
1.0.20180216164101	6814
1.3.0.20181218191458	5107
1.3.0.20190206223817	2876
1.3.0.20190221150417	2740
1.3.1.20190301150258	5781
1.3.1.20190419203205	5280
1.3.2.20190419203205	5267
1.3.3.20190419203205	4917
1.4.0	2743
1.4.1	2803
1.4.2	2726
1.4.3	2769
2.0.0	3015
2.0.1	2672
2.0.2	2877
2.0.3	2671
2.0.3.1	3287
2.0.4	2710
2.6.3	1227
2.7.0	1145
3.1.2	40
