version	total
0.1.20160301181511	5532
0.1.20160318153100	5628
0.1.20160331153549	5522
0.1.20160412193510	5046
0.1.20160517202250	8104
0.1.20161031135838	5466
0.1.20161123074954	6443
0.1.20170818194607	5404
0.1.20171010180436	5488
0.1.20171211211613	6902
1.2.0.20180905185317	5045
1.2.0.20181108215719	4994
1.2.0.20181109162613	5076
1.2.0.20181121194423	5011
1.2.1	5116
1.3.0.20181130020805	4914
1.3.0.20190205182514	4765
1.3.0.20190221150417	2558
1.3.1.20190301150258	6512
1.3.1.20190402172810	5279
1.3.2.20190402172810	5203
1.3.3.20190402172810	5288
1.4.0	5377
1.4.1	4877
1.4.2	4649
1.4.3	4542
2.0.0	4446
2.0.1	4573
2.0.2	2811
2.0.3	2591
2.0.3.1	2759
2.0.4	2667
2.1.0	2621
2.1.1	2697
2.1.2	2615
2.2.0	2567
2.2.1	2507
2.2.2	2510
2.3.0	2448
2.3.1	2411
2.3.2	2396
2.3.3	2245
2.4.0	2215
2.4.1	2120
2.4.2	1957
2.4.3	1909
2.4.4	1788
2.5.0	1721
2.6.0	1508
2.6.1	1477
2.6.2	1427
2.6.3	1511
2.7.0	1170
2.7.1	1005
2.7.2	771
2.7.3	678
2.7.4	610
3.0.0	472
3.1.0	112
3.1.1	71
3.1.2	76
