version	total
0.1.20160301181511	5579
0.1.20160318153100	5678
0.1.20160331153549	5569
0.1.20160412193510	5060
0.1.20160517202250	8166
0.1.20161031135838	5483
0.1.20161123074954	6491
0.1.20170818194607	5426
0.1.20171010180436	5538
0.1.20171211211613	6945
1.2.0.20180905185317	5092
1.2.0.20181108215719	5037
1.2.0.20181109162613	5125
1.2.0.20181121194423	5057
1.2.1	5164
1.3.0.20181130020805	4924
1.3.0.20190205182514	4783
1.3.0.20190221150417	2566
1.3.1.20190301150258	6564
1.3.1.20190402172810	5335
1.3.2.20190402172810	5264
1.3.3.20190402172810	5350
1.4.0	5438
1.4.1	4938
1.4.2	4710
1.4.3	4603
2.0.0	4505
2.0.1	4634
2.0.2	2853
2.0.3	2633
2.0.3.1	2801
2.0.4	2709
2.1.0	2663
2.1.1	2739
2.1.2	2657
2.2.0	2610
2.2.1	2549
2.2.2	2552
2.3.0	2491
2.3.1	2453
2.3.2	2438
2.3.3	2287
2.4.0	2258
2.4.1	2162
2.4.2	1999
2.4.3	1951
2.4.4	1831
2.5.0	1764
2.6.0	1551
2.6.1	1519
2.6.2	1471
2.6.3	1561
2.7.0	1212
2.7.1	1047
2.7.2	813
2.7.3	720
2.7.4	653
3.0.0	526
3.1.0	156
3.1.1	115
3.1.2	126
