version	total
0.1.20160301181511	5735
0.1.20160318153100	5835
0.1.20160331153549	5721
0.1.20160412193510	5093
0.1.20160517202250	8350
0.1.20161031135838	5550
0.1.20161123074954	6644
0.1.20170818194607	5499
0.1.20171010180436	5692
0.1.20171211211613	7054
1.2.0.20180905185317	5247
1.2.0.20181108215719	5129
1.2.0.20181109162613	5278
1.2.0.20181121194423	5208
1.2.1	5316
1.3.0.20181130020805	4983
1.3.0.20190205182514	4831
1.3.0.20190221150417	2591
1.3.1.20190301150258	6714
1.3.1.20190402172810	5471
1.3.2.20190402172810	5459
1.3.3.20190402172810	5544
1.4.0	5632
1.4.1	5133
1.4.2	4905
1.4.3	4794
2.0.0	4702
2.0.1	4834
2.0.2	2996
2.0.3	2777
2.0.3.1	2946
2.0.4	2851
2.1.0	2806
2.1.1	2883
2.1.2	2800
2.2.0	2754
2.2.1	2693
2.2.2	2695
2.3.0	2635
2.3.1	2596
2.3.2	2581
2.3.3	2430
2.4.0	2401
2.4.1	2303
2.4.2	2143
2.4.3	2096
2.4.4	1974
2.5.0	1903
2.6.0	1693
2.6.1	1660
2.6.2	1615
2.6.3	1731
2.7.0	1353
2.7.1	1190
2.7.2	956
2.7.3	863
2.7.4	805
3.0.0	714
3.1.0	308
3.1.1	266
3.1.2	288
3.2.0	52
