version	total
0.1.20160301181511	5488
0.1.20160318153100	5586
0.1.20160331153549	5481
0.1.20160412193510	5002
0.1.20160517202250	8021
0.1.20161031135838	5424
0.1.20161123074954	6395
0.1.20170818194607	5363
0.1.20171010180436	5444
0.1.20171211211613	6820
1.2.0.20180905185317	5003
1.2.0.20181108215719	4949
1.2.0.20181109162613	5030
1.2.0.20181121194423	4970
1.2.1	5071
1.3.0.20181130020805	4876
1.3.0.20190205182514	4705
1.3.0.20190221150417	2527
1.3.1.20190301150258	6329
1.3.1.20190402172810	5189
1.3.2.20190402172810	5113
1.3.3.20190402172810	5195
1.4.0	5288
1.4.1	4786
1.4.2	4562
1.4.3	4451
2.0.0	4356
2.0.1	4467
2.0.2	2779
2.0.3	2560
2.0.3.1	2726
2.0.4	2636
2.1.0	2590
2.1.1	2667
2.1.2	2584
2.2.0	2536
2.2.1	2479
2.2.2	2478
2.3.0	2417
2.3.1	2379
2.3.2	2365
2.3.3	2214
2.4.0	2184
2.4.1	2088
2.4.2	1927
2.4.3	1878
2.4.4	1756
2.5.0	1689
2.6.0	1479
2.6.1	1447
2.6.2	1394
2.6.3	1454
2.7.0	1139
2.7.1	974
2.7.2	741
2.7.3	646
2.7.4	575
3.0.0	401
3.1.0	74
3.1.1	31
