version	total
0.1.20160301181511	5652
0.1.20160318153100	5753
0.1.20160331153549	5641
0.1.20160412193510	5075
0.1.20160517202250	8252
0.1.20161031135838	5519
0.1.20161123074954	6563
0.1.20170818194607	5466
0.1.20171010180436	5612
0.1.20171211211613	7007
1.2.0.20180905185317	5165
1.2.0.20181108215719	5096
1.2.0.20181109162613	5197
1.2.0.20181121194423	5127
1.2.1	5234
1.3.0.20181130020805	4956
1.3.0.20190205182514	4807
1.3.0.20190221150417	2578
1.3.1.20190301150258	6642
1.3.1.20190402172810	5417
1.3.2.20190402172810	5358
1.3.3.20190402172810	5444
1.4.0	5534
1.4.1	5034
1.4.2	4804
1.4.3	4696
2.0.0	4600
2.0.1	4731
2.0.2	2921
2.0.3	2701
2.0.3.1	2870
2.0.4	2776
2.1.0	2730
2.1.1	2807
2.1.2	2724
2.2.0	2678
2.2.1	2616
2.2.2	2620
2.3.0	2559
2.3.1	2520
2.3.2	2505
2.3.3	2355
2.4.0	2325
2.4.1	2229
2.4.2	2067
2.4.3	2019
2.4.4	1898
2.5.0	1831
2.6.0	1618
2.6.1	1585
2.6.2	1539
2.6.3	1640
2.7.0	1278
2.7.1	1115
2.7.2	881
2.7.3	788
2.7.4	725
3.0.0	615
3.1.0	229
3.1.1	187
3.1.2	210
3.2.0	29
