version	total
1.0.20160323	5606
1.0.20160311144647	5627
1.0.20160314171956	5459
1.0.20160318143738	5726
1.0.20160401183214	5448
1.0.20160406195023	5388
1.0.20160411202258	5658
1.0.20160421150319	5695
1.0.20160502202716	6983
1.0.20160715171107	9611
1.0.20161031135838	5241
1.0.20161123235904	5824
1.0.20161230191227	5914
1.0.20170216151734	5790
1.0.20170327202303	5780
1.0.20170414202629	6012
1.0.20170914161842	5537
1.0.20171010180436	5897
1.0.20171211211613	5258
1.0.20180216164101	7025
1.3.0.20181218191458	5285
1.3.0.20190206223817	3044
1.3.0.20190221150417	2908
1.3.1.20190301150258	6015
1.3.1.20190419203205	5445
1.3.2.20190419203205	5477
1.3.3.20190419203205	5013
1.4.0	2842
1.4.1	2903
1.4.2	2825
1.4.3	2868
2.0.0	3122
2.0.1	2779
2.0.2	2984
2.0.3	2778
2.0.3.1	3488
2.0.4	2820
2.6.3	1390
2.7.0	1311
3.1.2	100
