version	total
0.1.20160301181511	5740
0.1.20160318153100	5840
0.1.20160331153549	5726
0.1.20160412193510	5093
0.1.20160517202250	8355
0.1.20161031135838	5550
0.1.20161123074954	6650
0.1.20170818194607	5499
0.1.20171010180436	5697
0.1.20171211211613	7055
1.2.0.20180905185317	5252
1.2.0.20181108215719	5129
1.2.0.20181109162613	5283
1.2.0.20181121194423	5213
1.2.1	5321
1.3.0.20181130020805	4983
1.3.0.20190205182514	4831
1.3.0.20190221150417	2591
1.3.1.20190301150258	6714
1.3.1.20190402172810	5471
1.3.2.20190402172810	5464
1.3.3.20190402172810	5549
1.4.0	5637
1.4.1	5138
1.4.2	4910
1.4.3	4799
2.0.0	4707
2.0.1	4840
2.0.2	3001
2.0.3	2782
2.0.3.1	2951
2.0.4	2856
2.1.0	2811
2.1.1	2888
2.1.2	2805
2.2.0	2759
2.2.1	2698
2.2.2	2700
2.3.0	2640
2.3.1	2601
2.3.2	2586
2.3.3	2435
2.4.0	2406
2.4.1	2308
2.4.2	2148
2.4.3	2101
2.4.4	1979
2.5.0	1908
2.6.0	1698
2.6.1	1665
2.6.2	1620
2.6.3	1736
2.7.0	1358
2.7.1	1195
2.7.2	961
2.7.3	868
2.7.4	810
3.0.0	719
3.1.0	313
3.1.1	271
3.1.2	293
3.2.0	60
