version	total
0.1.20160301181511	5567
0.1.20160318153100	5665
0.1.20160331153549	5556
0.1.20160412193510	5055
0.1.20160517202250	8150
0.1.20161031135838	5478
0.1.20161123074954	6479
0.1.20170818194607	5421
0.1.20171010180436	5526
0.1.20171211211613	6934
1.2.0.20180905185317	5080
1.2.0.20181108215719	5025
1.2.0.20181109162613	5112
1.2.0.20181121194423	5045
1.2.1	5151
1.3.0.20181130020805	4921
1.3.0.20190205182514	4777
1.3.0.20190221150417	2563
1.3.1.20190301150258	6546
1.3.1.20190402172810	5319
1.3.2.20190402172810	5246
1.3.3.20190402172810	5332
1.4.0	5420
1.4.1	4921
1.4.2	4693
1.4.3	4586
2.0.0	4488
2.0.1	4617
2.0.2	2842
2.0.3	2622
2.0.3.1	2790
2.0.4	2698
2.1.0	2652
2.1.1	2728
2.1.2	2646
2.2.0	2598
2.2.1	2538
2.2.2	2541
2.3.0	2480
2.3.1	2442
2.3.2	2427
2.3.3	2276
2.4.0	2247
2.4.1	2151
2.4.2	1988
2.4.3	1940
2.4.4	1820
2.5.0	1753
2.6.0	1539
2.6.1	1508
2.6.2	1459
2.6.3	1547
2.7.0	1201
2.7.1	1036
2.7.2	802
2.7.3	709
2.7.4	642
3.0.0	512
3.1.0	145
3.1.1	104
3.1.2	116
