version	total
0.1.20160301181511	5673
0.1.20160318153100	5775
0.1.20160331153549	5661
0.1.20160412193510	5079
0.1.20160517202250	8274
0.1.20161031135838	5526
0.1.20161123074954	6583
0.1.20170818194607	5474
0.1.20171010180436	5635
0.1.20171211211613	7016
1.2.0.20180905185317	5188
1.2.0.20181108215719	5105
1.2.0.20181109162613	5218
1.2.0.20181121194423	5149
1.2.1	5256
1.3.0.20181130020805	4962
1.3.0.20190205182514	4813
1.3.0.20190221150417	2581
1.3.1.20190301150258	6656
1.3.1.20190402172810	5429
1.3.2.20190402172810	5384
1.3.3.20190402172810	5470
1.4.0	5558
1.4.1	5059
1.4.2	4829
1.4.3	4721
2.0.0	4625
2.0.1	4756
2.0.2	2941
2.0.3	2721
2.0.3.1	2890
2.0.4	2797
2.1.0	2751
2.1.1	2827
2.1.2	2744
2.2.0	2698
2.2.1	2636
2.2.2	2640
2.3.0	2580
2.3.1	2540
2.3.2	2525
2.3.3	2375
2.4.0	2346
2.4.1	2249
2.4.2	2087
2.4.3	2041
2.4.4	1919
2.5.0	1851
2.6.0	1638
2.6.1	1605
2.6.2	1560
2.6.3	1663
2.7.0	1299
2.7.1	1135
2.7.2	902
2.7.3	809
2.7.4	749
3.0.0	644
3.1.0	251
3.1.1	209
3.1.2	233
3.2.0	34
