version	total
0.1.20160301181511	5689
0.1.20160318153100	5791
0.1.20160331153549	5677
0.1.20160412193510	5084
0.1.20160517202250	8294
0.1.20161031135838	5530
0.1.20161123074954	6598
0.1.20170818194607	5479
0.1.20171010180436	5650
0.1.20171211211613	7026
1.2.0.20180905185317	5204
1.2.0.20181108215719	5111
1.2.0.20181109162613	5234
1.2.0.20181121194423	5165
1.2.1	5272
1.3.0.20181130020805	4966
1.3.0.20190205182514	4819
1.3.0.20190221150417	2585
1.3.1.20190301150258	6680
1.3.1.20190402172810	5442
1.3.2.20190402172810	5407
1.3.3.20190402172810	5491
1.4.0	5580
1.4.1	5082
1.4.2	4852
1.4.3	4744
2.0.0	4649
2.0.1	4781
2.0.2	2955
2.0.3	2736
2.0.3.1	2905
2.0.4	2811
2.1.0	2765
2.1.1	2842
2.1.2	2759
2.2.0	2713
2.2.1	2651
2.2.2	2655
2.3.0	2594
2.3.1	2555
2.3.2	2540
2.3.3	2390
2.4.0	2360
2.4.1	2263
2.4.2	2102
2.4.3	2055
2.4.4	1933
2.5.0	1865
2.6.0	1653
2.6.1	1620
2.6.2	1574
2.6.3	1684
2.7.0	1313
2.7.1	1150
2.7.2	916
2.7.3	823
2.7.4	763
3.0.0	661
3.1.0	265
3.1.1	223
3.1.2	247
3.2.0	39
