version	total
1.0.20160323	5492
1.0.20160311144647	5520
1.0.20160314171956	5416
1.0.20160318143738	5617
1.0.20160401183214	5408
1.0.20160406195023	5363
1.0.20160411202258	5545
1.0.20160421150319	5584
1.0.20160502202716	6874
1.0.20160715171107	9584
1.0.20161031135838	5219
1.0.20161123235904	5739
1.0.20161230191227	5803
1.0.20170216151734	5679
1.0.20170327202303	5674
1.0.20170414202629	5902
1.0.20170914161842	5502
1.0.20171010180436	5852
1.0.20171211211613	5237
1.0.20180216164101	6895
1.3.0.20181218191458	5178
1.3.0.20190206223817	2940
1.3.0.20190221150417	2805
1.3.1.20190301150258	5878
1.3.1.20190419203205	5372
1.3.2.20190419203205	5364
1.3.3.20190419203205	4961
1.4.0	2803
1.4.1	2864
1.4.2	2786
1.4.3	2829
2.0.0	3077
2.0.1	2734
2.0.2	2939
2.0.3	2732
2.0.3.1	3366
2.0.4	2773
2.6.3	1291
2.7.0	1213
3.1.2	68
