version	total
1.0.20160323	5435
1.0.20160311144647	5465
1.0.20160314171956	5388
1.0.20160318143738	5560
1.0.20160401183214	5388
1.0.20160406195023	5347
1.0.20160411202258	5490
1.0.20160421150319	5528
1.0.20160502202716	6819
1.0.20160715171107	9569
1.0.20161031135838	5205
1.0.20161123235904	5684
1.0.20161230191227	5748
1.0.20170216151734	5622
1.0.20170327202303	5620
1.0.20170414202629	5846
1.0.20170914161842	5484
1.0.20171010180436	5824
1.0.20171211211613	5224
1.0.20180216164101	6828
1.3.0.20181218191458	5120
1.3.0.20190206223817	2888
1.3.0.20190221150417	2752
1.3.1.20190301150258	5798
1.3.1.20190419203205	5296
1.3.2.20190419203205	5283
1.3.3.20190419203205	4923
1.4.0	2754
1.4.1	2815
1.4.2	2737
1.4.3	2780
2.0.0	3027
2.0.1	2684
2.0.2	2889
2.0.3	2683
2.0.3.1	3301
2.0.4	2722
2.6.3	1239
2.7.0	1157
3.1.2	48
