version	total
1.0.20160323	5539
1.0.20160311144647	5563
1.0.20160314171956	5434
1.0.20160318143738	5662
1.0.20160401183214	5424
1.0.20160406195023	5373
1.0.20160411202258	5592
1.0.20160421150319	5630
1.0.20160502202716	6920
1.0.20160715171107	9596
1.0.20161031135838	5229
1.0.20161123235904	5785
1.0.20161230191227	5849
1.0.20170216151734	5725
1.0.20170327202303	5720
1.0.20170414202629	5949
1.0.20170914161842	5516
1.0.20171010180436	5869
1.0.20171211211613	5246
1.0.20180216164101	6946
1.3.0.20181218191458	5223
1.3.0.20190206223817	2985
1.3.0.20190221150417	2848
1.3.1.20190301150258	5935
1.3.1.20190419203205	5404
1.3.2.20190419203205	5419
1.3.3.20190419203205	4984
1.4.0	2821
1.4.1	2881
1.4.2	2804
1.4.3	2846
2.0.0	3100
2.0.1	2757
2.0.2	2962
2.0.3	2756
2.0.3.1	3419
2.0.4	2796
2.6.3	1335
2.7.0	1261
3.1.2	82
