version	total
1.0.20160323	5495
1.0.20160311144647	5523
1.0.20160314171956	5419
1.0.20160318143738	5620
1.0.20160401183214	5410
1.0.20160406195023	5364
1.0.20160411202258	5549
1.0.20160421150319	5587
1.0.20160502202716	6877
1.0.20160715171107	9585
1.0.20161031135838	5220
1.0.20161123235904	5742
1.0.20161230191227	5806
1.0.20170216151734	5682
1.0.20170327202303	5677
1.0.20170414202629	5905
1.0.20170914161842	5504
1.0.20171010180436	5854
1.0.20171211211613	5238
1.0.20180216164101	6899
1.3.0.20181218191458	5181
1.3.0.20190206223817	2943
1.3.0.20190221150417	2808
1.3.1.20190301150258	5883
1.3.1.20190419203205	5378
1.3.2.20190419203205	5369
1.3.3.20190419203205	4966
1.4.0	2806
1.4.1	2867
1.4.2	2789
1.4.3	2832
2.0.0	3080
2.0.1	2737
2.0.2	2942
2.0.3	2735
2.0.3.1	3371
2.0.4	2776
2.6.3	1294
2.7.0	1216
3.1.2	69
