version	total
1.0.20160323	5411
1.0.20160311144647	5441
1.0.20160314171956	5383
1.0.20160318143738	5535
1.0.20160401183214	5384
1.0.20160406195023	5342
1.0.20160411202258	5466
1.0.20160421150319	5504
1.0.20160502202716	6795
1.0.20160715171107	9565
1.0.20161031135838	5200
1.0.20161123235904	5661
1.0.20161230191227	5724
1.0.20170216151734	5598
1.0.20170327202303	5596
1.0.20170414202629	5822
1.0.20170914161842	5479
1.0.20171010180436	5813
1.0.20171211211613	5219
1.0.20180216164101	6799
1.3.0.20181218191458	5096
1.3.0.20190206223817	2865
1.3.0.20190221150417	2729
1.3.1.20190301150258	5766
1.3.1.20190419203205	5266
1.3.2.20190419203205	5252
1.3.3.20190419203205	4911
1.4.0	2733
1.4.1	2793
1.4.2	2716
1.4.3	2757
2.0.0	3004
2.0.1	2661
2.0.2	2866
2.0.3	2660
2.0.3.1	3273
2.0.4	2699
2.6.3	1216
2.7.0	1134
3.1.2	36
