version	total
0.1.20160301181511	5746
0.1.20160318153100	5846
0.1.20160331153549	5732
0.1.20160412193510	5094
0.1.20160517202250	8362
0.1.20161031135838	5551
0.1.20161123074954	6656
0.1.20170818194607	5500
0.1.20171010180436	5703
0.1.20171211211613	7058
1.2.0.20180905185317	5258
1.2.0.20181108215719	5131
1.2.0.20181109162613	5289
1.2.0.20181121194423	5219
1.2.1	5328
1.3.0.20181130020805	4984
1.3.0.20190205182514	4833
1.3.0.20190221150417	2592
1.3.1.20190301150258	6720
1.3.1.20190402172810	5475
1.3.2.20190402172810	5472
1.3.3.20190402172810	5557
1.4.0	5645
1.4.1	5146
1.4.2	4918
1.4.3	4807
2.0.0	4715
2.0.1	4848
2.0.2	3007
2.0.3	2788
2.0.3.1	2957
2.0.4	2862
2.1.0	2817
2.1.1	2894
2.1.2	2811
2.2.0	2765
2.2.1	2704
2.2.2	2706
2.3.0	2646
2.3.1	2607
2.3.2	2592
2.3.3	2441
2.4.0	2412
2.4.1	2314
2.4.2	2154
2.4.3	2107
2.4.4	1985
2.5.0	1914
2.6.0	1704
2.6.1	1671
2.6.2	1626
2.6.3	1743
2.7.0	1364
2.7.1	1201
2.7.2	967
2.7.3	874
2.7.4	816
3.0.0	726
3.1.0	319
3.1.1	277
3.1.2	299
3.2.0	65
