version	total
0.1.20160301181511	5663
0.1.20160318153100	5765
0.1.20160331153549	5651
0.1.20160412193510	5077
0.1.20160517202250	8263
0.1.20161031135838	5524
0.1.20161123074954	6573
0.1.20170818194607	5472
0.1.20171010180436	5624
0.1.20171211211613	7013
1.2.0.20180905185317	5178
1.2.0.20181108215719	5103
1.2.0.20181109162613	5208
1.2.0.20181121194423	5139
1.2.1	5246
1.3.0.20181130020805	4961
1.3.0.20190205182514	4810
1.3.0.20190221150417	2580
1.3.1.20190301150258	6649
1.3.1.20190402172810	5425
1.3.2.20190402172810	5372
1.3.3.20190402172810	5458
1.4.0	5547
1.4.1	5047
1.4.2	4817
1.4.3	4710
2.0.0	4613
2.0.1	4744
2.0.2	2932
2.0.3	2712
2.0.3.1	2881
2.0.4	2787
2.1.0	2741
2.1.1	2818
2.1.2	2735
2.2.0	2689
2.2.1	2627
2.2.2	2631
2.3.0	2570
2.3.1	2531
2.3.2	2516
2.3.3	2366
2.4.0	2336
2.4.1	2240
2.4.2	2078
2.4.3	2031
2.4.4	1909
2.5.0	1842
2.6.0	1629
2.6.1	1596
2.6.2	1550
2.6.3	1652
2.7.0	1289
2.7.1	1126
2.7.2	892
2.7.3	799
2.7.4	736
3.0.0	627
3.1.0	240
3.1.1	198
3.1.2	221
3.2.0	31
