version	total
1.0.20160323	5497
1.0.20160311144647	5524
1.0.20160314171956	5421
1.0.20160318143738	5622
1.0.20160401183214	5412
1.0.20160406195023	5364
1.0.20160411202258	5550
1.0.20160421150319	5589
1.0.20160502202716	6879
1.0.20160715171107	9585
1.0.20161031135838	5220
1.0.20161123235904	5744
1.0.20161230191227	5808
1.0.20170216151734	5684
1.0.20170327202303	5679
1.0.20170414202629	5907
1.0.20170914161842	5505
1.0.20171010180436	5854
1.0.20171211211613	5238
1.0.20180216164101	6901
1.3.0.20181218191458	5183
1.3.0.20190206223817	2945
1.3.0.20190221150417	2810
1.3.1.20190301150258	5886
1.3.1.20190419203205	5380
1.3.2.20190419203205	5371
1.3.3.20190419203205	4966
1.4.0	2808
1.4.1	2869
1.4.2	2791
1.4.3	2834
2.0.0	3082
2.0.1	2739
2.0.2	2944
2.0.3	2737
2.0.3.1	3373
2.0.4	2778
2.6.3	1296
2.7.0	1219
3.1.2	70
