version	total
1.0.20160323	5377
1.0.20160311144647	5407
1.0.20160314171956	5369
1.0.20160318143738	5503
1.0.20160401183214	5371
1.0.20160406195023	5328
1.0.20160411202258	5433
1.0.20160421150319	5474
1.0.20160502202716	6765
1.0.20160715171107	9548
1.0.20161031135838	5186
1.0.20161123235904	5630
1.0.20161230191227	5691
1.0.20170216151734	5565
1.0.20170327202303	5565
1.0.20170414202629	5791
1.0.20170914161842	5465
1.0.20171010180436	5783
1.0.20171211211613	5205
1.0.20180216164101	6754
1.3.0.20181218191458	5067
1.3.0.20190206223817	2840
1.3.0.20190221150417	2703
1.3.1.20190301150258	5724
1.3.1.20190419203205	5230
1.3.2.20190419203205	5212
1.3.3.20190419203205	4885
1.4.0	2712
1.4.1	2772
1.4.2	2694
1.4.3	2736
2.0.0	2981
2.0.1	2639
2.0.2	2844
2.0.3	2638
2.0.3.1	3238
2.0.4	2678
2.6.3	1192
2.7.0	1110
3.1.2	16
