version	total
1.0.20160323	5510
1.0.20160311144647	5538
1.0.20160314171956	5425
1.0.20160318143738	5634
1.0.20160401183214	5415
1.0.20160406195023	5365
1.0.20160411202258	5564
1.0.20160421150319	5602
1.0.20160502202716	6892
1.0.20160715171107	9586
1.0.20161031135838	5221
1.0.20161123235904	5757
1.0.20161230191227	5821
1.0.20170216151734	5697
1.0.20170327202303	5691
1.0.20170414202629	5920
1.0.20170914161842	5507
1.0.20171010180436	5856
1.0.20171211211613	5239
1.0.20180216164101	6914
1.3.0.20181218191458	5196
1.3.0.20190206223817	2958
1.3.0.20190221150417	2822
1.3.1.20190301150258	5900
1.3.1.20190419203205	5389
1.3.2.20190419203205	5384
1.3.3.20190419203205	4971
1.4.0	2814
1.4.1	2874
1.4.2	2798
1.4.3	2839
2.0.0	3091
2.0.1	2748
2.0.2	2953
2.0.3	2747
2.0.3.1	3388
2.0.4	2787
2.6.3	1308
2.7.0	1231
3.1.2	74
