version	total
0.1.20160301181511	5503
0.1.20160318153100	5603
0.1.20160331153549	5495
0.1.20160412193510	5019
0.1.20160517202250	8051
0.1.20161031135838	5440
0.1.20161123074954	6412
0.1.20170818194607	5379
0.1.20171010180436	5461
0.1.20171211211613	6851
1.2.0.20180905185317	5019
1.2.0.20181108215719	4963
1.2.0.20181109162613	5047
1.2.0.20181121194423	4985
1.2.1	5087
1.3.0.20181130020805	4890
1.3.0.20190205182514	4726
1.3.0.20190221150417	2539
1.3.1.20190301150258	6393
1.3.1.20190402172810	5219
1.3.2.20190402172810	5144
1.3.3.20190402172810	5226
1.4.0	5319
1.4.1	4818
1.4.2	4591
1.4.3	4483
2.0.0	4387
2.0.1	4497
2.0.2	2791
2.0.3	2572
2.0.3.1	2738
2.0.4	2647
2.1.0	2602
2.1.1	2678
2.1.2	2596
2.2.0	2548
2.2.1	2487
2.2.2	2491
2.3.0	2429
2.3.1	2392
2.3.2	2377
2.3.3	2225
2.4.0	2196
2.4.1	2101
2.4.2	1938
2.4.3	1889
2.4.4	1768
2.5.0	1702
2.6.0	1489
2.6.1	1459
2.6.2	1406
2.6.3	1475
2.7.0	1151
2.7.1	986
2.7.2	753
2.7.3	658
2.7.4	588
3.0.0	427
3.1.0	90
3.1.1	49
3.1.2	29
