version	total
0.1.20160301181511	5483
0.1.20160318153100	5580
0.1.20160331153549	5473
0.1.20160412193510	4996
0.1.20160517202250	8009
0.1.20161031135838	5419
0.1.20161123074954	6388
0.1.20170818194607	5359
0.1.20171010180436	5438
0.1.20171211211613	6808
1.2.0.20180905185317	4996
1.2.0.20181108215719	4944
1.2.0.20181109162613	5025
1.2.0.20181121194423	4965
1.2.1	5064
1.3.0.20181130020805	4873
1.3.0.20190205182514	4699
1.3.0.20190221150417	2523
1.3.1.20190301150258	6311
1.3.1.20190402172810	5176
1.3.2.20190402172810	5104
1.3.3.20190402172810	5186
1.4.0	5277
1.4.1	4775
1.4.2	4551
1.4.3	4442
2.0.0	4347
2.0.1	4458
2.0.2	2776
2.0.3	2555
2.0.3.1	2723
2.0.4	2633
2.1.0	2587
2.1.1	2663
2.1.2	2580
2.2.0	2531
2.2.1	2475
2.2.2	2475
2.3.0	2413
2.3.1	2376
2.3.2	2362
2.3.3	2211
2.4.0	2180
2.4.1	2084
2.4.2	1924
2.4.3	1874
2.4.4	1752
2.5.0	1686
2.6.0	1475
2.6.1	1444
2.6.2	1392
2.6.3	1446
2.7.0	1136
2.7.1	970
2.7.2	737
2.7.3	642
2.7.4	571
3.0.0	392
3.1.0	70
3.1.1	24
