version	total
1.0.20160323	5364
1.0.20160311144647	5392
1.0.20160314171956	5355
1.0.20160318143738	5489
1.0.20160401183214	5356
1.0.20160406195023	5316
1.0.20160411202258	5420
1.0.20160421150319	5461
1.0.20160502202716	6751
1.0.20160715171107	9533
1.0.20161031135838	5171
1.0.20161123235904	5618
1.0.20161230191227	5677
1.0.20170216151734	5551
1.0.20170327202303	5549
1.0.20170414202629	5778
1.0.20170914161842	5452
1.0.20171010180436	5757
1.0.20171211211613	5192
1.0.20180216164101	6727
1.3.0.20181218191458	5054
1.3.0.20190206223817	2831
1.3.0.20190221150417	2693
1.3.1.20190301150258	5692
1.3.1.20190419203205	5198
1.3.2.20190419203205	5180
1.3.3.20190419203205	4852
1.4.0	2702
1.4.1	2762
1.4.2	2685
1.4.3	2726
2.0.0	2971
2.0.1	2629
2.0.2	2835
2.0.3	2628
2.0.3.1	3218
2.0.4	2669
2.6.3	1183
2.7.0	1100
