version	total
1.0.20160323	5306
1.0.20160311144647	5334
1.0.20160314171956	5297
1.0.20160318143738	5431
1.0.20160401183214	5298
1.0.20160406195023	5266
1.0.20160411202258	5362
1.0.20160421150319	5402
1.0.20160502202716	6695
1.0.20160715171107	9483
1.0.20161031135838	5124
1.0.20161123235904	5563
1.0.20161230191227	5621
1.0.20170216151734	5495
1.0.20170327202303	5491
1.0.20170414202629	5723
1.0.20170914161842	5399
1.0.20171010180436	5680
1.0.20171211211613	5145
1.0.20180216164101	6635
1.3.0.20181218191458	5005
1.3.0.20190206223817	2789
1.3.0.20190221150417	2652
1.3.1.20190301150258	5599
1.3.1.20190419203205	5104
1.3.2.20190419203205	5083
1.3.3.20190419203205	4777
1.4.0	2662
1.4.1	2720
1.4.2	2643
1.4.3	2685
2.0.0	2930
2.0.1	2590
2.0.2	2794
2.0.3	2587
2.0.3.1	3152
2.0.4	2613
2.6.3	1141
2.7.0	1049
