version	total
1.0.20160323	5394
1.0.20160311144647	5424
1.0.20160314171956	5378
1.0.20160318143738	5518
1.0.20160401183214	5379
1.0.20160406195023	5338
1.0.20160411202258	5450
1.0.20160421150319	5489
1.0.20160502202716	6780
1.0.20160715171107	9559
1.0.20161031135838	5196
1.0.20161123235904	5645
1.0.20161230191227	5708
1.0.20170216151734	5582
1.0.20170327202303	5580
1.0.20170414202629	5806
1.0.20170914161842	5474
1.0.20171010180436	5802
1.0.20171211211613	5215
1.0.20180216164101	6779
1.3.0.20181218191458	5081
1.3.0.20190206223817	2852
1.3.0.20190221150417	2716
1.3.1.20190301150258	5747
1.3.1.20190419203205	5249
1.3.2.20190419203205	5233
1.3.3.20190419203205	4901
1.4.0	2722
1.4.1	2782
1.4.2	2704
1.4.3	2746
2.0.0	2992
2.0.1	2650
2.0.2	2855
2.0.3	2649
2.0.3.1	3257
2.0.4	2688
2.6.3	1204
2.7.0	1122
3.1.2	27
