version	total
1.0.20160323	5450
1.0.20160311144647	5480
1.0.20160314171956	5392
1.0.20160318143738	5575
1.0.20160401183214	5392
1.0.20160406195023	5353
1.0.20160411202258	5505
1.0.20160421150319	5543
1.0.20160502202716	6834
1.0.20160715171107	9573
1.0.20161031135838	5211
1.0.20161123235904	5698
1.0.20161230191227	5763
1.0.20170216151734	5637
1.0.20170327202303	5635
1.0.20170414202629	5861
1.0.20170914161842	5488
1.0.20171010180436	5833
1.0.20171211211613	5228
1.0.20180216164101	6847
1.3.0.20181218191458	5137
1.3.0.20190206223817	2903
1.3.0.20190221150417	2767
1.3.1.20190301150258	5819
1.3.1.20190419203205	5315
1.3.2.20190419203205	5302
1.3.3.20190419203205	4932
1.4.0	2768
1.4.1	2829
1.4.2	2751
1.4.3	2794
2.0.0	3041
2.0.1	2698
2.0.2	2903
2.0.3	2697
2.0.3.1	3320
2.0.4	2736
2.6.3	1253
2.7.0	1172
3.1.2	55
