version	total
0.1.20160301181511	5560
0.1.20160318153100	5658
0.1.20160331153549	5549
0.1.20160412193510	5054
0.1.20160517202250	8142
0.1.20161031135838	5477
0.1.20161123074954	6472
0.1.20170818194607	5420
0.1.20171010180436	5519
0.1.20171211211613	6931
1.2.0.20180905185317	5073
1.2.0.20181108215719	5019
1.2.0.20181109162613	5105
1.2.0.20181121194423	5038
1.2.1	5145
1.3.0.20181130020805	4920
1.3.0.20190205182514	4775
1.3.0.20190221150417	2562
1.3.1.20190301150258	6539
1.3.1.20190402172810	5311
1.3.2.20190402172810	5238
1.3.3.20190402172810	5324
1.4.0	5411
1.4.1	4911
1.4.2	4683
1.4.3	4577
2.0.0	4479
2.0.1	4608
2.0.2	2835
2.0.3	2615
2.0.3.1	2783
2.0.4	2691
2.1.0	2645
2.1.1	2721
2.1.2	2639
2.2.0	2591
2.2.1	2531
2.2.2	2534
2.3.0	2473
2.3.1	2435
2.3.2	2420
2.3.3	2269
2.4.0	2240
2.4.1	2144
2.4.2	1981
2.4.3	1933
2.4.4	1812
2.5.0	1746
2.6.0	1532
2.6.1	1501
2.6.2	1451
2.6.3	1539
2.7.0	1194
2.7.1	1029
2.7.2	795
2.7.3	702
2.7.4	635
3.0.0	504
3.1.0	138
3.1.1	97
3.1.2	109
