version	total
0.1.20160301181511	5497
0.1.20160318153100	5596
0.1.20160331153549	5488
0.1.20160412193510	5013
0.1.20160517202250	8039
0.1.20161031135838	5434
0.1.20161123074954	6405
0.1.20170818194607	5373
0.1.20171010180436	5454
0.1.20171211211613	6840
1.2.0.20180905185317	5012
1.2.0.20181108215719	4958
1.2.0.20181109162613	5040
1.2.0.20181121194423	4979
1.2.1	5080
1.3.0.20181130020805	4884
1.3.0.20190205182514	4717
1.3.0.20190221150417	2534
1.3.1.20190301150258	6369
1.3.1.20190402172810	5208
1.3.2.20190402172810	5130
1.3.3.20190402172810	5213
1.4.0	5305
1.4.1	4804
1.4.2	4578
1.4.3	4469
2.0.0	4373
2.0.1	4484
2.0.2	2784
2.0.3	2565
2.0.3.1	2731
2.0.4	2641
2.1.0	2595
2.1.1	2671
2.1.2	2589
2.2.0	2541
2.2.1	2482
2.2.2	2484
2.3.0	2423
2.3.1	2385
2.3.2	2370
2.3.3	2219
2.4.0	2189
2.4.1	2094
2.4.2	1931
2.4.3	1882
2.4.4	1761
2.5.0	1695
2.6.0	1483
2.6.1	1452
2.6.2	1399
2.6.3	1463
2.7.0	1144
2.7.1	979
2.7.2	746
2.7.3	651
2.7.4	582
3.0.0	416
3.1.0	83
3.1.1	41
3.1.2	19
