version	total
0.1.20160301181511	5523
0.1.20160318153100	5620
0.1.20160331153549	5514
0.1.20160412193510	5038
0.1.20160517202250	8089
0.1.20161031135838	5459
0.1.20161123074954	6434
0.1.20170818194607	5397
0.1.20171010180436	5480
0.1.20171211211613	6889
1.2.0.20180905185317	5038
1.2.0.20181108215719	4987
1.2.0.20181109162613	5068
1.2.0.20181121194423	5004
1.2.1	5108
1.3.0.20181130020805	4908
1.3.0.20190205182514	4753
1.3.0.20190221150417	2551
1.3.1.20190301150258	6482
1.3.1.20190402172810	5265
1.3.2.20190402172810	5188
1.3.3.20190402172810	5271
1.4.0	5362
1.4.1	4861
1.4.2	4635
1.4.3	4527
2.0.0	4431
2.0.1	4558
2.0.2	2804
2.0.3	2585
2.0.3.1	2751
2.0.4	2660
2.1.0	2614
2.1.1	2690
2.1.2	2608
2.2.0	2560
2.2.1	2500
2.2.2	2503
2.3.0	2441
2.3.1	2404
2.3.2	2389
2.3.3	2238
2.4.0	2209
2.4.1	2113
2.4.2	1950
2.4.3	1902
2.4.4	1781
2.5.0	1715
2.6.0	1501
2.6.1	1471
2.6.2	1420
2.6.3	1500
2.7.0	1163
2.7.1	998
2.7.2	765
2.7.3	671
2.7.4	604
3.0.0	461
3.1.0	105
3.1.1	64
3.1.2	64
