version	total
1.0.20160323	5478
1.0.20160311144647	5505
1.0.20160314171956	5402
1.0.20160318143738	5602
1.0.20160401183214	5400
1.0.20160406195023	5361
1.0.20160411202258	5532
1.0.20160421150319	5570
1.0.20160502202716	6860
1.0.20160715171107	9582
1.0.20161031135838	5217
1.0.20161123235904	5725
1.0.20161230191227	5789
1.0.20170216151734	5665
1.0.20170327202303	5660
1.0.20170414202629	5888
1.0.20170914161842	5495
1.0.20171010180436	5848
1.0.20171211211613	5234
1.0.20180216164101	6879
1.3.0.20181218191458	5164
1.3.0.20190206223817	2927
1.3.0.20190221150417	2792
1.3.1.20190301150258	5858
1.3.1.20190419203205	5351
1.3.2.20190419203205	5343
1.3.3.20190419203205	4953
1.4.0	2789
1.4.1	2850
1.4.2	2772
1.4.3	2815
2.0.0	3063
2.0.1	2720
2.0.2	2925
2.0.3	2718
2.0.3.1	3350
2.0.4	2759
2.6.3	1277
2.7.0	1199
3.1.2	62
