version	total
0.1.20160301181511	5691
0.1.20160318153100	5793
0.1.20160331153549	5678
0.1.20160412193510	5085
0.1.20160517202250	8297
0.1.20161031135838	5531
0.1.20161123074954	6600
0.1.20170818194607	5480
0.1.20171010180436	5652
0.1.20171211211613	7027
1.2.0.20180905185317	5206
1.2.0.20181108215719	5112
1.2.0.20181109162613	5236
1.2.0.20181121194423	5167
1.2.1	5274
1.3.0.20181130020805	4966
1.3.0.20190205182514	4820
1.3.0.20190221150417	2586
1.3.1.20190301150258	6680
1.3.1.20190402172810	5442
1.3.2.20190402172810	5408
1.3.3.20190402172810	5492
1.4.0	5581
1.4.1	5083
1.4.2	4853
1.4.3	4745
2.0.0	4650
2.0.1	4782
2.0.2	2957
2.0.3	2738
2.0.3.1	2907
2.0.4	2813
2.1.0	2767
2.1.1	2844
2.1.2	2761
2.2.0	2715
2.2.1	2653
2.2.2	2657
2.3.0	2596
2.3.1	2557
2.3.2	2542
2.3.3	2391
2.4.0	2362
2.4.1	2265
2.4.2	2104
2.4.3	2057
2.4.4	1935
2.5.0	1866
2.6.0	1655
2.6.1	1622
2.6.2	1576
2.6.3	1688
2.7.0	1315
2.7.1	1152
2.7.2	918
2.7.3	825
2.7.4	765
3.0.0	665
3.1.0	267
3.1.1	225
3.1.2	249
3.2.0	39
