version	total
1.0.20160323	5498
1.0.20160311144647	5525
1.0.20160314171956	5421
1.0.20160318143738	5623
1.0.20160401183214	5412
1.0.20160406195023	5364
1.0.20160411202258	5551
1.0.20160421150319	5590
1.0.20160502202716	6880
1.0.20160715171107	9585
1.0.20161031135838	5220
1.0.20161123235904	5745
1.0.20161230191227	5809
1.0.20170216151734	5684
1.0.20170327202303	5680
1.0.20170414202629	5908
1.0.20170914161842	5505
1.0.20171010180436	5854
1.0.20171211211613	5238
1.0.20180216164101	6902
1.3.0.20181218191458	5184
1.3.0.20190206223817	2946
1.3.0.20190221150417	2811
1.3.1.20190301150258	5887
1.3.1.20190419203205	5380
1.3.2.20190419203205	5372
1.3.3.20190419203205	4966
1.4.0	2808
1.4.1	2869
1.4.2	2791
1.4.3	2834
2.0.0	3082
2.0.1	2739
2.0.2	2944
2.0.3	2737
2.0.3.1	3374
2.0.4	2778
2.6.3	1297
2.7.0	1220
3.1.2	70
