version	total
1.0.20160323	5386
1.0.20160311144647	5416
1.0.20160314171956	5376
1.0.20160318143738	5510
1.0.20160401183214	5377
1.0.20160406195023	5336
1.0.20160411202258	5442
1.0.20160421150319	5481
1.0.20160502202716	6772
1.0.20160715171107	9557
1.0.20161031135838	5194
1.0.20161123235904	5637
1.0.20161230191227	5700
1.0.20170216151734	5574
1.0.20170327202303	5572
1.0.20170414202629	5798
1.0.20170914161842	5472
1.0.20171010180436	5798
1.0.20171211211613	5213
1.0.20180216164101	6769
1.3.0.20181218191458	5074
1.3.0.20190206223817	2845
1.3.0.20190221150417	2709
1.3.1.20190301150258	5738
1.3.1.20190419203205	5242
1.3.2.20190419203205	5224
1.3.3.20190419203205	4898
1.4.0	2717
1.4.1	2777
1.4.2	2699
1.4.3	2741
2.0.0	2986
2.0.1	2644
2.0.2	2849
2.0.3	2643
2.0.3.1	3249
2.0.4	2682
2.6.3	1197
2.7.0	1115
3.1.2	25
