version	total
1.0.20160323	5520
1.0.20160311144647	5545
1.0.20160314171956	5429
1.0.20160318143738	5644
1.0.20160401183214	5419
1.0.20160406195023	5368
1.0.20160411202258	5572
1.0.20160421150319	5611
1.0.20160502202716	6901
1.0.20160715171107	9590
1.0.20161031135838	5224
1.0.20161123235904	5767
1.0.20161230191227	5830
1.0.20170216151734	5706
1.0.20170327202303	5701
1.0.20170414202629	5930
1.0.20170914161842	5511
1.0.20171010180436	5860
1.0.20171211211613	5241
1.0.20180216164101	6923
1.3.0.20181218191458	5205
1.3.0.20190206223817	2967
1.3.0.20190221150417	2830
1.3.1.20190301150258	5911
1.3.1.20190419203205	5394
1.3.2.20190419203205	5395
1.3.3.20190419203205	4974
1.4.0	2817
1.4.1	2877
1.4.2	2801
1.4.3	2842
2.0.0	3094
2.0.1	2751
2.0.2	2956
2.0.3	2750
2.0.3.1	3397
2.0.4	2790
2.6.3	1317
2.7.0	1240
3.1.2	76
