version	total
0.1.20160301181511	5486
0.1.20160318153100	5582
0.1.20160331153549	5476
0.1.20160412193510	4998
0.1.20160517202250	8015
0.1.20161031135838	5422
0.1.20161123074954	6392
0.1.20170818194607	5361
0.1.20171010180436	5440
0.1.20171211211613	6813
1.2.0.20180905185317	4999
1.2.0.20181108215719	4945
1.2.0.20181109162613	5027
1.2.0.20181121194423	4967
1.2.1	5067
1.3.0.20181130020805	4875
1.3.0.20190205182514	4703
1.3.0.20190221150417	2525
1.3.1.20190301150258	6322
1.3.1.20190402172810	5184
1.3.2.20190402172810	5110
1.3.3.20190402172810	5192
1.4.0	5285
1.4.1	4782
1.4.2	4559
1.4.3	4447
2.0.0	4353
2.0.1	4464
2.0.2	2778
2.0.3	2557
2.0.3.1	2725
2.0.4	2635
2.1.0	2588
2.1.1	2665
2.1.2	2582
2.2.0	2533
2.2.1	2477
2.2.2	2477
2.3.0	2415
2.3.1	2378
2.3.2	2364
2.3.3	2213
2.4.0	2182
2.4.1	2086
2.4.2	1926
2.4.3	1876
2.4.4	1754
2.5.0	1688
2.6.0	1477
2.6.1	1446
2.6.2	1394
2.6.3	1450
2.7.0	1138
2.7.1	972
2.7.2	739
2.7.3	644
2.7.4	573
3.0.0	398
3.1.0	73
3.1.1	27
