version	total
1.0.20160323	5369
1.0.20160311144647	5398
1.0.20160314171956	5360
1.0.20160318143738	5495
1.0.20160401183214	5362
1.0.20160406195023	5320
1.0.20160411202258	5425
1.0.20160421150319	5465
1.0.20160502202716	6756
1.0.20160715171107	9539
1.0.20161031135838	5176
1.0.20161123235904	5622
1.0.20161230191227	5682
1.0.20170216151734	5557
1.0.20170327202303	5556
1.0.20170414202629	5783
1.0.20170914161842	5457
1.0.20171010180436	5766
1.0.20171211211613	5197
1.0.20180216164101	6738
1.3.0.20181218191458	5060
1.3.0.20190206223817	2835
1.3.0.20190221150417	2697
1.3.1.20190301150258	5704
1.3.1.20190419203205	5210
1.3.2.20190419203205	5192
1.3.3.20190419203205	4864
1.4.0	2706
1.4.1	2766
1.4.2	2688
1.4.3	2730
2.0.0	2975
2.0.1	2633
2.0.2	2838
2.0.3	2632
2.0.3.1	3226
2.0.4	2673
2.6.3	1187
2.7.0	1105
