version	total
0.1.20160301181511	5512
0.1.20160318153100	5611
0.1.20160331153549	5504
0.1.20160412193510	5027
0.1.20160517202250	8068
0.1.20161031135838	5448
0.1.20161123074954	6423
0.1.20170818194607	5387
0.1.20171010180436	5469
0.1.20171211211613	6868
1.2.0.20180905185317	5027
1.2.0.20181108215719	4972
1.2.0.20181109162613	5055
1.2.0.20181121194423	4994
1.2.1	5097
1.3.0.20181130020805	4897
1.3.0.20190205182514	4739
1.3.0.20190221150417	2544
1.3.1.20190301150258	6434
1.3.1.20190402172810	5241
1.3.2.20190402172810	5164
1.3.3.20190402172810	5247
1.4.0	5338
1.4.1	4838
1.4.2	4612
1.4.3	4504
2.0.0	4408
2.0.1	4535
2.0.2	2797
2.0.3	2578
2.0.3.1	2744
2.0.4	2653
2.1.0	2607
2.1.1	2684
2.1.2	2601
2.2.0	2553
2.2.1	2493
2.2.2	2496
2.3.0	2434
2.3.1	2397
2.3.2	2382
2.3.3	2231
2.4.0	2202
2.4.1	2106
2.4.2	1944
2.4.3	1895
2.4.4	1774
2.5.0	1708
2.6.0	1494
2.6.1	1464
2.6.2	1413
2.6.3	1487
2.7.0	1156
2.7.1	991
2.7.2	758
2.7.3	664
2.7.4	595
3.0.0	444
3.1.0	97
3.1.1	56
3.1.2	55
