version	total
0.1.20160301181511	5437
0.1.20160318153100	5533
0.1.20160331153549	5429
0.1.20160412193510	4983
0.1.20160517202250	7952
0.1.20161031135838	5376
0.1.20161123074954	6343
0.1.20170818194607	5317
0.1.20171010180436	5394
0.1.20171211211613	6752
1.2.0.20180905185317	4952
1.2.0.20181108215719	4902
1.2.0.20181109162613	4980
1.2.0.20181121194423	4922
1.2.1	5020
1.3.0.20181130020805	4832
1.3.0.20190205182514	4671
1.3.0.20190221150417	2502
1.3.1.20190301150258	6251
1.3.1.20190402172810	5122
1.3.2.20190402172810	5047
1.3.3.20190402172810	5132
1.4.0	5221
1.4.1	4719
1.4.2	4494
1.4.3	4385
2.0.0	4292
2.0.1	4403
2.0.2	2737
2.0.3	2515
2.0.3.1	2684
2.0.4	2594
2.1.0	2548
2.1.1	2624
2.1.2	2541
2.2.0	2493
2.2.1	2437
2.2.2	2436
2.3.0	2374
2.3.1	2337
2.3.2	2324
2.3.3	2173
2.4.0	2141
2.4.1	2046
2.4.2	1886
2.4.3	1835
2.4.4	1713
2.5.0	1648
2.6.0	1436
2.6.1	1405
2.6.2	1353
2.6.3	1400
2.7.0	1097
2.7.1	931
2.7.2	698
2.7.3	603
2.7.4	528
3.0.0	337
3.1.0	22
