version	total
0.1.20160301181511	5541
0.1.20160318153100	5637
0.1.20160331153549	5531
0.1.20160412193510	5048
0.1.20160517202250	8115
0.1.20161031135838	5469
0.1.20161123074954	6452
0.1.20170818194607	5409
0.1.20171010180436	5497
0.1.20171211211613	6910
1.2.0.20180905185317	5054
1.2.0.20181108215719	5002
1.2.0.20181109162613	5085
1.2.0.20181121194423	5020
1.2.1	5125
1.3.0.20181130020805	4915
1.3.0.20190205182514	4767
1.3.0.20190221150417	2559
1.3.1.20190301150258	6518
1.3.1.20190402172810	5288
1.3.2.20190402172810	5213
1.3.3.20190402172810	5298
1.4.0	5387
1.4.1	4887
1.4.2	4659
1.4.3	4552
2.0.0	4455
2.0.1	4583
2.0.2	2819
2.0.3	2599
2.0.3.1	2767
2.0.4	2675
2.1.0	2629
2.1.1	2705
2.1.2	2623
2.2.0	2575
2.2.1	2515
2.2.2	2518
2.3.0	2456
2.3.1	2419
2.3.2	2404
2.3.3	2253
2.4.0	2223
2.4.1	2128
2.4.2	1965
2.4.3	1917
2.4.4	1796
2.5.0	1729
2.6.0	1516
2.6.1	1485
2.6.2	1435
2.6.3	1520
2.7.0	1178
2.7.1	1013
2.7.2	779
2.7.3	686
2.7.4	618
3.0.0	481
3.1.0	120
3.1.1	79
3.1.2	84
