version	total
0.1.20160301181511	5662
0.1.20160318153100	5764
0.1.20160331153549	5650
0.1.20160412193510	5077
0.1.20160517202250	8262
0.1.20161031135838	5524
0.1.20161123074954	6572
0.1.20170818194607	5472
0.1.20171010180436	5623
0.1.20171211211613	7013
1.2.0.20180905185317	5177
1.2.0.20181108215719	5103
1.2.0.20181109162613	5207
1.2.0.20181121194423	5138
1.2.1	5245
1.3.0.20181130020805	4961
1.3.0.20190205182514	4810
1.3.0.20190221150417	2580
1.3.1.20190301150258	6649
1.3.1.20190402172810	5425
1.3.2.20190402172810	5371
1.3.3.20190402172810	5457
1.4.0	5546
1.4.1	5046
1.4.2	4816
1.4.3	4708
2.0.0	4612
2.0.1	4743
2.0.2	2931
2.0.3	2711
2.0.3.1	2880
2.0.4	2786
2.1.0	2740
2.1.1	2817
2.1.2	2734
2.2.0	2688
2.2.1	2626
2.2.2	2630
2.3.0	2569
2.3.1	2530
2.3.2	2515
2.3.3	2365
2.4.0	2335
2.4.1	2239
2.4.2	2077
2.4.3	2030
2.4.4	1908
2.5.0	1841
2.6.0	1628
2.6.1	1595
2.6.2	1549
2.6.3	1651
2.7.0	1288
2.7.1	1125
2.7.2	891
2.7.3	798
2.7.4	735
3.0.0	626
3.1.0	239
3.1.1	197
3.1.2	220
3.2.0	31
