version	total
0.1.20160301181511	5620
0.1.20160318153100	5721
0.1.20160331153549	5608
0.1.20160412193510	5069
0.1.20160517202250	8213
0.1.20161031135838	5496
0.1.20161123074954	6530
0.1.20170818194607	5444
0.1.20171010180436	5580
0.1.20171211211613	6978
1.2.0.20180905185317	5134
1.2.0.20181108215719	5075
1.2.0.20181109162613	5166
1.2.0.20181121194423	5096
1.2.1	5203
1.3.0.20181130020805	4935
1.3.0.20190205182514	4798
1.3.0.20190221150417	2574
1.3.1.20190301150258	6612
1.3.1.20190402172810	5385
1.3.2.20190402172810	5315
1.3.3.20190402172810	5403
1.4.0	5493
1.4.1	4993
1.4.2	4763
1.4.3	4657
2.0.0	4559
2.0.1	4690
2.0.2	2891
2.0.3	2671
2.0.3.1	2840
2.0.4	2747
2.1.0	2701
2.1.1	2777
2.1.2	2694
2.2.0	2648
2.2.1	2587
2.2.2	2590
2.3.0	2529
2.3.1	2490
2.3.2	2475
2.3.3	2325
2.4.0	2295
2.4.1	2200
2.4.2	2037
2.4.3	1989
2.4.4	1868
2.5.0	1802
2.6.0	1588
2.6.1	1556
2.6.2	1509
2.6.3	1606
2.7.0	1249
2.7.1	1085
2.7.2	851
2.7.3	758
2.7.4	693
3.0.0	577
3.1.0	196
3.1.1	155
3.1.2	174
