version	total
1.0.20160323	5595
1.0.20160311144647	5617
1.0.20160314171956	5456
1.0.20160318143738	5715
1.0.20160401183214	5445
1.0.20160406195023	5386
1.0.20160411202258	5647
1.0.20160421150319	5684
1.0.20160502202716	6971
1.0.20160715171107	9609
1.0.20161031135838	5239
1.0.20161123235904	5820
1.0.20161230191227	5903
1.0.20170216151734	5779
1.0.20170327202303	5770
1.0.20170414202629	6001
1.0.20170914161842	5534
1.0.20171010180436	5893
1.0.20171211211613	5256
1.0.20180216164101	7010
1.3.0.20181218191458	5274
1.3.0.20190206223817	3034
1.3.0.20190221150417	2898
1.3.1.20190301150258	6000
1.3.1.20190419203205	5437
1.3.2.20190419203205	5469
1.3.3.20190419203205	5007
1.4.0	2839
1.4.1	2900
1.4.2	2822
1.4.3	2865
2.0.0	3119
2.0.1	2776
2.0.2	2981
2.0.3	2775
2.0.3.1	3477
2.0.4	2816
2.6.3	1382
2.7.0	1305
3.1.2	98
