version	total
0.1.20160301181511	5537
0.1.20160318153100	5633
0.1.20160331153549	5527
0.1.20160412193510	5048
0.1.20160517202250	8111
0.1.20161031135838	5469
0.1.20161123074954	6448
0.1.20170818194607	5408
0.1.20171010180436	5493
0.1.20171211211613	6909
1.2.0.20180905185317	5050
1.2.0.20181108215719	4999
1.2.0.20181109162613	5081
1.2.0.20181121194423	5016
1.2.1	5120
1.3.0.20181130020805	4915
1.3.0.20190205182514	4767
1.3.0.20190221150417	2559
1.3.1.20190301150258	6518
1.3.1.20190402172810	5285
1.3.2.20190402172810	5208
1.3.3.20190402172810	5293
1.4.0	5383
1.4.1	4883
1.4.2	4655
1.4.3	4548
2.0.0	4451
2.0.1	4579
2.0.2	2815
2.0.3	2595
2.0.3.1	2763
2.0.4	2671
2.1.0	2625
2.1.1	2701
2.1.2	2619
2.2.0	2571
2.2.1	2511
2.2.2	2514
2.3.0	2452
2.3.1	2415
2.3.2	2400
2.3.3	2249
2.4.0	2219
2.4.1	2124
2.4.2	1961
2.4.3	1913
2.4.4	1792
2.5.0	1725
2.6.0	1512
2.6.1	1481
2.6.2	1431
2.6.3	1516
2.7.0	1174
2.7.1	1009
2.7.2	775
2.7.3	682
2.7.4	614
3.0.0	477
3.1.0	116
3.1.1	75
3.1.2	80
