version	total
1.0.20160323	5402
1.0.20160311144647	5432
1.0.20160314171956	5380
1.0.20160318143738	5526
1.0.20160401183214	5381
1.0.20160406195023	5340
1.0.20160411202258	5457
1.0.20160421150319	5495
1.0.20160502202716	6787
1.0.20160715171107	9561
1.0.20161031135838	5197
1.0.20161123235904	5653
1.0.20161230191227	5714
1.0.20170216151734	5589
1.0.20170327202303	5588
1.0.20170414202629	5813
1.0.20170914161842	5476
1.0.20171010180436	5805
1.0.20171211211613	5216
1.0.20180216164101	6787
1.3.0.20181218191458	5088
1.3.0.20190206223817	2858
1.3.0.20190221150417	2722
1.3.1.20190301150258	5757
1.3.1.20190419203205	5258
1.3.2.20190419203205	5243
1.3.3.20190419203205	4908
1.4.0	2727
1.4.1	2787
1.4.2	2710
1.4.3	2751
2.0.0	2997
2.0.1	2655
2.0.2	2860
2.0.3	2654
2.0.3.1	3265
2.0.4	2693
2.6.3	1210
2.7.0	1128
3.1.2	29
