version	total
0.1.20160301181511	5536
0.1.20160318153100	5632
0.1.20160331153549	5526
0.1.20160412193510	5048
0.1.20160517202250	8110
0.1.20161031135838	5469
0.1.20161123074954	6447
0.1.20170818194607	5408
0.1.20171010180436	5492
0.1.20171211211613	6908
1.2.0.20180905185317	5049
1.2.0.20181108215719	4998
1.2.0.20181109162613	5080
1.2.0.20181121194423	5015
1.2.1	5120
1.3.0.20181130020805	4915
1.3.0.20190205182514	4766
1.3.0.20190221150417	2558
1.3.1.20190301150258	6518
1.3.1.20190402172810	5284
1.3.2.20190402172810	5207
1.3.3.20190402172810	5293
1.4.0	5382
1.4.1	4882
1.4.2	4654
1.4.3	4547
2.0.0	4450
2.0.1	4578
2.0.2	2813
2.0.3	2593
2.0.3.1	2761
2.0.4	2669
2.1.0	2623
2.1.1	2699
2.1.2	2617
2.2.0	2569
2.2.1	2509
2.2.2	2512
2.3.0	2450
2.3.1	2413
2.3.2	2398
2.3.3	2247
2.4.0	2217
2.4.1	2122
2.4.2	1959
2.4.3	1911
2.4.4	1790
2.5.0	1723
2.6.0	1510
2.6.1	1479
2.6.2	1429
2.6.3	1513
2.7.0	1172
2.7.1	1007
2.7.2	773
2.7.3	680
2.7.4	612
3.0.0	474
3.1.0	114
3.1.1	73
3.1.2	78
