version	total
1.0.20160323	5417
1.0.20160311144647	5447
1.0.20160314171956	5385
1.0.20160318143738	5541
1.0.20160401183214	5385
1.0.20160406195023	5344
1.0.20160411202258	5472
1.0.20160421150319	5510
1.0.20160502202716	6801
1.0.20160715171107	9566
1.0.20161031135838	5202
1.0.20161123235904	5666
1.0.20161230191227	5730
1.0.20170216151734	5604
1.0.20170327202303	5602
1.0.20170414202629	5828
1.0.20170914161842	5481
1.0.20171010180436	5817
1.0.20171211211613	5221
1.0.20180216164101	6807
1.3.0.20181218191458	5101
1.3.0.20190206223817	2870
1.3.0.20190221150417	2734
1.3.1.20190301150258	5773
1.3.1.20190419203205	5273
1.3.2.20190419203205	5259
1.3.3.20190419203205	4914
1.4.0	2738
1.4.1	2798
1.4.2	2721
1.4.3	2764
2.0.0	3009
2.0.1	2666
2.0.2	2871
2.0.3	2665
2.0.3.1	3279
2.0.4	2704
2.6.3	1221
2.7.0	1139
3.1.2	39
