version	total
0.1.20160301181511	5557
0.1.20160318153100	5655
0.1.20160331153549	5547
0.1.20160412193510	5052
0.1.20160517202250	8137
0.1.20161031135838	5475
0.1.20161123074954	6469
0.1.20170818194607	5418
0.1.20171010180436	5516
0.1.20171211211613	6927
1.2.0.20180905185317	5070
1.2.0.20181108215719	5016
1.2.0.20181109162613	5102
1.2.0.20181121194423	5035
1.2.1	5143
1.3.0.20181130020805	4919
1.3.0.20190205182514	4773
1.3.0.20190221150417	2561
1.3.1.20190301150258	6533
1.3.1.20190402172810	5307
1.3.2.20190402172810	5234
1.3.3.20190402172810	5320
1.4.0	5407
1.4.1	4907
1.4.2	4679
1.4.3	4573
2.0.0	4475
2.0.1	4604
2.0.2	2833
2.0.3	2613
2.0.3.1	2781
2.0.4	2689
2.1.0	2643
2.1.1	2719
2.1.2	2637
2.2.0	2589
2.2.1	2529
2.2.2	2532
2.3.0	2471
2.3.1	2433
2.3.2	2418
2.3.3	2267
2.4.0	2238
2.4.1	2142
2.4.2	1979
2.4.3	1931
2.4.4	1810
2.5.0	1744
2.6.0	1530
2.6.1	1499
2.6.2	1449
2.6.3	1536
2.7.0	1192
2.7.1	1027
2.7.2	793
2.7.3	700
2.7.4	633
3.0.0	501
3.1.0	136
3.1.1	95
3.1.2	107
