version	total
1.0.20160323	5455
1.0.20160311144647	5484
1.0.20160314171956	5392
1.0.20160318143738	5580
1.0.20160401183214	5392
1.0.20160406195023	5353
1.0.20160411202258	5509
1.0.20160421150319	5548
1.0.20160502202716	6839
1.0.20160715171107	9573
1.0.20161031135838	5211
1.0.20161123235904	5703
1.0.20161230191227	5768
1.0.20170216151734	5642
1.0.20170327202303	5640
1.0.20170414202629	5866
1.0.20170914161842	5488
1.0.20171010180436	5833
1.0.20171211211613	5228
1.0.20180216164101	6852
1.3.0.20181218191458	5142
1.3.0.20190206223817	2909
1.3.0.20190221150417	2773
1.3.1.20190301150258	5824
1.3.1.20190419203205	5320
1.3.2.20190419203205	5307
1.3.3.20190419203205	4932
1.4.0	2773
1.4.1	2834
1.4.2	2756
1.4.3	2799
2.0.0	3047
2.0.1	2704
2.0.2	2909
2.0.3	2702
2.0.3.1	3326
2.0.4	2742
2.6.3	1259
2.7.0	1179
3.1.2	56
