version	total
1.0.20160323	5388
1.0.20160311144647	5418
1.0.20160314171956	5377
1.0.20160318143738	5512
1.0.20160401183214	5378
1.0.20160406195023	5337
1.0.20160411202258	5444
1.0.20160421150319	5483
1.0.20160502202716	6774
1.0.20160715171107	9558
1.0.20161031135838	5195
1.0.20161123235904	5639
1.0.20161230191227	5702
1.0.20170216151734	5576
1.0.20170327202303	5574
1.0.20170414202629	5800
1.0.20170914161842	5473
1.0.20171010180436	5800
1.0.20171211211613	5214
1.0.20180216164101	6772
1.3.0.20181218191458	5075
1.3.0.20190206223817	2846
1.3.0.20190221150417	2710
1.3.1.20190301150258	5739
1.3.1.20190419203205	5243
1.3.2.20190419203205	5225
1.3.3.20190419203205	4898
1.4.0	2718
1.4.1	2778
1.4.2	2700
1.4.3	2742
2.0.0	2987
2.0.1	2645
2.0.2	2850
2.0.3	2644
2.0.3.1	3250
2.0.4	2683
2.6.3	1198
2.7.0	1116
3.1.2	26
