version	total
1.0.20160323	5481
1.0.20160311144647	5508
1.0.20160314171956	5405
1.0.20160318143738	5605
1.0.20160401183214	5402
1.0.20160406195023	5361
1.0.20160411202258	5534
1.0.20160421150319	5573
1.0.20160502202716	6863
1.0.20160715171107	9582
1.0.20161031135838	5217
1.0.20161123235904	5728
1.0.20161230191227	5792
1.0.20170216151734	5668
1.0.20170327202303	5663
1.0.20170414202629	5891
1.0.20170914161842	5496
1.0.20171010180436	5848
1.0.20171211211613	5234
1.0.20180216164101	6882
1.3.0.20181218191458	5167
1.3.0.20190206223817	2930
1.3.0.20190221150417	2795
1.3.1.20190301150258	5861
1.3.1.20190419203205	5354
1.3.2.20190419203205	5346
1.3.3.20190419203205	4953
1.4.0	2792
1.4.1	2853
1.4.2	2775
1.4.3	2818
2.0.0	3066
2.0.1	2723
2.0.2	2928
2.0.3	2721
2.0.3.1	3353
2.0.4	2762
2.6.3	1280
2.7.0	1202
3.1.2	64
