version	total
0.1.20160301181511	5520
0.1.20160318153100	5617
0.1.20160331153549	5511
0.1.20160412193510	5035
0.1.20160517202250	8083
0.1.20161031135838	5456
0.1.20161123074954	6431
0.1.20170818194607	5394
0.1.20171010180436	5477
0.1.20171211211613	6883
1.2.0.20180905185317	5035
1.2.0.20181108215719	4984
1.2.0.20181109162613	5065
1.2.0.20181121194423	5001
1.2.1	5105
1.3.0.20181130020805	4905
1.3.0.20190205182514	4748
1.3.0.20190221150417	2549
1.3.1.20190301150258	6464
1.3.1.20190402172810	5256
1.3.2.20190402172810	5179
1.3.3.20190402172810	5262
1.4.0	5353
1.4.1	4852
1.4.2	4626
1.4.3	4518
2.0.0	4422
2.0.1	4549
2.0.2	2802
2.0.3	2583
2.0.3.1	2749
2.0.4	2658
2.1.0	2612
2.1.1	2689
2.1.2	2605
2.2.0	2558
2.2.1	2498
2.2.2	2500
2.3.0	2439
2.3.1	2402
2.3.2	2387
2.3.3	2235
2.4.0	2207
2.4.1	2111
2.4.2	1949
2.4.3	1899
2.4.4	1778
2.5.0	1712
2.6.0	1498
2.6.1	1469
2.6.2	1417
2.6.3	1496
2.7.0	1160
2.7.1	996
2.7.2	763
2.7.3	669
2.7.4	600
3.0.0	453
3.1.0	102
3.1.1	60
3.1.2	61
