version	total
0.1.20160301181511	5626
0.1.20160318153100	5727
0.1.20160331153549	5615
0.1.20160412193510	5070
0.1.20160517202250	8221
0.1.20161031135838	5500
0.1.20161123074954	6537
0.1.20170818194607	5448
0.1.20171010180436	5586
0.1.20171211211613	6983
1.2.0.20180905185317	5140
1.2.0.20181108215719	5079
1.2.0.20181109162613	5172
1.2.0.20181121194423	5102
1.2.1	5209
1.3.0.20181130020805	4939
1.3.0.20190205182514	4800
1.3.0.20190221150417	2575
1.3.1.20190301150258	6618
1.3.1.20190402172810	5391
1.3.2.20190402172810	5323
1.3.3.20190402172810	5411
1.4.0	5501
1.4.1	5001
1.4.2	4771
1.4.3	4665
2.0.0	4567
2.0.1	4698
2.0.2	2897
2.0.3	2677
2.0.3.1	2846
2.0.4	2752
2.1.0	2707
2.1.1	2783
2.1.2	2700
2.2.0	2654
2.2.1	2593
2.2.2	2596
2.3.0	2535
2.3.1	2496
2.3.2	2481
2.3.3	2331
2.4.0	2301
2.4.1	2205
2.4.2	2043
2.4.3	1995
2.4.4	1874
2.5.0	1808
2.6.0	1594
2.6.1	1562
2.6.2	1515
2.6.3	1613
2.7.0	1255
2.7.1	1091
2.7.2	857
2.7.3	764
2.7.4	701
3.0.0	588
3.1.0	205
3.1.1	164
3.1.2	184
