version	total
1.0.20160323	5508
1.0.20160311144647	5535
1.0.20160314171956	5425
1.0.20160318143738	5632
1.0.20160401183214	5415
1.0.20160406195023	5365
1.0.20160411202258	5561
1.0.20160421150319	5600
1.0.20160502202716	6890
1.0.20160715171107	9586
1.0.20161031135838	5221
1.0.20161123235904	5755
1.0.20161230191227	5819
1.0.20170216151734	5695
1.0.20170327202303	5689
1.0.20170414202629	5918
1.0.20170914161842	5507
1.0.20171010180436	5856
1.0.20171211211613	5239
1.0.20180216164101	6912
1.3.0.20181218191458	5194
1.3.0.20190206223817	2956
1.3.0.20190221150417	2820
1.3.1.20190301150258	5898
1.3.1.20190419203205	5388
1.3.2.20190419203205	5382
1.3.3.20190419203205	4971
1.4.0	2813
1.4.1	2873
1.4.2	2797
1.4.3	2838
2.0.0	3090
2.0.1	2747
2.0.2	2952
2.0.3	2746
2.0.3.1	3386
2.0.4	2786
2.6.3	1306
2.7.0	1229
3.1.2	73
