version	total
0.1.20160301181511	5585
0.1.20160318153100	5684
0.1.20160331153549	5575
0.1.20160412193510	5061
0.1.20160517202250	8173
0.1.20161031135838	5484
0.1.20161123074954	6497
0.1.20170818194607	5428
0.1.20171010180436	5544
0.1.20171211211613	6949
1.2.0.20180905185317	5098
1.2.0.20181108215719	5042
1.2.0.20181109162613	5131
1.2.0.20181121194423	5062
1.2.1	5170
1.3.0.20181130020805	4925
1.3.0.20190205182514	4785
1.3.0.20190221150417	2567
1.3.1.20190301150258	6570
1.3.1.20190402172810	5342
1.3.2.20190402172810	5272
1.3.3.20190402172810	5358
1.4.0	5446
1.4.1	4946
1.4.2	4718
1.4.3	4611
2.0.0	4513
2.0.1	4642
2.0.2	2859
2.0.3	2639
2.0.3.1	2807
2.0.4	2715
2.1.0	2669
2.1.1	2746
2.1.2	2663
2.2.0	2616
2.2.1	2555
2.2.2	2558
2.3.0	2497
2.3.1	2459
2.3.2	2444
2.3.3	2293
2.4.0	2264
2.4.1	2168
2.4.2	2005
2.4.3	1957
2.4.4	1837
2.5.0	1770
2.6.0	1557
2.6.1	1525
2.6.2	1477
2.6.3	1568
2.7.0	1218
2.7.1	1053
2.7.2	819
2.7.3	726
2.7.4	659
3.0.0	533
3.1.0	162
3.1.1	121
3.1.2	132
