version	total
1.0.20160323	5329
1.0.20160311144647	5357
1.0.20160314171956	5318
1.0.20160318143738	5452
1.0.20160401183214	5320
1.0.20160406195023	5281
1.0.20160411202258	5384
1.0.20160421150319	5423
1.0.20160502202716	6717
1.0.20160715171107	9498
1.0.20161031135838	5133
1.0.20161123235904	5585
1.0.20161230191227	5643
1.0.20170216151734	5516
1.0.20170327202303	5514
1.0.20170414202629	5744
1.0.20170914161842	5420
1.0.20171010180436	5688
1.0.20171211211613	5156
1.0.20180216164101	6659
1.3.0.20181218191458	5026
1.3.0.20190206223817	2811
1.3.0.20190221150417	2671
1.3.1.20190301150258	5623
1.3.1.20190419203205	5131
1.3.2.20190419203205	5107
1.3.3.20190419203205	4783
1.4.0	2682
1.4.1	2740
1.4.2	2663
1.4.3	2705
2.0.0	2950
2.0.1	2610
2.0.2	2814
2.0.3	2607
2.0.3.1	3174
2.0.4	2633
2.6.3	1161
2.7.0	1071
