version	total
1.0.20160323	5382
1.0.20160311144647	5412
1.0.20160314171956	5374
1.0.20160318143738	5508
1.0.20160401183214	5376
1.0.20160406195023	5333
1.0.20160411202258	5438
1.0.20160421150319	5479
1.0.20160502202716	6770
1.0.20160715171107	9553
1.0.20161031135838	5191
1.0.20161123235904	5635
1.0.20161230191227	5696
1.0.20170216151734	5570
1.0.20170327202303	5570
1.0.20170414202629	5796
1.0.20170914161842	5470
1.0.20171010180436	5793
1.0.20171211211613	5210
1.0.20180216164101	6764
1.3.0.20181218191458	5070
1.3.0.20190206223817	2842
1.3.0.20190221150417	2705
1.3.1.20190301150258	5730
1.3.1.20190419203205	5236
1.3.2.20190419203205	5218
1.3.3.20190419203205	4891
1.4.0	2714
1.4.1	2774
1.4.2	2696
1.4.3	2738
2.0.0	2983
2.0.1	2641
2.0.2	2846
2.0.3	2640
2.0.3.1	3242
2.0.4	2680
2.6.3	1194
2.7.0	1112
3.1.2	21
