version	total
0.1.20160301181511	5734
0.1.20160318153100	5834
0.1.20160331153549	5720
0.1.20160412193510	5093
0.1.20160517202250	8349
0.1.20161031135838	5550
0.1.20161123074954	6643
0.1.20170818194607	5499
0.1.20171010180436	5691
0.1.20171211211613	7054
1.2.0.20180905185317	5246
1.2.0.20181108215719	5129
1.2.0.20181109162613	5277
1.2.0.20181121194423	5207
1.2.1	5315
1.3.0.20181130020805	4983
1.3.0.20190205182514	4830
1.3.0.20190221150417	2590
1.3.1.20190301150258	6714
1.3.1.20190402172810	5471
1.3.2.20190402172810	5458
1.3.3.20190402172810	5543
1.4.0	5631
1.4.1	5132
1.4.2	4904
1.4.3	4793
2.0.0	4701
2.0.1	4833
2.0.2	2994
2.0.3	2775
2.0.3.1	2944
2.0.4	2849
2.1.0	2804
2.1.1	2881
2.1.2	2798
2.2.0	2752
2.2.1	2691
2.2.2	2693
2.3.0	2633
2.3.1	2594
2.3.2	2579
2.3.3	2428
2.4.0	2399
2.4.1	2301
2.4.2	2141
2.4.3	2094
2.4.4	1972
2.5.0	1901
2.6.0	1691
2.6.1	1658
2.6.2	1613
2.6.3	1728
2.7.0	1351
2.7.1	1188
2.7.2	954
2.7.3	861
2.7.4	803
3.0.0	711
3.1.0	306
3.1.1	264
3.1.2	286
3.2.0	51
