version	total
0.1.20160301181511	5697
0.1.20160318153100	5799
0.1.20160331153549	5684
0.1.20160412193510	5086
0.1.20160517202250	8304
0.1.20161031135838	5532
0.1.20161123074954	6606
0.1.20170818194607	5481
0.1.20171010180436	5658
0.1.20171211211613	7029
1.2.0.20180905185317	5212
1.2.0.20181108215719	5113
1.2.0.20181109162613	5242
1.2.0.20181121194423	5173
1.2.1	5280
1.3.0.20181130020805	4967
1.3.0.20190205182514	4821
1.3.0.20190221150417	2586
1.3.1.20190301150258	6686
1.3.1.20190402172810	5445
1.3.2.20190402172810	5416
1.3.3.20190402172810	5500
1.4.0	5589
1.4.1	5090
1.4.2	4861
1.4.3	4753
2.0.0	4658
2.0.1	4790
2.0.2	2962
2.0.3	2743
2.0.3.1	2912
2.0.4	2818
2.1.0	2772
2.1.1	2849
2.1.2	2766
2.2.0	2720
2.2.1	2658
2.2.2	2662
2.3.0	2601
2.3.1	2562
2.3.2	2547
2.3.3	2396
2.4.0	2367
2.4.1	2270
2.4.2	2109
2.4.3	2062
2.4.4	1940
2.5.0	1871
2.6.0	1660
2.6.1	1627
2.6.2	1581
2.6.3	1693
2.7.0	1320
2.7.1	1157
2.7.2	923
2.7.3	830
2.7.4	770
3.0.0	670
3.1.0	272
3.1.1	230
3.1.2	254
3.2.0	41
