version	total
0.1.20160301181511	5551
0.1.20160318153100	5648
0.1.20160331153549	5541
0.1.20160412193510	5051
0.1.20160517202250	8130
0.1.20161031135838	5474
0.1.20161123074954	6463
0.1.20170818194607	5416
0.1.20171010180436	5509
0.1.20171211211613	6924
1.2.0.20180905185317	5064
1.2.0.20181108215719	5011
1.2.0.20181109162613	5096
1.2.0.20181121194423	5030
1.2.1	5137
1.3.0.20181130020805	4918
1.3.0.20190205182514	4771
1.3.0.20190221150417	2560
1.3.1.20190301150258	6527
1.3.1.20190402172810	5299
1.3.2.20190402172810	5225
1.3.3.20190402172810	5312
1.4.0	5399
1.4.1	4899
1.4.2	4671
1.4.3	4565
2.0.0	4467
2.0.1	4596
2.0.2	2827
2.0.3	2607
2.0.3.1	2775
2.0.4	2683
2.1.0	2637
2.1.1	2713
2.1.2	2631
2.2.0	2583
2.2.1	2523
2.2.2	2526
2.3.0	2464
2.3.1	2427
2.3.2	2412
2.3.3	2261
2.4.0	2232
2.4.1	2136
2.4.2	1973
2.4.3	1925
2.4.4	1804
2.5.0	1737
2.6.0	1524
2.6.1	1493
2.6.2	1443
2.6.3	1529
2.7.0	1186
2.7.1	1021
2.7.2	787
2.7.3	694
2.7.4	627
3.0.0	494
3.1.0	130
3.1.1	89
3.1.2	95
