version	total
1.0.20160323	5530
1.0.20160311144647	5554
1.0.20160314171956	5431
1.0.20160318143738	5653
1.0.20160401183214	5421
1.0.20160406195023	5370
1.0.20160411202258	5582
1.0.20160421150319	5621
1.0.20160502202716	6911
1.0.20160715171107	9592
1.0.20161031135838	5226
1.0.20161123235904	5776
1.0.20161230191227	5840
1.0.20170216151734	5716
1.0.20170327202303	5711
1.0.20170414202629	5940
1.0.20170914161842	5513
1.0.20171010180436	5863
1.0.20171211211613	5243
1.0.20180216164101	6934
1.3.0.20181218191458	5215
1.3.0.20190206223817	2976
1.3.0.20190221150417	2839
1.3.1.20190301150258	5923
1.3.1.20190419203205	5398
1.3.2.20190419203205	5407
1.3.3.20190419203205	4978
1.4.0	2819
1.4.1	2879
1.4.2	2803
1.4.3	2844
2.0.0	3096
2.0.1	2753
2.0.2	2958
2.0.3	2752
2.0.3.1	3408
2.0.4	2792
2.6.3	1327
2.7.0	1250
3.1.2	79
