version	total
0.1.20160301181511	5739
0.1.20160318153100	5839
0.1.20160331153549	5725
0.1.20160412193510	5093
0.1.20160517202250	8354
0.1.20161031135838	5550
0.1.20161123074954	6649
0.1.20170818194607	5499
0.1.20171010180436	5696
0.1.20171211211613	7054
1.2.0.20180905185317	5251
1.2.0.20181108215719	5129
1.2.0.20181109162613	5282
1.2.0.20181121194423	5212
1.2.1	5320
1.3.0.20181130020805	4983
1.3.0.20190205182514	4831
1.3.0.20190221150417	2591
1.3.1.20190301150258	6714
1.3.1.20190402172810	5471
1.3.2.20190402172810	5463
1.3.3.20190402172810	5548
1.4.0	5636
1.4.1	5137
1.4.2	4909
1.4.3	4798
2.0.0	4706
2.0.1	4838
2.0.2	3000
2.0.3	2781
2.0.3.1	2950
2.0.4	2855
2.1.0	2810
2.1.1	2887
2.1.2	2804
2.2.0	2758
2.2.1	2697
2.2.2	2699
2.3.0	2639
2.3.1	2600
2.3.2	2585
2.3.3	2434
2.4.0	2405
2.4.1	2307
2.4.2	2147
2.4.3	2100
2.4.4	1978
2.5.0	1907
2.6.0	1697
2.6.1	1664
2.6.2	1619
2.6.3	1735
2.7.0	1357
2.7.1	1194
2.7.2	960
2.7.3	867
2.7.4	809
3.0.0	718
3.1.0	312
3.1.1	270
3.1.2	292
3.2.0	57
