version	total
1.0.20160323	5475
1.0.20160311144647	5502
1.0.20160314171956	5401
1.0.20160318143738	5599
1.0.20160401183214	5399
1.0.20160406195023	5360
1.0.20160411202258	5528
1.0.20160421150319	5567
1.0.20160502202716	6857
1.0.20160715171107	9581
1.0.20161031135838	5217
1.0.20161123235904	5722
1.0.20161230191227	5787
1.0.20170216151734	5661
1.0.20170327202303	5657
1.0.20170414202629	5885
1.0.20170914161842	5494
1.0.20171010180436	5846
1.0.20171211211613	5233
1.0.20180216164101	6875
1.3.0.20181218191458	5161
1.3.0.20190206223817	2924
1.3.0.20190221150417	2788
1.3.1.20190301150258	5853
1.3.1.20190419203205	5348
1.3.2.20190419203205	5338
1.3.3.20190419203205	4951
1.4.0	2788
1.4.1	2849
1.4.2	2771
1.4.3	2814
2.0.0	3062
2.0.1	2719
2.0.2	2924
2.0.3	2717
2.0.3.1	3346
2.0.4	2758
2.6.3	1274
2.7.0	1195
3.1.2	61
