version	total
1.0.20160323	5404
1.0.20160311144647	5434
1.0.20160314171956	5381
1.0.20160318143738	5528
1.0.20160401183214	5382
1.0.20160406195023	5341
1.0.20160411202258	5459
1.0.20160421150319	5497
1.0.20160502202716	6789
1.0.20160715171107	9563
1.0.20161031135838	5198
1.0.20161123235904	5655
1.0.20161230191227	5716
1.0.20170216151734	5591
1.0.20170327202303	5590
1.0.20170414202629	5815
1.0.20170914161842	5477
1.0.20171010180436	5809
1.0.20171211211613	5217
1.0.20180216164101	6790
1.3.0.20181218191458	5089
1.3.0.20190206223817	2859
1.3.0.20190221150417	2723
1.3.1.20190301150258	5758
1.3.1.20190419203205	5259
1.3.2.20190419203205	5244
1.3.3.20190419203205	4908
1.4.0	2728
1.4.1	2788
1.4.2	2711
1.4.3	2752
2.0.0	2998
2.0.1	2656
2.0.2	2861
2.0.3	2655
2.0.3.1	3266
2.0.4	2694
2.6.3	1211
2.7.0	1129
3.1.2	29
