version	total
1.0.20160323	5324
1.0.20160311144647	5353
1.0.20160314171956	5314
1.0.20160318143738	5450
1.0.20160401183214	5315
1.0.20160406195023	5278
1.0.20160411202258	5379
1.0.20160421150319	5420
1.0.20160502202716	6714
1.0.20160715171107	9496
1.0.20161031135838	5132
1.0.20161123235904	5580
1.0.20161230191227	5638
1.0.20170216151734	5512
1.0.20170327202303	5509
1.0.20170414202629	5742
1.0.20170914161842	5416
1.0.20171010180436	5688
1.0.20171211211613	5154
1.0.20180216164101	6656
1.3.0.20181218191458	5021
1.3.0.20190206223817	2809
1.3.0.20190221150417	2668
1.3.1.20190301150258	5619
1.3.1.20190419203205	5127
1.3.2.20190419203205	5104
1.3.3.20190419203205	4783
1.4.0	2678
1.4.1	2736
1.4.2	2659
1.4.3	2701
2.0.0	2946
2.0.1	2606
2.0.2	2810
2.0.3	2603
2.0.3.1	3170
2.0.4	2629
2.6.3	1158
2.7.0	1068
