version	total
0.1.20160301181511	5470
0.1.20160318153100	5565
0.1.20160331153549	5461
0.1.20160412193510	4987
0.1.20160517202250	7986
0.1.20161031135838	5405
0.1.20161123074954	6375
0.1.20170818194607	5346
0.1.20171010180436	5426
0.1.20171211211613	6785
1.2.0.20180905185317	4984
1.2.0.20181108215719	4931
1.2.0.20181109162613	5012
1.2.0.20181121194423	4954
1.2.1	5051
1.3.0.20181130020805	4862
1.3.0.20190205182514	4688
1.3.0.20190221150417	2517
1.3.1.20190301150258	6279
1.3.1.20190402172810	5157
1.3.2.20190402172810	5085
1.3.3.20190402172810	5168
1.4.0	5259
1.4.1	4756
1.4.2	4532
1.4.3	4423
2.0.0	4329
2.0.1	4441
2.0.2	2768
2.0.3	2547
2.0.3.1	2716
2.0.4	2625
2.1.0	2580
2.1.1	2656
2.1.2	2573
2.2.0	2524
2.2.1	2469
2.2.2	2468
2.3.0	2406
2.3.1	2369
2.3.2	2355
2.3.3	2205
2.4.0	2172
2.4.1	2077
2.4.2	1917
2.4.3	1867
2.4.4	1745
2.5.0	1680
2.6.0	1468
2.6.1	1437
2.6.2	1385
2.6.3	1435
2.7.0	1129
2.7.1	963
2.7.2	730
2.7.3	635
2.7.4	562
3.0.0	377
3.1.0	61
