version	total
1.0.20160323	5345
1.0.20160311144647	5374
1.0.20160314171956	5338
1.0.20160318143738	5470
1.0.20160401183214	5339
1.0.20160406195023	5300
1.0.20160411202258	5402
1.0.20160421150319	5441
1.0.20160502202716	6734
1.0.20160715171107	9515
1.0.20161031135838	5154
1.0.20161123235904	5602
1.0.20161230191227	5659
1.0.20170216151734	5534
1.0.20170327202303	5532
1.0.20170414202629	5762
1.0.20170914161842	5437
1.0.20171010180436	5726
1.0.20171211211613	5176
1.0.20180216164101	6695
1.3.0.20181218191458	5039
1.3.0.20190206223817	2821
1.3.0.20190221150417	2681
1.3.1.20190301150258	5654
1.3.1.20190419203205	5162
1.3.2.20190419203205	5144
1.3.3.20190419203205	4815
1.4.0	2691
1.4.1	2752
1.4.2	2674
1.4.3	2716
2.0.0	2960
2.0.1	2620
2.0.2	2825
2.0.3	2618
2.0.3.1	3195
2.0.4	2645
2.6.3	1172
2.7.0	1082
