version	total
0.1.20160301181511	5694
0.1.20160318153100	5796
0.1.20160331153549	5681
0.1.20160412193510	5085
0.1.20160517202250	8300
0.1.20161031135838	5531
0.1.20161123074954	6603
0.1.20170818194607	5480
0.1.20171010180436	5655
0.1.20171211211613	7027
1.2.0.20180905185317	5209
1.2.0.20181108215719	5112
1.2.0.20181109162613	5239
1.2.0.20181121194423	5170
1.2.1	5277
1.3.0.20181130020805	4966
1.3.0.20190205182514	4820
1.3.0.20190221150417	2586
1.3.1.20190301150258	6680
1.3.1.20190402172810	5442
1.3.2.20190402172810	5411
1.3.3.20190402172810	5495
1.4.0	5584
1.4.1	5086
1.4.2	4856
1.4.3	4748
2.0.0	4653
2.0.1	4785
2.0.2	2960
2.0.3	2741
2.0.3.1	2910
2.0.4	2816
2.1.0	2770
2.1.1	2847
2.1.2	2764
2.2.0	2718
2.2.1	2656
2.2.2	2660
2.3.0	2599
2.3.1	2560
2.3.2	2545
2.3.3	2394
2.4.0	2365
2.4.1	2268
2.4.2	2107
2.4.3	2060
2.4.4	1938
2.5.0	1869
2.6.0	1658
2.6.1	1625
2.6.2	1579
2.6.3	1691
2.7.0	1318
2.7.1	1155
2.7.2	921
2.7.3	828
2.7.4	768
3.0.0	668
3.1.0	270
3.1.1	228
3.1.2	252
3.2.0	39
