version	total
0.1.20160301181511	5744
0.1.20160318153100	5844
0.1.20160331153549	5730
0.1.20160412193510	5094
0.1.20160517202250	8360
0.1.20161031135838	5551
0.1.20161123074954	6654
0.1.20170818194607	5500
0.1.20171010180436	5701
0.1.20171211211613	7058
1.2.0.20180905185317	5256
1.2.0.20181108215719	5131
1.2.0.20181109162613	5287
1.2.0.20181121194423	5217
1.2.1	5326
1.3.0.20181130020805	4984
1.3.0.20190205182514	4833
1.3.0.20190221150417	2592
1.3.1.20190301150258	6720
1.3.1.20190402172810	5475
1.3.2.20190402172810	5470
1.3.3.20190402172810	5555
1.4.0	5643
1.4.1	5144
1.4.2	4916
1.4.3	4805
2.0.0	4713
2.0.1	4846
2.0.2	3005
2.0.3	2786
2.0.3.1	2955
2.0.4	2860
2.1.0	2815
2.1.1	2892
2.1.2	2809
2.2.0	2763
2.2.1	2702
2.2.2	2704
2.3.0	2644
2.3.1	2605
2.3.2	2590
2.3.3	2439
2.4.0	2410
2.4.1	2312
2.4.2	2152
2.4.3	2105
2.4.4	1983
2.5.0	1912
2.6.0	1702
2.6.1	1669
2.6.2	1624
2.6.3	1741
2.7.0	1362
2.7.1	1199
2.7.2	965
2.7.3	872
2.7.4	814
3.0.0	724
3.1.0	317
3.1.1	275
3.1.2	297
3.2.0	63
