version	total
1.0.20160323	5484
1.0.20160311144647	5512
1.0.20160314171956	5408
1.0.20160318143738	5609
1.0.20160401183214	5404
1.0.20160406195023	5362
1.0.20160411202258	5537
1.0.20160421150319	5576
1.0.20160502202716	6866
1.0.20160715171107	9583
1.0.20161031135838	5218
1.0.20161123235904	5731
1.0.20161230191227	5795
1.0.20170216151734	5671
1.0.20170327202303	5666
1.0.20170414202629	5894
1.0.20170914161842	5498
1.0.20171010180436	5850
1.0.20171211211613	5236
1.0.20180216164101	6886
1.3.0.20181218191458	5170
1.3.0.20190206223817	2932
1.3.0.20190221150417	2797
1.3.1.20190301150258	5866
1.3.1.20190419203205	5359
1.3.2.20190419203205	5351
1.3.3.20190419203205	4956
1.4.0	2794
1.4.1	2855
1.4.2	2777
1.4.3	2820
2.0.0	3068
2.0.1	2725
2.0.2	2930
2.0.3	2723
2.0.3.1	3355
2.0.4	2764
2.6.3	1282
2.7.0	1204
3.1.2	64
