version	total
1.0.20160323	5400
1.0.20160311144647	5431
1.0.20160314171956	5380
1.0.20160318143738	5524
1.0.20160401183214	5381
1.0.20160406195023	5339
1.0.20160411202258	5456
1.0.20160421150319	5494
1.0.20160502202716	6786
1.0.20160715171107	9561
1.0.20161031135838	5197
1.0.20161123235904	5651
1.0.20161230191227	5713
1.0.20170216151734	5587
1.0.20170327202303	5586
1.0.20170414202629	5812
1.0.20170914161842	5476
1.0.20171010180436	5805
1.0.20171211211613	5216
1.0.20180216164101	6786
1.3.0.20181218191458	5087
1.3.0.20190206223817	2857
1.3.0.20190221150417	2721
1.3.1.20190301150258	5755
1.3.1.20190419203205	5256
1.3.2.20190419203205	5241
1.3.3.20190419203205	4906
1.4.0	2726
1.4.1	2786
1.4.2	2709
1.4.3	2750
2.0.0	2996
2.0.1	2654
2.0.2	2859
2.0.3	2653
2.0.3.1	3264
2.0.4	2692
2.6.3	1209
2.7.0	1127
3.1.2	29
