version	total
1.0.20160323	5538
1.0.20160311144647	5563
1.0.20160314171956	5434
1.0.20160318143738	5661
1.0.20160401183214	5424
1.0.20160406195023	5373
1.0.20160411202258	5591
1.0.20160421150319	5629
1.0.20160502202716	6919
1.0.20160715171107	9596
1.0.20161031135838	5229
1.0.20161123235904	5784
1.0.20161230191227	5848
1.0.20170216151734	5724
1.0.20170327202303	5719
1.0.20170414202629	5948
1.0.20170914161842	5516
1.0.20171010180436	5869
1.0.20171211211613	5246
1.0.20180216164101	6945
1.3.0.20181218191458	5222
1.3.0.20190206223817	2984
1.3.0.20190221150417	2847
1.3.1.20190301150258	5934
1.3.1.20190419203205	5404
1.3.2.20190419203205	5418
1.3.3.20190419203205	4984
1.4.0	2821
1.4.1	2881
1.4.2	2804
1.4.3	2846
2.0.0	3099
2.0.1	2756
2.0.2	2961
2.0.3	2755
2.0.3.1	3418
2.0.4	2795
2.6.3	1334
2.7.0	1258
3.1.2	81
