version	total
1.0.20160323	5441
1.0.20160311144647	5471
1.0.20160314171956	5389
1.0.20160318143738	5566
1.0.20160401183214	5389
1.0.20160406195023	5348
1.0.20160411202258	5496
1.0.20160421150319	5534
1.0.20160502202716	6825
1.0.20160715171107	9570
1.0.20161031135838	5206
1.0.20161123235904	5689
1.0.20161230191227	5754
1.0.20170216151734	5628
1.0.20170327202303	5625
1.0.20170414202629	5852
1.0.20170914161842	5485
1.0.20171010180436	5826
1.0.20171211211613	5225
1.0.20180216164101	6835
1.3.0.20181218191458	5126
1.3.0.20190206223817	2895
1.3.0.20190221150417	2759
1.3.1.20190301150258	5806
1.3.1.20190419203205	5303
1.3.2.20190419203205	5290
1.3.3.20190419203205	4926
1.4.0	2760
1.4.1	2821
1.4.2	2743
1.4.3	2786
2.0.0	3033
2.0.1	2690
2.0.2	2895
2.0.3	2689
2.0.3.1	3310
2.0.4	2728
2.6.3	1245
2.7.0	1163
3.1.2	51
