version	total
0.1.20160301181511	5601
0.1.20160318153100	5703
0.1.20160331153549	5590
0.1.20160412193510	5064
0.1.20160517202250	8191
0.1.20161031135838	5487
0.1.20161123074954	6512
0.1.20170818194607	5432
0.1.20171010180436	5561
0.1.20171211211613	6960
1.2.0.20180905185317	5114
1.2.0.20181108215719	5057
1.2.0.20181109162613	5147
1.2.0.20181121194423	5078
1.2.1	5185
1.3.0.20181130020805	4927
1.3.0.20190205182514	4790
1.3.0.20190221150417	2571
1.3.1.20190301150258	6582
1.3.1.20190402172810	5360
1.3.2.20190402172810	5290
1.3.3.20190402172810	5376
1.4.0	5466
1.4.1	4965
1.4.2	4737
1.4.3	4630
2.0.0	4532
2.0.1	4662
2.0.2	2876
2.0.3	2656
2.0.3.1	2824
2.0.4	2732
2.1.0	2686
2.1.1	2763
2.1.2	2679
2.2.0	2633
2.2.1	2572
2.2.2	2575
2.3.0	2514
2.3.1	2475
2.3.2	2460
2.3.3	2310
2.4.0	2280
2.4.1	2185
2.4.2	2022
2.4.3	1974
2.4.4	1853
2.5.0	1787
2.6.0	1573
2.6.1	1541
2.6.2	1494
2.6.3	1589
2.7.0	1234
2.7.1	1070
2.7.2	836
2.7.3	743
2.7.4	678
3.0.0	560
3.1.0	181
3.1.1	140
3.1.2	157
