version	total
0.1.20160301181511	5607
0.1.20160318153100	5709
0.1.20160331153549	5596
0.1.20160412193510	5065
0.1.20160517202250	8198
0.1.20161031135838	5488
0.1.20161123074954	6518
0.1.20170818194607	5435
0.1.20171010180436	5567
0.1.20171211211613	6964
1.2.0.20180905185317	5120
1.2.0.20181108215719	5062
1.2.0.20181109162613	5153
1.2.0.20181121194423	5084
1.2.1	5191
1.3.0.20181130020805	4928
1.3.0.20190205182514	4792
1.3.0.20190221150417	2572
1.3.1.20190301150258	6588
1.3.1.20190402172810	5367
1.3.2.20190402172810	5298
1.3.3.20190402172810	5384
1.4.0	5474
1.4.1	4973
1.4.2	4745
1.4.3	4638
2.0.0	4540
2.0.1	4670
2.0.2	2882
2.0.3	2662
2.0.3.1	2830
2.0.4	2738
2.1.0	2692
2.1.1	2768
2.1.2	2685
2.2.0	2639
2.2.1	2578
2.2.2	2581
2.3.0	2520
2.3.1	2481
2.3.2	2466
2.3.3	2316
2.4.0	2286
2.4.1	2191
2.4.2	2028
2.4.3	1980
2.4.4	1859
2.5.0	1793
2.6.0	1579
2.6.1	1547
2.6.2	1500
2.6.3	1596
2.7.0	1240
2.7.1	1076
2.7.2	842
2.7.3	749
2.7.4	684
3.0.0	567
3.1.0	187
3.1.1	146
3.1.2	165
