version	total
0.1.20160301181511	5592
0.1.20160318153100	5691
0.1.20160331153549	5582
0.1.20160412193510	5062
0.1.20160517202250	8181
0.1.20161031135838	5485
0.1.20161123074954	6504
0.1.20170818194607	5429
0.1.20171010180436	5551
0.1.20171211211613	6953
1.2.0.20180905185317	5105
1.2.0.20181108215719	5049
1.2.0.20181109162613	5138
1.2.0.20181121194423	5069
1.2.1	5177
1.3.0.20181130020805	4926
1.3.0.20190205182514	4789
1.3.0.20190221150417	2570
1.3.1.20190301150258	6576
1.3.1.20190402172810	5351
1.3.2.20190402172810	5281
1.3.3.20190402172810	5367
1.4.0	5456
1.4.1	4955
1.4.2	4727
1.4.3	4620
2.0.0	4522
2.0.1	4651
2.0.2	2868
2.0.3	2648
2.0.3.1	2816
2.0.4	2724
2.1.0	2678
2.1.1	2755
2.1.2	2672
2.2.0	2625
2.2.1	2564
2.2.2	2567
2.3.0	2506
2.3.1	2468
2.3.2	2453
2.3.3	2302
2.4.0	2273
2.4.1	2177
2.4.2	2014
2.4.3	1966
2.4.4	1846
2.5.0	1779
2.6.0	1566
2.6.1	1534
2.6.2	1486
2.6.3	1580
2.7.0	1226
2.7.1	1062
2.7.2	828
2.7.3	735
2.7.4	670
3.0.0	551
3.1.0	173
3.1.1	133
3.1.2	146
