version	total
1.0.20160323	5362
1.0.20160311144647	5389
1.0.20160314171956	5353
1.0.20160318143738	5486
1.0.20160401183214	5354
1.0.20160406195023	5314
1.0.20160411202258	5417
1.0.20160421150319	5458
1.0.20160502202716	6749
1.0.20160715171107	9532
1.0.20161031135838	5168
1.0.20161123235904	5616
1.0.20161230191227	5675
1.0.20170216151734	5550
1.0.20170327202303	5547
1.0.20170414202629	5776
1.0.20170914161842	5450
1.0.20171010180436	5752
1.0.20171211211613	5189
1.0.20180216164101	6722
1.3.0.20181218191458	5053
1.3.0.20190206223817	2830
1.3.0.20190221150417	2692
1.3.1.20190301150258	5689
1.3.1.20190419203205	5195
1.3.2.20190419203205	5177
1.3.3.20190419203205	4849
1.4.0	2701
1.4.1	2761
1.4.2	2684
1.4.3	2725
2.0.0	2970
2.0.1	2628
2.0.2	2834
2.0.3	2627
2.0.3.1	3216
2.0.4	2668
2.6.3	1182
2.7.0	1099
