version	total
0.1.20160301181511	5448
0.1.20160318153100	5544
0.1.20160331153549	5440
0.1.20160412193510	4984
0.1.20160517202250	7963
0.1.20161031135838	5385
0.1.20161123074954	6354
0.1.20170818194607	5326
0.1.20171010180436	5405
0.1.20171211211613	6761
1.2.0.20180905185317	4963
1.2.0.20181108215719	4911
1.2.0.20181109162613	4991
1.2.0.20181121194423	4932
1.2.1	5031
1.3.0.20181130020805	4841
1.3.0.20190205182514	4676
1.3.0.20190221150417	2508
1.3.1.20190301150258	6257
1.3.1.20190402172810	5132
1.3.2.20190402172810	5058
1.3.3.20190402172810	5143
1.4.0	5234
1.4.1	4732
1.4.2	4508
1.4.3	4399
2.0.0	4304
2.0.1	4417
2.0.2	2748
2.0.3	2527
2.0.3.1	2696
2.0.4	2605
2.1.0	2558
2.1.1	2635
2.1.2	2552
2.2.0	2504
2.2.1	2449
2.2.2	2447
2.3.0	2386
2.3.1	2349
2.3.2	2335
2.3.3	2185
2.4.0	2152
2.4.1	2057
2.4.2	1897
2.4.3	1847
2.4.4	1725
2.5.0	1658
2.6.0	1447
2.6.1	1416
2.6.2	1364
2.6.3	1412
2.7.0	1108
2.7.1	942
2.7.2	709
2.7.3	614
2.7.4	541
3.0.0	354
3.1.0	38
