version	total
1.0.20160323	5390
1.0.20160311144647	5420
1.0.20160314171956	5378
1.0.20160318143738	5514
1.0.20160401183214	5379
1.0.20160406195023	5338
1.0.20160411202258	5446
1.0.20160421150319	5485
1.0.20160502202716	6776
1.0.20160715171107	9559
1.0.20161031135838	5196
1.0.20161123235904	5641
1.0.20161230191227	5704
1.0.20170216151734	5578
1.0.20170327202303	5576
1.0.20170414202629	5802
1.0.20170914161842	5474
1.0.20171010180436	5802
1.0.20171211211613	5215
1.0.20180216164101	6775
1.3.0.20181218191458	5077
1.3.0.20190206223817	2847
1.3.0.20190221150417	2711
1.3.1.20190301150258	5743
1.3.1.20190419203205	5246
1.3.2.20190419203205	5229
1.3.3.20190419203205	4901
1.4.0	2719
1.4.1	2779
1.4.2	2701
1.4.3	2743
2.0.0	2988
2.0.1	2646
2.0.2	2851
2.0.3	2645
2.0.3.1	3251
2.0.4	2684
2.6.3	1199
2.7.0	1117
3.1.2	26
