version	total
0.1.20160301181511	5700
0.1.20160318153100	5802
0.1.20160331153549	5687
0.1.20160412193510	5086
0.1.20160517202250	8307
0.1.20161031135838	5532
0.1.20161123074954	6609
0.1.20170818194607	5481
0.1.20171010180436	5661
0.1.20171211211613	7029
1.2.0.20180905185317	5215
1.2.0.20181108215719	5113
1.2.0.20181109162613	5245
1.2.0.20181121194423	5176
1.2.1	5283
1.3.0.20181130020805	4967
1.3.0.20190205182514	4822
1.3.0.20190221150417	2587
1.3.1.20190301150258	6686
1.3.1.20190402172810	5445
1.3.2.20190402172810	5419
1.3.3.20190402172810	5503
1.4.0	5592
1.4.1	5093
1.4.2	4864
1.4.3	4756
2.0.0	4661
2.0.1	4793
2.0.2	2966
2.0.3	2747
2.0.3.1	2916
2.0.4	2822
2.1.0	2776
2.1.1	2853
2.1.2	2770
2.2.0	2724
2.2.1	2662
2.2.2	2666
2.3.0	2605
2.3.1	2566
2.3.2	2551
2.3.3	2400
2.4.0	2371
2.4.1	2274
2.4.2	2113
2.4.3	2066
2.4.4	1944
2.5.0	1875
2.6.0	1664
2.6.1	1631
2.6.2	1586
2.6.3	1698
2.7.0	1324
2.7.1	1161
2.7.2	927
2.7.3	834
2.7.4	774
3.0.0	675
3.1.0	276
3.1.1	234
3.1.2	258
3.2.0	42
