version	total
0.1.20160301181511	5693
0.1.20160318153100	5795
0.1.20160331153549	5680
0.1.20160412193510	5085
0.1.20160517202250	8299
0.1.20161031135838	5531
0.1.20161123074954	6602
0.1.20170818194607	5480
0.1.20171010180436	5654
0.1.20171211211613	7027
1.2.0.20180905185317	5208
1.2.0.20181108215719	5112
1.2.0.20181109162613	5238
1.2.0.20181121194423	5169
1.2.1	5276
1.3.0.20181130020805	4966
1.3.0.20190205182514	4820
1.3.0.20190221150417	2586
1.3.1.20190301150258	6680
1.3.1.20190402172810	5442
1.3.2.20190402172810	5410
1.3.3.20190402172810	5494
1.4.0	5583
1.4.1	5085
1.4.2	4855
1.4.3	4747
2.0.0	4652
2.0.1	4784
2.0.2	2959
2.0.3	2740
2.0.3.1	2909
2.0.4	2815
2.1.0	2769
2.1.1	2846
2.1.2	2763
2.2.0	2717
2.2.1	2655
2.2.2	2659
2.3.0	2598
2.3.1	2559
2.3.2	2544
2.3.3	2393
2.4.0	2364
2.4.1	2267
2.4.2	2106
2.4.3	2059
2.4.4	1937
2.5.0	1868
2.6.0	1657
2.6.1	1624
2.6.2	1578
2.6.3	1690
2.7.0	1317
2.7.1	1154
2.7.2	920
2.7.3	827
2.7.4	767
3.0.0	667
3.1.0	269
3.1.1	227
3.1.2	251
3.2.0	39
