version	total
1.0.20160323	5398
1.0.20160311144647	5429
1.0.20160314171956	5380
1.0.20160318143738	5523
1.0.20160401183214	5380
1.0.20160406195023	5339
1.0.20160411202258	5453
1.0.20160421150319	5493
1.0.20160502202716	6784
1.0.20160715171107	9560
1.0.20161031135838	5197
1.0.20161123235904	5650
1.0.20161230191227	5712
1.0.20170216151734	5586
1.0.20170327202303	5585
1.0.20170414202629	5810
1.0.20170914161842	5476
1.0.20171010180436	5804
1.0.20171211211613	5216
1.0.20180216164101	6785
1.3.0.20181218191458	5085
1.3.0.20190206223817	2855
1.3.0.20190221150417	2719
1.3.1.20190301150258	5754
1.3.1.20190419203205	5255
1.3.2.20190419203205	5240
1.3.3.20190419203205	4904
1.4.0	2725
1.4.1	2785
1.4.2	2707
1.4.3	2749
2.0.0	2995
2.0.1	2653
2.0.2	2858
2.0.3	2652
2.0.3.1	3261
2.0.4	2691
2.6.3	1207
2.7.0	1125
3.1.2	28
