version	total
0.1.20160301181511	5664
0.1.20160318153100	5766
0.1.20160331153549	5652
0.1.20160412193510	5077
0.1.20160517202250	8264
0.1.20161031135838	5524
0.1.20161123074954	6574
0.1.20170818194607	5472
0.1.20171010180436	5625
0.1.20171211211613	7013
1.2.0.20180905185317	5179
1.2.0.20181108215719	5103
1.2.0.20181109162613	5209
1.2.0.20181121194423	5140
1.2.1	5247
1.3.0.20181130020805	4961
1.3.0.20190205182514	4810
1.3.0.20190221150417	2580
1.3.1.20190301150258	6649
1.3.1.20190402172810	5425
1.3.2.20190402172810	5373
1.3.3.20190402172810	5459
1.4.0	5548
1.4.1	5048
1.4.2	4818
1.4.3	4711
2.0.0	4614
2.0.1	4745
2.0.2	2933
2.0.3	2713
2.0.3.1	2882
2.0.4	2788
2.1.0	2742
2.1.1	2819
2.1.2	2736
2.2.0	2690
2.2.1	2628
2.2.2	2632
2.3.0	2571
2.3.1	2532
2.3.2	2517
2.3.3	2367
2.4.0	2337
2.4.1	2241
2.4.2	2079
2.4.3	2032
2.4.4	1910
2.5.0	1843
2.6.0	1630
2.6.1	1597
2.6.2	1551
2.6.3	1653
2.7.0	1290
2.7.1	1127
2.7.2	893
2.7.3	800
2.7.4	737
3.0.0	628
3.1.0	241
3.1.1	199
3.1.2	222
3.2.0	31
