version	total
0.1.20160301181511	5498
0.1.20160318153100	5597
0.1.20160331153549	5489
0.1.20160412193510	5014
0.1.20160517202250	8041
0.1.20161031135838	5435
0.1.20161123074954	6406
0.1.20170818194607	5374
0.1.20171010180436	5455
0.1.20171211211613	6842
1.2.0.20180905185317	5013
1.2.0.20181108215719	4959
1.2.0.20181109162613	5041
1.2.0.20181121194423	4980
1.2.1	5081
1.3.0.20181130020805	4885
1.3.0.20190205182514	4719
1.3.0.20190221150417	2535
1.3.1.20190301150258	6375
1.3.1.20190402172810	5211
1.3.2.20190402172810	5133
1.3.3.20190402172810	5216
1.4.0	5308
1.4.1	4807
1.4.2	4581
1.4.3	4472
2.0.0	4376
2.0.1	4487
2.0.2	2785
2.0.3	2566
2.0.3.1	2732
2.0.4	2642
2.1.0	2596
2.1.1	2672
2.1.2	2590
2.2.0	2542
2.2.1	2483
2.2.2	2485
2.3.0	2424
2.3.1	2386
2.3.2	2371
2.3.3	2220
2.4.0	2190
2.4.1	2095
2.4.2	1932
2.4.3	1883
2.4.4	1762
2.5.0	1696
2.6.0	1484
2.6.1	1453
2.6.2	1401
2.6.3	1465
2.7.0	1145
2.7.1	980
2.7.2	747
2.7.3	652
2.7.4	583
3.0.0	418
3.1.0	84
3.1.1	42
3.1.2	21
