version	total
1.0.20160323	5350
1.0.20160311144647	5379
1.0.20160314171956	5342
1.0.20160318143738	5475
1.0.20160401183214	5343
1.0.20160406195023	5303
1.0.20160411202258	5406
1.0.20160421150319	5446
1.0.20160502202716	6738
1.0.20160715171107	9519
1.0.20161031135838	5157
1.0.20161123235904	5605
1.0.20161230191227	5663
1.0.20170216151734	5538
1.0.20170327202303	5535
1.0.20170414202629	5765
1.0.20170914161842	5440
1.0.20171010180436	5732
1.0.20171211211613	5179
1.0.20180216164101	6701
1.3.0.20181218191458	5042
1.3.0.20190206223817	2824
1.3.0.20190221150417	2684
1.3.1.20190301150258	5663
1.3.1.20190419203205	5171
1.3.2.20190419203205	5153
1.3.3.20190419203205	4824
1.4.0	2694
1.4.1	2755
1.4.2	2677
1.4.3	2719
2.0.0	2963
2.0.1	2623
2.0.2	2828
2.0.3	2621
2.0.3.1	3201
2.0.4	2648
2.6.3	1175
2.7.0	1086
