version	total
0.1.20160301181511	5650
0.1.20160318153100	5751
0.1.20160331153549	5639
0.1.20160412193510	5075
0.1.20160517202250	8250
0.1.20161031135838	5518
0.1.20161123074954	6561
0.1.20170818194607	5465
0.1.20171010180436	5610
0.1.20171211211613	7006
1.2.0.20180905185317	5163
1.2.0.20181108215719	5095
1.2.0.20181109162613	5195
1.2.0.20181121194423	5125
1.2.1	5232
1.3.0.20181130020805	4955
1.3.0.20190205182514	4807
1.3.0.20190221150417	2578
1.3.1.20190301150258	6642
1.3.1.20190402172810	5416
1.3.2.20190402172810	5356
1.3.3.20190402172810	5442
1.4.0	5532
1.4.1	5032
1.4.2	4802
1.4.3	4694
2.0.0	4598
2.0.1	4729
2.0.2	2919
2.0.3	2699
2.0.3.1	2868
2.0.4	2774
2.1.0	2728
2.1.1	2805
2.1.2	2722
2.2.0	2676
2.2.1	2614
2.2.2	2618
2.3.0	2557
2.3.1	2518
2.3.2	2503
2.3.3	2353
2.4.0	2323
2.4.1	2227
2.4.2	2065
2.4.3	2017
2.4.4	1896
2.5.0	1829
2.6.0	1616
2.6.1	1583
2.6.2	1537
2.6.3	1638
2.7.0	1276
2.7.1	1113
2.7.2	879
2.7.3	786
2.7.4	723
3.0.0	613
3.1.0	227
3.1.1	185
3.1.2	207
3.2.0	29
