version	total
0.1.20160301181511	5745
0.1.20160318153100	5845
0.1.20160331153549	5731
0.1.20160412193510	5094
0.1.20160517202250	8361
0.1.20161031135838	5551
0.1.20161123074954	6655
0.1.20170818194607	5500
0.1.20171010180436	5702
0.1.20171211211613	7058
1.2.0.20180905185317	5257
1.2.0.20181108215719	5131
1.2.0.20181109162613	5288
1.2.0.20181121194423	5218
1.2.1	5327
1.3.0.20181130020805	4984
1.3.0.20190205182514	4833
1.3.0.20190221150417	2592
1.3.1.20190301150258	6720
1.3.1.20190402172810	5475
1.3.2.20190402172810	5471
1.3.3.20190402172810	5556
1.4.0	5644
1.4.1	5145
1.4.2	4917
1.4.3	4806
2.0.0	4714
2.0.1	4847
2.0.2	3006
2.0.3	2787
2.0.3.1	2956
2.0.4	2861
2.1.0	2816
2.1.1	2893
2.1.2	2810
2.2.0	2764
2.2.1	2703
2.2.2	2705
2.3.0	2645
2.3.1	2606
2.3.2	2591
2.3.3	2440
2.4.0	2411
2.4.1	2313
2.4.2	2153
2.4.3	2106
2.4.4	1984
2.5.0	1913
2.6.0	1703
2.6.1	1670
2.6.2	1625
2.6.3	1742
2.7.0	1363
2.7.1	1200
2.7.2	966
2.7.3	873
2.7.4	815
3.0.0	725
3.1.0	318
3.1.1	276
3.1.2	298
3.2.0	63
