version	total
1.0.20160323	5582
1.0.20160311144647	5604
1.0.20160314171956	5453
1.0.20160318143738	5703
1.0.20160401183214	5442
1.0.20160406195023	5383
1.0.20160411202258	5635
1.0.20160421150319	5672
1.0.20160502202716	6959
1.0.20160715171107	9607
1.0.20161031135838	5237
1.0.20161123235904	5816
1.0.20161230191227	5891
1.0.20170216151734	5767
1.0.20170327202303	5759
1.0.20170414202629	5988
1.0.20170914161842	5531
1.0.20171010180436	5888
1.0.20171211211613	5255
1.0.20180216164101	6996
1.3.0.20181218191458	5263
1.3.0.20190206223817	3023
1.3.0.20190221150417	2888
1.3.1.20190301150258	5987
1.3.1.20190419203205	5433
1.3.2.20190419203205	5464
1.3.3.20190419203205	5004
1.4.0	2837
1.4.1	2898
1.4.2	2820
1.4.3	2863
2.0.0	3117
2.0.1	2774
2.0.2	2979
2.0.3	2773
2.0.3.1	3465
2.0.4	2814
2.6.3	1372
2.7.0	1299
3.1.2	95
