version	total
1.0.20160323	5312
1.0.20160311144647	5342
1.0.20160314171956	5303
1.0.20160318143738	5438
1.0.20160401183214	5304
1.0.20160406195023	5271
1.0.20160411202258	5368
1.0.20160421150319	5408
1.0.20160502202716	6702
1.0.20160715171107	9487
1.0.20161031135838	5126
1.0.20161123235904	5569
1.0.20161230191227	5627
1.0.20170216151734	5501
1.0.20170327202303	5497
1.0.20170414202629	5730
1.0.20170914161842	5405
1.0.20171010180436	5680
1.0.20171211211613	5147
1.0.20180216164101	6641
1.3.0.20181218191458	5011
1.3.0.20190206223817	2798
1.3.0.20190221150417	2658
1.3.1.20190301150258	5605
1.3.1.20190419203205	5112
1.3.2.20190419203205	5089
1.3.3.20190419203205	4777
1.4.0	2668
1.4.1	2726
1.4.2	2649
1.4.3	2691
2.0.0	2936
2.0.1	2596
2.0.2	2800
2.0.3	2593
2.0.3.1	3158
2.0.4	2619
2.6.3	1147
2.7.0	1057
