version	total
1.0.20160323	5490
1.0.20160311144647	5518
1.0.20160314171956	5414
1.0.20160318143738	5615
1.0.20160401183214	5407
1.0.20160406195023	5362
1.0.20160411202258	5543
1.0.20160421150319	5582
1.0.20160502202716	6872
1.0.20160715171107	9583
1.0.20161031135838	5218
1.0.20161123235904	5737
1.0.20161230191227	5801
1.0.20170216151734	5677
1.0.20170327202303	5672
1.0.20170414202629	5900
1.0.20170914161842	5501
1.0.20171010180436	5850
1.0.20171211211613	5236
1.0.20180216164101	6892
1.3.0.20181218191458	5176
1.3.0.20190206223817	2939
1.3.0.20190221150417	2804
1.3.1.20190301150258	5872
1.3.1.20190419203205	5365
1.3.2.20190419203205	5357
1.3.3.20190419203205	4956
1.4.0	2801
1.4.1	2862
1.4.2	2784
1.4.3	2827
2.0.0	3075
2.0.1	2732
2.0.2	2937
2.0.3	2730
2.0.3.1	3363
2.0.4	2771
2.6.3	1289
2.7.0	1211
3.1.2	68
