version	total
0.1.20160301181511	5475
0.1.20160318153100	5569
0.1.20160331153549	5466
0.1.20160412193510	4987
0.1.20160517202250	7992
0.1.20161031135838	5410
0.1.20161123074954	6380
0.1.20170818194607	5351
0.1.20171010180436	5431
0.1.20171211211613	6791
1.2.0.20180905185317	4989
1.2.0.20181108215719	4936
1.2.0.20181109162613	5017
1.2.0.20181121194423	4957
1.2.1	5056
1.3.0.20181130020805	4867
1.3.0.20190205182514	4690
1.3.0.20190221150417	2519
1.3.1.20190301150258	6281
1.3.1.20190402172810	5161
1.3.2.20190402172810	5089
1.3.3.20190402172810	5172
1.4.0	5263
1.4.1	4760
1.4.2	4536
1.4.3	4427
2.0.0	4333
2.0.1	4445
2.0.2	2772
2.0.3	2551
2.0.3.1	2720
2.0.4	2629
2.1.0	2583
2.1.1	2659
2.1.2	2576
2.2.0	2527
2.2.1	2472
2.2.2	2471
2.3.0	2409
2.3.1	2372
2.3.2	2358
2.3.3	2208
2.4.0	2175
2.4.1	2080
2.4.2	1920
2.4.3	1870
2.4.4	1748
2.5.0	1682
2.6.0	1471
2.6.1	1440
2.6.2	1388
2.6.3	1438
2.7.0	1132
2.7.1	966
2.7.2	733
2.7.3	638
2.7.4	565
3.0.0	380
3.1.0	64
3.1.1	15
