version	total
0.1.20160301181511	5580
0.1.20160318153100	5679
0.1.20160331153549	5570
0.1.20160412193510	5060
0.1.20160517202250	8167
0.1.20161031135838	5483
0.1.20161123074954	6492
0.1.20170818194607	5427
0.1.20171010180436	5539
0.1.20171211211613	6946
1.2.0.20180905185317	5093
1.2.0.20181108215719	5038
1.2.0.20181109162613	5126
1.2.0.20181121194423	5058
1.2.1	5165
1.3.0.20181130020805	4924
1.3.0.20190205182514	4783
1.3.0.20190221150417	2566
1.3.1.20190301150258	6564
1.3.1.20190402172810	5336
1.3.2.20190402172810	5265
1.3.3.20190402172810	5351
1.4.0	5439
1.4.1	4939
1.4.2	4711
1.4.3	4604
2.0.0	4506
2.0.1	4635
2.0.2	2854
2.0.3	2634
2.0.3.1	2802
2.0.4	2710
2.1.0	2664
2.1.1	2741
2.1.2	2658
2.2.0	2611
2.2.1	2550
2.2.2	2553
2.3.0	2492
2.3.1	2454
2.3.2	2439
2.3.3	2288
2.4.0	2259
2.4.1	2163
2.4.2	2000
2.4.3	1952
2.4.4	1832
2.5.0	1765
2.6.0	1552
2.6.1	1520
2.6.2	1472
2.6.3	1562
2.7.0	1213
2.7.1	1048
2.7.2	814
2.7.3	721
2.7.4	654
3.0.0	527
3.1.0	157
3.1.1	116
3.1.2	127
