version	total
1.0.20160323	5432
1.0.20160311144647	5462
1.0.20160314171956	5388
1.0.20160318143738	5557
1.0.20160401183214	5388
1.0.20160406195023	5347
1.0.20160411202258	5487
1.0.20160421150319	5525
1.0.20160502202716	6816
1.0.20160715171107	9569
1.0.20161031135838	5205
1.0.20161123235904	5681
1.0.20161230191227	5745
1.0.20170216151734	5619
1.0.20170327202303	5617
1.0.20170414202629	5843
1.0.20170914161842	5484
1.0.20171010180436	5824
1.0.20171211211613	5224
1.0.20180216164101	6825
1.3.0.20181218191458	5116
1.3.0.20190206223817	2885
1.3.0.20190221150417	2749
1.3.1.20190301150258	5795
1.3.1.20190419203205	5292
1.3.2.20190419203205	5280
1.3.3.20190419203205	4923
1.4.0	2751
1.4.1	2812
1.4.2	2734
1.4.3	2777
2.0.0	3024
2.0.1	2681
2.0.2	2886
2.0.3	2680
2.0.3.1	3298
2.0.4	2719
2.6.3	1236
2.7.0	1154
3.1.2	44
