version	total
0.1.20160301181511	5598
0.1.20160318153100	5700
0.1.20160331153549	5587
0.1.20160412193510	5064
0.1.20160517202250	8188
0.1.20161031135838	5487
0.1.20161123074954	6509
0.1.20170818194607	5431
0.1.20171010180436	5558
0.1.20171211211613	6959
1.2.0.20180905185317	5111
1.2.0.20181108215719	5054
1.2.0.20181109162613	5144
1.2.0.20181121194423	5075
1.2.1	5182
1.3.0.20181130020805	4927
1.3.0.20190205182514	4790
1.3.0.20190221150417	2571
1.3.1.20190301150258	6582
1.3.1.20190402172810	5357
1.3.2.20190402172810	5287
1.3.3.20190402172810	5373
1.4.0	5463
1.4.1	4962
1.4.2	4734
1.4.3	4627
2.0.0	4529
2.0.1	4659
2.0.2	2873
2.0.3	2653
2.0.3.1	2821
2.0.4	2729
2.1.0	2683
2.1.1	2760
2.1.2	2676
2.2.0	2630
2.2.1	2569
2.2.2	2572
2.3.0	2511
2.3.1	2472
2.3.2	2457
2.3.3	2307
2.4.0	2277
2.4.1	2182
2.4.2	2019
2.4.3	1971
2.4.4	1850
2.5.0	1784
2.6.0	1570
2.6.1	1538
2.6.2	1491
2.6.3	1586
2.7.0	1231
2.7.1	1067
2.7.2	833
2.7.3	740
2.7.4	675
3.0.0	557
3.1.0	178
3.1.1	137
3.1.2	152
