version	total
1.0.20160323	5448
1.0.20160311144647	5478
1.0.20160314171956	5391
1.0.20160318143738	5573
1.0.20160401183214	5391
1.0.20160406195023	5350
1.0.20160411202258	5503
1.0.20160421150319	5541
1.0.20160502202716	6832
1.0.20160715171107	9572
1.0.20161031135838	5210
1.0.20161123235904	5696
1.0.20161230191227	5761
1.0.20170216151734	5635
1.0.20170327202303	5633
1.0.20170414202629	5859
1.0.20170914161842	5487
1.0.20171010180436	5830
1.0.20171211211613	5227
1.0.20180216164101	6844
1.3.0.20181218191458	5135
1.3.0.20190206223817	2902
1.3.0.20190221150417	2766
1.3.1.20190301150258	5815
1.3.1.20190419203205	5311
1.3.2.20190419203205	5298
1.3.3.20190419203205	4929
1.4.0	2767
1.4.1	2828
1.4.2	2750
1.4.3	2793
2.0.0	3040
2.0.1	2697
2.0.2	2902
2.0.3	2696
2.0.3.1	3319
2.0.4	2735
2.6.3	1252
2.7.0	1171
3.1.2	54
