version	total
0.1.20160301181511	5631
0.1.20160318153100	5732
0.1.20160331153549	5620
0.1.20160412193510	5072
0.1.20160517202250	8228
0.1.20161031135838	5505
0.1.20161123074954	6542
0.1.20170818194607	5453
0.1.20171010180436	5591
0.1.20171211211613	6990
1.2.0.20180905185317	5144
1.2.0.20181108215719	5083
1.2.0.20181109162613	5176
1.2.0.20181121194423	5106
1.2.1	5214
1.3.0.20181130020805	4943
1.3.0.20190205182514	4802
1.3.0.20190221150417	2576
1.3.1.20190301150258	6624
1.3.1.20190402172810	5397
1.3.2.20190402172810	5330
1.3.3.20190402172810	5418
1.4.0	5507
1.4.1	5007
1.4.2	4777
1.4.3	4671
2.0.0	4573
2.0.1	4704
2.0.2	2901
2.0.3	2681
2.0.3.1	2850
2.0.4	2756
2.1.0	2711
2.1.1	2787
2.1.2	2704
2.2.0	2658
2.2.1	2597
2.2.2	2600
2.3.0	2539
2.3.1	2500
2.3.2	2485
2.3.3	2335
2.4.0	2305
2.4.1	2209
2.4.2	2047
2.4.3	1999
2.4.4	1878
2.5.0	1812
2.6.0	1598
2.6.1	1566
2.6.2	1519
2.6.3	1618
2.7.0	1259
2.7.1	1095
2.7.2	861
2.7.3	768
2.7.4	705
3.0.0	593
3.1.0	209
3.1.1	168
3.1.2	188
