version	total
1.0.20160323	5437
1.0.20160311144647	5467
1.0.20160314171956	5389
1.0.20160318143738	5562
1.0.20160401183214	5389
1.0.20160406195023	5348
1.0.20160411202258	5492
1.0.20160421150319	5530
1.0.20160502202716	6821
1.0.20160715171107	9570
1.0.20161031135838	5206
1.0.20161123235904	5686
1.0.20161230191227	5750
1.0.20170216151734	5624
1.0.20170327202303	5622
1.0.20170414202629	5848
1.0.20170914161842	5485
1.0.20171010180436	5826
1.0.20171211211613	5225
1.0.20180216164101	6831
1.3.0.20181218191458	5122
1.3.0.20190206223817	2889
1.3.0.20190221150417	2753
1.3.1.20190301150258	5802
1.3.1.20190419203205	5300
1.3.2.20190419203205	5287
1.3.3.20190419203205	4926
1.4.0	2755
1.4.1	2816
1.4.2	2738
1.4.3	2781
2.0.0	3028
2.0.1	2685
2.0.2	2890
2.0.3	2684
2.0.3.1	3302
2.0.4	2723
2.6.3	1240
2.7.0	1158
3.1.2	48
