version	total
0.1.20160301181511	5672
0.1.20160318153100	5774
0.1.20160331153549	5660
0.1.20160412193510	5079
0.1.20160517202250	8273
0.1.20161031135838	5526
0.1.20161123074954	6582
0.1.20170818194607	5474
0.1.20171010180436	5634
0.1.20171211211613	7016
1.2.0.20180905185317	5187
1.2.0.20181108215719	5105
1.2.0.20181109162613	5217
1.2.0.20181121194423	5148
1.2.1	5255
1.3.0.20181130020805	4962
1.3.0.20190205182514	4813
1.3.0.20190221150417	2581
1.3.1.20190301150258	6656
1.3.1.20190402172810	5429
1.3.2.20190402172810	5383
1.3.3.20190402172810	5469
1.4.0	5557
1.4.1	5058
1.4.2	4828
1.4.3	4720
2.0.0	4624
2.0.1	4755
2.0.2	2940
2.0.3	2720
2.0.3.1	2889
2.0.4	2795
2.1.0	2750
2.1.1	2826
2.1.2	2743
2.2.0	2697
2.2.1	2635
2.2.2	2639
2.3.0	2578
2.3.1	2539
2.3.2	2524
2.3.3	2374
2.4.0	2345
2.4.1	2247
2.4.2	2086
2.4.3	2040
2.4.4	1917
2.5.0	1850
2.6.0	1637
2.6.1	1604
2.6.2	1559
2.6.3	1662
2.7.0	1298
2.7.1	1134
2.7.2	901
2.7.3	807
2.7.4	747
3.0.0	643
3.1.0	249
3.1.1	207
3.1.2	232
3.2.0	34
