version	total
0.1.20160301181511	5641
0.1.20160318153100	5742
0.1.20160331153549	5630
0.1.20160412193510	5073
0.1.20160517202250	8238
0.1.20161031135838	5514
0.1.20161123074954	6551
0.1.20170818194607	5462
0.1.20171010180436	5600
0.1.20171211211613	7000
1.2.0.20180905185317	5153
1.2.0.20181108215719	5092
1.2.0.20181109162613	5185
1.2.0.20181121194423	5115
1.2.1	5223
1.3.0.20181130020805	4952
1.3.0.20190205182514	4804
1.3.0.20190221150417	2577
1.3.1.20190301150258	6630
1.3.1.20190402172810	5408
1.3.2.20190402172810	5343
1.3.3.20190402172810	5429
1.4.0	5518
1.4.1	5018
1.4.2	4788
1.4.3	4681
2.0.0	4584
2.0.1	4715
2.0.2	2910
2.0.3	2690
2.0.3.1	2859
2.0.4	2765
2.1.0	2719
2.1.1	2796
2.1.2	2713
2.2.0	2667
2.2.1	2606
2.2.2	2609
2.3.0	2548
2.3.1	2509
2.3.2	2494
2.3.3	2344
2.4.0	2315
2.4.1	2218
2.4.2	2056
2.4.3	2008
2.4.4	1887
2.5.0	1821
2.6.0	1607
2.6.1	1574
2.6.2	1528
2.6.3	1628
2.7.0	1268
2.7.1	1104
2.7.2	870
2.7.3	777
2.7.4	714
3.0.0	603
3.1.0	218
3.1.1	177
3.1.2	198
3.2.0	26
