version	total
1.0.20160323	5505
1.0.20160311144647	5532
1.0.20160314171956	5423
1.0.20160318143738	5629
1.0.20160401183214	5415
1.0.20160406195023	5365
1.0.20160411202258	5558
1.0.20160421150319	5597
1.0.20160502202716	6887
1.0.20160715171107	9586
1.0.20161031135838	5221
1.0.20161123235904	5752
1.0.20161230191227	5816
1.0.20170216151734	5692
1.0.20170327202303	5686
1.0.20170414202629	5915
1.0.20170914161842	5507
1.0.20171010180436	5856
1.0.20171211211613	5239
1.0.20180216164101	6909
1.3.0.20181218191458	5191
1.3.0.20190206223817	2953
1.3.0.20190221150417	2817
1.3.1.20190301150258	5895
1.3.1.20190419203205	5384
1.3.2.20190419203205	5379
1.3.3.20190419203205	4970
1.4.0	2811
1.4.1	2871
1.4.2	2794
1.4.3	2836
2.0.0	3087
2.0.1	2743
2.0.2	2948
2.0.3	2742
2.0.3.1	3382
2.0.4	2782
2.6.3	1303
2.7.0	1226
3.1.2	73
