version	total
0.1.20160301181511	5643
0.1.20160318153100	5744
0.1.20160331153549	5631
0.1.20160412193510	5074
0.1.20160517202250	8241
0.1.20161031135838	5517
0.1.20161123074954	6553
0.1.20170818194607	5465
0.1.20171010180436	5603
0.1.20171211211613	7004
1.2.0.20180905185317	5156
1.2.0.20181108215719	5095
1.2.0.20181109162613	5188
1.2.0.20181121194423	5118
1.2.1	5225
1.3.0.20181130020805	4955
1.3.0.20190205182514	4805
1.3.0.20190221150417	2577
1.3.1.20190301150258	6636
1.3.1.20190402172810	5413
1.3.2.20190402172810	5347
1.3.3.20190402172810	5433
1.4.0	5523
1.4.1	5023
1.4.2	4793
1.4.3	4686
2.0.0	4589
2.0.1	4720
2.0.2	2912
2.0.3	2692
2.0.3.1	2861
2.0.4	2767
2.1.0	2721
2.1.1	2798
2.1.2	2715
2.2.0	2669
2.2.1	2608
2.2.2	2611
2.3.0	2550
2.3.1	2511
2.3.2	2496
2.3.3	2346
2.4.0	2317
2.4.1	2220
2.4.2	2058
2.4.3	2010
2.4.4	1889
2.5.0	1823
2.6.0	1609
2.6.1	1576
2.6.2	1530
2.6.3	1630
2.7.0	1270
2.7.1	1106
2.7.2	872
2.7.3	779
2.7.4	716
3.0.0	605
3.1.0	220
3.1.1	179
3.1.2	200
3.2.0	28
