version	total
1.0.20160323	5534
1.0.20160311144647	5559
1.0.20160314171956	5432
1.0.20160318143738	5657
1.0.20160401183214	5422
1.0.20160406195023	5371
1.0.20160411202258	5587
1.0.20160421150319	5625
1.0.20160502202716	6915
1.0.20160715171107	9594
1.0.20161031135838	5227
1.0.20161123235904	5780
1.0.20161230191227	5844
1.0.20170216151734	5720
1.0.20170327202303	5715
1.0.20170414202629	5944
1.0.20170914161842	5514
1.0.20171010180436	5865
1.0.20171211211613	5244
1.0.20180216164101	6939
1.3.0.20181218191458	5219
1.3.0.20190206223817	2981
1.3.0.20190221150417	2844
1.3.1.20190301150258	5929
1.3.1.20190419203205	5401
1.3.2.20190419203205	5413
1.3.3.20190419203205	4981
1.4.0	2820
1.4.1	2880
1.4.2	2804
1.4.3	2845
2.0.0	3098
2.0.1	2755
2.0.2	2960
2.0.3	2754
2.0.3.1	3414
2.0.4	2794
2.6.3	1331
2.7.0	1255
3.1.2	80
