version	total
0.1.20160301181511	5522
0.1.20160318153100	5619
0.1.20160331153549	5513
0.1.20160412193510	5037
0.1.20160517202250	8087
0.1.20161031135838	5458
0.1.20161123074954	6433
0.1.20170818194607	5396
0.1.20171010180436	5479
0.1.20171211211613	6887
1.2.0.20180905185317	5037
1.2.0.20181108215719	4986
1.2.0.20181109162613	5067
1.2.0.20181121194423	5003
1.2.1	5107
1.3.0.20181130020805	4907
1.3.0.20190205182514	4751
1.3.0.20190221150417	2550
1.3.1.20190301150258	6476
1.3.1.20190402172810	5262
1.3.2.20190402172810	5185
1.3.3.20190402172810	5268
1.4.0	5359
1.4.1	4858
1.4.2	4632
1.4.3	4524
2.0.0	4428
2.0.1	4555
2.0.2	2803
2.0.3	2584
2.0.3.1	2750
2.0.4	2659
2.1.0	2613
2.1.1	2690
2.1.2	2607
2.2.0	2559
2.2.1	2499
2.2.2	2502
2.3.0	2440
2.3.1	2403
2.3.2	2388
2.3.3	2237
2.4.0	2208
2.4.1	2112
2.4.2	1950
2.4.3	1901
2.4.4	1780
2.5.0	1714
2.6.0	1500
2.6.1	1470
2.6.2	1419
2.6.3	1498
2.7.0	1162
2.7.1	997
2.7.2	764
2.7.3	670
2.7.4	601
3.0.0	455
3.1.0	103
3.1.1	61
3.1.2	62
