version	total
0.1.20160301181511	5555
0.1.20160318153100	5653
0.1.20160331153549	5545
0.1.20160412193510	5052
0.1.20160517202250	8135
0.1.20161031135838	5475
0.1.20161123074954	6467
0.1.20170818194607	5417
0.1.20171010180436	5514
0.1.20171211211613	6926
1.2.0.20180905185317	5068
1.2.0.20181108215719	5014
1.2.0.20181109162613	5100
1.2.0.20181121194423	5033
1.2.1	5141
1.3.0.20181130020805	4919
1.3.0.20190205182514	4773
1.3.0.20190221150417	2561
1.3.1.20190301150258	6533
1.3.1.20190402172810	5305
1.3.2.20190402172810	5231
1.3.3.20190402172810	5318
1.4.0	5405
1.4.1	4905
1.4.2	4677
1.4.3	4571
2.0.0	4473
2.0.1	4602
2.0.2	2831
2.0.3	2611
2.0.3.1	2779
2.0.4	2687
2.1.0	2641
2.1.1	2717
2.1.2	2635
2.2.0	2587
2.2.1	2527
2.2.2	2530
2.3.0	2469
2.3.1	2431
2.3.2	2416
2.3.3	2265
2.4.0	2236
2.4.1	2140
2.4.2	1977
2.4.3	1929
2.4.4	1808
2.5.0	1742
2.6.0	1528
2.6.1	1497
2.6.2	1447
2.6.3	1534
2.7.0	1190
2.7.1	1025
2.7.2	791
2.7.3	698
2.7.4	631
3.0.0	499
3.1.0	134
3.1.1	93
3.1.2	105
