version	total
0.1.20160301181511	5656
0.1.20160318153100	5758
0.1.20160331153549	5645
0.1.20160412193510	5076
0.1.20160517202250	8256
0.1.20161031135838	5522
0.1.20161123074954	6567
0.1.20170818194607	5470
0.1.20171010180436	5617
0.1.20171211211613	7010
1.2.0.20180905185317	5170
1.2.0.20181108215719	5100
1.2.0.20181109162613	5201
1.2.0.20181121194423	5133
1.2.1	5240
1.3.0.20181130020805	4959
1.3.0.20190205182514	4807
1.3.0.20190221150417	2578
1.3.1.20190301150258	6642
1.3.1.20190402172810	5421
1.3.2.20190402172810	5363
1.3.3.20190402172810	5450
1.4.0	5539
1.4.1	5039
1.4.2	4809
1.4.3	4701
2.0.0	4605
2.0.1	4736
2.0.2	2926
2.0.3	2706
2.0.3.1	2874
2.0.4	2781
2.1.0	2735
2.1.1	2812
2.1.2	2729
2.2.0	2683
2.2.1	2621
2.2.2	2625
2.3.0	2564
2.3.1	2525
2.3.2	2510
2.3.3	2360
2.4.0	2330
2.4.1	2234
2.4.2	2072
2.4.3	2024
2.4.4	1903
2.5.0	1836
2.6.0	1623
2.6.1	1590
2.6.2	1544
2.6.3	1645
2.7.0	1283
2.7.1	1120
2.7.2	886
2.7.3	793
2.7.4	730
3.0.0	620
3.1.0	234
3.1.1	192
3.1.2	215
3.2.0	29
