version	total
1.0.20160323	5296
1.0.20160311144647	5323
1.0.20160314171956	5286
1.0.20160318143738	5420
1.0.20160401183214	5287
1.0.20160406195023	5257
1.0.20160411202258	5351
1.0.20160421150319	5391
1.0.20160502202716	6684
1.0.20160715171107	9473
1.0.20161031135838	5119
1.0.20161123235904	5552
1.0.20161230191227	5610
1.0.20170216151734	5485
1.0.20170327202303	5480
1.0.20170414202629	5712
1.0.20170914161842	5388
1.0.20171010180436	5676
1.0.20171211211613	5138
1.0.20180216164101	6623
1.3.0.20181218191458	4994
1.3.0.20190206223817	2779
1.3.0.20190221150417	2641
1.3.1.20190301150258	5584
1.3.1.20190419203205	5091
1.3.2.20190419203205	5068
1.3.3.20190419203205	4772
1.4.0	2652
1.4.1	2709
1.4.2	2632
1.4.3	2674
2.0.0	2919
2.0.1	2579
2.0.2	2784
2.0.3	2576
2.0.3.1	3139
2.0.4	2602
2.6.3	1130
2.7.0	1039
