version	total
0.1.20160301181511	5548
0.1.20160318153100	5645
0.1.20160331153549	5538
0.1.20160412193510	5050
0.1.20160517202250	8126
0.1.20161031135838	5473
0.1.20161123074954	6460
0.1.20170818194607	5413
0.1.20171010180436	5506
0.1.20171211211613	6920
1.2.0.20180905185317	5061
1.2.0.20181108215719	5008
1.2.0.20181109162613	5093
1.2.0.20181121194423	5027
1.2.1	5134
1.3.0.20181130020805	4917
1.3.0.20190205182514	4771
1.3.0.20190221150417	2560
1.3.1.20190301150258	6527
1.3.1.20190402172810	5297
1.3.2.20190402172810	5223
1.3.3.20190402172810	5310
1.4.0	5397
1.4.1	4897
1.4.2	4669
1.4.3	4563
2.0.0	4465
2.0.1	4594
2.0.2	2825
2.0.3	2605
2.0.3.1	2773
2.0.4	2681
2.1.0	2635
2.1.1	2711
2.1.2	2629
2.2.0	2581
2.2.1	2521
2.2.2	2524
2.3.0	2462
2.3.1	2425
2.3.2	2410
2.3.3	2259
2.4.0	2230
2.4.1	2134
2.4.2	1971
2.4.3	1923
2.4.4	1802
2.5.0	1735
2.6.0	1522
2.6.1	1491
2.6.2	1441
2.6.3	1527
2.7.0	1184
2.7.1	1019
2.7.2	785
2.7.3	692
2.7.4	625
3.0.0	492
3.1.0	128
3.1.1	87
3.1.2	93
