version	total
1.0.20160323	5540
1.0.20160311144647	5564
1.0.20160314171956	5434
1.0.20160318143738	5663
1.0.20160401183214	5424
1.0.20160406195023	5373
1.0.20160411202258	5593
1.0.20160421150319	5631
1.0.20160502202716	6921
1.0.20160715171107	9596
1.0.20161031135838	5229
1.0.20161123235904	5786
1.0.20161230191227	5850
1.0.20170216151734	5726
1.0.20170327202303	5721
1.0.20170414202629	5950
1.0.20170914161842	5516
1.0.20171010180436	5869
1.0.20171211211613	5246
1.0.20180216164101	6947
1.3.0.20181218191458	5224
1.3.0.20190206223817	2986
1.3.0.20190221150417	2849
1.3.1.20190301150258	5936
1.3.1.20190419203205	5404
1.3.2.20190419203205	5420
1.3.3.20190419203205	4984
1.4.0	2821
1.4.1	2881
1.4.2	2804
1.4.3	2846
2.0.0	3100
2.0.1	2757
2.0.2	2962
2.0.3	2756
2.0.3.1	3420
2.0.4	2797
2.6.3	1336
2.7.0	1262
3.1.2	82
