version	total
1.0.20160323	5461
1.0.20160311144647	5490
1.0.20160314171956	5393
1.0.20160318143738	5586
1.0.20160401183214	5393
1.0.20160406195023	5354
1.0.20160411202258	5515
1.0.20160421150319	5554
1.0.20160502202716	6845
1.0.20160715171107	9574
1.0.20161031135838	5212
1.0.20161123235904	5709
1.0.20161230191227	5774
1.0.20170216151734	5648
1.0.20170327202303	5646
1.0.20170414202629	5872
1.0.20170914161842	5489
1.0.20171010180436	5835
1.0.20171211211613	5229
1.0.20180216164101	6859
1.3.0.20181218191458	5148
1.3.0.20190206223817	2915
1.3.0.20190221150417	2779
1.3.1.20190301150258	5832
1.3.1.20190419203205	5327
1.3.2.20190419203205	5315
1.3.3.20190419203205	4935
1.4.0	2778
1.4.1	2839
1.4.2	2761
1.4.3	2804
2.0.0	3052
2.0.1	2709
2.0.2	2914
2.0.3	2707
2.0.3.1	3333
2.0.4	2748
2.6.3	1264
2.7.0	1185
3.1.2	58
