version	total
1.0.20160323	5395
1.0.20160311144647	5425
1.0.20160314171956	5378
1.0.20160318143738	5519
1.0.20160401183214	5379
1.0.20160406195023	5338
1.0.20160411202258	5451
1.0.20160421150319	5490
1.0.20160502202716	6781
1.0.20160715171107	9559
1.0.20161031135838	5196
1.0.20161123235904	5646
1.0.20161230191227	5709
1.0.20170216151734	5583
1.0.20170327202303	5581
1.0.20170414202629	5807
1.0.20170914161842	5474
1.0.20171010180436	5802
1.0.20171211211613	5215
1.0.20180216164101	6780
1.3.0.20181218191458	5082
1.3.0.20190206223817	2853
1.3.0.20190221150417	2717
1.3.1.20190301150258	5748
1.3.1.20190419203205	5250
1.3.2.20190419203205	5234
1.3.3.20190419203205	4901
1.4.0	2723
1.4.1	2783
1.4.2	2705
1.4.3	2747
2.0.0	2993
2.0.1	2651
2.0.2	2856
2.0.3	2650
2.0.3.1	3258
2.0.4	2689
2.6.3	1205
2.7.0	1123
3.1.2	28
