version	total
0.1.20160301181511	5446
0.1.20160318153100	5542
0.1.20160331153549	5438
0.1.20160412193510	4984
0.1.20160517202250	7961
0.1.20161031135838	5383
0.1.20161123074954	6352
0.1.20170818194607	5324
0.1.20171010180436	5403
0.1.20171211211613	6759
1.2.0.20180905185317	4961
1.2.0.20181108215719	4909
1.2.0.20181109162613	4989
1.2.0.20181121194423	4929
1.2.1	5029
1.3.0.20181130020805	4839
1.3.0.20190205182514	4675
1.3.0.20190221150417	2506
1.3.1.20190301150258	6255
1.3.1.20190402172810	5129
1.3.2.20190402172810	5056
1.3.3.20190402172810	5141
1.4.0	5230
1.4.1	4728
1.4.2	4503
1.4.3	4394
2.0.0	4301
2.0.1	4412
2.0.2	2746
2.0.3	2524
2.0.3.1	2693
2.0.4	2603
2.1.0	2557
2.1.1	2633
2.1.2	2550
2.2.0	2502
2.2.1	2446
2.2.2	2445
2.3.0	2383
2.3.1	2346
2.3.2	2333
2.3.3	2182
2.4.0	2150
2.4.1	2055
2.4.2	1895
2.4.3	1844
2.4.4	1722
2.5.0	1656
2.6.0	1444
2.6.1	1413
2.6.2	1361
2.6.3	1408
2.7.0	1105
2.7.1	939
2.7.2	706
2.7.3	611
2.7.4	538
3.0.0	350
3.1.0	32
