version	total
0.1.20160301181511	5509
0.1.20160318153100	5608
0.1.20160331153549	5501
0.1.20160412193510	5025
0.1.20160517202250	8062
0.1.20161031135838	5445
0.1.20161123074954	6419
0.1.20170818194607	5385
0.1.20171010180436	5467
0.1.20171211211613	6860
1.2.0.20180905185317	5025
1.2.0.20181108215719	4969
1.2.0.20181109162613	5053
1.2.0.20181121194423	4991
1.2.1	5094
1.3.0.20181130020805	4895
1.3.0.20190205182514	4735
1.3.0.20190221150417	2542
1.3.1.20190301150258	6422
1.3.1.20190402172810	5235
1.3.2.20190402172810	5158
1.3.3.20190402172810	5241
1.4.0	5333
1.4.1	4832
1.4.2	4606
1.4.3	4498
2.0.0	4402
2.0.1	4530
2.0.2	2795
2.0.3	2576
2.0.3.1	2742
2.0.4	2651
2.1.0	2605
2.1.1	2682
2.1.2	2599
2.2.0	2551
2.2.1	2491
2.2.2	2494
2.3.0	2432
2.3.1	2395
2.3.2	2380
2.3.3	2229
2.4.0	2200
2.4.1	2104
2.4.2	1942
2.4.3	1893
2.4.4	1772
2.5.0	1706
2.6.0	1492
2.6.1	1462
2.6.2	1411
2.6.3	1482
2.7.0	1154
2.7.1	989
2.7.2	756
2.7.3	662
2.7.4	592
3.0.0	435
3.1.0	93
3.1.1	53
3.1.2	50
