version	total
0.1.20160301181511	5623
0.1.20160318153100	5724
0.1.20160331153549	5612
0.1.20160412193510	5070
0.1.20160517202250	8218
0.1.20161031135838	5498
0.1.20161123074954	6534
0.1.20170818194607	5446
0.1.20171010180436	5583
0.1.20171211211613	6981
1.2.0.20180905185317	5137
1.2.0.20181108215719	5077
1.2.0.20181109162613	5169
1.2.0.20181121194423	5100
1.2.1	5207
1.3.0.20181130020805	4937
1.3.0.20190205182514	4800
1.3.0.20190221150417	2575
1.3.1.20190301150258	6618
1.3.1.20190402172810	5389
1.3.2.20190402172810	5321
1.3.3.20190402172810	5409
1.4.0	5499
1.4.1	4999
1.4.2	4769
1.4.3	4663
2.0.0	4565
2.0.1	4696
2.0.2	2895
2.0.3	2675
2.0.3.1	2843
2.0.4	2750
2.1.0	2705
2.1.1	2781
2.1.2	2698
2.2.0	2652
2.2.1	2591
2.2.2	2594
2.3.0	2533
2.3.1	2494
2.3.2	2479
2.3.3	2329
2.4.0	2299
2.4.1	2203
2.4.2	2041
2.4.3	1993
2.4.4	1872
2.5.0	1806
2.6.0	1592
2.6.1	1560
2.6.2	1512
2.6.3	1611
2.7.0	1253
2.7.1	1089
2.7.2	855
2.7.3	762
2.7.4	697
3.0.0	582
3.1.0	200
3.1.1	159
3.1.2	179
