version	total
0.1.20160301181511	5554
0.1.20160318153100	5651
0.1.20160331153549	5544
0.1.20160412193510	5052
0.1.20160517202250	8134
0.1.20161031135838	5475
0.1.20161123074954	6466
0.1.20170818194607	5417
0.1.20171010180436	5513
0.1.20171211211613	6926
1.2.0.20180905185317	5067
1.2.0.20181108215719	5013
1.2.0.20181109162613	5099
1.2.0.20181121194423	5032
1.2.1	5139
1.3.0.20181130020805	4919
1.3.0.20190205182514	4772
1.3.0.20190221150417	2560
1.3.1.20190301150258	6533
1.3.1.20190402172810	5304
1.3.2.20190402172810	5229
1.3.3.20190402172810	5316
1.4.0	5404
1.4.1	4904
1.4.2	4676
1.4.3	4570
2.0.0	4472
2.0.1	4601
2.0.2	2829
2.0.3	2609
2.0.3.1	2777
2.0.4	2685
2.1.0	2639
2.1.1	2715
2.1.2	2633
2.2.0	2585
2.2.1	2525
2.2.2	2528
2.3.0	2467
2.3.1	2429
2.3.2	2414
2.3.3	2263
2.4.0	2234
2.4.1	2138
2.4.2	1975
2.4.3	1927
2.4.4	1806
2.5.0	1740
2.6.0	1526
2.6.1	1495
2.6.2	1445
2.6.3	1531
2.7.0	1188
2.7.1	1023
2.7.2	789
2.7.3	696
2.7.4	629
3.0.0	496
3.1.0	132
3.1.1	91
3.1.2	97
