version	total
0.1.20160301181511	5682
0.1.20160318153100	5784
0.1.20160331153549	5670
0.1.20160412193510	5082
0.1.20160517202250	8286
0.1.20161031135838	5529
0.1.20161123074954	6591
0.1.20170818194607	5477
0.1.20171010180436	5644
0.1.20171211211613	7022
1.2.0.20180905185317	5197
1.2.0.20181108215719	5108
1.2.0.20181109162613	5227
1.2.0.20181121194423	5158
1.2.1	5265
1.3.0.20181130020805	4964
1.3.0.20190205182514	4816
1.3.0.20190221150417	2584
1.3.1.20190301150258	6668
1.3.1.20190402172810	5435
1.3.2.20190402172810	5396
1.3.3.20190402172810	5481
1.4.0	5570
1.4.1	5071
1.4.2	4842
1.4.3	4733
2.0.0	4637
2.0.1	4770
2.0.2	2949
2.0.3	2730
2.0.3.1	2899
2.0.4	2805
2.1.0	2759
2.1.1	2836
2.1.2	2753
2.2.0	2707
2.2.1	2645
2.2.2	2649
2.3.0	2588
2.3.1	2549
2.3.2	2534
2.3.3	2384
2.4.0	2354
2.4.1	2257
2.4.2	2096
2.4.3	2049
2.4.4	1927
2.5.0	1859
2.6.0	1647
2.6.1	1614
2.6.2	1568
2.6.3	1675
2.7.0	1307
2.7.1	1144
2.7.2	910
2.7.3	817
2.7.4	757
3.0.0	654
3.1.0	259
3.1.1	217
3.1.2	241
3.2.0	38
