version	total
0.1.20160301181511	5499
0.1.20160318153100	5598
0.1.20160331153549	5490
0.1.20160412193510	5015
0.1.20160517202250	8043
0.1.20161031135838	5436
0.1.20161123074954	6407
0.1.20170818194607	5375
0.1.20171010180436	5456
0.1.20171211211613	6844
1.2.0.20180905185317	5014
1.2.0.20181108215719	4960
1.2.0.20181109162613	5042
1.2.0.20181121194423	4981
1.2.1	5082
1.3.0.20181130020805	4886
1.3.0.20190205182514	4722
1.3.0.20190221150417	2537
1.3.1.20190301150258	6381
1.3.1.20190402172810	5214
1.3.2.20190402172810	5136
1.3.3.20190402172810	5219
1.4.0	5311
1.4.1	4810
1.4.2	4584
1.4.3	4475
2.0.0	4379
2.0.1	4490
2.0.2	2787
2.0.3	2568
2.0.3.1	2734
2.0.4	2644
2.1.0	2598
2.1.1	2674
2.1.2	2592
2.2.0	2544
2.2.1	2484
2.2.2	2487
2.3.0	2426
2.3.1	2388
2.3.2	2373
2.3.3	2222
2.4.0	2192
2.4.1	2097
2.4.2	1934
2.4.3	1885
2.4.4	1764
2.5.0	1698
2.6.0	1486
2.6.1	1455
2.6.2	1403
2.6.3	1469
2.7.0	1147
2.7.1	982
2.7.2	749
2.7.3	654
2.7.4	585
3.0.0	422
3.1.0	86
3.1.1	44
3.1.2	23
