version	total
0.1.20160301181511	5546
0.1.20160318153100	5643
0.1.20160331153549	5536
0.1.20160412193510	5049
0.1.20160517202250	8122
0.1.20161031135838	5472
0.1.20161123074954	6458
0.1.20170818194607	5412
0.1.20171010180436	5504
0.1.20171211211613	6918
1.2.0.20180905185317	5059
1.2.0.20181108215719	5006
1.2.0.20181109162613	5091
1.2.0.20181121194423	5025
1.2.1	5132
1.3.0.20181130020805	4917
1.3.0.20190205182514	4770
1.3.0.20190221150417	2560
1.3.1.20190301150258	6527
1.3.1.20190402172810	5296
1.3.2.20190402172810	5222
1.3.3.20190402172810	5309
1.4.0	5396
1.4.1	4896
1.4.2	4668
1.4.3	4562
2.0.0	4464
2.0.1	4593
2.0.2	2824
2.0.3	2604
2.0.3.1	2772
2.0.4	2680
2.1.0	2634
2.1.1	2710
2.1.2	2628
2.2.0	2580
2.2.1	2520
2.2.2	2523
2.3.0	2461
2.3.1	2424
2.3.2	2409
2.3.3	2258
2.4.0	2229
2.4.1	2133
2.4.2	1970
2.4.3	1922
2.4.4	1801
2.5.0	1734
2.6.0	1521
2.6.1	1490
2.6.2	1440
2.6.3	1526
2.7.0	1183
2.7.1	1018
2.7.2	784
2.7.3	691
2.7.4	624
3.0.0	491
3.1.0	127
3.1.1	86
3.1.2	92
