version	total
0.1.20160301181511	5441
0.1.20160318153100	5537
0.1.20160331153549	5433
0.1.20160412193510	4983
0.1.20160517202250	7956
0.1.20161031135838	5378
0.1.20161123074954	6347
0.1.20170818194607	5319
0.1.20171010180436	5398
0.1.20171211211613	6754
1.2.0.20180905185317	4956
1.2.0.20181108215719	4904
1.2.0.20181109162613	4984
1.2.0.20181121194423	4924
1.2.1	5024
1.3.0.20181130020805	4834
1.3.0.20190205182514	4672
1.3.0.20190221150417	2503
1.3.1.20190301150258	6252
1.3.1.20190402172810	5124
1.3.2.20190402172810	5051
1.3.3.20190402172810	5136
1.4.0	5225
1.4.1	4723
1.4.2	4498
1.4.3	4389
2.0.0	4296
2.0.1	4407
2.0.2	2741
2.0.3	2519
2.0.3.1	2688
2.0.4	2598
2.1.0	2552
2.1.1	2628
2.1.2	2545
2.2.0	2497
2.2.1	2441
2.2.2	2440
2.3.0	2378
2.3.1	2341
2.3.2	2328
2.3.3	2177
2.4.0	2145
2.4.1	2050
2.4.2	1890
2.4.3	1839
2.4.4	1717
2.5.0	1651
2.6.0	1440
2.6.1	1409
2.6.2	1357
2.6.3	1404
2.7.0	1101
2.7.1	935
2.7.2	702
2.7.3	607
2.7.4	534
3.0.0	346
3.1.0	28
