version	total
0.1.20160301181511	5486
0.1.20160318153100	5584
0.1.20160331153549	5479
0.1.20160412193510	4999
0.1.20160517202250	8017
0.1.20161031135838	5422
0.1.20161123074954	6392
0.1.20170818194607	5361
0.1.20171010180436	5442
0.1.20171211211613	6815
1.2.0.20180905185317	5001
1.2.0.20181108215719	4946
1.2.0.20181109162613	5028
1.2.0.20181121194423	4968
1.2.1	5068
1.3.0.20181130020805	4875
1.3.0.20190205182514	4704
1.3.0.20190221150417	2526
1.3.1.20190301150258	6322
1.3.1.20190402172810	5186
1.3.2.20190402172810	5110
1.3.3.20190402172810	5192
1.4.0	5285
1.4.1	4783
1.4.2	4559
1.4.3	4448
2.0.0	4353
2.0.1	4464
2.0.2	2779
2.0.3	2559
2.0.3.1	2726
2.0.4	2636
2.1.0	2589
2.1.1	2666
2.1.2	2583
2.2.0	2535
2.2.1	2478
2.2.2	2478
2.3.0	2416
2.3.1	2379
2.3.2	2365
2.3.3	2214
2.4.0	2183
2.4.1	2087
2.4.2	1927
2.4.3	1877
2.4.4	1755
2.5.0	1689
2.6.0	1478
2.6.1	1447
2.6.2	1394
2.6.3	1453
2.7.0	1139
2.7.1	973
2.7.2	740
2.7.3	645
2.7.4	574
3.0.0	400
3.1.0	74
3.1.1	30
