version	total
1.0.20160323	5299
1.0.20160311144647	5326
1.0.20160314171956	5289
1.0.20160318143738	5423
1.0.20160401183214	5290
1.0.20160406195023	5260
1.0.20160411202258	5354
1.0.20160421150319	5394
1.0.20160502202716	6687
1.0.20160715171107	9477
1.0.20161031135838	5121
1.0.20161123235904	5555
1.0.20161230191227	5613
1.0.20170216151734	5488
1.0.20170327202303	5483
1.0.20170414202629	5715
1.0.20170914161842	5391
1.0.20171010180436	5677
1.0.20171211211613	5140
1.0.20180216164101	6626
1.3.0.20181218191458	4997
1.3.0.20190206223817	2783
1.3.0.20190221150417	2644
1.3.1.20190301150258	5587
1.3.1.20190419203205	5094
1.3.2.20190419203205	5071
1.3.3.20190419203205	4773
1.4.0	2655
1.4.1	2712
1.4.2	2635
1.4.3	2677
2.0.0	2922
2.0.1	2582
2.0.2	2787
2.0.3	2579
2.0.3.1	3142
2.0.4	2605
2.6.3	1133
2.7.0	1042
