version	total
1.0.20160323	5487
1.0.20160311144647	5515
1.0.20160314171956	5411
1.0.20160318143738	5612
1.0.20160401183214	5406
1.0.20160406195023	5362
1.0.20160411202258	5541
1.0.20160421150319	5579
1.0.20160502202716	6869
1.0.20160715171107	9583
1.0.20161031135838	5218
1.0.20161123235904	5734
1.0.20161230191227	5798
1.0.20170216151734	5674
1.0.20170327202303	5669
1.0.20170414202629	5897
1.0.20170914161842	5500
1.0.20171010180436	5850
1.0.20171211211613	5236
1.0.20180216164101	6889
1.3.0.20181218191458	5173
1.3.0.20190206223817	2936
1.3.0.20190221150417	2801
1.3.1.20190301150258	5869
1.3.1.20190419203205	5362
1.3.2.20190419203205	5354
1.3.3.20190419203205	4956
1.4.0	2798
1.4.1	2859
1.4.2	2781
1.4.3	2824
2.0.0	3072
2.0.1	2729
2.0.2	2934
2.0.3	2727
2.0.3.1	3360
2.0.4	2768
2.6.3	1286
2.7.0	1208
3.1.2	65
