version	total
0.1.20160301181511	5587
0.1.20160318153100	5686
0.1.20160331153549	5577
0.1.20160412193510	5061
0.1.20160517202250	8175
0.1.20161031135838	5484
0.1.20161123074954	6499
0.1.20170818194607	5428
0.1.20171010180436	5546
0.1.20171211211613	6949
1.2.0.20180905185317	5100
1.2.0.20181108215719	5044
1.2.0.20181109162613	5133
1.2.0.20181121194423	5064
1.2.1	5172
1.3.0.20181130020805	4925
1.3.0.20190205182514	4786
1.3.0.20190221150417	2568
1.3.1.20190301150258	6570
1.3.1.20190402172810	5344
1.3.2.20190402172810	5274
1.3.3.20190402172810	5360
1.4.0	5448
1.4.1	4948
1.4.2	4720
1.4.3	4613
2.0.0	4515
2.0.1	4644
2.0.2	2862
2.0.3	2642
2.0.3.1	2810
2.0.4	2718
2.1.0	2672
2.1.1	2749
2.1.2	2666
2.2.0	2619
2.2.1	2558
2.2.2	2561
2.3.0	2500
2.3.1	2462
2.3.2	2447
2.3.3	2296
2.4.0	2267
2.4.1	2171
2.4.2	2008
2.4.3	1960
2.4.4	1840
2.5.0	1773
2.6.0	1560
2.6.1	1528
2.6.2	1480
2.6.3	1572
2.7.0	1221
2.7.1	1056
2.7.2	822
2.7.3	729
2.7.4	662
3.0.0	537
3.1.0	165
3.1.1	124
3.1.2	136
