version	total
0.1.20160301181511	5457
0.1.20160318153100	5552
0.1.20160331153549	5448
0.1.20160412193510	4986
0.1.20160517202250	7971
0.1.20161031135838	5392
0.1.20161123074954	6362
0.1.20170818194607	5333
0.1.20171010180436	5413
0.1.20171211211613	6771
1.2.0.20180905185317	4971
1.2.0.20181108215719	4918
1.2.0.20181109162613	4999
1.2.0.20181121194423	4939
1.2.1	5038
1.3.0.20181130020805	4849
1.3.0.20190205182514	4682
1.3.0.20190221150417	2512
1.3.1.20190301150258	6268
1.3.1.20190402172810	5142
1.3.2.20190402172810	5070
1.3.3.20190402172810	5153
1.4.0	5244
1.4.1	4741
1.4.2	4517
1.4.3	4408
2.0.0	4314
2.0.1	4426
2.0.2	2755
2.0.3	2534
2.0.3.1	2703
2.0.4	2612
2.1.0	2567
2.1.1	2643
2.1.2	2560
2.2.0	2511
2.2.1	2456
2.2.2	2455
2.3.0	2393
2.3.1	2356
2.3.2	2342
2.3.3	2192
2.4.0	2159
2.4.1	2064
2.4.2	1904
2.4.3	1854
2.4.4	1732
2.5.0	1665
2.6.0	1453
2.6.1	1422
2.6.2	1370
2.6.3	1419
2.7.0	1114
2.7.1	948
2.7.2	715
2.7.3	620
2.7.4	547
3.0.0	361
3.1.0	45
