version	total
0.1.20160301181511	5565
0.1.20160318153100	5663
0.1.20160331153549	5554
0.1.20160412193510	5055
0.1.20160517202250	8148
0.1.20161031135838	5478
0.1.20161123074954	6477
0.1.20170818194607	5421
0.1.20171010180436	5524
0.1.20171211211613	6933
1.2.0.20180905185317	5078
1.2.0.20181108215719	5023
1.2.0.20181109162613	5110
1.2.0.20181121194423	5043
1.2.1	5150
1.3.0.20181130020805	4921
1.3.0.20190205182514	4777
1.3.0.20190221150417	2563
1.3.1.20190301150258	6546
1.3.1.20190402172810	5317
1.3.2.20190402172810	5245
1.3.3.20190402172810	5331
1.4.0	5418
1.4.1	4919
1.4.2	4691
1.4.3	4584
2.0.0	4486
2.0.1	4615
2.0.2	2840
2.0.3	2620
2.0.3.1	2788
2.0.4	2696
2.1.0	2650
2.1.1	2726
2.1.2	2644
2.2.0	2596
2.2.1	2536
2.2.2	2539
2.3.0	2478
2.3.1	2440
2.3.2	2425
2.3.3	2274
2.4.0	2245
2.4.1	2149
2.4.2	1986
2.4.3	1938
2.4.4	1818
2.5.0	1751
2.6.0	1537
2.6.1	1506
2.6.2	1456
2.6.3	1545
2.7.0	1199
2.7.1	1034
2.7.2	800
2.7.3	707
2.7.4	640
3.0.0	510
3.1.0	143
3.1.1	102
3.1.2	114
