version	total
1.0.20160323	5518
1.0.20160311144647	5543
1.0.20160314171956	5429
1.0.20160318143738	5642
1.0.20160401183214	5419
1.0.20160406195023	5368
1.0.20160411202258	5570
1.0.20160421150319	5609
1.0.20160502202716	6899
1.0.20160715171107	9590
1.0.20161031135838	5224
1.0.20161123235904	5765
1.0.20161230191227	5828
1.0.20170216151734	5704
1.0.20170327202303	5699
1.0.20170414202629	5928
1.0.20170914161842	5511
1.0.20171010180436	5860
1.0.20171211211613	5241
1.0.20180216164101	6921
1.3.0.20181218191458	5203
1.3.0.20190206223817	2965
1.3.0.20190221150417	2828
1.3.1.20190301150258	5909
1.3.1.20190419203205	5394
1.3.2.20190419203205	5393
1.3.3.20190419203205	4974
1.4.0	2817
1.4.1	2877
1.4.2	2801
1.4.3	2842
2.0.0	3094
2.0.1	2751
2.0.2	2956
2.0.3	2750
2.0.3.1	3395
2.0.4	2790
2.6.3	1315
2.7.0	1238
3.1.2	76
