version	total
0.1.20160301181511	5502
0.1.20160318153100	5601
0.1.20160331153549	5493
0.1.20160412193510	5017
0.1.20160517202250	8047
0.1.20161031135838	5438
0.1.20161123074954	6410
0.1.20170818194607	5377
0.1.20171010180436	5459
0.1.20171211211613	6847
1.2.0.20180905185317	5017
1.2.0.20181108215719	4961
1.2.0.20181109162613	5045
1.2.0.20181121194423	4983
1.2.1	5085
1.3.0.20181130020805	4888
1.3.0.20190205182514	4724
1.3.0.20190221150417	2538
1.3.1.20190301150258	6388
1.3.1.20190402172810	5217
1.3.2.20190402172810	5141
1.3.3.20190402172810	5224
1.4.0	5316
1.4.1	4815
1.4.2	4589
1.4.3	4480
2.0.0	4384
2.0.1	4495
2.0.2	2789
2.0.3	2570
2.0.3.1	2736
2.0.4	2646
2.1.0	2600
2.1.1	2676
2.1.2	2594
2.2.0	2546
2.2.1	2486
2.2.2	2489
2.3.0	2428
2.3.1	2390
2.3.2	2375
2.3.3	2224
2.4.0	2194
2.4.1	2099
2.4.2	1936
2.4.3	1887
2.4.4	1766
2.5.0	1700
2.6.0	1488
2.6.1	1457
2.6.2	1405
2.6.3	1471
2.7.0	1149
2.7.1	984
2.7.2	751
2.7.3	656
2.7.4	587
3.0.0	424
3.1.0	88
3.1.1	46
3.1.2	25
