version	total
0.1.20160301181511	5736
0.1.20160318153100	5836
0.1.20160331153549	5722
0.1.20160412193510	5093
0.1.20160517202250	8351
0.1.20161031135838	5550
0.1.20161123074954	6645
0.1.20170818194607	5499
0.1.20171010180436	5693
0.1.20171211211613	7054
1.2.0.20180905185317	5248
1.2.0.20181108215719	5129
1.2.0.20181109162613	5279
1.2.0.20181121194423	5209
1.2.1	5317
1.3.0.20181130020805	4983
1.3.0.20190205182514	4831
1.3.0.20190221150417	2591
1.3.1.20190301150258	6714
1.3.1.20190402172810	5471
1.3.2.20190402172810	5460
1.3.3.20190402172810	5545
1.4.0	5633
1.4.1	5134
1.4.2	4906
1.4.3	4795
2.0.0	4703
2.0.1	4835
2.0.2	2997
2.0.3	2778
2.0.3.1	2947
2.0.4	2852
2.1.0	2807
2.1.1	2884
2.1.2	2801
2.2.0	2755
2.2.1	2694
2.2.2	2696
2.3.0	2636
2.3.1	2597
2.3.2	2582
2.3.3	2431
2.4.0	2402
2.4.1	2304
2.4.2	2144
2.4.3	2097
2.4.4	1975
2.5.0	1904
2.6.0	1694
2.6.1	1661
2.6.2	1616
2.6.3	1732
2.7.0	1354
2.7.1	1191
2.7.2	957
2.7.3	864
2.7.4	806
3.0.0	715
3.1.0	309
3.1.1	267
3.1.2	289
3.2.0	53
