version	total
1.0.20160323	5422
1.0.20160311144647	5452
1.0.20160314171956	5386
1.0.20160318143738	5547
1.0.20160401183214	5386
1.0.20160406195023	5345
1.0.20160411202258	5477
1.0.20160421150319	5515
1.0.20160502202716	6806
1.0.20160715171107	9567
1.0.20161031135838	5203
1.0.20161123235904	5671
1.0.20161230191227	5735
1.0.20170216151734	5609
1.0.20170327202303	5607
1.0.20170414202629	5833
1.0.20170914161842	5482
1.0.20171010180436	5819
1.0.20171211211613	5222
1.0.20180216164101	6813
1.3.0.20181218191458	5106
1.3.0.20190206223817	2875
1.3.0.20190221150417	2739
1.3.1.20190301150258	5780
1.3.1.20190419203205	5279
1.3.2.20190419203205	5266
1.3.3.20190419203205	4917
1.4.0	2742
1.4.1	2802
1.4.2	2725
1.4.3	2768
2.0.0	3014
2.0.1	2671
2.0.2	2876
2.0.3	2670
2.0.3.1	3286
2.0.4	2709
2.6.3	1226
2.7.0	1144
3.1.2	40
