version	total
1.0.20160323	5363
1.0.20160311144647	5391
1.0.20160314171956	5354
1.0.20160318143738	5488
1.0.20160401183214	5355
1.0.20160406195023	5316
1.0.20160411202258	5419
1.0.20160421150319	5460
1.0.20160502202716	6750
1.0.20160715171107	9533
1.0.20161031135838	5170
1.0.20161123235904	5618
1.0.20161230191227	5677
1.0.20170216151734	5551
1.0.20170327202303	5548
1.0.20170414202629	5777
1.0.20170914161842	5451
1.0.20171010180436	5755
1.0.20171211211613	5191
1.0.20180216164101	6725
1.3.0.20181218191458	5054
1.3.0.20190206223817	2831
1.3.0.20190221150417	2693
1.3.1.20190301150258	5692
1.3.1.20190419203205	5198
1.3.2.20190419203205	5180
1.3.3.20190419203205	4852
1.4.0	2702
1.4.1	2762
1.4.2	2685
1.4.3	2726
2.0.0	2971
2.0.1	2629
2.0.2	2835
2.0.3	2628
2.0.3.1	3218
2.0.4	2669
2.6.3	1183
2.7.0	1100
