version	total
0.1.20160301181511	5552
0.1.20160318153100	5649
0.1.20160331153549	5542
0.1.20160412193510	5051
0.1.20160517202250	8131
0.1.20161031135838	5474
0.1.20161123074954	6464
0.1.20170818194607	5416
0.1.20171010180436	5510
0.1.20171211211613	6924
1.2.0.20180905185317	5065
1.2.0.20181108215719	5011
1.2.0.20181109162613	5097
1.2.0.20181121194423	5030
1.2.1	5138
1.3.0.20181130020805	4918
1.3.0.20190205182514	4771
1.3.0.20190221150417	2560
1.3.1.20190301150258	6527
1.3.1.20190402172810	5300
1.3.2.20190402172810	5225
1.3.3.20190402172810	5313
1.4.0	5400
1.4.1	4900
1.4.2	4672
1.4.3	4566
2.0.0	4468
2.0.1	4597
2.0.2	2828
2.0.3	2608
2.0.3.1	2776
2.0.4	2684
2.1.0	2638
2.1.1	2714
2.1.2	2632
2.2.0	2584
2.2.1	2524
2.2.2	2527
2.3.0	2465
2.3.1	2428
2.3.2	2413
2.3.3	2262
2.4.0	2233
2.4.1	2137
2.4.2	1974
2.4.3	1926
2.4.4	1805
2.5.0	1739
2.6.0	1525
2.6.1	1494
2.6.2	1444
2.6.3	1530
2.7.0	1187
2.7.1	1022
2.7.2	788
2.7.3	695
2.7.4	628
3.0.0	495
3.1.0	131
3.1.1	90
3.1.2	96
