version	total
0.1.20160301181511	5634
0.1.20160318153100	5735
0.1.20160331153549	5622
0.1.20160412193510	5072
0.1.20160517202250	8231
0.1.20161031135838	5508
0.1.20161123074954	6545
0.1.20170818194607	5456
0.1.20171010180436	5594
0.1.20171211211613	6993
1.2.0.20180905185317	5147
1.2.0.20181108215719	5086
1.2.0.20181109162613	5179
1.2.0.20181121194423	5109
1.2.1	5216
1.3.0.20181130020805	4946
1.3.0.20190205182514	4802
1.3.0.20190221150417	2576
1.3.1.20190301150258	6624
1.3.1.20190402172810	5400
1.3.2.20190402172810	5333
1.3.3.20190402172810	5420
1.4.0	5510
1.4.1	5010
1.4.2	4780
1.4.3	4674
2.0.0	4576
2.0.1	4707
2.0.2	2904
2.0.3	2684
2.0.3.1	2853
2.0.4	2759
2.1.0	2714
2.1.1	2790
2.1.2	2707
2.2.0	2661
2.2.1	2600
2.2.2	2603
2.3.0	2542
2.3.1	2503
2.3.2	2488
2.3.3	2338
2.4.0	2308
2.4.1	2212
2.4.2	2050
2.4.3	2002
2.4.4	1881
2.5.0	1815
2.6.0	1601
2.6.1	1569
2.6.2	1522
2.6.3	1621
2.7.0	1262
2.7.1	1098
2.7.2	864
2.7.3	771
2.7.4	708
3.0.0	596
3.1.0	212
3.1.1	171
3.1.2	191
3.2.0	22
