version	total
0.1.20160301181511	5692
0.1.20160318153100	5794
0.1.20160331153549	5679
0.1.20160412193510	5085
0.1.20160517202250	8298
0.1.20161031135838	5531
0.1.20161123074954	6601
0.1.20170818194607	5480
0.1.20171010180436	5653
0.1.20171211211613	7027
1.2.0.20180905185317	5207
1.2.0.20181108215719	5112
1.2.0.20181109162613	5237
1.2.0.20181121194423	5168
1.2.1	5275
1.3.0.20181130020805	4966
1.3.0.20190205182514	4820
1.3.0.20190221150417	2586
1.3.1.20190301150258	6680
1.3.1.20190402172810	5442
1.3.2.20190402172810	5409
1.3.3.20190402172810	5493
1.4.0	5582
1.4.1	5084
1.4.2	4854
1.4.3	4746
2.0.0	4651
2.0.1	4783
2.0.2	2958
2.0.3	2739
2.0.3.1	2908
2.0.4	2814
2.1.0	2768
2.1.1	2845
2.1.2	2762
2.2.0	2716
2.2.1	2654
2.2.2	2658
2.3.0	2597
2.3.1	2558
2.3.2	2543
2.3.3	2392
2.4.0	2363
2.4.1	2266
2.4.2	2105
2.4.3	2058
2.4.4	1936
2.5.0	1867
2.6.0	1656
2.6.1	1623
2.6.2	1577
2.6.3	1689
2.7.0	1316
2.7.1	1153
2.7.2	919
2.7.3	826
2.7.4	766
3.0.0	666
3.1.0	268
3.1.1	226
3.1.2	250
3.2.0	39
