version	total
1.0.20160323	5482
1.0.20160311144647	5509
1.0.20160314171956	5406
1.0.20160318143738	5606
1.0.20160401183214	5402
1.0.20160406195023	5361
1.0.20160411202258	5536
1.0.20160421150319	5574
1.0.20160502202716	6864
1.0.20160715171107	9582
1.0.20161031135838	5217
1.0.20161123235904	5729
1.0.20161230191227	5793
1.0.20170216151734	5669
1.0.20170327202303	5664
1.0.20170414202629	5892
1.0.20170914161842	5496
1.0.20171010180436	5848
1.0.20171211211613	5234
1.0.20180216164101	6883
1.3.0.20181218191458	5168
1.3.0.20190206223817	2931
1.3.0.20190221150417	2796
1.3.1.20190301150258	5862
1.3.1.20190419203205	5355
1.3.2.20190419203205	5347
1.3.3.20190419203205	4953
1.4.0	2793
1.4.1	2854
1.4.2	2776
1.4.3	2819
2.0.0	3067
2.0.1	2724
2.0.2	2929
2.0.3	2722
2.0.3.1	3354
2.0.4	2763
2.6.3	1281
2.7.0	1203
3.1.2	64
