version	total
0.1.20160301181511	5684
0.1.20160318153100	5786
0.1.20160331153549	5672
0.1.20160412193510	5082
0.1.20160517202250	8288
0.1.20161031135838	5529
0.1.20161123074954	6593
0.1.20170818194607	5477
0.1.20171010180436	5646
0.1.20171211211613	7022
1.2.0.20180905185317	5199
1.2.0.20181108215719	5108
1.2.0.20181109162613	5229
1.2.0.20181121194423	5160
1.2.1	5267
1.3.0.20181130020805	4964
1.3.0.20190205182514	4816
1.3.0.20190221150417	2584
1.3.1.20190301150258	6668
1.3.1.20190402172810	5435
1.3.2.20190402172810	5398
1.3.3.20190402172810	5483
1.4.0	5572
1.4.1	5073
1.4.2	4844
1.4.3	4735
2.0.0	4640
2.0.1	4772
2.0.2	2951
2.0.3	2732
2.0.3.1	2901
2.0.4	2807
2.1.0	2761
2.1.1	2838
2.1.2	2755
2.2.0	2709
2.2.1	2647
2.2.2	2651
2.3.0	2590
2.3.1	2551
2.3.2	2536
2.3.3	2386
2.4.0	2356
2.4.1	2259
2.4.2	2098
2.4.3	2051
2.4.4	1929
2.5.0	1861
2.6.0	1649
2.6.1	1616
2.6.2	1570
2.6.3	1679
2.7.0	1309
2.7.1	1146
2.7.2	912
2.7.3	819
2.7.4	759
3.0.0	656
3.1.0	261
3.1.1	219
3.1.2	243
3.2.0	38
