version	total
0.1.20160301181511	5572
0.1.20160318153100	5670
0.1.20160331153549	5561
0.1.20160412193510	5057
0.1.20160517202250	8157
0.1.20161031135838	5481
0.1.20161123074954	6484
0.1.20170818194607	5424
0.1.20171010180436	5531
0.1.20171211211613	6939
1.2.0.20180905185317	5085
1.2.0.20181108215719	5030
1.2.0.20181109162613	5117
1.2.0.20181121194423	5050
1.2.1	5156
1.3.0.20181130020805	4922
1.3.0.20190205182514	4780
1.3.0.20190221150417	2565
1.3.1.20190301150258	6552
1.3.1.20190402172810	5325
1.3.2.20190402172810	5252
1.3.3.20190402172810	5338
1.4.0	5427
1.4.1	4927
1.4.2	4699
1.4.3	4592
2.0.0	4494
2.0.1	4623
2.0.2	2847
2.0.3	2627
2.0.3.1	2795
2.0.4	2703
2.1.0	2657
2.1.1	2733
2.1.2	2651
2.2.0	2603
2.2.1	2543
2.2.2	2546
2.3.0	2485
2.3.1	2447
2.3.2	2432
2.3.3	2281
2.4.0	2252
2.4.1	2156
2.4.2	1993
2.4.3	1945
2.4.4	1825
2.5.0	1758
2.6.0	1544
2.6.1	1513
2.6.2	1464
2.6.3	1554
2.7.0	1206
2.7.1	1041
2.7.2	807
2.7.3	714
2.7.4	647
3.0.0	519
3.1.0	150
3.1.1	109
3.1.2	120
