version	total
1.0.20160323	5580
1.0.20160311144647	5602
1.0.20160314171956	5451
1.0.20160318143738	5701
1.0.20160401183214	5439
1.0.20160406195023	5383
1.0.20160411202258	5633
1.0.20160421150319	5670
1.0.20160502202716	6957
1.0.20160715171107	9606
1.0.20161031135838	5237
1.0.20161123235904	5814
1.0.20161230191227	5889
1.0.20170216151734	5765
1.0.20170327202303	5757
1.0.20170414202629	5986
1.0.20170914161842	5530
1.0.20171010180436	5888
1.0.20171211211613	5255
1.0.20180216164101	6994
1.3.0.20181218191458	5261
1.3.0.20190206223817	3020
1.3.0.20190221150417	2884
1.3.1.20190301150258	5985
1.3.1.20190419203205	5431
1.3.2.20190419203205	5462
1.3.3.20190419203205	5004
1.4.0	2834
1.4.1	2895
1.4.2	2817
1.4.3	2860
2.0.0	3114
2.0.1	2771
2.0.2	2976
2.0.3	2770
2.0.3.1	3461
2.0.4	2811
2.6.3	1369
2.7.0	1296
3.1.2	94
