version	total
0.1.20160301181511	5561
0.1.20160318153100	5659
0.1.20160331153549	5550
0.1.20160412193510	5054
0.1.20160517202250	8143
0.1.20161031135838	5477
0.1.20161123074954	6473
0.1.20170818194607	5420
0.1.20171010180436	5520
0.1.20171211211613	6931
1.2.0.20180905185317	5074
1.2.0.20181108215719	5020
1.2.0.20181109162613	5106
1.2.0.20181121194423	5039
1.2.1	5146
1.3.0.20181130020805	4920
1.3.0.20190205182514	4775
1.3.0.20190221150417	2562
1.3.1.20190301150258	6539
1.3.1.20190402172810	5312
1.3.2.20190402172810	5238
1.3.3.20190402172810	5325
1.4.0	5412
1.4.1	4912
1.4.2	4684
1.4.3	4578
2.0.0	4480
2.0.1	4609
2.0.2	2836
2.0.3	2616
2.0.3.1	2784
2.0.4	2692
2.1.0	2646
2.1.1	2722
2.1.2	2640
2.2.0	2592
2.2.1	2532
2.2.2	2535
2.3.0	2474
2.3.1	2436
2.3.2	2421
2.3.3	2270
2.4.0	2241
2.4.1	2145
2.4.2	1982
2.4.3	1934
2.4.4	1814
2.5.0	1747
2.6.0	1533
2.6.1	1502
2.6.2	1452
2.6.3	1540
2.7.0	1195
2.7.1	1030
2.7.2	796
2.7.3	703
2.7.4	636
3.0.0	505
3.1.0	139
3.1.1	98
3.1.2	110
