version	total
1.0.20160323	5341
1.0.20160311144647	5369
1.0.20160314171956	5332
1.0.20160318143738	5465
1.0.20160401183214	5332
1.0.20160406195023	5292
1.0.20160411202258	5397
1.0.20160421150319	5436
1.0.20160502202716	6729
1.0.20160715171107	9509
1.0.20161031135838	5149
1.0.20161123235904	5597
1.0.20161230191227	5654
1.0.20170216151734	5529
1.0.20170327202303	5527
1.0.20170414202629	5757
1.0.20170914161842	5433
1.0.20171010180436	5717
1.0.20171211211613	5171
1.0.20180216164101	6686
1.3.0.20181218191458	5035
1.3.0.20190206223817	2818
1.3.0.20190221150417	2678
1.3.1.20190301150258	5643
1.3.1.20190419203205	5152
1.3.2.20190419203205	5133
1.3.3.20190419203205	4805
1.4.0	2689
1.4.1	2749
1.4.2	2671
1.4.3	2714
2.0.0	2957
2.0.1	2618
2.0.2	2822
2.0.3	2615
2.0.3.1	3190
2.0.4	2642
2.6.3	1169
2.7.0	1079
