version	total
0.1.20160301181511	5472
0.1.20160318153100	5567
0.1.20160331153549	5463
0.1.20160412193510	4987
0.1.20160517202250	7988
0.1.20161031135838	5407
0.1.20161123074954	6377
0.1.20170818194607	5348
0.1.20171010180436	5428
0.1.20171211211613	6787
1.2.0.20180905185317	4986
1.2.0.20181108215719	4933
1.2.0.20181109162613	5014
1.2.0.20181121194423	4954
1.2.1	5053
1.3.0.20181130020805	4864
1.3.0.20190205182514	4689
1.3.0.20190221150417	2518
1.3.1.20190301150258	6280
1.3.1.20190402172810	5159
1.3.2.20190402172810	5087
1.3.3.20190402172810	5170
1.4.0	5261
1.4.1	4758
1.4.2	4534
1.4.3	4425
2.0.0	4331
2.0.1	4443
2.0.2	2770
2.0.3	2549
2.0.3.1	2718
2.0.4	2627
2.1.0	2582
2.1.1	2658
2.1.2	2575
2.2.0	2526
2.2.1	2471
2.2.2	2470
2.3.0	2408
2.3.1	2371
2.3.2	2357
2.3.3	2207
2.4.0	2174
2.4.1	2079
2.4.2	1919
2.4.3	1869
2.4.4	1747
2.5.0	1681
2.6.0	1469
2.6.1	1438
2.6.2	1386
2.6.3	1436
2.7.0	1131
2.7.1	965
2.7.2	732
2.7.3	637
2.7.4	564
3.0.0	378
3.1.0	63
