version	total
0.1.20160301181511	5731
0.1.20160318153100	5831
0.1.20160331153549	5717
0.1.20160412193510	5092
0.1.20160517202250	8344
0.1.20161031135838	5549
0.1.20161123074954	6639
0.1.20170818194607	5498
0.1.20171010180436	5688
0.1.20171211211613	7052
1.2.0.20180905185317	5243
1.2.0.20181108215719	5128
1.2.0.20181109162613	5274
1.2.0.20181121194423	5204
1.2.1	5312
1.3.0.20181130020805	4982
1.3.0.20190205182514	4829
1.3.0.20190221150417	2590
1.3.1.20190301150258	6708
1.3.1.20190402172810	5468
1.3.2.20190402172810	5453
1.3.3.20190402172810	5538
1.4.0	5626
1.4.1	5127
1.4.2	4899
1.4.3	4788
2.0.0	4696
2.0.1	4828
2.0.2	2992
2.0.3	2773
2.0.3.1	2942
2.0.4	2847
2.1.0	2802
2.1.1	2879
2.1.2	2796
2.2.0	2750
2.2.1	2689
2.2.2	2691
2.3.0	2631
2.3.1	2592
2.3.2	2577
2.3.3	2426
2.4.0	2397
2.4.1	2299
2.4.2	2139
2.4.3	2092
2.4.4	1970
2.5.0	1899
2.6.0	1689
2.6.1	1656
2.6.2	1611
2.6.3	1726
2.7.0	1349
2.7.1	1186
2.7.2	952
2.7.3	859
2.7.4	801
3.0.0	709
3.1.0	304
3.1.1	262
3.1.2	284
3.2.0	50
