version	total
0.1.20160301181511	5633
0.1.20160318153100	5734
0.1.20160331153549	5622
0.1.20160412193510	5072
0.1.20160517202250	8230
0.1.20161031135838	5507
0.1.20161123074954	6544
0.1.20170818194607	5455
0.1.20171010180436	5593
0.1.20171211211613	6992
1.2.0.20180905185317	5146
1.2.0.20181108215719	5085
1.2.0.20181109162613	5178
1.2.0.20181121194423	5108
1.2.1	5215
1.3.0.20181130020805	4945
1.3.0.20190205182514	4802
1.3.0.20190221150417	2576
1.3.1.20190301150258	6624
1.3.1.20190402172810	5399
1.3.2.20190402172810	5332
1.3.3.20190402172810	5419
1.4.0	5509
1.4.1	5009
1.4.2	4779
1.4.3	4673
2.0.0	4575
2.0.1	4706
2.0.2	2903
2.0.3	2683
2.0.3.1	2852
2.0.4	2758
2.1.0	2713
2.1.1	2789
2.1.2	2706
2.2.0	2660
2.2.1	2599
2.2.2	2602
2.3.0	2541
2.3.1	2502
2.3.2	2487
2.3.3	2337
2.4.0	2307
2.4.1	2211
2.4.2	2049
2.4.3	2001
2.4.4	1880
2.5.0	1814
2.6.0	1600
2.6.1	1568
2.6.2	1521
2.6.3	1620
2.7.0	1261
2.7.1	1097
2.7.2	863
2.7.3	770
2.7.4	707
3.0.0	595
3.1.0	211
3.1.1	170
3.1.2	190
3.2.0	21
