version	total
0.1.20160301181511	5654
0.1.20160318153100	5755
0.1.20160331153549	5642
0.1.20160412193510	5075
0.1.20160517202250	8253
0.1.20161031135838	5521
0.1.20161123074954	6564
0.1.20170818194607	5468
0.1.20171010180436	5614
0.1.20171211211613	7009
1.2.0.20180905185317	5167
1.2.0.20181108215719	5098
1.2.0.20181109162613	5199
1.2.0.20181121194423	5129
1.2.1	5236
1.3.0.20181130020805	4958
1.3.0.20190205182514	4807
1.3.0.20190221150417	2578
1.3.1.20190301150258	6642
1.3.1.20190402172810	5419
1.3.2.20190402172810	5360
1.3.3.20190402172810	5447
1.4.0	5536
1.4.1	5036
1.4.2	4806
1.4.3	4698
2.0.0	4602
2.0.1	4733
2.0.2	2923
2.0.3	2703
2.0.3.1	2872
2.0.4	2778
2.1.0	2732
2.1.1	2809
2.1.2	2726
2.2.0	2680
2.2.1	2618
2.2.2	2622
2.3.0	2561
2.3.1	2522
2.3.2	2507
2.3.3	2357
2.4.0	2327
2.4.1	2231
2.4.2	2069
2.4.3	2021
2.4.4	1900
2.5.0	1833
2.6.0	1620
2.6.1	1587
2.6.2	1541
2.6.3	1642
2.7.0	1280
2.7.1	1117
2.7.2	883
2.7.3	790
2.7.4	727
3.0.0	617
3.1.0	231
3.1.1	189
3.1.2	212
3.2.0	29
