version	total
1.0.20160323	5338
1.0.20160311144647	5365
1.0.20160314171956	5328
1.0.20160318143738	5462
1.0.20160401183214	5329
1.0.20160406195023	5290
1.0.20160411202258	5394
1.0.20160421150319	5433
1.0.20160502202716	6725
1.0.20160715171107	9506
1.0.20161031135838	5145
1.0.20161123235904	5593
1.0.20161230191227	5651
1.0.20170216151734	5524
1.0.20170327202303	5522
1.0.20170414202629	5754
1.0.20170914161842	5429
1.0.20171010180436	5707
1.0.20171211211613	5167
1.0.20180216164101	6677
1.3.0.20181218191458	5033
1.3.0.20190206223817	2816
1.3.0.20190221150417	2677
1.3.1.20190301150258	5640
1.3.1.20190419203205	5149
1.3.2.20190419203205	5128
1.3.3.20190419203205	4802
1.4.0	2688
1.4.1	2747
1.4.2	2670
1.4.3	2713
2.0.0	2956
2.0.1	2616
2.0.2	2820
2.0.3	2614
2.0.3.1	3188
2.0.4	2640
2.6.3	1167
2.7.0	1077
