version	total
0.1.20160301181511	5454
0.1.20160318153100	5550
0.1.20160331153549	5446
0.1.20160412193510	4986
0.1.20160517202250	7969
0.1.20161031135838	5390
0.1.20161123074954	6360
0.1.20170818194607	5331
0.1.20171010180436	5411
0.1.20171211211613	6769
1.2.0.20180905185317	4969
1.2.0.20181108215719	4916
1.2.0.20181109162613	4997
1.2.0.20181121194423	4937
1.2.1	5036
1.3.0.20181130020805	4847
1.3.0.20190205182514	4681
1.3.0.20190221150417	2511
1.3.1.20190301150258	6267
1.3.1.20190402172810	5140
1.3.2.20190402172810	5068
1.3.3.20190402172810	5151
1.4.0	5242
1.4.1	4739
1.4.2	4515
1.4.3	4406
2.0.0	4312
2.0.1	4424
2.0.2	2753
2.0.3	2532
2.0.3.1	2701
2.0.4	2610
2.1.0	2565
2.1.1	2641
2.1.2	2558
2.2.0	2509
2.2.1	2454
2.2.2	2453
2.3.0	2391
2.3.1	2354
2.3.2	2340
2.3.3	2190
2.4.0	2157
2.4.1	2062
2.4.2	1902
2.4.3	1852
2.4.4	1730
2.5.0	1664
2.6.0	1452
2.6.1	1421
2.6.2	1369
2.6.3	1418
2.7.0	1113
2.7.1	947
2.7.2	714
2.7.3	619
2.7.4	546
3.0.0	360
3.1.0	44
