version	total
0.1.20160301181511	5477
0.1.20160318153100	5571
0.1.20160331153549	5468
0.1.20160412193510	4989
0.1.20160517202250	7996
0.1.20161031135838	5413
0.1.20161123074954	6383
0.1.20170818194607	5353
0.1.20171010180436	5433
0.1.20171211211613	6795
1.2.0.20180905185317	4991
1.2.0.20181108215719	4938
1.2.0.20181109162613	5019
1.2.0.20181121194423	4959
1.2.1	5058
1.3.0.20181130020805	4869
1.3.0.20190205182514	4694
1.3.0.20190221150417	2521
1.3.1.20190301150258	6293
1.3.1.20190402172810	5167
1.3.2.20190402172810	5095
1.3.3.20190402172810	5178
1.4.0	5269
1.4.1	4766
1.4.2	4542
1.4.3	4433
2.0.0	4339
2.0.1	4451
2.0.2	2774
2.0.3	2553
2.0.3.1	2721
2.0.4	2631
2.1.0	2585
2.1.1	2661
2.1.2	2578
2.2.0	2529
2.2.1	2474
2.2.2	2473
2.3.0	2411
2.3.1	2374
2.3.2	2360
2.3.3	2209
2.4.0	2177
2.4.1	2082
2.4.2	1922
2.4.3	1872
2.4.4	1750
2.5.0	1684
2.6.0	1473
2.6.1	1442
2.6.2	1390
2.6.3	1442
2.7.0	1134
2.7.1	968
2.7.2	735
2.7.3	640
2.7.4	567
3.0.0	384
3.1.0	66
3.1.1	21
