version	total
1.0.20160323	5348
1.0.20160311144647	5377
1.0.20160314171956	5339
1.0.20160318143738	5473
1.0.20160401183214	5341
1.0.20160406195023	5301
1.0.20160411202258	5404
1.0.20160421150319	5443
1.0.20160502202716	6736
1.0.20160715171107	9517
1.0.20161031135838	5155
1.0.20161123235904	5603
1.0.20161230191227	5661
1.0.20170216151734	5536
1.0.20170327202303	5533
1.0.20170414202629	5763
1.0.20170914161842	5438
1.0.20171010180436	5728
1.0.20171211211613	5177
1.0.20180216164101	6697
1.3.0.20181218191458	5040
1.3.0.20190206223817	2822
1.3.0.20190221150417	2682
1.3.1.20190301150258	5657
1.3.1.20190419203205	5165
1.3.2.20190419203205	5147
1.3.3.20190419203205	4818
1.4.0	2692
1.4.1	2753
1.4.2	2675
1.4.3	2717
2.0.0	2961
2.0.1	2621
2.0.2	2826
2.0.3	2619
2.0.3.1	3197
2.0.4	2646
2.6.3	1173
2.7.0	1083
