version	total
0.1.20160301181511	5530
0.1.20160318153100	5626
0.1.20160331153549	5520
0.1.20160412193510	5045
0.1.20160517202250	8101
0.1.20161031135838	5465
0.1.20161123074954	6441
0.1.20170818194607	5403
0.1.20171010180436	5486
0.1.20171211211613	6900
1.2.0.20180905185317	5044
1.2.0.20181108215719	4993
1.2.0.20181109162613	5074
1.2.0.20181121194423	5010
1.2.1	5114
1.3.0.20181130020805	4913
1.3.0.20190205182514	4764
1.3.0.20190221150417	2558
1.3.1.20190301150258	6506
1.3.1.20190402172810	5276
1.3.2.20190402172810	5199
1.3.3.20190402172810	5284
1.4.0	5374
1.4.1	4874
1.4.2	4646
1.4.3	4539
2.0.0	4443
2.0.1	4570
2.0.2	2811
2.0.3	2591
2.0.3.1	2758
2.0.4	2667
2.1.0	2621
2.1.1	2697
2.1.2	2615
2.2.0	2567
2.2.1	2507
2.2.2	2510
2.3.0	2448
2.3.1	2411
2.3.2	2396
2.3.3	2245
2.4.0	2215
2.4.1	2120
2.4.2	1957
2.4.3	1909
2.4.4	1788
2.5.0	1721
2.6.0	1508
2.6.1	1477
2.6.2	1427
2.6.3	1511
2.7.0	1170
2.7.1	1005
2.7.2	771
2.7.3	678
2.7.4	610
3.0.0	472
3.1.0	112
3.1.1	71
3.1.2	76
