version	total
1.0.20160323	5370
1.0.20160311144647	5399
1.0.20160314171956	5361
1.0.20160318143738	5496
1.0.20160401183214	5363
1.0.20160406195023	5321
1.0.20160411202258	5426
1.0.20160421150319	5466
1.0.20160502202716	6757
1.0.20160715171107	9540
1.0.20161031135838	5177
1.0.20161123235904	5623
1.0.20161230191227	5683
1.0.20170216151734	5558
1.0.20170327202303	5557
1.0.20170414202629	5784
1.0.20170914161842	5458
1.0.20171010180436	5768
1.0.20171211211613	5198
1.0.20180216164101	6740
1.3.0.20181218191458	5061
1.3.0.20190206223817	2836
1.3.0.20190221150417	2698
1.3.1.20190301150258	5707
1.3.1.20190419203205	5213
1.3.2.20190419203205	5195
1.3.3.20190419203205	4867
1.4.0	2707
1.4.1	2767
1.4.2	2689
1.4.3	2731
2.0.0	2976
2.0.1	2634
2.0.2	2839
2.0.3	2633
2.0.3.1	3228
2.0.4	2674
2.6.3	1188
2.7.0	1106
