version	total
1.0.20160323	5408
1.0.20160311144647	5438
1.0.20160314171956	5382
1.0.20160318143738	5532
1.0.20160401183214	5383
1.0.20160406195023	5342
1.0.20160411202258	5463
1.0.20160421150319	5501
1.0.20160502202716	6792
1.0.20160715171107	9564
1.0.20161031135838	5199
1.0.20161123235904	5658
1.0.20161230191227	5720
1.0.20170216151734	5595
1.0.20170327202303	5593
1.0.20170414202629	5819
1.0.20170914161842	5478
1.0.20171010180436	5811
1.0.20171211211613	5218
1.0.20180216164101	6795
1.3.0.20181218191458	5093
1.3.0.20190206223817	2862
1.3.0.20190221150417	2726
1.3.1.20190301150258	5761
1.3.1.20190419203205	5261
1.3.2.20190419203205	5247
1.3.3.20190419203205	4908
1.4.0	2730
1.4.1	2790
1.4.2	2713
1.4.3	2754
2.0.0	3001
2.0.1	2658
2.0.2	2863
2.0.3	2657
2.0.3.1	3269
2.0.4	2696
2.6.3	1213
2.7.0	1131
3.1.2	29
