version	total
1.0.20160323	5459
1.0.20160311144647	5488
1.0.20160314171956	5393
1.0.20160318143738	5584
1.0.20160401183214	5393
1.0.20160406195023	5354
1.0.20160411202258	5513
1.0.20160421150319	5552
1.0.20160502202716	6843
1.0.20160715171107	9574
1.0.20161031135838	5212
1.0.20161123235904	5707
1.0.20161230191227	5772
1.0.20170216151734	5646
1.0.20170327202303	5644
1.0.20170414202629	5870
1.0.20170914161842	5489
1.0.20171010180436	5835
1.0.20171211211613	5229
1.0.20180216164101	6857
1.3.0.20181218191458	5146
1.3.0.20190206223817	2913
1.3.0.20190221150417	2777
1.3.1.20190301150258	5830
1.3.1.20190419203205	5325
1.3.2.20190419203205	5313
1.3.3.20190419203205	4935
1.4.0	2776
1.4.1	2837
1.4.2	2759
1.4.3	2802
2.0.0	3050
2.0.1	2707
2.0.2	2912
2.0.3	2705
2.0.3.1	3331
2.0.4	2745
2.6.3	1262
2.7.0	1182
3.1.2	57
