version	total
1.0.20160323	5599
1.0.20160311144647	5621
1.0.20160314171956	5457
1.0.20160318143738	5719
1.0.20160401183214	5446
1.0.20160406195023	5387
1.0.20160411202258	5651
1.0.20160421150319	5688
1.0.20160502202716	6975
1.0.20160715171107	9610
1.0.20161031135838	5240
1.0.20161123235904	5822
1.0.20161230191227	5907
1.0.20170216151734	5783
1.0.20170327202303	5774
1.0.20170414202629	6005
1.0.20170914161842	5535
1.0.20171010180436	5895
1.0.20171211211613	5257
1.0.20180216164101	7016
1.3.0.20181218191458	5278
1.3.0.20190206223817	3038
1.3.0.20190221150417	2902
1.3.1.20190301150258	6006
1.3.1.20190419203205	5441
1.3.2.20190419203205	5473
1.3.3.20190419203205	5010
1.4.0	2841
1.4.1	2902
1.4.2	2824
1.4.3	2867
2.0.0	3121
2.0.1	2778
2.0.2	2983
2.0.3	2777
2.0.3.1	3482
2.0.4	2819
2.6.3	1386
2.7.0	1309
3.1.2	99
