version	total
1.0.20160323	5421
1.0.20160311144647	5451
1.0.20160314171956	5386
1.0.20160318143738	5546
1.0.20160401183214	5386
1.0.20160406195023	5345
1.0.20160411202258	5476
1.0.20160421150319	5514
1.0.20160502202716	6805
1.0.20160715171107	9567
1.0.20161031135838	5203
1.0.20161123235904	5670
1.0.20161230191227	5734
1.0.20170216151734	5608
1.0.20170327202303	5606
1.0.20170414202629	5832
1.0.20170914161842	5482
1.0.20171010180436	5819
1.0.20171211211613	5222
1.0.20180216164101	6812
1.3.0.20181218191458	5105
1.3.0.20190206223817	2874
1.3.0.20190221150417	2738
1.3.1.20190301150258	5779
1.3.1.20190419203205	5278
1.3.2.20190419203205	5265
1.3.3.20190419203205	4917
1.4.0	2741
1.4.1	2801
1.4.2	2724
1.4.3	2767
2.0.0	3013
2.0.1	2670
2.0.2	2875
2.0.3	2669
2.0.3.1	3285
2.0.4	2708
2.6.3	1225
2.7.0	1143
3.1.2	40
