version	total
1.0.20160323	5416
1.0.20160311144647	5446
1.0.20160314171956	5385
1.0.20160318143738	5540
1.0.20160401183214	5385
1.0.20160406195023	5344
1.0.20160411202258	5471
1.0.20160421150319	5509
1.0.20160502202716	6800
1.0.20160715171107	9566
1.0.20161031135838	5202
1.0.20161123235904	5665
1.0.20161230191227	5729
1.0.20170216151734	5603
1.0.20170327202303	5601
1.0.20170414202629	5827
1.0.20170914161842	5481
1.0.20171010180436	5817
1.0.20171211211613	5221
1.0.20180216164101	6806
1.3.0.20181218191458	5100
1.3.0.20190206223817	2869
1.3.0.20190221150417	2733
1.3.1.20190301150258	5772
1.3.1.20190419203205	5272
1.3.2.20190419203205	5258
1.3.3.20190419203205	4914
1.4.0	2737
1.4.1	2797
1.4.2	2720
1.4.3	2762
2.0.0	3008
2.0.1	2665
2.0.2	2870
2.0.3	2664
2.0.3.1	3278
2.0.4	2703
2.6.3	1220
2.7.0	1138
3.1.2	39
