version	total
0.1.20160301181511	5671
0.1.20160318153100	5773
0.1.20160331153549	5658
0.1.20160412193510	5078
0.1.20160517202250	8272
0.1.20161031135838	5526
0.1.20161123074954	6581
0.1.20170818194607	5474
0.1.20171010180436	5633
0.1.20171211211613	7016
1.2.0.20180905185317	5185
1.2.0.20181108215719	5105
1.2.0.20181109162613	5216
1.2.0.20181121194423	5146
1.2.1	5253
1.3.0.20181130020805	4962
1.3.0.20190205182514	4813
1.3.0.20190221150417	2581
1.3.1.20190301150258	6656
1.3.1.20190402172810	5429
1.3.2.20190402172810	5382
1.3.3.20190402172810	5468
1.4.0	5556
1.4.1	5057
1.4.2	4827
1.4.3	4719
2.0.0	4623
2.0.1	4754
2.0.2	2939
2.0.3	2719
2.0.3.1	2888
2.0.4	2794
2.1.0	2748
2.1.1	2825
2.1.2	2742
2.2.0	2696
2.2.1	2634
2.2.2	2638
2.3.0	2577
2.3.1	2538
2.3.2	2523
2.3.3	2373
2.4.0	2343
2.4.1	2246
2.4.2	2085
2.4.3	2038
2.4.4	1916
2.5.0	1849
2.6.0	1636
2.6.1	1603
2.6.2	1557
2.6.3	1660
2.7.0	1296
2.7.1	1133
2.7.2	899
2.7.3	806
2.7.4	746
3.0.0	641
3.1.0	248
3.1.1	206
3.1.2	230
3.2.0	34
