version	total
0.1.20160301181511	5669
0.1.20160318153100	5770
0.1.20160331153549	5656
0.1.20160412193510	5078
0.1.20160517202250	8269
0.1.20161031135838	5526
0.1.20161123074954	6578
0.1.20170818194607	5473
0.1.20171010180436	5631
0.1.20171211211613	7015
1.2.0.20180905185317	5183
1.2.0.20181108215719	5104
1.2.0.20181109162613	5213
1.2.0.20181121194423	5144
1.2.1	5251
1.3.0.20181130020805	4961
1.3.0.20190205182514	4811
1.3.0.20190221150417	2580
1.3.1.20190301150258	6655
1.3.1.20190402172810	5428
1.3.2.20190402172810	5379
1.3.3.20190402172810	5466
1.4.0	5553
1.4.1	5055
1.4.2	4824
1.4.3	4717
2.0.0	4620
2.0.1	4752
2.0.2	2936
2.0.3	2716
2.0.3.1	2885
2.0.4	2791
2.1.0	2745
2.1.1	2822
2.1.2	2739
2.2.0	2693
2.2.1	2631
2.2.2	2635
2.3.0	2574
2.3.1	2535
2.3.2	2520
2.3.3	2370
2.4.0	2340
2.4.1	2244
2.4.2	2082
2.4.3	2035
2.4.4	1913
2.5.0	1846
2.6.0	1633
2.6.1	1600
2.6.2	1554
2.6.3	1656
2.7.0	1293
2.7.1	1130
2.7.2	896
2.7.3	803
2.7.4	743
3.0.0	637
3.1.0	245
3.1.1	203
3.1.2	227
3.2.0	33
