version	total
1.0.20160323	5354
1.0.20160311144647	5383
1.0.20160314171956	5345
1.0.20160318143738	5478
1.0.20160401183214	5346
1.0.20160406195023	5306
1.0.20160411202258	5410
1.0.20160421150319	5450
1.0.20160502202716	6741
1.0.20160715171107	9524
1.0.20161031135838	5160
1.0.20161123235904	5608
1.0.20161230191227	5667
1.0.20170216151734	5542
1.0.20170327202303	5538
1.0.20170414202629	5768
1.0.20170914161842	5443
1.0.20171010180436	5737
1.0.20171211211613	5182
1.0.20180216164101	6707
1.3.0.20181218191458	5046
1.3.0.20190206223817	2826
1.3.0.20190221150417	2687
1.3.1.20190301150258	5671
1.3.1.20190419203205	5177
1.3.2.20190419203205	5160
1.3.3.20190419203205	4831
1.4.0	2695
1.4.1	2756
1.4.2	2678
1.4.3	2720
2.0.0	2964
2.0.1	2624
2.0.2	2829
2.0.3	2622
2.0.3.1	3205
2.0.4	2649
2.6.3	1177
2.7.0	1088
