version	total
0.1.20160301181511	5729
0.1.20160318153100	5829
0.1.20160331153549	5715
0.1.20160412193510	5091
0.1.20160517202250	8341
0.1.20161031135838	5548
0.1.20161123074954	6637
0.1.20170818194607	5497
0.1.20171010180436	5687
0.1.20171211211613	7050
1.2.0.20180905185317	5241
1.2.0.20181108215719	5127
1.2.0.20181109162613	5272
1.2.0.20181121194423	5203
1.2.1	5311
1.3.0.20181130020805	4982
1.3.0.20190205182514	4829
1.3.0.20190221150417	2590
1.3.1.20190301150258	6708
1.3.1.20190402172810	5468
1.3.2.20190402172810	5452
1.3.3.20190402172810	5537
1.4.0	5625
1.4.1	5126
1.4.2	4898
1.4.3	4787
2.0.0	4695
2.0.1	4827
2.0.2	2991
2.0.3	2772
2.0.3.1	2941
2.0.4	2846
2.1.0	2801
2.1.1	2878
2.1.2	2795
2.2.0	2749
2.2.1	2688
2.2.2	2690
2.3.0	2630
2.3.1	2591
2.3.2	2576
2.3.3	2425
2.4.0	2396
2.4.1	2298
2.4.2	2138
2.4.3	2091
2.4.4	1969
2.5.0	1898
2.6.0	1688
2.6.1	1655
2.6.2	1610
2.6.3	1725
2.7.0	1348
2.7.1	1185
2.7.2	951
2.7.3	858
2.7.4	800
3.0.0	708
3.1.0	303
3.1.1	261
3.1.2	283
3.2.0	50
