version	total
0.1.20160301181511	5439
0.1.20160318153100	5535
0.1.20160331153549	5431
0.1.20160412193510	4983
0.1.20160517202250	7954
0.1.20161031135838	5376
0.1.20161123074954	6345
0.1.20170818194607	5317
0.1.20171010180436	5396
0.1.20171211211613	6752
1.2.0.20180905185317	4954
1.2.0.20181108215719	4902
1.2.0.20181109162613	4982
1.2.0.20181121194423	4922
1.2.1	5022
1.3.0.20181130020805	4832
1.3.0.20190205182514	4671
1.3.0.20190221150417	2502
1.3.1.20190301150258	6251
1.3.1.20190402172810	5122
1.3.2.20190402172810	5049
1.3.3.20190402172810	5134
1.4.0	5223
1.4.1	4721
1.4.2	4496
1.4.3	4387
2.0.0	4294
2.0.1	4405
2.0.2	2739
2.0.3	2517
2.0.3.1	2686
2.0.4	2596
2.1.0	2550
2.1.1	2626
2.1.2	2543
2.2.0	2495
2.2.1	2439
2.2.2	2438
2.3.0	2376
2.3.1	2339
2.3.2	2326
2.3.3	2175
2.4.0	2143
2.4.1	2048
2.4.2	1888
2.4.3	1837
2.4.4	1715
2.5.0	1649
2.6.0	1437
2.6.1	1406
2.6.2	1354
2.6.3	1401
2.7.0	1098
2.7.1	932
2.7.2	699
2.7.3	604
2.7.4	531
3.0.0	343
3.1.0	25
