version	total
0.1.20160301181511	5513
0.1.20160318153100	5612
0.1.20160331153549	5505
0.1.20160412193510	5028
0.1.20160517202250	8070
0.1.20161031135838	5449
0.1.20161123074954	6424
0.1.20170818194607	5388
0.1.20171010180436	5470
0.1.20171211211613	6870
1.2.0.20180905185317	5028
1.2.0.20181108215719	4973
1.2.0.20181109162613	5056
1.2.0.20181121194423	4995
1.2.1	5098
1.3.0.20181130020805	4898
1.3.0.20190205182514	4740
1.3.0.20190221150417	2544
1.3.1.20190301150258	6440
1.3.1.20190402172810	5244
1.3.2.20190402172810	5167
1.3.3.20190402172810	5250
1.4.0	5341
1.4.1	4841
1.4.2	4614
1.4.3	4507
2.0.0	4411
2.0.1	4538
2.0.2	2797
2.0.3	2578
2.0.3.1	2744
2.0.4	2653
2.1.0	2607
2.1.1	2684
2.1.2	2601
2.2.0	2553
2.2.1	2493
2.2.2	2496
2.3.0	2434
2.3.1	2397
2.3.2	2382
2.3.3	2231
2.4.0	2202
2.4.1	2106
2.4.2	1944
2.4.3	1895
2.4.4	1774
2.5.0	1708
2.6.0	1494
2.6.1	1464
2.6.2	1413
2.6.3	1487
2.7.0	1156
2.7.1	991
2.7.2	758
2.7.3	664
2.7.4	595
3.0.0	444
3.1.0	97
3.1.1	56
3.1.2	55
