version	total
0.1.20160301181511	5581
0.1.20160318153100	5680
0.1.20160331153549	5571
0.1.20160412193510	5060
0.1.20160517202250	8168
0.1.20161031135838	5483
0.1.20161123074954	6493
0.1.20170818194607	5427
0.1.20171010180436	5540
0.1.20171211211613	6947
1.2.0.20180905185317	5094
1.2.0.20181108215719	5039
1.2.0.20181109162613	5127
1.2.0.20181121194423	5059
1.2.1	5166
1.3.0.20181130020805	4924
1.3.0.20190205182514	4783
1.3.0.20190221150417	2566
1.3.1.20190301150258	6564
1.3.1.20190402172810	5337
1.3.2.20190402172810	5266
1.3.3.20190402172810	5352
1.4.0	5440
1.4.1	4940
1.4.2	4712
1.4.3	4605
2.0.0	4507
2.0.1	4636
2.0.2	2855
2.0.3	2635
2.0.3.1	2803
2.0.4	2711
2.1.0	2665
2.1.1	2742
2.1.2	2659
2.2.0	2612
2.2.1	2551
2.2.2	2554
2.3.0	2493
2.3.1	2455
2.3.2	2440
2.3.3	2289
2.4.0	2260
2.4.1	2164
2.4.2	2001
2.4.3	1953
2.4.4	1833
2.5.0	1766
2.6.0	1553
2.6.1	1521
2.6.2	1473
2.6.3	1563
2.7.0	1214
2.7.1	1049
2.7.2	815
2.7.3	722
2.7.4	655
3.0.0	528
3.1.0	158
3.1.1	117
3.1.2	128
