version	total
1.0.20160323	5543
1.0.20160311144647	5567
1.0.20160314171956	5435
1.0.20160318143738	5666
1.0.20160401183214	5425
1.0.20160406195023	5374
1.0.20160411202258	5596
1.0.20160421150319	5634
1.0.20160502202716	6924
1.0.20160715171107	9597
1.0.20161031135838	5230
1.0.20161123235904	5789
1.0.20161230191227	5853
1.0.20170216151734	5729
1.0.20170327202303	5724
1.0.20170414202629	5953
1.0.20170914161842	5517
1.0.20171010180436	5871
1.0.20171211211613	5247
1.0.20180216164101	6951
1.3.0.20181218191458	5227
1.3.0.20190206223817	2988
1.3.0.20190221150417	2851
1.3.1.20190301150258	5941
1.3.1.20190419203205	5408
1.3.2.20190419203205	5425
1.3.3.20190419203205	4987
1.4.0	2822
1.4.1	2882
1.4.2	2805
1.4.3	2847
2.0.0	3101
2.0.1	2758
2.0.2	2963
2.0.3	2757
2.0.3.1	3422
2.0.4	2798
2.6.3	1338
2.7.0	1264
3.1.2	82
