version	total
0.1.20160301181511	5723
0.1.20160318153100	5823
0.1.20160331153549	5709
0.1.20160412193510	5090
0.1.20160517202250	8334
0.1.20161031135838	5543
0.1.20161123074954	6631
0.1.20170818194607	5492
0.1.20171010180436	5682
0.1.20171211211613	7044
1.2.0.20180905185317	5236
1.2.0.20181108215719	5123
1.2.0.20181109162613	5266
1.2.0.20181121194423	5196
1.2.1	5305
1.3.0.20181130020805	4977
1.3.0.20190205182514	4827
1.3.0.20190221150417	2589
1.3.1.20190301150258	6703
1.3.1.20190402172810	5461
1.3.2.20190402172810	5445
1.3.3.20190402172810	5530
1.4.0	5619
1.4.1	5120
1.4.2	4891
1.4.3	4782
2.0.0	4688
2.0.1	4820
2.0.2	2986
2.0.3	2767
2.0.3.1	2935
2.0.4	2842
2.1.0	2795
2.1.1	2872
2.1.2	2789
2.2.0	2743
2.2.1	2682
2.2.2	2685
2.3.0	2625
2.3.1	2586
2.3.2	2571
2.3.3	2420
2.4.0	2391
2.4.1	2293
2.4.2	2133
2.4.3	2086
2.4.4	1964
2.5.0	1893
2.6.0	1682
2.6.1	1649
2.6.2	1604
2.6.3	1718
2.7.0	1342
2.7.1	1179
2.7.2	945
2.7.3	852
2.7.4	794
3.0.0	701
3.1.0	297
3.1.1	255
3.1.2	277
3.2.0	48
