version	total
0.1.20160301181511	5600
0.1.20160318153100	5702
0.1.20160331153549	5589
0.1.20160412193510	5064
0.1.20160517202250	8190
0.1.20161031135838	5487
0.1.20161123074954	6511
0.1.20170818194607	5432
0.1.20171010180436	5560
0.1.20171211211613	6960
1.2.0.20180905185317	5113
1.2.0.20181108215719	5056
1.2.0.20181109162613	5146
1.2.0.20181121194423	5077
1.2.1	5184
1.3.0.20181130020805	4927
1.3.0.20190205182514	4790
1.3.0.20190221150417	2571
1.3.1.20190301150258	6582
1.3.1.20190402172810	5359
1.3.2.20190402172810	5289
1.3.3.20190402172810	5375
1.4.0	5465
1.4.1	4964
1.4.2	4736
1.4.3	4629
2.0.0	4531
2.0.1	4661
2.0.2	2875
2.0.3	2655
2.0.3.1	2823
2.0.4	2731
2.1.0	2685
2.1.1	2762
2.1.2	2678
2.2.0	2632
2.2.1	2571
2.2.2	2574
2.3.0	2513
2.3.1	2474
2.3.2	2459
2.3.3	2309
2.4.0	2279
2.4.1	2184
2.4.2	2021
2.4.3	1973
2.4.4	1852
2.5.0	1786
2.6.0	1572
2.6.1	1540
2.6.2	1493
2.6.3	1588
2.7.0	1233
2.7.1	1069
2.7.2	835
2.7.3	742
2.7.4	677
3.0.0	559
3.1.0	180
3.1.1	139
3.1.2	155
