version	total
1.0.20160323	5412
1.0.20160311144647	5442
1.0.20160314171956	5383
1.0.20160318143738	5536
1.0.20160401183214	5384
1.0.20160406195023	5342
1.0.20160411202258	5467
1.0.20160421150319	5505
1.0.20160502202716	6796
1.0.20160715171107	9565
1.0.20161031135838	5200
1.0.20161123235904	5662
1.0.20161230191227	5725
1.0.20170216151734	5599
1.0.20170327202303	5597
1.0.20170414202629	5823
1.0.20170914161842	5479
1.0.20171010180436	5813
1.0.20171211211613	5219
1.0.20180216164101	6800
1.3.0.20181218191458	5097
1.3.0.20190206223817	2866
1.3.0.20190221150417	2730
1.3.1.20190301150258	5767
1.3.1.20190419203205	5267
1.3.2.20190419203205	5253
1.3.3.20190419203205	4911
1.4.0	2734
1.4.1	2794
1.4.2	2717
1.4.3	2758
2.0.0	3005
2.0.1	2662
2.0.2	2867
2.0.3	2661
2.0.3.1	3274
2.0.4	2700
2.6.3	1217
2.7.0	1135
3.1.2	38
