version	total
1.0.20160323	5604
1.0.20160311144647	5626
1.0.20160314171956	5458
1.0.20160318143738	5724
1.0.20160401183214	5447
1.0.20160406195023	5387
1.0.20160411202258	5657
1.0.20160421150319	5693
1.0.20160502202716	6981
1.0.20160715171107	9610
1.0.20161031135838	5240
1.0.20161123235904	5823
1.0.20161230191227	5912
1.0.20170216151734	5788
1.0.20170327202303	5778
1.0.20170414202629	6010
1.0.20170914161842	5536
1.0.20171010180436	5895
1.0.20171211211613	5257
1.0.20180216164101	7021
1.3.0.20181218191458	5283
1.3.0.20190206223817	3043
1.3.0.20190221150417	2907
1.3.1.20190301150258	6011
1.3.1.20190419203205	5442
1.3.2.20190419203205	5474
1.3.3.20190419203205	5010
1.4.0	2842
1.4.1	2903
1.4.2	2825
1.4.3	2868
2.0.0	3122
2.0.1	2779
2.0.2	2984
2.0.3	2778
2.0.3.1	3487
2.0.4	2820
2.6.3	1390
2.7.0	1311
3.1.2	100
