version	total
0.1.20160301181511	5591
0.1.20160318153100	5690
0.1.20160331153549	5581
0.1.20160412193510	5062
0.1.20160517202250	8180
0.1.20161031135838	5485
0.1.20161123074954	6503
0.1.20170818194607	5429
0.1.20171010180436	5550
0.1.20171211211613	6953
1.2.0.20180905185317	5104
1.2.0.20181108215719	5048
1.2.0.20181109162613	5137
1.2.0.20181121194423	5068
1.2.1	5176
1.3.0.20181130020805	4926
1.3.0.20190205182514	4789
1.3.0.20190221150417	2570
1.3.1.20190301150258	6576
1.3.1.20190402172810	5350
1.3.2.20190402172810	5280
1.3.3.20190402172810	5366
1.4.0	5455
1.4.1	4954
1.4.2	4726
1.4.3	4619
2.0.0	4521
2.0.1	4650
2.0.2	2867
2.0.3	2647
2.0.3.1	2815
2.0.4	2723
2.1.0	2677
2.1.1	2754
2.1.2	2671
2.2.0	2624
2.2.1	2563
2.2.2	2566
2.3.0	2505
2.3.1	2467
2.3.2	2452
2.3.3	2301
2.4.0	2272
2.4.1	2176
2.4.2	2013
2.4.3	1965
2.4.4	1845
2.5.0	1778
2.6.0	1565
2.6.1	1533
2.6.2	1485
2.6.3	1579
2.7.0	1225
2.7.1	1061
2.7.2	827
2.7.3	734
2.7.4	669
3.0.0	550
3.1.0	172
3.1.1	132
3.1.2	145
