version	total
0.1.20160301181511	5617
0.1.20160318153100	5718
0.1.20160331153549	5605
0.1.20160412193510	5068
0.1.20160517202250	8210
0.1.20161031135838	5495
0.1.20161123074954	6527
0.1.20170818194607	5442
0.1.20171010180436	5577
0.1.20171211211613	6976
1.2.0.20180905185317	5131
1.2.0.20181108215719	5072
1.2.0.20181109162613	5163
1.2.0.20181121194423	5093
1.2.1	5201
1.3.0.20181130020805	4934
1.3.0.20190205182514	4797
1.3.0.20190221150417	2573
1.3.1.20190301150258	6611
1.3.1.20190402172810	5382
1.3.2.20190402172810	5313
1.3.3.20190402172810	5401
1.4.0	5490
1.4.1	4990
1.4.2	4760
1.4.3	4654
2.0.0	4556
2.0.1	4687
2.0.2	2888
2.0.3	2668
2.0.3.1	2837
2.0.4	2744
2.1.0	2698
2.1.1	2774
2.1.2	2691
2.2.0	2645
2.2.1	2584
2.2.2	2587
2.3.0	2526
2.3.1	2487
2.3.2	2472
2.3.3	2322
2.4.0	2292
2.4.1	2197
2.4.2	2034
2.4.3	1986
2.4.4	1865
2.5.0	1799
2.6.0	1585
2.6.1	1553
2.6.2	1506
2.6.3	1603
2.7.0	1246
2.7.1	1082
2.7.2	848
2.7.3	755
2.7.4	690
3.0.0	574
3.1.0	193
3.1.1	152
3.1.2	171
