version	total
0.1.20160301181511	5615
0.1.20160318153100	5716
0.1.20160331153549	5604
0.1.20160412193510	5068
0.1.20160517202250	8209
0.1.20161031135838	5495
0.1.20161123074954	6526
0.1.20170818194607	5442
0.1.20171010180436	5575
0.1.20171211211613	6975
1.2.0.20180905185317	5129
1.2.0.20181108215719	5071
1.2.0.20181109162613	5161
1.2.0.20181121194423	5092
1.2.1	5200
1.3.0.20181130020805	4934
1.3.0.20190205182514	4797
1.3.0.20190221150417	2573
1.3.1.20190301150258	6611
1.3.1.20190402172810	5381
1.3.2.20190402172810	5312
1.3.3.20190402172810	5400
1.4.0	5489
1.4.1	4989
1.4.2	4759
1.4.3	4653
2.0.0	4555
2.0.1	4686
2.0.2	2887
2.0.3	2667
2.0.3.1	2835
2.0.4	2743
2.1.0	2697
2.1.1	2773
2.1.2	2690
2.2.0	2644
2.2.1	2583
2.2.2	2586
2.3.0	2525
2.3.1	2486
2.3.2	2471
2.3.3	2321
2.4.0	2291
2.4.1	2196
2.4.2	2033
2.4.3	1985
2.4.4	1864
2.5.0	1798
2.6.0	1584
2.6.1	1552
2.6.2	1505
2.6.3	1602
2.7.0	1245
2.7.1	1081
2.7.2	847
2.7.3	754
2.7.4	689
3.0.0	573
3.1.0	192
3.1.1	151
3.1.2	170
