version	total
0.1.20160301181511	5687
0.1.20160318153100	5789
0.1.20160331153549	5675
0.1.20160412193510	5083
0.1.20160517202250	8292
0.1.20161031135838	5530
0.1.20161123074954	6596
0.1.20170818194607	5478
0.1.20171010180436	5649
0.1.20171211211613	7024
1.2.0.20180905185317	5202
1.2.0.20181108215719	5110
1.2.0.20181109162613	5232
1.2.0.20181121194423	5163
1.2.1	5270
1.3.0.20181130020805	4965
1.3.0.20190205182514	4817
1.3.0.20190221150417	2584
1.3.1.20190301150258	6674
1.3.1.20190402172810	5439
1.3.2.20190402172810	5403
1.3.3.20190402172810	5488
1.4.0	5577
1.4.1	5078
1.4.2	4849
1.4.3	4740
2.0.0	4645
2.0.1	4777
2.0.2	2953
2.0.3	2734
2.0.3.1	2903
2.0.4	2809
2.1.0	2763
2.1.1	2840
2.1.2	2757
2.2.0	2711
2.2.1	2649
2.2.2	2653
2.3.0	2592
2.3.1	2553
2.3.2	2538
2.3.3	2388
2.4.0	2358
2.4.1	2261
2.4.2	2100
2.4.3	2053
2.4.4	1931
2.5.0	1863
2.6.0	1651
2.6.1	1618
2.6.2	1572
2.6.3	1681
2.7.0	1311
2.7.1	1148
2.7.2	914
2.7.3	821
2.7.4	761
3.0.0	658
3.1.0	263
3.1.1	221
3.1.2	245
3.2.0	38
