version	total
1.0.20160323	5344
1.0.20160311144647	5373
1.0.20160314171956	5336
1.0.20160318143738	5469
1.0.20160401183214	5337
1.0.20160406195023	5297
1.0.20160411202258	5401
1.0.20160421150319	5440
1.0.20160502202716	6733
1.0.20160715171107	9513
1.0.20161031135838	5153
1.0.20161123235904	5601
1.0.20161230191227	5658
1.0.20170216151734	5533
1.0.20170327202303	5531
1.0.20170414202629	5761
1.0.20170914161842	5436
1.0.20171010180436	5724
1.0.20171211211613	5175
1.0.20180216164101	6693
1.3.0.20181218191458	5038
1.3.0.20190206223817	2820
1.3.0.20190221150417	2680
1.3.1.20190301150258	5651
1.3.1.20190419203205	5160
1.3.2.20190419203205	5142
1.3.3.20190419203205	4814
1.4.0	2690
1.4.1	2751
1.4.2	2673
1.4.3	2715
2.0.0	2959
2.0.1	2619
2.0.2	2824
2.0.3	2617
2.0.3.1	3193
2.0.4	2644
2.6.3	1171
2.7.0	1081
