version	total
0.1.20160301181511	5670
0.1.20160318153100	5771
0.1.20160331153549	5657
0.1.20160412193510	5078
0.1.20160517202250	8271
0.1.20161031135838	5526
0.1.20161123074954	6580
0.1.20170818194607	5474
0.1.20171010180436	5632
0.1.20171211211613	7016
1.2.0.20180905185317	5184
1.2.0.20181108215719	5105
1.2.0.20181109162613	5214
1.2.0.20181121194423	5145
1.2.1	5252
1.3.0.20181130020805	4962
1.3.0.20190205182514	4812
1.3.0.20190221150417	2581
1.3.1.20190301150258	6656
1.3.1.20190402172810	5429
1.3.2.20190402172810	5380
1.3.3.20190402172810	5467
1.4.0	5555
1.4.1	5056
1.4.2	4826
1.4.3	4718
2.0.0	4622
2.0.1	4753
2.0.2	2938
2.0.3	2718
2.0.3.1	2887
2.0.4	2793
2.1.0	2747
2.1.1	2824
2.1.2	2741
2.2.0	2695
2.2.1	2633
2.2.2	2637
2.3.0	2576
2.3.1	2537
2.3.2	2522
2.3.3	2372
2.4.0	2342
2.4.1	2245
2.4.2	2084
2.4.3	2037
2.4.4	1915
2.5.0	1848
2.6.0	1635
2.6.1	1602
2.6.2	1556
2.6.3	1659
2.7.0	1295
2.7.1	1132
2.7.2	898
2.7.3	805
2.7.4	745
3.0.0	640
3.1.0	247
3.1.1	205
3.1.2	229
3.2.0	34
