version	total
0.1.20160301181511	5575
0.1.20160318153100	5673
0.1.20160331153549	5564
0.1.20160412193510	5059
0.1.20160517202250	8162
0.1.20161031135838	5483
0.1.20161123074954	6487
0.1.20170818194607	5426
0.1.20171010180436	5534
0.1.20171211211613	6943
1.2.0.20180905185317	5088
1.2.0.20181108215719	5033
1.2.0.20181109162613	5120
1.2.0.20181121194423	5053
1.2.1	5159
1.3.0.20181130020805	4924
1.3.0.20190205182514	4782
1.3.0.20190221150417	2565
1.3.1.20190301150258	6564
1.3.1.20190402172810	5332
1.3.2.20190402172810	5259
1.3.3.20190402172810	5345
1.4.0	5434
1.4.1	4934
1.4.2	4706
1.4.3	4599
2.0.0	4501
2.0.1	4630
2.0.2	2848
2.0.3	2628
2.0.3.1	2796
2.0.4	2704
2.1.0	2658
2.1.1	2734
2.1.2	2652
2.2.0	2604
2.2.1	2544
2.2.2	2547
2.3.0	2486
2.3.1	2448
2.3.2	2433
2.3.3	2282
2.4.0	2253
2.4.1	2157
2.4.2	1994
2.4.3	1946
2.4.4	1826
2.5.0	1759
2.6.0	1545
2.6.1	1514
2.6.2	1465
2.6.3	1555
2.7.0	1207
2.7.1	1042
2.7.2	808
2.7.3	715
2.7.4	648
3.0.0	520
3.1.0	151
3.1.1	110
3.1.2	121
