version	total
0.1.20160301181511	5545
0.1.20160318153100	5642
0.1.20160331153549	5535
0.1.20160412193510	5049
0.1.20160517202250	8121
0.1.20161031135838	5472
0.1.20161123074954	6457
0.1.20170818194607	5412
0.1.20171010180436	5502
0.1.20171211211613	6916
1.2.0.20180905185317	5058
1.2.0.20181108215719	5005
1.2.0.20181109162613	5090
1.2.0.20181121194423	5024
1.2.1	5131
1.3.0.20181130020805	4917
1.3.0.20190205182514	4769
1.3.0.20190221150417	2560
1.3.1.20190301150258	6527
1.3.1.20190402172810	5294
1.3.2.20190402172810	5221
1.3.3.20190402172810	5307
1.4.0	5395
1.4.1	4894
1.4.2	4666
1.4.3	4561
2.0.0	4463
2.0.1	4590
2.0.2	2823
2.0.3	2603
2.0.3.1	2771
2.0.4	2679
2.1.0	2633
2.1.1	2709
2.1.2	2627
2.2.0	2579
2.2.1	2519
2.2.2	2522
2.3.0	2460
2.3.1	2423
2.3.2	2408
2.3.3	2257
2.4.0	2228
2.4.1	2132
2.4.2	1969
2.4.3	1921
2.4.4	1800
2.5.0	1733
2.6.0	1520
2.6.1	1489
2.6.2	1439
2.6.3	1525
2.7.0	1182
2.7.1	1017
2.7.2	783
2.7.3	690
2.7.4	622
3.0.0	486
3.1.0	124
3.1.1	83
3.1.2	88
