version	total
0.1.20160301181511	5636
0.1.20160318153100	5737
0.1.20160331153549	5624
0.1.20160412193510	5072
0.1.20160517202250	8233
0.1.20161031135838	5510
0.1.20161123074954	6547
0.1.20170818194607	5458
0.1.20171010180436	5596
0.1.20171211211613	6995
1.2.0.20180905185317	5149
1.2.0.20181108215719	5088
1.2.0.20181109162613	5181
1.2.0.20181121194423	5111
1.2.1	5218
1.3.0.20181130020805	4948
1.3.0.20190205182514	4802
1.3.0.20190221150417	2576
1.3.1.20190301150258	6624
1.3.1.20190402172810	5402
1.3.2.20190402172810	5336
1.3.3.20190402172810	5422
1.4.0	5512
1.4.1	5012
1.4.2	4782
1.4.3	4676
2.0.0	4578
2.0.1	4709
2.0.2	2906
2.0.3	2686
2.0.3.1	2855
2.0.4	2761
2.1.0	2716
2.1.1	2792
2.1.2	2709
2.2.0	2663
2.2.1	2602
2.2.2	2605
2.3.0	2544
2.3.1	2505
2.3.2	2490
2.3.3	2340
2.4.0	2310
2.4.1	2214
2.4.2	2052
2.4.3	2004
2.4.4	1883
2.5.0	1817
2.6.0	1603
2.6.1	1571
2.6.2	1524
2.6.3	1623
2.7.0	1264
2.7.1	1100
2.7.2	866
2.7.3	773
2.7.4	710
3.0.0	598
3.1.0	214
3.1.1	173
3.1.2	194
3.2.0	24
