version	total
0.1.20160301181511	5461
0.1.20160318153100	5556
0.1.20160331153549	5452
0.1.20160412193510	4986
0.1.20160517202250	7976
0.1.20161031135838	5396
0.1.20161123074954	6366
0.1.20170818194607	5337
0.1.20171010180436	5417
0.1.20171211211613	6775
1.2.0.20180905185317	4975
1.2.0.20181108215719	4922
1.2.0.20181109162613	5003
1.2.0.20181121194423	4943
1.2.1	5042
1.3.0.20181130020805	4853
1.3.0.20190205182514	4683
1.3.0.20190221150417	2513
1.3.1.20190301150258	6270
1.3.1.20190402172810	5146
1.3.2.20190402172810	5074
1.3.3.20190402172810	5157
1.4.0	5248
1.4.1	4745
1.4.2	4521
1.4.3	4412
2.0.0	4318
2.0.1	4430
2.0.2	2759
2.0.3	2538
2.0.3.1	2707
2.0.4	2616
2.1.0	2571
2.1.1	2647
2.1.2	2564
2.2.0	2515
2.2.1	2460
2.2.2	2459
2.3.0	2397
2.3.1	2360
2.3.2	2346
2.3.3	2196
2.4.0	2163
2.4.1	2068
2.4.2	1908
2.4.3	1858
2.4.4	1736
2.5.0	1670
2.6.0	1458
2.6.1	1427
2.6.2	1375
2.6.3	1424
2.7.0	1119
2.7.1	953
2.7.2	720
2.7.3	625
2.7.4	552
3.0.0	366
3.1.0	51
