version	total
1.0.20160323	5557
1.0.20160311144647	5580
1.0.20160314171956	5438
1.0.20160318143738	5680
1.0.20160401183214	5428
1.0.20160406195023	5378
1.0.20160411202258	5610
1.0.20160421150319	5648
1.0.20160502202716	6938
1.0.20160715171107	9601
1.0.20161031135838	5232
1.0.20161123235904	5797
1.0.20161230191227	5867
1.0.20170216151734	5743
1.0.20170327202303	5736
1.0.20170414202629	5967
1.0.20170914161842	5521
1.0.20171010180436	5877
1.0.20171211211613	5250
1.0.20180216164101	6968
1.3.0.20181218191458	5240
1.3.0.20190206223817	3002
1.3.0.20190221150417	2865
1.3.1.20190301150258	5958
1.3.1.20190419203205	5413
1.3.2.20190419203205	5437
1.3.3.20190419203205	4993
1.4.0	2824
1.4.1	2885
1.4.2	2807
1.4.3	2850
2.0.0	3104
2.0.1	2761
2.0.2	2966
2.0.3	2760
2.0.3.1	3440
2.0.4	2801
2.6.3	1351
2.7.0	1278
3.1.2	87
