version	total
1.0.20160323	5547
1.0.20160311144647	5570
1.0.20160314171956	5437
1.0.20160318143738	5670
1.0.20160401183214	5427
1.0.20160406195023	5376
1.0.20160411202258	5600
1.0.20160421150319	5638
1.0.20160502202716	6928
1.0.20160715171107	9599
1.0.20161031135838	5231
1.0.20161123235904	5792
1.0.20161230191227	5857
1.0.20170216151734	5732
1.0.20170327202303	5727
1.0.20170414202629	5957
1.0.20170914161842	5519
1.0.20171010180436	5874
1.0.20171211211613	5249
1.0.20180216164101	6957
1.3.0.20181218191458	5230
1.3.0.20190206223817	2992
1.3.0.20190221150417	2855
1.3.1.20190301150258	5946
1.3.1.20190419203205	5411
1.3.2.20190419203205	5430
1.3.3.20190419203205	4990
1.4.0	2823
1.4.1	2884
1.4.2	2806
1.4.3	2849
2.0.0	3103
2.0.1	2760
2.0.2	2965
2.0.3	2759
2.0.3.1	3429
2.0.4	2800
2.6.3	1342
2.7.0	1269
3.1.2	84
