version	total
0.1.20160301181511	5649
0.1.20160318153100	5750
0.1.20160331153549	5637
0.1.20160412193510	5075
0.1.20160517202250	8248
0.1.20161031135838	5518
0.1.20161123074954	6559
0.1.20170818194607	5465
0.1.20171010180436	5609
0.1.20171211211613	7006
1.2.0.20180905185317	5162
1.2.0.20181108215719	5095
1.2.0.20181109162613	5194
1.2.0.20181121194423	5124
1.2.1	5231
1.3.0.20181130020805	4955
1.3.0.20190205182514	4807
1.3.0.20190221150417	2578
1.3.1.20190301150258	6642
1.3.1.20190402172810	5416
1.3.2.20190402172810	5354
1.3.3.20190402172810	5441
1.4.0	5531
1.4.1	5031
1.4.2	4801
1.4.3	4693
2.0.0	4597
2.0.1	4728
2.0.2	2918
2.0.3	2698
2.0.3.1	2867
2.0.4	2773
2.1.0	2727
2.1.1	2804
2.1.2	2721
2.2.0	2675
2.2.1	2613
2.2.2	2617
2.3.0	2556
2.3.1	2517
2.3.2	2502
2.3.3	2352
2.4.0	2322
2.4.1	2226
2.4.2	2064
2.4.3	2016
2.4.4	1895
2.5.0	1828
2.6.0	1615
2.6.1	1582
2.6.2	1536
2.6.3	1637
2.7.0	1275
2.7.1	1112
2.7.2	878
2.7.3	785
2.7.4	722
3.0.0	612
3.1.0	226
3.1.1	184
3.1.2	206
3.2.0	29
