version	total
0.1.20160301181511	5598
0.1.20160318153100	5700
0.1.20160331153549	5588
0.1.20160412193510	5064
0.1.20160517202250	8189
0.1.20161031135838	5487
0.1.20161123074954	6510
0.1.20170818194607	5431
0.1.20171010180436	5558
0.1.20171211211613	6959
1.2.0.20180905185317	5111
1.2.0.20181108215719	5055
1.2.0.20181109162613	5144
1.2.0.20181121194423	5076
1.2.1	5183
1.3.0.20181130020805	4927
1.3.0.20190205182514	4790
1.3.0.20190221150417	2571
1.3.1.20190301150258	6582
1.3.1.20190402172810	5358
1.3.2.20190402172810	5288
1.3.3.20190402172810	5374
1.4.0	5464
1.4.1	4963
1.4.2	4735
1.4.3	4628
2.0.0	4530
2.0.1	4660
2.0.2	2874
2.0.3	2654
2.0.3.1	2821
2.0.4	2730
2.1.0	2684
2.1.1	2761
2.1.2	2677
2.2.0	2631
2.2.1	2570
2.2.2	2573
2.3.0	2512
2.3.1	2473
2.3.2	2458
2.3.3	2308
2.4.0	2278
2.4.1	2183
2.4.2	2020
2.4.3	1972
2.4.4	1851
2.5.0	1785
2.6.0	1571
2.6.1	1539
2.6.2	1492
2.6.3	1587
2.7.0	1232
2.7.1	1068
2.7.2	834
2.7.3	741
2.7.4	676
3.0.0	558
3.1.0	179
3.1.1	138
3.1.2	153
