version	total
0.1.20160301181511	5742
0.1.20160318153100	5842
0.1.20160331153549	5728
0.1.20160412193510	5094
0.1.20160517202250	8358
0.1.20161031135838	5551
0.1.20161123074954	6652
0.1.20170818194607	5500
0.1.20171010180436	5699
0.1.20171211211613	7057
1.2.0.20180905185317	5254
1.2.0.20181108215719	5130
1.2.0.20181109162613	5285
1.2.0.20181121194423	5215
1.2.1	5324
1.3.0.20181130020805	4984
1.3.0.20190205182514	4832
1.3.0.20190221150417	2591
1.3.1.20190301150258	6720
1.3.1.20190402172810	5474
1.3.2.20190402172810	5468
1.3.3.20190402172810	5554
1.4.0	5641
1.4.1	5142
1.4.2	4914
1.4.3	4803
2.0.0	4711
2.0.1	4844
2.0.2	3002
2.0.3	2783
2.0.3.1	2952
2.0.4	2857
2.1.0	2812
2.1.1	2889
2.1.2	2806
2.2.0	2760
2.2.1	2699
2.2.2	2701
2.3.0	2641
2.3.1	2602
2.3.2	2587
2.3.3	2436
2.4.0	2407
2.4.1	2309
2.4.2	2149
2.4.3	2102
2.4.4	1980
2.5.0	1909
2.6.0	1699
2.6.1	1666
2.6.2	1621
2.6.3	1737
2.7.0	1359
2.7.1	1196
2.7.2	962
2.7.3	869
2.7.4	811
3.0.0	720
3.1.0	314
3.1.1	272
3.1.2	294
3.2.0	60
