version	total
0.1.20160301181511	5538
0.1.20160318153100	5634
0.1.20160331153549	5528
0.1.20160412193510	5048
0.1.20160517202250	8112
0.1.20161031135838	5469
0.1.20161123074954	6449
0.1.20170818194607	5408
0.1.20171010180436	5494
0.1.20171211211613	6909
1.2.0.20180905185317	5051
1.2.0.20181108215719	5000
1.2.0.20181109162613	5082
1.2.0.20181121194423	5017
1.2.1	5121
1.3.0.20181130020805	4915
1.3.0.20190205182514	4767
1.3.0.20190221150417	2559
1.3.1.20190301150258	6518
1.3.1.20190402172810	5286
1.3.2.20190402172810	5209
1.3.3.20190402172810	5294
1.4.0	5384
1.4.1	4884
1.4.2	4656
1.4.3	4549
2.0.0	4452
2.0.1	4580
2.0.2	2816
2.0.3	2596
2.0.3.1	2764
2.0.4	2672
2.1.0	2626
2.1.1	2702
2.1.2	2620
2.2.0	2572
2.2.1	2512
2.2.2	2515
2.3.0	2453
2.3.1	2416
2.3.2	2401
2.3.3	2250
2.4.0	2220
2.4.1	2125
2.4.2	1962
2.4.3	1914
2.4.4	1793
2.5.0	1726
2.6.0	1513
2.6.1	1482
2.6.2	1432
2.6.3	1517
2.7.0	1175
2.7.1	1010
2.7.2	776
2.7.3	683
2.7.4	615
3.0.0	478
3.1.0	117
3.1.1	76
3.1.2	81
