version	total
1.0.20160323	5447
1.0.20160311144647	5476
1.0.20160314171956	5390
1.0.20160318143738	5572
1.0.20160401183214	5390
1.0.20160406195023	5349
1.0.20160411202258	5501
1.0.20160421150319	5540
1.0.20160502202716	6831
1.0.20160715171107	9571
1.0.20161031135838	5209
1.0.20161123235904	5695
1.0.20161230191227	5759
1.0.20170216151734	5633
1.0.20170327202303	5632
1.0.20170414202629	5858
1.0.20170914161842	5486
1.0.20171010180436	5828
1.0.20171211211613	5226
1.0.20180216164101	6842
1.3.0.20181218191458	5132
1.3.0.20190206223817	2902
1.3.0.20190221150417	2766
1.3.1.20190301150258	5813
1.3.1.20190419203205	5311
1.3.2.20190419203205	5298
1.3.3.20190419203205	4929
1.4.0	2767
1.4.1	2828
1.4.2	2750
1.4.3	2793
2.0.0	3040
2.0.1	2697
2.0.2	2902
2.0.3	2696
2.0.3.1	3318
2.0.4	2735
2.6.3	1252
2.7.0	1171
3.1.2	53
