version	total
0.1.20160301181511	5485
0.1.20160318153100	5581
0.1.20160331153549	5475
0.1.20160412193510	4997
0.1.20160517202250	8012
0.1.20161031135838	5421
0.1.20161123074954	6390
0.1.20170818194607	5361
0.1.20171010180436	5439
0.1.20171211211613	6810
1.2.0.20180905185317	4998
1.2.0.20181108215719	4945
1.2.0.20181109162613	5026
1.2.0.20181121194423	4966
1.2.1	5066
1.3.0.20181130020805	4874
1.3.0.20190205182514	4701
1.3.0.20190221150417	2524
1.3.1.20190301150258	6317
1.3.1.20190402172810	5181
1.3.2.20190402172810	5107
1.3.3.20190402172810	5189
1.4.0	5282
1.4.1	4779
1.4.2	4556
1.4.3	4445
2.0.0	4350
2.0.1	4462
2.0.2	2777
2.0.3	2556
2.0.3.1	2724
2.0.4	2634
2.1.0	2587
2.1.1	2664
2.1.2	2581
2.2.0	2532
2.2.1	2476
2.2.2	2476
2.3.0	2414
2.3.1	2377
2.3.2	2363
2.3.3	2212
2.4.0	2181
2.4.1	2085
2.4.2	1925
2.4.3	1875
2.4.4	1753
2.5.0	1687
2.6.0	1476
2.6.1	1445
2.6.2	1393
2.6.3	1448
2.7.0	1137
2.7.1	971
2.7.2	738
2.7.3	643
2.7.4	572
3.0.0	396
3.1.0	72
3.1.1	26
