version	total
0.1.20160301181511	5685
0.1.20160318153100	5787
0.1.20160331153549	5673
0.1.20160412193510	5082
0.1.20160517202250	8289
0.1.20161031135838	5529
0.1.20161123074954	6594
0.1.20170818194607	5477
0.1.20171010180436	5647
0.1.20171211211613	7022
1.2.0.20180905185317	5200
1.2.0.20181108215719	5108
1.2.0.20181109162613	5230
1.2.0.20181121194423	5161
1.2.1	5268
1.3.0.20181130020805	4964
1.3.0.20190205182514	4816
1.3.0.20190221150417	2584
1.3.1.20190301150258	6668
1.3.1.20190402172810	5435
1.3.2.20190402172810	5399
1.3.3.20190402172810	5484
1.4.0	5573
1.4.1	5074
1.4.2	4845
1.4.3	4736
2.0.0	4641
2.0.1	4773
2.0.2	2952
2.0.3	2733
2.0.3.1	2902
2.0.4	2808
2.1.0	2762
2.1.1	2839
2.1.2	2756
2.2.0	2710
2.2.1	2648
2.2.2	2652
2.3.0	2591
2.3.1	2552
2.3.2	2537
2.3.3	2387
2.4.0	2357
2.4.1	2260
2.4.2	2099
2.4.3	2052
2.4.4	1930
2.5.0	1862
2.6.0	1650
2.6.1	1617
2.6.2	1571
2.6.3	1680
2.7.0	1310
2.7.1	1147
2.7.2	913
2.7.3	820
2.7.4	760
3.0.0	657
3.1.0	262
3.1.1	220
3.1.2	244
3.2.0	38
