version	total
0.1.20160301181511	5609
0.1.20160318153100	5711
0.1.20160331153549	5599
0.1.20160412193510	5065
0.1.20160517202250	8201
0.1.20161031135838	5490
0.1.20161123074954	6521
0.1.20170818194607	5437
0.1.20171010180436	5569
0.1.20171211211613	6966
1.2.0.20180905185317	5122
1.2.0.20181108215719	5064
1.2.0.20181109162613	5155
1.2.0.20181121194423	5086
1.2.1	5194
1.3.0.20181130020805	4929
1.3.0.20190205182514	4792
1.3.0.20190221150417	2572
1.3.1.20190301150258	6588
1.3.1.20190402172810	5369
1.3.2.20190402172810	5300
1.3.3.20190402172810	5386
1.4.0	5476
1.4.1	4975
1.4.2	4747
1.4.3	4640
2.0.0	4542
2.0.1	4672
2.0.2	2884
2.0.3	2664
2.0.3.1	2832
2.0.4	2740
2.1.0	2694
2.1.1	2770
2.1.2	2687
2.2.0	2641
2.2.1	2580
2.2.2	2583
2.3.0	2522
2.3.1	2483
2.3.2	2468
2.3.3	2318
2.4.0	2288
2.4.1	2193
2.4.2	2030
2.4.3	1982
2.4.4	1861
2.5.0	1795
2.6.0	1581
2.6.1	1549
2.6.2	1502
2.6.3	1598
2.7.0	1242
2.7.1	1078
2.7.2	844
2.7.3	751
2.7.4	686
3.0.0	569
3.1.0	189
3.1.1	148
3.1.2	167
