version	total
1.0.20160323	5454
1.0.20160311144647	5483
1.0.20160314171956	5392
1.0.20160318143738	5579
1.0.20160401183214	5392
1.0.20160406195023	5353
1.0.20160411202258	5508
1.0.20160421150319	5547
1.0.20160502202716	6838
1.0.20160715171107	9573
1.0.20161031135838	5211
1.0.20161123235904	5702
1.0.20161230191227	5767
1.0.20170216151734	5641
1.0.20170327202303	5639
1.0.20170414202629	5865
1.0.20170914161842	5488
1.0.20171010180436	5833
1.0.20171211211613	5228
1.0.20180216164101	6851
1.3.0.20181218191458	5141
1.3.0.20190206223817	2908
1.3.0.20190221150417	2772
1.3.1.20190301150258	5823
1.3.1.20190419203205	5319
1.3.2.20190419203205	5306
1.3.3.20190419203205	4932
1.4.0	2772
1.4.1	2833
1.4.2	2755
1.4.3	2798
2.0.0	3046
2.0.1	2703
2.0.2	2908
2.0.3	2701
2.0.3.1	3325
2.0.4	2741
2.6.3	1258
2.7.0	1177
3.1.2	56
