version	total
1.0.20160323	5391
1.0.20160311144647	5421
1.0.20160314171956	5378
1.0.20160318143738	5515
1.0.20160401183214	5379
1.0.20160406195023	5338
1.0.20160411202258	5447
1.0.20160421150319	5486
1.0.20160502202716	6777
1.0.20160715171107	9559
1.0.20161031135838	5196
1.0.20161123235904	5642
1.0.20161230191227	5705
1.0.20170216151734	5579
1.0.20170327202303	5577
1.0.20170414202629	5803
1.0.20170914161842	5474
1.0.20171010180436	5802
1.0.20171211211613	5215
1.0.20180216164101	6776
1.3.0.20181218191458	5078
1.3.0.20190206223817	2849
1.3.0.20190221150417	2713
1.3.1.20190301150258	5744
1.3.1.20190419203205	5247
1.3.2.20190419203205	5230
1.3.3.20190419203205	4901
1.4.0	2721
1.4.1	2781
1.4.2	2703
1.4.3	2745
2.0.0	2990
2.0.1	2648
2.0.2	2853
2.0.3	2647
2.0.3.1	3254
2.0.4	2686
2.6.3	1201
2.7.0	1119
3.1.2	27
