version	total
0.1.20160301181511	5661
0.1.20160318153100	5763
0.1.20160331153549	5649
0.1.20160412193510	5077
0.1.20160517202250	8261
0.1.20161031135838	5524
0.1.20161123074954	6571
0.1.20170818194607	5472
0.1.20171010180436	5622
0.1.20171211211613	7013
1.2.0.20180905185317	5176
1.2.0.20181108215719	5103
1.2.0.20181109162613	5206
1.2.0.20181121194423	5137
1.2.1	5244
1.3.0.20181130020805	4961
1.3.0.20190205182514	4809
1.3.0.20190221150417	2579
1.3.1.20190301150258	6649
1.3.1.20190402172810	5425
1.3.2.20190402172810	5370
1.3.3.20190402172810	5456
1.4.0	5545
1.4.1	5045
1.4.2	4815
1.4.3	4707
2.0.0	4611
2.0.1	4742
2.0.2	2929
2.0.3	2709
2.0.3.1	2878
2.0.4	2784
2.1.0	2738
2.1.1	2815
2.1.2	2732
2.2.0	2686
2.2.1	2624
2.2.2	2628
2.3.0	2567
2.3.1	2528
2.3.2	2513
2.3.3	2363
2.4.0	2333
2.4.1	2237
2.4.2	2075
2.4.3	2028
2.4.4	1906
2.5.0	1839
2.6.0	1626
2.6.1	1593
2.6.2	1547
2.6.3	1648
2.7.0	1286
2.7.1	1123
2.7.2	889
2.7.3	796
2.7.4	733
3.0.0	623
3.1.0	237
3.1.1	195
3.1.2	218
3.2.0	30
