version	total
1.0.20160323	5545
1.0.20160311144647	5570
1.0.20160314171956	5436
1.0.20160318143738	5668
1.0.20160401183214	5426
1.0.20160406195023	5375
1.0.20160411202258	5598
1.0.20160421150319	5636
1.0.20160502202716	6926
1.0.20160715171107	9598
1.0.20161031135838	5230
1.0.20161123235904	5791
1.0.20161230191227	5855
1.0.20170216151734	5731
1.0.20170327202303	5725
1.0.20170414202629	5955
1.0.20170914161842	5518
1.0.20171010180436	5872
1.0.20171211211613	5248
1.0.20180216164101	6954
1.3.0.20181218191458	5229
1.3.0.20190206223817	2990
1.3.0.20190221150417	2853
1.3.1.20190301150258	5945
1.3.1.20190419203205	5411
1.3.2.20190419203205	5429
1.3.3.20190419203205	4990
1.4.0	2823
1.4.1	2883
1.4.2	2806
1.4.3	2848
2.0.0	3102
2.0.1	2759
2.0.2	2964
2.0.3	2758
2.0.3.1	3425
2.0.4	2799
2.6.3	1340
2.7.0	1266
3.1.2	83
