version	total
1.0.20160323	5370
1.0.20160311144647	5400
1.0.20160314171956	5362
1.0.20160318143738	5497
1.0.20160401183214	5364
1.0.20160406195023	5323
1.0.20160411202258	5427
1.0.20160421150319	5467
1.0.20160502202716	6759
1.0.20160715171107	9542
1.0.20161031135838	5179
1.0.20161123235904	5624
1.0.20161230191227	5684
1.0.20170216151734	5559
1.0.20170327202303	5558
1.0.20170414202629	5785
1.0.20170914161842	5459
1.0.20171010180436	5771
1.0.20171211211613	5199
1.0.20180216164101	6742
1.3.0.20181218191458	5063
1.3.0.20190206223817	2836
1.3.0.20190221150417	2698
1.3.1.20190301150258	5707
1.3.1.20190419203205	5213
1.3.2.20190419203205	5195
1.3.3.20190419203205	4867
1.4.0	2707
1.4.1	2767
1.4.2	2689
1.4.3	2731
2.0.0	2976
2.0.1	2634
2.0.2	2839
2.0.3	2633
2.0.3.1	3228
2.0.4	2674
2.6.3	1188
2.7.0	1106
