version	total
1.0.20160323	5501
1.0.20160311144647	5528
1.0.20160314171956	5422
1.0.20160318143738	5625
1.0.20160401183214	5414
1.0.20160406195023	5365
1.0.20160411202258	5554
1.0.20160421150319	5593
1.0.20160502202716	6883
1.0.20160715171107	9586
1.0.20161031135838	5221
1.0.20161123235904	5746
1.0.20161230191227	5812
1.0.20170216151734	5688
1.0.20170327202303	5682
1.0.20170414202629	5911
1.0.20170914161842	5506
1.0.20171010180436	5856
1.0.20171211211613	5239
1.0.20180216164101	6905
1.3.0.20181218191458	5187
1.3.0.20190206223817	2948
1.3.0.20190221150417	2813
1.3.1.20190301150258	5891
1.3.1.20190419203205	5383
1.3.2.20190419203205	5375
1.3.3.20190419203205	4969
1.4.0	2809
1.4.1	2869
1.4.2	2791
1.4.3	2834
2.0.0	3083
2.0.1	2739
2.0.2	2944
2.0.3	2737
2.0.3.1	3376
2.0.4	2778
2.6.3	1298
2.7.0	1221
3.1.2	71
