version	total
1.0.20160323	5486
1.0.20160311144647	5514
1.0.20160314171956	5410
1.0.20160318143738	5611
1.0.20160401183214	5405
1.0.20160406195023	5362
1.0.20160411202258	5540
1.0.20160421150319	5578
1.0.20160502202716	6868
1.0.20160715171107	9583
1.0.20161031135838	5218
1.0.20161123235904	5733
1.0.20161230191227	5797
1.0.20170216151734	5673
1.0.20170327202303	5668
1.0.20170414202629	5896
1.0.20170914161842	5499
1.0.20171010180436	5850
1.0.20171211211613	5236
1.0.20180216164101	6888
1.3.0.20181218191458	5172
1.3.0.20190206223817	2935
1.3.0.20190221150417	2800
1.3.1.20190301150258	5868
1.3.1.20190419203205	5361
1.3.2.20190419203205	5353
1.3.3.20190419203205	4956
1.4.0	2797
1.4.1	2858
1.4.2	2780
1.4.3	2823
2.0.0	3071
2.0.1	2728
2.0.2	2933
2.0.3	2726
2.0.3.1	3359
2.0.4	2767
2.6.3	1285
2.7.0	1207
3.1.2	65
