version	total
0.1.20160301181511	5493
0.1.20160318153100	5590
0.1.20160331153549	5483
0.1.20160412193510	5007
0.1.20160517202250	8029
0.1.20161031135838	5427
0.1.20161123074954	6399
0.1.20170818194607	5367
0.1.20171010180436	5450
0.1.20171211211613	6828
1.2.0.20180905185317	5007
1.2.0.20181108215719	4952
1.2.0.20181109162613	5034
1.2.0.20181121194423	4972
1.2.1	5075
1.3.0.20181130020805	4880
1.3.0.20190205182514	4710
1.3.0.20190221150417	2529
1.3.1.20190301150258	6343
1.3.1.20190402172810	5195
1.3.2.20190402172810	5119
1.3.3.20190402172810	5201
1.4.0	5294
1.4.1	4792
1.4.2	4568
1.4.3	4457
2.0.0	4362
2.0.1	4472
2.0.2	2780
2.0.3	2561
2.0.3.1	2727
2.0.4	2637
2.1.0	2591
2.1.1	2667
2.1.2	2585
2.2.0	2537
2.2.1	2479
2.2.2	2480
2.3.0	2418
2.3.1	2380
2.3.2	2366
2.3.3	2215
2.4.0	2185
2.4.1	2089
2.4.2	1928
2.4.3	1878
2.4.4	1757
2.5.0	1691
2.6.0	1480
2.6.1	1448
2.6.2	1395
2.6.3	1456
2.7.0	1140
2.7.1	975
2.7.2	742
2.7.3	647
2.7.4	576
3.0.0	402
3.1.0	75
3.1.1	34
