version	total
0.1.20160301181511	5605
0.1.20160318153100	5707
0.1.20160331153549	5594
0.1.20160412193510	5065
0.1.20160517202250	8196
0.1.20161031135838	5488
0.1.20161123074954	6516
0.1.20170818194607	5434
0.1.20171010180436	5565
0.1.20171211211613	6963
1.2.0.20180905185317	5118
1.2.0.20181108215719	5060
1.2.0.20181109162613	5151
1.2.0.20181121194423	5082
1.2.1	5189
1.3.0.20181130020805	4928
1.3.0.20190205182514	4792
1.3.0.20190221150417	2572
1.3.1.20190301150258	6588
1.3.1.20190402172810	5365
1.3.2.20190402172810	5296
1.3.3.20190402172810	5382
1.4.0	5472
1.4.1	4971
1.4.2	4743
1.4.3	4636
2.0.0	4538
2.0.1	4668
2.0.2	2880
2.0.3	2660
2.0.3.1	2828
2.0.4	2736
2.1.0	2690
2.1.1	2766
2.1.2	2683
2.2.0	2637
2.2.1	2576
2.2.2	2579
2.3.0	2518
2.3.1	2479
2.3.2	2464
2.3.3	2314
2.4.0	2284
2.4.1	2189
2.4.2	2026
2.4.3	1978
2.4.4	1857
2.5.0	1791
2.6.0	1577
2.6.1	1545
2.6.2	1498
2.6.3	1594
2.7.0	1238
2.7.1	1074
2.7.2	840
2.7.3	747
2.7.4	682
3.0.0	565
3.1.0	185
3.1.1	144
3.1.2	161
