version	total
1.0.20160323	5464
1.0.20160311144647	5493
1.0.20160314171956	5394
1.0.20160318143738	5588
1.0.20160401183214	5393
1.0.20160406195023	5354
1.0.20160411202258	5518
1.0.20160421150319	5556
1.0.20160502202716	6847
1.0.20160715171107	9574
1.0.20161031135838	5212
1.0.20161123235904	5711
1.0.20161230191227	5776
1.0.20170216151734	5650
1.0.20170327202303	5649
1.0.20170414202629	5874
1.0.20170914161842	5489
1.0.20171010180436	5835
1.0.20171211211613	5229
1.0.20180216164101	6861
1.3.0.20181218191458	5150
1.3.0.20190206223817	2917
1.3.0.20190221150417	2781
1.3.1.20190301150258	5836
1.3.1.20190419203205	5332
1.3.2.20190419203205	5320
1.3.3.20190419203205	4938
1.4.0	2781
1.4.1	2842
1.4.2	2764
1.4.3	2807
2.0.0	3055
2.0.1	2712
2.0.2	2917
2.0.3	2710
2.0.3.1	3337
2.0.4	2751
2.6.3	1267
2.7.0	1188
3.1.2	59
