version	total
1.0.20160323	5373
1.0.20160311144647	5403
1.0.20160314171956	5365
1.0.20160318143738	5500
1.0.20160401183214	5367
1.0.20160406195023	5325
1.0.20160411202258	5429
1.0.20160421150319	5470
1.0.20160502202716	6761
1.0.20160715171107	9544
1.0.20161031135838	5182
1.0.20161123235904	5627
1.0.20161230191227	5687
1.0.20170216151734	5561
1.0.20170327202303	5561
1.0.20170414202629	5788
1.0.20170914161842	5462
1.0.20171010180436	5777
1.0.20171211211613	5201
1.0.20180216164101	6747
1.3.0.20181218191458	5064
1.3.0.20190206223817	2838
1.3.0.20190221150417	2700
1.3.1.20190301150258	5712
1.3.1.20190419203205	5218
1.3.2.20190419203205	5200
1.3.3.20190419203205	4873
1.4.0	2709
1.4.1	2769
1.4.2	2691
1.4.3	2733
2.0.0	2978
2.0.1	2636
2.0.2	2841
2.0.3	2635
2.0.3.1	3232
2.0.4	2676
2.6.3	1190
2.7.0	1108
