version	total
1.0.20160323	5356
1.0.20160311144647	5385
1.0.20160314171956	5347
1.0.20160318143738	5480
1.0.20160401183214	5348
1.0.20160406195023	5308
1.0.20160411202258	5412
1.0.20160421150319	5452
1.0.20160502202716	6743
1.0.20160715171107	9526
1.0.20161031135838	5162
1.0.20161123235904	5610
1.0.20161230191227	5669
1.0.20170216151734	5544
1.0.20170327202303	5540
1.0.20170414202629	5770
1.0.20170914161842	5445
1.0.20171010180436	5741
1.0.20171211211613	5184
1.0.20180216164101	6711
1.3.0.20181218191458	5048
1.3.0.20190206223817	2827
1.3.0.20190221150417	2689
1.3.1.20190301150258	5674
1.3.1.20190419203205	5180
1.3.2.20190419203205	5163
1.3.3.20190419203205	4834
1.4.0	2697
1.4.1	2757
1.4.2	2680
1.4.3	2722
2.0.0	2966
2.0.1	2626
2.0.2	2831
2.0.3	2624
2.0.3.1	3208
2.0.4	2649
2.6.3	1179
2.7.0	1090
