version	total
0.1.20160301181511	5525
0.1.20160318153100	5621
0.1.20160331153549	5515
0.1.20160412193510	5040
0.1.20160517202250	8092
0.1.20161031135838	5461
0.1.20161123074954	6436
0.1.20170818194607	5399
0.1.20171010180436	5481
0.1.20171211211613	6892
1.2.0.20180905185317	5039
1.2.0.20181108215719	4989
1.2.0.20181109162613	5069
1.2.0.20181121194423	5006
1.2.1	5109
1.3.0.20181130020805	4910
1.3.0.20190205182514	4756
1.3.0.20190221150417	2552
1.3.1.20190301150258	6494
1.3.1.20190402172810	5270
1.3.2.20190402172810	5192
1.3.3.20190402172810	5277
1.4.0	5367
1.4.1	4867
1.4.2	4639
1.4.3	4532
2.0.0	4436
2.0.1	4563
2.0.2	2805
2.0.3	2586
2.0.3.1	2752
2.0.4	2661
2.1.0	2615
2.1.1	2691
2.1.2	2609
2.2.0	2561
2.2.1	2501
2.2.2	2504
2.3.0	2442
2.3.1	2405
2.3.2	2390
2.3.3	2239
2.4.0	2210
2.4.1	2114
2.4.2	1951
2.4.3	1903
2.4.4	1782
2.5.0	1716
2.6.0	1502
2.6.1	1472
2.6.2	1421
2.6.3	1502
2.7.0	1164
2.7.1	999
2.7.2	766
2.7.3	672
2.7.4	605
3.0.0	463
3.1.0	106
3.1.1	65
3.1.2	69
