version	total
1.0.20160323	5315
1.0.20160311144647	5344
1.0.20160314171956	5305
1.0.20160318143738	5439
1.0.20160401183214	5306
1.0.20160406195023	5272
1.0.20160411202258	5370
1.0.20160421150319	5410
1.0.20160502202716	6704
1.0.20160715171107	9489
1.0.20161031135838	5127
1.0.20161123235904	5571
1.0.20161230191227	5629
1.0.20170216151734	5503
1.0.20170327202303	5499
1.0.20170414202629	5731
1.0.20170914161842	5407
1.0.20171010180436	5682
1.0.20171211211613	5148
1.0.20180216164101	6643
1.3.0.20181218191458	5013
1.3.0.20190206223817	2799
1.3.0.20190221150417	2660
1.3.1.20190301150258	5607
1.3.1.20190419203205	5114
1.3.2.20190419203205	5091
1.3.3.20190419203205	4777
1.4.0	2670
1.4.1	2728
1.4.2	2651
1.4.3	2693
2.0.0	2938
2.0.1	2598
2.0.2	2802
2.0.3	2595
2.0.3.1	3160
2.0.4	2621
2.6.3	1149
2.7.0	1059
