version	total
1.0.20160323	5502
1.0.20160311144647	5529
1.0.20160314171956	5422
1.0.20160318143738	5626
1.0.20160401183214	5414
1.0.20160406195023	5365
1.0.20160411202258	5555
1.0.20160421150319	5594
1.0.20160502202716	6884
1.0.20160715171107	9586
1.0.20161031135838	5221
1.0.20161123235904	5749
1.0.20161230191227	5813
1.0.20170216151734	5689
1.0.20170327202303	5683
1.0.20170414202629	5912
1.0.20170914161842	5506
1.0.20171010180436	5856
1.0.20171211211613	5239
1.0.20180216164101	6906
1.3.0.20181218191458	5188
1.3.0.20190206223817	2950
1.3.0.20190221150417	2814
1.3.1.20190301150258	5892
1.3.1.20190419203205	5383
1.3.2.20190419203205	5376
1.3.3.20190419203205	4969
1.4.0	2810
1.4.1	2870
1.4.2	2792
1.4.3	2835
2.0.0	3085
2.0.1	2741
2.0.2	2946
2.0.3	2739
2.0.3.1	3379
2.0.4	2779
2.6.3	1300
2.7.0	1223
3.1.2	72
