version	total
1.0.20160323	5533
1.0.20160311144647	5557
1.0.20160314171956	5432
1.0.20160318143738	5656
1.0.20160401183214	5422
1.0.20160406195023	5371
1.0.20160411202258	5585
1.0.20160421150319	5624
1.0.20160502202716	6914
1.0.20160715171107	9593
1.0.20161031135838	5227
1.0.20161123235904	5779
1.0.20161230191227	5843
1.0.20170216151734	5719
1.0.20170327202303	5714
1.0.20170414202629	5943
1.0.20170914161842	5514
1.0.20171010180436	5865
1.0.20171211211613	5244
1.0.20180216164101	6938
1.3.0.20181218191458	5218
1.3.0.20190206223817	2979
1.3.0.20190221150417	2842
1.3.1.20190301150258	5928
1.3.1.20190419203205	5401
1.3.2.20190419203205	5412
1.3.3.20190419203205	4981
1.4.0	2819
1.4.1	2879
1.4.2	2803
1.4.3	2844
2.0.0	3096
2.0.1	2753
2.0.2	2958
2.0.3	2752
2.0.3.1	3410
2.0.4	2792
2.6.3	1329
2.7.0	1252
3.1.2	79
