version	total
1.0.20160323	5608
1.0.20160311144647	5630
1.0.20160314171956	5459
1.0.20160318143738	5729
1.0.20160401183214	5448
1.0.20160406195023	5388
1.0.20160411202258	5661
1.0.20160421150319	5698
1.0.20160502202716	6985
1.0.20160715171107	9611
1.0.20161031135838	5241
1.0.20161123235904	5824
1.0.20161230191227	5916
1.0.20170216151734	5793
1.0.20170327202303	5782
1.0.20170414202629	6014
1.0.20170914161842	5537
1.0.20171010180436	5897
1.0.20171211211613	5258
1.0.20180216164101	7028
1.3.0.20181218191458	5287
1.3.0.20190206223817	3047
1.3.0.20190221150417	2912
1.3.1.20190301150258	6017
1.3.1.20190419203205	5445
1.3.2.20190419203205	5477
1.3.3.20190419203205	5013
1.4.0	2843
1.4.1	2904
1.4.2	2826
1.4.3	2869
2.0.0	3123
2.0.1	2780
2.0.2	2985
2.0.3	2779
2.0.3.1	3492
2.0.4	2821
2.6.3	1392
2.7.0	1313
3.1.2	101
