version	total
0.1.20160301181511	5658
0.1.20160318153100	5760
0.1.20160331153549	5646
0.1.20160412193510	5076
0.1.20160517202250	8257
0.1.20161031135838	5523
0.1.20161123074954	6568
0.1.20170818194607	5471
0.1.20171010180436	5619
0.1.20171211211613	7011
1.2.0.20180905185317	5173
1.2.0.20181108215719	5102
1.2.0.20181109162613	5203
1.2.0.20181121194423	5134
1.2.1	5241
1.3.0.20181130020805	4960
1.3.0.20190205182514	4808
1.3.0.20190221150417	2579
1.3.1.20190301150258	6643
1.3.1.20190402172810	5422
1.3.2.20190402172810	5365
1.3.3.20190402172810	5451
1.4.0	5540
1.4.1	5040
1.4.2	4810
1.4.3	4702
2.0.0	4606
2.0.1	4737
2.0.2	2927
2.0.3	2707
2.0.3.1	2876
2.0.4	2782
2.1.0	2736
2.1.1	2813
2.1.2	2730
2.2.0	2684
2.2.1	2622
2.2.2	2626
2.3.0	2565
2.3.1	2526
2.3.2	2511
2.3.3	2361
2.4.0	2331
2.4.1	2235
2.4.2	2073
2.4.3	2026
2.4.4	1904
2.5.0	1837
2.6.0	1624
2.6.1	1591
2.6.2	1545
2.6.3	1646
2.7.0	1284
2.7.1	1121
2.7.2	887
2.7.3	794
2.7.4	731
3.0.0	621
3.1.0	235
3.1.1	193
3.1.2	216
3.2.0	30
