version	total
0.1.20160301181511	5564
0.1.20160318153100	5662
0.1.20160331153549	5553
0.1.20160412193510	5055
0.1.20160517202250	8147
0.1.20161031135838	5478
0.1.20161123074954	6476
0.1.20170818194607	5421
0.1.20171010180436	5523
0.1.20171211211613	6933
1.2.0.20180905185317	5077
1.2.0.20181108215719	5023
1.2.0.20181109162613	5109
1.2.0.20181121194423	5042
1.2.1	5148
1.3.0.20181130020805	4921
1.3.0.20190205182514	4776
1.3.0.20190221150417	2562
1.3.1.20190301150258	6546
1.3.1.20190402172810	5317
1.3.2.20190402172810	5243
1.3.3.20190402172810	5329
1.4.0	5417
1.4.1	4917
1.4.2	4690
1.4.3	4583
2.0.0	4485
2.0.1	4614
2.0.2	2838
2.0.3	2618
2.0.3.1	2786
2.0.4	2694
2.1.0	2648
2.1.1	2724
2.1.2	2642
2.2.0	2594
2.2.1	2534
2.2.2	2537
2.3.0	2476
2.3.1	2438
2.3.2	2423
2.3.3	2272
2.4.0	2243
2.4.1	2147
2.4.2	1984
2.4.3	1936
2.4.4	1816
2.5.0	1749
2.6.0	1535
2.6.1	1504
2.6.2	1454
2.6.3	1542
2.7.0	1197
2.7.1	1032
2.7.2	798
2.7.3	705
2.7.4	638
3.0.0	507
3.1.0	141
3.1.1	100
3.1.2	112
