version	total
0.1.20160301181511	5604
0.1.20160318153100	5706
0.1.20160331153549	5593
0.1.20160412193510	5065
0.1.20160517202250	8195
0.1.20161031135838	5488
0.1.20161123074954	6515
0.1.20170818194607	5433
0.1.20171010180436	5564
0.1.20171211211613	6962
1.2.0.20180905185317	5117
1.2.0.20181108215719	5059
1.2.0.20181109162613	5150
1.2.0.20181121194423	5081
1.2.1	5188
1.3.0.20181130020805	4928
1.3.0.20190205182514	4792
1.3.0.20190221150417	2572
1.3.1.20190301150258	6588
1.3.1.20190402172810	5364
1.3.2.20190402172810	5295
1.3.3.20190402172810	5381
1.4.0	5471
1.4.1	4970
1.4.2	4742
1.4.3	4635
2.0.0	4537
2.0.1	4667
2.0.2	2879
2.0.3	2659
2.0.3.1	2827
2.0.4	2735
2.1.0	2689
2.1.1	2765
2.1.2	2682
2.2.0	2636
2.2.1	2575
2.2.2	2578
2.3.0	2517
2.3.1	2478
2.3.2	2463
2.3.3	2313
2.4.0	2283
2.4.1	2188
2.4.2	2025
2.4.3	1977
2.4.4	1856
2.5.0	1790
2.6.0	1576
2.6.1	1544
2.6.2	1497
2.6.3	1593
2.7.0	1237
2.7.1	1073
2.7.2	839
2.7.3	746
2.7.4	681
3.0.0	564
3.1.0	184
3.1.1	143
3.1.2	160
