version	total
1.0.20160323	5393
1.0.20160311144647	5423
1.0.20160314171956	5378
1.0.20160318143738	5517
1.0.20160401183214	5379
1.0.20160406195023	5338
1.0.20160411202258	5449
1.0.20160421150319	5488
1.0.20160502202716	6779
1.0.20160715171107	9559
1.0.20161031135838	5196
1.0.20161123235904	5644
1.0.20161230191227	5707
1.0.20170216151734	5581
1.0.20170327202303	5579
1.0.20170414202629	5805
1.0.20170914161842	5474
1.0.20171010180436	5802
1.0.20171211211613	5215
1.0.20180216164101	6778
1.3.0.20181218191458	5080
1.3.0.20190206223817	2851
1.3.0.20190221150417	2715
1.3.1.20190301150258	5746
1.3.1.20190419203205	5248
1.3.2.20190419203205	5232
1.3.3.20190419203205	4901
1.4.0	2721
1.4.1	2781
1.4.2	2703
1.4.3	2745
2.0.0	2991
2.0.1	2649
2.0.2	2854
2.0.3	2648
2.0.3.1	3256
2.0.4	2687
2.6.3	1203
2.7.0	1121
3.1.2	27
