version	total
0.1.20160301181511	5698
0.1.20160318153100	5800
0.1.20160331153549	5685
0.1.20160412193510	5086
0.1.20160517202250	8305
0.1.20161031135838	5532
0.1.20161123074954	6607
0.1.20170818194607	5481
0.1.20171010180436	5659
0.1.20171211211613	7029
1.2.0.20180905185317	5213
1.2.0.20181108215719	5113
1.2.0.20181109162613	5243
1.2.0.20181121194423	5174
1.2.1	5281
1.3.0.20181130020805	4967
1.3.0.20190205182514	4822
1.3.0.20190221150417	2587
1.3.1.20190301150258	6686
1.3.1.20190402172810	5445
1.3.2.20190402172810	5417
1.3.3.20190402172810	5501
1.4.0	5590
1.4.1	5091
1.4.2	4862
1.4.3	4754
2.0.0	4659
2.0.1	4791
2.0.2	2964
2.0.3	2745
2.0.3.1	2914
2.0.4	2820
2.1.0	2774
2.1.1	2851
2.1.2	2768
2.2.0	2722
2.2.1	2660
2.2.2	2664
2.3.0	2603
2.3.1	2564
2.3.2	2549
2.3.3	2398
2.4.0	2369
2.4.1	2272
2.4.2	2111
2.4.3	2064
2.4.4	1942
2.5.0	1873
2.6.0	1662
2.6.1	1629
2.6.2	1584
2.6.3	1696
2.7.0	1322
2.7.1	1159
2.7.2	925
2.7.3	832
2.7.4	772
3.0.0	673
3.1.0	274
3.1.1	232
3.1.2	256
3.2.0	42
