version	total
0.1.20160301181511	5738
0.1.20160318153100	5838
0.1.20160331153549	5724
0.1.20160412193510	5093
0.1.20160517202250	8353
0.1.20161031135838	5550
0.1.20161123074954	6648
0.1.20170818194607	5499
0.1.20171010180436	5695
0.1.20171211211613	7054
1.2.0.20180905185317	5250
1.2.0.20181108215719	5129
1.2.0.20181109162613	5281
1.2.0.20181121194423	5211
1.2.1	5319
1.3.0.20181130020805	4983
1.3.0.20190205182514	4831
1.3.0.20190221150417	2591
1.3.1.20190301150258	6714
1.3.1.20190402172810	5471
1.3.2.20190402172810	5462
1.3.3.20190402172810	5547
1.4.0	5635
1.4.1	5136
1.4.2	4908
1.4.3	4797
2.0.0	4705
2.0.1	4837
2.0.2	2999
2.0.3	2780
2.0.3.1	2949
2.0.4	2854
2.1.0	2809
2.1.1	2886
2.1.2	2803
2.2.0	2757
2.2.1	2696
2.2.2	2698
2.3.0	2638
2.3.1	2599
2.3.2	2584
2.3.3	2433
2.4.0	2404
2.4.1	2306
2.4.2	2146
2.4.3	2099
2.4.4	1977
2.5.0	1906
2.6.0	1696
2.6.1	1663
2.6.2	1618
2.6.3	1734
2.7.0	1356
2.7.1	1193
2.7.2	959
2.7.3	866
2.7.4	808
3.0.0	717
3.1.0	311
3.1.1	269
3.1.2	291
3.2.0	56
