version	total
1.0.20160323	5470
1.0.20160311144647	5498
1.0.20160314171956	5400
1.0.20160318143738	5595
1.0.20160401183214	5398
1.0.20160406195023	5359
1.0.20160411202258	5524
1.0.20160421150319	5563
1.0.20160502202716	6853
1.0.20160715171107	9579
1.0.20161031135838	5216
1.0.20161123235904	5718
1.0.20161230191227	5782
1.0.20170216151734	5657
1.0.20170327202303	5653
1.0.20170414202629	5880
1.0.20170914161842	5493
1.0.20171010180436	5845
1.0.20171211211613	5232
1.0.20180216164101	6871
1.3.0.20181218191458	5156
1.3.0.20190206223817	2920
1.3.0.20190221150417	2784
1.3.1.20190301150258	5848
1.3.1.20190419203205	5344
1.3.2.20190419203205	5334
1.3.3.20190419203205	4950
1.4.0	2784
1.4.1	2845
1.4.2	2767
1.4.3	2810
2.0.0	3058
2.0.1	2715
2.0.2	2920
2.0.3	2713
2.0.3.1	3341
2.0.4	2754
2.6.3	1270
2.7.0	1191
3.1.2	60
