version	total
0.1.20160301181511	5625
0.1.20160318153100	5726
0.1.20160331153549	5613
0.1.20160412193510	5070
0.1.20160517202250	8219
0.1.20161031135838	5499
0.1.20161123074954	6535
0.1.20170818194607	5447
0.1.20171010180436	5585
0.1.20171211211613	6982
1.2.0.20180905185317	5139
1.2.0.20181108215719	5078
1.2.0.20181109162613	5171
1.2.0.20181121194423	5101
1.2.1	5208
1.3.0.20181130020805	4938
1.3.0.20190205182514	4800
1.3.0.20190221150417	2575
1.3.1.20190301150258	6618
1.3.1.20190402172810	5390
1.3.2.20190402172810	5322
1.3.3.20190402172810	5410
1.4.0	5500
1.4.1	5000
1.4.2	4770
1.4.3	4664
2.0.0	4566
2.0.1	4697
2.0.2	2896
2.0.3	2676
2.0.3.1	2845
2.0.4	2751
2.1.0	2706
2.1.1	2782
2.1.2	2699
2.2.0	2653
2.2.1	2592
2.2.2	2595
2.3.0	2534
2.3.1	2495
2.3.2	2480
2.3.3	2330
2.4.0	2300
2.4.1	2204
2.4.2	2042
2.4.3	1994
2.4.4	1873
2.5.0	1807
2.6.0	1593
2.6.1	1561
2.6.2	1514
2.6.3	1612
2.7.0	1254
2.7.1	1090
2.7.2	856
2.7.3	763
2.7.4	700
3.0.0	587
3.1.0	204
3.1.1	163
3.1.2	183
