version	total
1.0.20160323	5425
1.0.20160311144647	5455
1.0.20160314171956	5386
1.0.20160318143738	5550
1.0.20160401183214	5386
1.0.20160406195023	5345
1.0.20160411202258	5480
1.0.20160421150319	5518
1.0.20160502202716	6809
1.0.20160715171107	9567
1.0.20161031135838	5203
1.0.20161123235904	5674
1.0.20161230191227	5738
1.0.20170216151734	5612
1.0.20170327202303	5610
1.0.20170414202629	5836
1.0.20170914161842	5482
1.0.20171010180436	5819
1.0.20171211211613	5222
1.0.20180216164101	6816
1.3.0.20181218191458	5109
1.3.0.20190206223817	2878
1.3.0.20190221150417	2742
1.3.1.20190301150258	5783
1.3.1.20190419203205	5282
1.3.2.20190419203205	5269
1.3.3.20190419203205	4917
1.4.0	2745
1.4.1	2805
1.4.2	2728
1.4.3	2771
2.0.0	3017
2.0.1	2674
2.0.2	2879
2.0.3	2673
2.0.3.1	3289
2.0.4	2712
2.6.3	1229
2.7.0	1147
3.1.2	40
