version	total
0.1.20160301181511	5511
0.1.20160318153100	5610
0.1.20160331153549	5503
0.1.20160412193510	5026
0.1.20160517202250	8066
0.1.20161031135838	5447
0.1.20161123074954	6421
0.1.20170818194607	5386
0.1.20171010180436	5468
0.1.20171211211613	6866
1.2.0.20180905185317	5026
1.2.0.20181108215719	4971
1.2.0.20181109162613	5054
1.2.0.20181121194423	4993
1.2.1	5095
1.3.0.20181130020805	4896
1.3.0.20190205182514	4737
1.3.0.20190221150417	2543
1.3.1.20190301150258	6428
1.3.1.20190402172810	5238
1.3.2.20190402172810	5161
1.3.3.20190402172810	5244
1.4.0	5335
1.4.1	4835
1.4.2	4609
1.4.3	4501
2.0.0	4405
2.0.1	4532
2.0.2	2796
2.0.3	2577
2.0.3.1	2743
2.0.4	2652
2.1.0	2606
2.1.1	2683
2.1.2	2600
2.2.0	2552
2.2.1	2492
2.2.2	2495
2.3.0	2433
2.3.1	2396
2.3.2	2381
2.3.3	2230
2.4.0	2201
2.4.1	2105
2.4.2	1943
2.4.3	1894
2.4.4	1773
2.5.0	1707
2.6.0	1493
2.6.1	1463
2.6.2	1412
2.6.3	1484
2.7.0	1155
2.7.1	990
2.7.2	757
2.7.3	663
2.7.4	594
3.0.0	442
3.1.0	96
3.1.1	55
3.1.2	54
