version	total
1.0.20160323	5360
1.0.20160311144647	5388
1.0.20160314171956	5351
1.0.20160318143738	5484
1.0.20160401183214	5352
1.0.20160406195023	5312
1.0.20160411202258	5416
1.0.20160421150319	5456
1.0.20160502202716	6747
1.0.20160715171107	9530
1.0.20161031135838	5166
1.0.20161123235904	5614
1.0.20161230191227	5673
1.0.20170216151734	5548
1.0.20170327202303	5544
1.0.20170414202629	5774
1.0.20170914161842	5449
1.0.20171010180436	5749
1.0.20171211211613	5187
1.0.20180216164101	6719
1.3.0.20181218191458	5051
1.3.0.20190206223817	2829
1.3.0.20190221150417	2691
1.3.1.20190301150258	5683
1.3.1.20190419203205	5189
1.3.2.20190419203205	5172
1.3.3.20190419203205	4843
1.4.0	2699
1.4.1	2759
1.4.2	2682
1.4.3	2723
2.0.0	2968
2.0.1	2627
2.0.2	2832
2.0.3	2626
2.0.3.1	3212
2.0.4	2657
2.6.3	1181
2.7.0	1097
