version	total
1.0.20160323	5396
1.0.20160311144647	5426
1.0.20160314171956	5378
1.0.20160318143738	5520
1.0.20160401183214	5379
1.0.20160406195023	5338
1.0.20160411202258	5452
1.0.20160421150319	5491
1.0.20160502202716	6782
1.0.20160715171107	9559
1.0.20161031135838	5196
1.0.20161123235904	5647
1.0.20161230191227	5710
1.0.20170216151734	5584
1.0.20170327202303	5582
1.0.20170414202629	5808
1.0.20170914161842	5474
1.0.20171010180436	5802
1.0.20171211211613	5215
1.0.20180216164101	6781
1.3.0.20181218191458	5083
1.3.0.20190206223817	2854
1.3.0.20190221150417	2718
1.3.1.20190301150258	5749
1.3.1.20190419203205	5251
1.3.2.20190419203205	5235
1.3.3.20190419203205	4901
1.4.0	2724
1.4.1	2784
1.4.2	2706
1.4.3	2748
2.0.0	2994
2.0.1	2652
2.0.2	2857
2.0.3	2651
2.0.3.1	3260
2.0.4	2690
2.6.3	1206
2.7.0	1124
3.1.2	28
