version	total
0.1.20160301181511	5627
0.1.20160318153100	5728
0.1.20160331153549	5616
0.1.20160412193510	5070
0.1.20160517202250	8222
0.1.20161031135838	5501
0.1.20161123074954	6538
0.1.20170818194607	5449
0.1.20171010180436	5587
0.1.20171211211613	6984
1.2.0.20180905185317	5141
1.2.0.20181108215719	5080
1.2.0.20181109162613	5173
1.2.0.20181121194423	5103
1.2.1	5210
1.3.0.20181130020805	4940
1.3.0.20190205182514	4800
1.3.0.20190221150417	2575
1.3.1.20190301150258	6618
1.3.1.20190402172810	5392
1.3.2.20190402172810	5325
1.3.3.20190402172810	5412
1.4.0	5502
1.4.1	5002
1.4.2	4772
1.4.3	4666
2.0.0	4568
2.0.1	4699
2.0.2	2898
2.0.3	2678
2.0.3.1	2847
2.0.4	2753
2.1.0	2708
2.1.1	2784
2.1.2	2701
2.2.0	2655
2.2.1	2594
2.2.2	2597
2.3.0	2536
2.3.1	2497
2.3.2	2482
2.3.3	2332
2.4.0	2302
2.4.1	2206
2.4.2	2044
2.4.3	1996
2.4.4	1875
2.5.0	1809
2.6.0	1595
2.6.1	1563
2.6.2	1516
2.6.3	1614
2.7.0	1256
2.7.1	1092
2.7.2	858
2.7.3	765
2.7.4	702
3.0.0	589
3.1.0	206
3.1.1	165
3.1.2	185
