version	total
0.1.20160301181511	5507
0.1.20160318153100	5606
0.1.20160331153549	5498
0.1.20160412193510	5022
0.1.20160517202250	8057
0.1.20161031135838	5443
0.1.20161123074954	6416
0.1.20170818194607	5382
0.1.20171010180436	5464
0.1.20171211211613	6857
1.2.0.20180905185317	5023
1.2.0.20181108215719	4967
1.2.0.20181109162613	5051
1.2.0.20181121194423	4989
1.2.1	5091
1.3.0.20181130020805	4893
1.3.0.20190205182514	4731
1.3.0.20190221150417	2540
1.3.1.20190301150258	6412
1.3.1.20190402172810	5229
1.3.2.20190402172810	5153
1.3.3.20190402172810	5236
1.4.0	5328
1.4.1	4827
1.4.2	4601
1.4.3	4492
2.0.0	4396
2.0.1	4513
2.0.2	2793
2.0.3	2574
2.0.3.1	2740
2.0.4	2650
2.1.0	2603
2.1.1	2680
2.1.2	2598
2.2.0	2550
2.2.1	2489
2.2.2	2493
2.3.0	2431
2.3.1	2394
2.3.2	2378
2.3.3	2227
2.4.0	2198
2.4.1	2102
2.4.2	1940
2.4.3	1891
2.4.4	1770
2.5.0	1704
2.6.0	1491
2.6.1	1460
2.6.2	1409
2.6.3	1479
2.7.0	1153
2.7.1	987
2.7.2	755
2.7.3	660
2.7.4	590
3.0.0	431
3.1.0	91
3.1.1	51
3.1.2	38
