version	total
0.1.20160301181511	5596
0.1.20160318153100	5698
0.1.20160331153549	5586
0.1.20160412193510	5064
0.1.20160517202250	8187
0.1.20161031135838	5487
0.1.20161123074954	6508
0.1.20170818194607	5431
0.1.20171010180436	5556
0.1.20171211211613	6958
1.2.0.20180905185317	5109
1.2.0.20181108215719	5053
1.2.0.20181109162613	5142
1.2.0.20181121194423	5073
1.2.1	5180
1.3.0.20181130020805	4927
1.3.0.20190205182514	4790
1.3.0.20190221150417	2570
1.3.1.20190301150258	6582
1.3.1.20190402172810	5356
1.3.2.20190402172810	5285
1.3.3.20190402172810	5371
1.4.0	5461
1.4.1	4960
1.4.2	4732
1.4.3	4625
2.0.0	4527
2.0.1	4656
2.0.2	2870
2.0.3	2650
2.0.3.1	2818
2.0.4	2726
2.1.0	2680
2.1.1	2757
2.1.2	2674
2.2.0	2627
2.2.1	2566
2.2.2	2569
2.3.0	2508
2.3.1	2470
2.3.2	2455
2.3.3	2304
2.4.0	2275
2.4.1	2179
2.4.2	2016
2.4.3	1968
2.4.4	1848
2.5.0	1781
2.6.0	1568
2.6.1	1536
2.6.2	1488
2.6.3	1582
2.7.0	1228
2.7.1	1064
2.7.2	830
2.7.3	737
2.7.4	672
3.0.0	553
3.1.0	175
3.1.1	135
3.1.2	149
