version	total
0.1.20160301181511	5750
0.1.20160318153100	5850
0.1.20160331153549	5735
0.1.20160412193510	5095
0.1.20160517202250	8367
0.1.20161031135838	5553
0.1.20161123074954	6659
0.1.20170818194607	5502
0.1.20171010180436	5707
0.1.20171211211613	7062
1.2.0.20180905185317	5262
1.2.0.20181108215719	5133
1.2.0.20181109162613	5293
1.2.0.20181121194423	5223
1.2.1	5332
1.3.0.20181130020805	4986
1.3.0.20190205182514	4834
1.3.0.20190221150417	2592
1.3.1.20190301150258	6726
1.3.1.20190402172810	5479
1.3.2.20190402172810	5478
1.3.3.20190402172810	5563
1.4.0	5651
1.4.1	5152
1.4.2	4924
1.4.3	4813
2.0.0	4721
2.0.1	4854
2.0.2	3010
2.0.3	2791
2.0.3.1	2960
2.0.4	2865
2.1.0	2820
2.1.1	2897
2.1.2	2814
2.2.0	2768
2.2.1	2707
2.2.2	2709
2.3.0	2649
2.3.1	2610
2.3.2	2595
2.3.3	2444
2.4.0	2415
2.4.1	2317
2.4.2	2157
2.4.3	2110
2.4.4	1988
2.5.0	1917
2.6.0	1707
2.6.1	1674
2.6.2	1629
2.6.3	1746
2.7.0	1367
2.7.1	1204
2.7.2	970
2.7.3	877
2.7.4	819
3.0.0	729
3.1.0	322
3.1.1	280
3.1.2	302
3.2.0	67
