version	total
0.1.20160301181511	5459
0.1.20160318153100	5554
0.1.20160331153549	5450
0.1.20160412193510	4986
0.1.20160517202250	7973
0.1.20161031135838	5394
0.1.20161123074954	6364
0.1.20170818194607	5335
0.1.20171010180436	5415
0.1.20171211211613	6773
1.2.0.20180905185317	4973
1.2.0.20181108215719	4920
1.2.0.20181109162613	5001
1.2.0.20181121194423	4941
1.2.1	5040
1.3.0.20181130020805	4851
1.3.0.20190205182514	4682
1.3.0.20190221150417	2512
1.3.1.20190301150258	6269
1.3.1.20190402172810	5144
1.3.2.20190402172810	5072
1.3.3.20190402172810	5155
1.4.0	5246
1.4.1	4743
1.4.2	4519
1.4.3	4410
2.0.0	4316
2.0.1	4428
2.0.2	2757
2.0.3	2536
2.0.3.1	2705
2.0.4	2614
2.1.0	2569
2.1.1	2645
2.1.2	2562
2.2.0	2513
2.2.1	2458
2.2.2	2457
2.3.0	2395
2.3.1	2358
2.3.2	2344
2.3.3	2194
2.4.0	2161
2.4.1	2066
2.4.2	1906
2.4.3	1856
2.4.4	1734
2.5.0	1668
2.6.0	1456
2.6.1	1425
2.6.2	1373
2.6.3	1422
2.7.0	1117
2.7.1	951
2.7.2	718
2.7.3	623
2.7.4	550
3.0.0	364
3.1.0	49
