version	total
0.1.20160301181511	5630
0.1.20160318153100	5731
0.1.20160331153549	5618
0.1.20160412193510	5072
0.1.20160517202250	8226
0.1.20161031135838	5504
0.1.20161123074954	6540
0.1.20170818194607	5452
0.1.20171010180436	5590
0.1.20171211211613	6989
1.2.0.20180905185317	5143
1.2.0.20181108215719	5082
1.2.0.20181109162613	5175
1.2.0.20181121194423	5105
1.2.1	5212
1.3.0.20181130020805	4942
1.3.0.20190205182514	4801
1.3.0.20190221150417	2575
1.3.1.20190301150258	6624
1.3.1.20190402172810	5396
1.3.2.20190402172810	5329
1.3.3.20190402172810	5416
1.4.0	5506
1.4.1	5006
1.4.2	4776
1.4.3	4670
2.0.0	4572
2.0.1	4703
2.0.2	2899
2.0.3	2679
2.0.3.1	2848
2.0.4	2754
2.1.0	2709
2.1.1	2785
2.1.2	2702
2.2.0	2656
2.2.1	2595
2.2.2	2598
2.3.0	2537
2.3.1	2498
2.3.2	2483
2.3.3	2333
2.4.0	2303
2.4.1	2207
2.4.2	2045
2.4.3	1997
2.4.4	1876
2.5.0	1810
2.6.0	1596
2.6.1	1564
2.6.2	1517
2.6.3	1615
2.7.0	1257
2.7.1	1093
2.7.2	859
2.7.3	766
2.7.4	703
3.0.0	590
3.1.0	207
3.1.1	166
3.1.2	186
