version	total
1.0.20160323	5355
1.0.20160311144647	5384
1.0.20160314171956	5346
1.0.20160318143738	5479
1.0.20160401183214	5347
1.0.20160406195023	5307
1.0.20160411202258	5411
1.0.20160421150319	5451
1.0.20160502202716	6742
1.0.20160715171107	9525
1.0.20161031135838	5161
1.0.20161123235904	5609
1.0.20161230191227	5668
1.0.20170216151734	5543
1.0.20170327202303	5539
1.0.20170414202629	5769
1.0.20170914161842	5444
1.0.20171010180436	5739
1.0.20171211211613	5183
1.0.20180216164101	6709
1.3.0.20181218191458	5047
1.3.0.20190206223817	2827
1.3.0.20190221150417	2688
1.3.1.20190301150258	5671
1.3.1.20190419203205	5177
1.3.2.20190419203205	5160
1.3.3.20190419203205	4831
1.4.0	2696
1.4.1	2757
1.4.2	2679
1.4.3	2721
2.0.0	2965
2.0.1	2625
2.0.2	2830
2.0.3	2623
2.0.3.1	3207
2.0.4	2649
2.6.3	1178
2.7.0	1089
