version	total
0.1.20160301181511	5677
0.1.20160318153100	5779
0.1.20160331153549	5665
0.1.20160412193510	5080
0.1.20160517202250	8279
0.1.20161031135838	5527
0.1.20161123074954	6587
0.1.20170818194607	5475
0.1.20171010180436	5639
0.1.20171211211613	7018
1.2.0.20180905185317	5192
1.2.0.20181108215719	5106
1.2.0.20181109162613	5222
1.2.0.20181121194423	5153
1.2.1	5260
1.3.0.20181130020805	4963
1.3.0.20190205182514	4814
1.3.0.20190221150417	2582
1.3.1.20190301150258	6662
1.3.1.20190402172810	5432
1.3.2.20190402172810	5390
1.3.3.20190402172810	5476
1.4.0	5564
1.4.1	5065
1.4.2	4836
1.4.3	4727
2.0.0	4631
2.0.1	4763
2.0.2	2945
2.0.3	2725
2.0.3.1	2894
2.0.4	2800
2.1.0	2754
2.1.1	2831
2.1.2	2748
2.2.0	2702
2.2.1	2640
2.2.2	2644
2.3.0	2583
2.3.1	2544
2.3.2	2529
2.3.3	2379
2.4.0	2349
2.4.1	2252
2.4.2	2091
2.4.3	2044
2.4.4	1922
2.5.0	1855
2.6.0	1642
2.6.1	1609
2.6.2	1563
2.6.3	1666
2.7.0	1302
2.7.1	1139
2.7.2	905
2.7.3	812
2.7.4	752
3.0.0	647
3.1.0	254
3.1.1	212
3.1.2	236
3.2.0	35
