version	total
0.3.15.20200318	3685
0.3.16.20200420	5062
1.0.0.20210917	2738
1.0.1.20211018	2822
1.0.2.20220113	2982
1.1.0.20220707	2549
1.2.0.20230130	2034
1.2.1.20230601	1677
1.3.0.20231027	1167
1.4.0.20240108	993
1.5.0.20240506	744
1.6.0.20241216	536
1.6.1.20250415	84
