version	total
0.3.15.20200318	3676
0.3.16.20200420	5033
1.0.0.20210917	2729
1.0.1.20211018	2810
1.0.2.20220113	2972
1.1.0.20220707	2534
1.2.0.20230130	2013
1.2.1.20230601	1662
1.3.0.20231027	1158
1.4.0.20240108	984
1.5.0.20240506	735
1.6.0.20241216	495
