version	total
0.3.15.20200318	3932
0.3.16.20200420	5516
1.0.0.20210917	3003
1.0.1.20211018	3156
1.0.2.20220113	3314
1.1.0.20220707	2876
1.2.0.20230130	2443
1.2.1.20230601	1887
1.3.0.20231027	1414
1.4.0.20240108	1117
1.5.0.20240506	1034
1.6.0.20241216	1006
1.6.1.20250415	456
1.7.0.20250512	535
1.7.1.20250908	520
