version	total
0.3.15.20200318	3819
0.3.16.20200420	5396
1.0.0.20210917	2885
1.0.1.20211018	3021
1.0.2.20220113	3177
1.1.0.20220707	2742
1.2.0.20230130	2288
1.2.1.20230601	1815
1.3.0.20231027	1300
1.4.0.20240108	1065
1.5.0.20240506	903
1.6.0.20241216	866
1.6.1.20250415	306
1.7.0.20250512	389
1.7.1.20250908	320
