version	total
0.3.15.20200318	3891
0.3.16.20200420	5475
1.0.0.20210917	2962
1.0.1.20211018	3107
1.0.2.20220113	3264
1.1.0.20220707	2828
1.2.0.20230130	2388
1.2.1.20230601	1860
1.3.0.20231027	1373
1.4.0.20240108	1098
1.5.0.20240506	936
1.6.0.20241216	955
1.6.1.20250415	402
1.7.0.20250512	479
1.7.1.20250908	437
