version	total
0.3.15.20200318	3665
0.3.16.20200420	5024
1.0.0.20210917	2718
1.0.1.20211018	2798
1.0.2.20220113	2958
1.1.0.20220707	2522
1.2.0.20230130	2000
1.2.1.20230601	1650
1.3.0.20231027	1147
1.4.0.20240108	973
1.5.0.20240506	728
1.6.0.20241216	480
