version	total
0.3.15.20200318	3837
0.3.16.20200420	5408
1.0.0.20210917	2904
1.0.1.20211018	3043
1.0.2.20220113	3199
1.1.0.20220707	2765
1.2.0.20230130	2314
1.2.1.20230601	1832
1.3.0.20231027	1319
1.4.0.20240108	1080
1.5.0.20240506	909
1.6.0.20241216	902
1.6.1.20250415	336
1.7.0.20250512	417
1.7.1.20250908	359
