version	total
0.3.15.20200318	3869
0.3.16.20200420	5436
1.0.0.20210917	2938
1.0.1.20211018	3080
1.0.2.20220113	3236
1.1.0.20220707	2801
1.2.0.20230130	2356
1.2.1.20230601	1850
1.3.0.20231027	1351
1.4.0.20240108	1091
1.5.0.20240506	926
1.6.0.20241216	939
1.6.1.20250415	378
1.7.0.20250512	456
1.7.1.20250908	402
