version	total
0.3.15.20200318	3766
0.3.16.20200420	5325
1.0.0.20210917	2827
1.0.1.20211018	2956
1.0.2.20220113	3112
1.1.0.20220707	2678
1.2.0.20230130	2211
1.2.1.20230601	1783
1.3.0.20231027	1249
1.4.0.20240108	1049
1.5.0.20240506	864
1.6.0.20241216	781
1.6.1.20250415	241
1.7.0.20250512	322
1.7.1.20250908	188
