version	total
0.3.15.20200318	3690
0.3.16.20200420	5085
1.0.0.20210917	2743
1.0.1.20211018	2833
1.0.2.20220113	2992
1.1.0.20220707	2557
1.2.0.20230130	2048
1.2.1.20230601	1686
1.3.0.20231027	1171
1.4.0.20240108	1001
1.5.0.20240506	752
1.6.0.20241216	555
1.6.1.20250415	103
