version	total
0.3.15.20200318	3898
0.3.16.20200420	5481
1.0.0.20210917	2969
1.0.1.20211018	3115
1.0.2.20220113	3272
1.1.0.20220707	2835
1.2.0.20230130	2397
1.2.1.20230601	1862
1.3.0.20231027	1380
1.4.0.20240108	1099
1.5.0.20240506	938
1.6.0.20241216	959
1.6.1.20250415	410
1.7.0.20250512	488
1.7.1.20250908	451
