version	total
0.3.15.20200318	3824
0.3.16.20200420	5400
1.0.0.20210917	2891
1.0.1.20211018	3028
1.0.2.20220113	3184
1.1.0.20220707	2750
1.2.0.20230130	2296
1.2.1.20230601	1819
1.3.0.20231027	1306
1.4.0.20240108	1069
1.5.0.20240506	907
1.6.0.20241216	887
1.6.1.20250415	323
1.7.0.20250512	404
1.7.1.20250908	338
