version	total
0.3.15.20200318	3644
0.3.16.20200420	5001
1.0.0.20210917	2694
1.0.1.20211018	2775
1.0.2.20220113	2937
1.1.0.20220707	2499
1.2.0.20230130	1975
1.2.1.20230601	1629
1.3.0.20231027	1126
1.4.0.20240108	954
1.5.0.20240506	717
1.6.0.20241216	453
