version	total
0.3.15.20200318	3813
0.3.16.20200420	5394
1.0.0.20210917	2880
1.0.1.20211018	3016
1.0.2.20220113	3172
1.1.0.20220707	2738
1.2.0.20230130	2283
1.2.1.20230601	1812
1.3.0.20231027	1295
1.4.0.20240108	1063
1.5.0.20240506	900
1.6.0.20241216	861
1.6.1.20250415	301
1.7.0.20250512	383
1.7.1.20250908	304
