version	total
0.3.15.20200318	3714
0.3.16.20200420	5207
1.0.0.20210917	2775
1.0.1.20211018	2881
1.0.2.20220113	3043
1.1.0.20220707	2605
1.2.0.20230130	2119
1.2.1.20230601	1736
1.3.0.20231027	1197
1.4.0.20240108	1027
1.5.0.20240506	818
1.6.0.20241216	654
1.6.1.20250415	158
1.7.0.20250512	189
