version	total
0.3.15.20200318	3847
0.3.16.20200420	5418
1.0.0.20210917	2914
1.0.1.20211018	3055
1.0.2.20220113	3211
1.1.0.20220707	2777
1.2.0.20230130	2327
1.2.1.20230601	1838
1.3.0.20231027	1329
1.4.0.20240108	1084
1.5.0.20240506	913
1.6.0.20241216	908
1.6.1.20250415	347
1.7.0.20250512	427
1.7.1.20250908	372
