version	total
0.3.15.20200318	3763
0.3.16.20200420	5325
1.0.0.20210917	2824
1.0.1.20211018	2953
1.0.2.20220113	3109
1.1.0.20220707	2675
1.2.0.20230130	2208
1.2.1.20230601	1783
1.3.0.20231027	1245
1.4.0.20240108	1049
1.5.0.20240506	863
1.6.0.20241216	776
1.6.1.20250415	235
1.7.0.20250512	317
1.7.1.20250908	181
