version	total
0.3.15.20200318	3648
0.3.16.20200420	5004
1.0.0.20210917	2698
1.0.1.20211018	2779
1.0.2.20220113	2940
1.1.0.20220707	2503
1.2.0.20230130	1979
1.2.1.20230601	1631
1.3.0.20231027	1130
1.4.0.20240108	956
1.5.0.20240506	718
1.6.0.20241216	456
