version	total
0.3.15.20200318	3823
0.3.16.20200420	5399
1.0.0.20210917	2890
1.0.1.20211018	3027
1.0.2.20220113	3183
1.1.0.20220707	2749
1.2.0.20230130	2295
1.2.1.20230601	1819
1.3.0.20231027	1305
1.4.0.20240108	1068
1.5.0.20240506	907
1.6.0.20241216	886
1.6.1.20250415	321
1.7.0.20250512	403
1.7.1.20250908	338
