version	total
0.3.15.20200318	3941
0.3.16.20200420	5521
1.0.0.20210917	3012
1.0.1.20211018	3166
1.0.2.20220113	3324
1.1.0.20220707	2886
1.2.0.20230130	2454
1.2.1.20230601	1889
1.3.0.20231027	1423
1.4.0.20240108	1118
1.5.0.20240506	1037
1.6.0.20241216	1010
1.6.1.20250415	469
1.7.0.20250512	546
1.7.1.20250908	538
