version	total
0.3.15.20200318	3653
0.3.16.20200420	5008
1.0.0.20210917	2705
1.0.1.20211018	2784
1.0.2.20220113	2944
1.1.0.20220707	2508
1.2.0.20230130	1984
1.2.1.20230601	1636
1.3.0.20231027	1135
1.4.0.20240108	961
1.5.0.20240506	721
1.6.0.20241216	462
