version	total
0.3.15.20200318	3720
0.3.16.20200420	5234
1.0.0.20210917	2780
1.0.1.20211018	2891
1.0.2.20220113	3052
1.1.0.20220707	2614
1.2.0.20230130	2133
1.2.1.20230601	1747
1.3.0.20231027	1203
1.4.0.20240108	1032
1.5.0.20240506	825
1.6.0.20241216	677
1.6.1.20250415	167
1.7.0.20250512	206
