version	total
0.3.15.20200318	3792
0.3.16.20200420	5361
1.0.0.20210917	2856
1.0.1.20211018	2990
1.0.2.20220113	3144
1.1.0.20220707	2712
1.2.0.20230130	2251
1.2.1.20230601	1798
1.3.0.20231027	1275
1.4.0.20240108	1056
1.5.0.20240506	882
1.6.0.20241216	834
1.6.1.20250415	279
1.7.0.20250512	361
1.7.1.20250908	268
