version	total
0.3.15.20200318	3795
0.3.16.20200420	5366
1.0.0.20210917	2860
1.0.1.20211018	2994
1.0.2.20220113	3148
1.1.0.20220707	2716
1.2.0.20230130	2256
1.2.1.20230601	1801
1.3.0.20231027	1278
1.4.0.20240108	1057
1.5.0.20240506	893
1.6.0.20241216	837
1.6.1.20250415	283
1.7.0.20250512	364
1.7.1.20250908	274
