version	total
0.3.15.20200318	3726
0.3.16.20200420	5266
1.0.0.20210917	2786
1.0.1.20211018	2903
1.0.2.20220113	3062
1.1.0.20220707	2625
1.2.0.20230130	2151
1.2.1.20230601	1760
1.3.0.20231027	1209
1.4.0.20240108	1038
1.5.0.20240506	841
1.6.0.20241216	702
1.6.1.20250415	181
1.7.0.20250512	242
