version	total
0.3.15.20200318	3880
0.3.16.20200420	5453
1.0.0.20210917	2949
1.0.1.20211018	3094
1.0.2.20220113	3250
1.1.0.20220707	2815
1.2.0.20230130	2372
1.2.1.20230601	1856
1.3.0.20231027	1362
1.4.0.20240108	1094
1.5.0.20240506	930
1.6.0.20241216	947
1.6.1.20250415	390
1.7.0.20250512	467
1.7.1.20250908	415
