version	total
0.3.15.20200318	3939
0.3.16.20200420	5521
1.0.0.20210917	3010
1.0.1.20211018	3164
1.0.2.20220113	3322
1.1.0.20220707	2884
1.2.0.20230130	2452
1.2.1.20230601	1889
1.3.0.20231027	1421
1.4.0.20240108	1118
1.5.0.20240506	1037
1.6.0.20241216	1010
1.6.1.20250415	466
1.7.0.20250512	543
1.7.1.20250908	535
