version	total
0.3.15.20200318	3884
0.3.16.20200420	5459
1.0.0.20210917	2954
1.0.1.20211018	3098
1.0.2.20220113	3254
1.1.0.20220707	2819
1.2.0.20230130	2376
1.2.1.20230601	1856
1.3.0.20231027	1366
1.4.0.20240108	1095
1.5.0.20240506	931
1.6.0.20241216	948
1.6.1.20250415	394
1.7.0.20250512	471
1.7.1.20250908	427
