version	total
0.3.15.20200318	3737
0.3.16.20200420	5292
1.0.0.20210917	2798
1.0.1.20211018	2920
1.0.2.20220113	3077
1.1.0.20220707	2641
1.2.0.20230130	2170
1.2.1.20230601	1770
1.3.0.20231027	1219
1.4.0.20240108	1043
1.5.0.20240506	851
1.6.0.20241216	724
1.6.1.20250415	195
1.7.0.20250512	278
