version	total
0.3.15.20200318	3789
0.3.16.20200420	5355
1.0.0.20210917	2851
1.0.1.20211018	2985
1.0.2.20220113	3140
1.1.0.20220707	2708
1.2.0.20230130	2246
1.2.1.20230601	1795
1.3.0.20231027	1272
1.4.0.20240108	1055
1.5.0.20240506	879
1.6.0.20241216	830
1.6.1.20250415	276
1.7.0.20250512	353
1.7.1.20250908	252
