version	total
0.3.15.20200318	3686
0.3.16.20200420	5064
1.0.0.20210917	2739
1.0.1.20211018	2824
1.0.2.20220113	2984
1.1.0.20220707	2549
1.2.0.20230130	2036
1.2.1.20230601	1678
1.3.0.20231027	1167
1.4.0.20240108	995
1.5.0.20240506	745
1.6.0.20241216	538
1.6.1.20250415	89
