version	total
0.3.15.20200318	3680
0.3.16.20200420	5036
1.0.0.20210917	2733
1.0.1.20211018	2814
1.0.2.20220113	2974
1.1.0.20220707	2538
1.2.0.20230130	2017
1.2.1.20230601	1666
1.3.0.20231027	1161
1.4.0.20240108	988
1.5.0.20240506	736
1.6.0.20241216	505
