version	total
0.3.15.20200318	3745
0.3.16.20200420	5297
1.0.0.20210917	2806
1.0.1.20211018	2929
1.0.2.20220113	3086
1.1.0.20220707	2650
1.2.0.20230130	2181
1.2.1.20230601	1772
1.3.0.20231027	1227
1.4.0.20240108	1044
1.5.0.20240506	856
1.6.0.20241216	748
1.6.1.20250415	212
1.7.0.20250512	297
1.7.1.20250908	104
