version	total
0.3.15.20200318	3709
0.3.16.20200420	5175
1.0.0.20210917	2767
1.0.1.20211018	2869
1.0.2.20220113	3030
1.1.0.20220707	2593
1.2.0.20230130	2100
1.2.1.20230601	1721
1.3.0.20231027	1191
1.4.0.20240108	1020
1.5.0.20240506	780
1.6.0.20241216	622
1.6.1.20250415	145
1.7.0.20250512	148
