version	total
0.3.15.20200318	3759
0.3.16.20200420	5320
1.0.0.20210917	2820
1.0.1.20211018	2948
1.0.2.20220113	3104
1.1.0.20220707	2669
1.2.0.20230130	2202
1.2.1.20230601	1781
1.3.0.20231027	1241
1.4.0.20240108	1048
1.5.0.20240506	862
1.6.0.20241216	770
1.6.1.20250415	231
1.7.0.20250512	313
1.7.1.20250908	175
