version	total
0.3.15.20200318	3844
0.3.16.20200420	5418
1.0.0.20210917	2911
1.0.1.20211018	3052
1.0.2.20220113	3208
1.1.0.20220707	2773
1.2.0.20230130	2324
1.2.1.20230601	1838
1.3.0.20231027	1326
1.4.0.20240108	1084
1.5.0.20240506	913
1.6.0.20241216	908
1.6.1.20250415	344
1.7.0.20250512	424
1.7.1.20250908	366
