version	total
0.3.15.20200318	3696
0.3.16.20200420	5119
1.0.0.20210917	2751
1.0.1.20211018	2845
1.0.2.20220113	3006
1.1.0.20220707	2570
1.2.0.20230130	2067
1.2.1.20230601	1699
1.3.0.20231027	1178
1.4.0.20240108	1008
1.5.0.20240506	762
1.6.0.20241216	573
1.6.1.20250415	116
1.7.0.20250512	76
