version	total
0.3.15.20200318	3681
0.3.16.20200420	5041
1.0.0.20210917	2734
1.0.1.20211018	2816
1.0.2.20220113	2976
1.1.0.20220707	2540
1.2.0.20230130	2021
1.2.1.20230601	1668
1.3.0.20231027	1162
1.4.0.20240108	989
1.5.0.20240506	737
1.6.0.20241216	510
1.6.1.20250415	71
