version	total
0.3.15.20200318	3883
0.3.16.20200420	5458
1.0.0.20210917	2953
1.0.1.20211018	3097
1.0.2.20220113	3253
1.1.0.20220707	2818
1.2.0.20230130	2375
1.2.1.20230601	1856
1.3.0.20231027	1365
1.4.0.20240108	1094
1.5.0.20240506	931
1.6.0.20241216	947
1.6.1.20250415	393
1.7.0.20250512	470
1.7.1.20250908	425
