version	total
0.3.15.20200318	3694
0.3.16.20200420	5110
1.0.0.20210917	2748
1.0.1.20211018	2843
1.0.2.20220113	3002
1.1.0.20220707	2566
1.2.0.20230130	2063
1.2.1.20230601	1696
1.3.0.20231027	1176
1.4.0.20240108	1006
1.5.0.20240506	761
1.6.0.20241216	569
1.6.1.20250415	114
1.7.0.20250512	71
