version	total
0.3.15.20200318	3723
0.3.16.20200420	5252
1.0.0.20210917	2783
1.0.1.20211018	2897
1.0.2.20220113	3058
1.1.0.20220707	2620
1.2.0.20230130	2142
1.2.1.20230601	1753
1.3.0.20231027	1206
1.4.0.20240108	1035
1.5.0.20240506	836
1.6.0.20241216	694
1.6.1.20250415	177
1.7.0.20250512	226
