version	total
0.3.15.20200318	3850
0.3.16.20200420	5418
1.0.0.20210917	2918
1.0.1.20211018	3058
1.0.2.20220113	3214
1.1.0.20220707	2780
1.2.0.20230130	2330
1.2.1.20230601	1840
1.3.0.20231027	1332
1.4.0.20240108	1085
1.5.0.20240506	913
1.6.0.20241216	911
1.6.1.20250415	351
1.7.0.20250512	430
1.7.1.20250908	375
