version	total
0.3.15.20200318	3751
0.3.16.20200420	5305
1.0.0.20210917	2812
1.0.1.20211018	2937
1.0.2.20220113	3093
1.1.0.20220707	2657
1.2.0.20230130	2188
1.2.1.20230601	1774
1.3.0.20231027	1233
1.4.0.20240108	1045
1.5.0.20240506	859
1.6.0.20241216	755
1.6.1.20250415	220
1.7.0.20250512	303
1.7.1.20250908	158
