version	total
0.3.15.20200318	3728
0.3.16.20200420	5276
1.0.0.20210917	2789
1.0.1.20211018	2908
1.0.2.20220113	3066
1.1.0.20220707	2629
1.2.0.20230130	2157
1.2.1.20230601	1764
1.3.0.20231027	1211
1.4.0.20240108	1040
1.5.0.20240506	846
1.6.0.20241216	709
1.6.1.20250415	184
1.7.0.20250512	258
