version	total
0.3.15.20200318	3893
0.3.16.20200420	5476
1.0.0.20210917	2964
1.0.1.20211018	3109
1.0.2.20220113	3266
1.1.0.20220707	2829
1.2.0.20230130	2390
1.2.1.20230601	1860
1.3.0.20231027	1375
1.4.0.20240108	1098
1.5.0.20240506	936
1.6.0.20241216	955
1.6.1.20250415	404
1.7.0.20250512	481
1.7.1.20250908	441
