version	total
0.3.15.20200318	3786
0.3.16.20200420	5350
1.0.0.20210917	2848
1.0.1.20211018	2981
1.0.2.20220113	3136
1.1.0.20220707	2704
1.2.0.20230130	2241
1.2.1.20230601	1793
1.3.0.20231027	1269
1.4.0.20240108	1054
1.5.0.20240506	878
1.6.0.20241216	825
1.6.1.20250415	273
1.7.0.20250512	350
1.7.1.20250908	246
