version	total
0.3.15.20200318	3661
0.3.16.20200420	5022
1.0.0.20210917	2714
1.0.1.20211018	2794
1.0.2.20220113	2954
1.1.0.20220707	2518
1.2.0.20230130	1996
1.2.1.20230601	1646
1.3.0.20231027	1143
1.4.0.20240108	969
1.5.0.20240506	727
1.6.0.20241216	475
