version	total
0.3.15.20200318	3896
0.3.16.20200420	5481
1.0.0.20210917	2967
1.0.1.20211018	3113
1.0.2.20220113	3270
1.1.0.20220707	2834
1.2.0.20230130	2395
1.2.1.20230601	1862
1.3.0.20231027	1378
1.4.0.20240108	1099
1.5.0.20240506	937
1.6.0.20241216	957
1.6.1.20250415	407
1.7.0.20250512	484
1.7.1.20250908	442
