version	total
0.3.15.20200318	3691
0.3.16.20200420	5090
1.0.0.20210917	2744
1.0.1.20211018	2835
1.0.2.20220113	2994
1.1.0.20220707	2559
1.2.0.20230130	2051
1.2.1.20230601	1688
1.3.0.20231027	1172
1.4.0.20240108	1002
1.5.0.20240506	756
1.6.0.20241216	557
1.6.1.20250415	108
1.7.0.20250512	62
