version	total
0.3.15.20200318	3878
0.3.16.20200420	5448
1.0.0.20210917	2947
1.0.1.20211018	3091
1.0.2.20220113	3247
1.1.0.20220707	2812
1.2.0.20230130	2368
1.2.1.20230601	1854
1.3.0.20231027	1360
1.4.0.20240108	1093
1.5.0.20240506	928
1.6.0.20241216	942
1.6.1.20250415	387
1.7.0.20250512	464
1.7.1.20250908	410
