version	total
0.3.15.20200318	3692
0.3.16.20200420	5095
1.0.0.20210917	2745
1.0.1.20211018	2837
1.0.2.20220113	2996
1.1.0.20220707	2561
1.2.0.20230130	2054
1.2.1.20230601	1690
1.3.0.20231027	1173
1.4.0.20240108	1003
1.5.0.20240506	757
1.6.0.20241216	559
1.6.1.20250415	109
1.7.0.20250512	65
