version	total
0.3.15.20200318	3699
0.3.16.20200420	5135
1.0.0.20210917	2756
1.0.1.20211018	2852
1.0.2.20220113	3012
1.1.0.20220707	2576
1.2.0.20230130	2076
1.2.1.20230601	1705
1.3.0.20231027	1181
1.4.0.20240108	1011
1.5.0.20240506	768
1.6.0.20241216	601
1.6.1.20250415	132
1.7.0.20250512	108
