version	total
0.3.15.20200318	3777
0.3.16.20200420	5345
1.0.0.20210917	2838
1.0.1.20211018	2971
1.0.2.20220113	3127
1.1.0.20220707	2693
1.2.0.20230130	2230
1.2.1.20230601	1791
1.3.0.20231027	1260
1.4.0.20240108	1053
1.5.0.20240506	871
1.6.0.20241216	799
1.6.1.20250415	254
1.7.0.20250512	333
1.7.1.20250908	208
