version	total
0.3.15.20200318	3704
0.3.16.20200420	5151
1.0.0.20210917	2762
1.0.1.20211018	2860
1.0.2.20220113	3019
1.1.0.20220707	2584
1.2.0.20230130	2086
1.2.1.20230601	1712
1.3.0.20231027	1186
1.4.0.20240108	1015
1.5.0.20240506	773
1.6.0.20241216	610
1.6.1.20250415	139
1.7.0.20250512	127
