version	total
0.3.15.20200318	3816
0.3.16.20200420	5394
1.0.0.20210917	2882
1.0.1.20211018	3018
1.0.2.20220113	3173
1.1.0.20220707	2739
1.2.0.20230130	2285
1.2.1.20230601	1813
1.3.0.20231027	1296
1.4.0.20240108	1063
1.5.0.20240506	900
1.6.0.20241216	862
1.6.1.20250415	303
1.7.0.20250512	385
1.7.1.20250908	309
