version	total
0.3.15.20200318	3758
0.3.16.20200420	5320
1.0.0.20210917	2819
1.0.1.20211018	2947
1.0.2.20220113	3103
1.1.0.20220707	2668
1.2.0.20230130	2201
1.2.1.20230601	1781
1.3.0.20231027	1240
1.4.0.20240108	1048
1.5.0.20240506	862
1.6.0.20241216	769
1.6.1.20250415	230
1.7.0.20250512	312
1.7.1.20250908	172
