version	total
0.3.15.20200318	3799
0.3.16.20200420	5369
1.0.0.20210917	2864
1.0.1.20211018	2998
1.0.2.20220113	3152
1.1.0.20220707	2720
1.2.0.20230130	2259
1.2.1.20230601	1801
1.3.0.20231027	1282
1.4.0.20240108	1057
1.5.0.20240506	894
1.6.0.20241216	841
1.6.1.20250415	287
1.7.0.20250512	369
1.7.1.20250908	286
