version	total
0.3.15.20200318	3834
0.3.16.20200420	5405
1.0.0.20210917	2901
1.0.1.20211018	3039
1.0.2.20220113	3195
1.1.0.20220707	2761
1.2.0.20230130	2308
1.2.1.20230601	1829
1.3.0.20231027	1316
1.4.0.20240108	1078
1.5.0.20240506	908
1.6.0.20241216	899
1.6.1.20250415	333
1.7.0.20250512	414
1.7.1.20250908	356
