version	total
0.3.15.20200318	3736
0.3.16.20200420	5292
1.0.0.20210917	2797
1.0.1.20211018	2919
1.0.2.20220113	3076
1.1.0.20220707	2640
1.2.0.20230130	2169
1.2.1.20230601	1770
1.3.0.20231027	1218
1.4.0.20240108	1043
1.5.0.20240506	851
1.6.0.20241216	721
1.6.1.20250415	194
1.7.0.20250512	276
