version	total
0.3.15.20200318	3748
0.3.16.20200420	5303
1.0.0.20210917	2809
1.0.1.20211018	2933
1.0.2.20220113	3091
1.1.0.20220707	2654
1.2.0.20230130	2186
1.2.1.20230601	1774
1.3.0.20231027	1230
1.4.0.20240108	1045
1.5.0.20240506	858
1.6.0.20241216	752
1.6.1.20250415	217
1.7.0.20250512	300
1.7.1.20250908	123
