version	total
0.3.15.20200318	3682
0.3.16.20200420	5046
1.0.0.20210917	2735
1.0.1.20211018	2818
1.0.2.20220113	2978
1.1.0.20220707	2542
1.2.0.20230130	2024
1.2.1.20230601	1670
1.3.0.20231027	1163
1.4.0.20240108	990
1.5.0.20240506	738
1.6.0.20241216	512
1.6.1.20250415	74
