version	total
0.3.15.20200318	3890
0.3.16.20200420	5475
1.0.0.20210917	2961
1.0.1.20211018	3106
1.0.2.20220113	3263
1.1.0.20220707	2827
1.2.0.20230130	2387
1.2.1.20230601	1860
1.3.0.20231027	1372
1.4.0.20240108	1098
1.5.0.20240506	936
1.6.0.20241216	955
1.6.1.20250415	401
1.7.0.20250512	477
1.7.1.20250908	436
