version	total
0.3.15.20200318	3698
0.3.16.20200420	5129
1.0.0.20210917	2755
1.0.1.20211018	2850
1.0.2.20220113	3010
1.1.0.20220707	2574
1.2.0.20230130	2073
1.2.1.20230601	1703
1.3.0.20231027	1180
1.4.0.20240108	1010
1.5.0.20240506	767
1.6.0.20241216	597
1.6.1.20250415	131
1.7.0.20250512	97
