version	total
0.3.15.20200318	3669
0.3.16.20200420	5026
1.0.0.20210917	2722
1.0.1.20211018	2802
1.0.2.20220113	2962
1.1.0.20220707	2526
1.2.0.20230130	2004
1.2.1.20230601	1654
1.3.0.20231027	1151
1.4.0.20240108	977
1.5.0.20240506	730
1.6.0.20241216	484
