version	total
0.3.15.20200318	3707
0.3.16.20200420	5165
1.0.0.20210917	2766
1.0.1.20211018	2864
1.0.2.20220113	3024
1.1.0.20220707	2588
1.2.0.20230130	2095
1.2.1.20230601	1717
1.3.0.20231027	1189
1.4.0.20240108	1018
1.5.0.20240506	777
1.6.0.20241216	617
1.6.1.20250415	142
1.7.0.20250512	141
