version	total
0.3.15.20200318	3849
0.3.16.20200420	5418
1.0.0.20210917	2917
1.0.1.20211018	3057
1.0.2.20220113	3213
1.1.0.20220707	2779
1.2.0.20230130	2329
1.2.1.20230601	1840
1.3.0.20231027	1331
1.4.0.20240108	1085
1.5.0.20240506	913
1.6.0.20241216	910
1.6.1.20250415	350
1.7.0.20250512	429
1.7.1.20250908	374
