version	total
0.3.15.20200318	3716
0.3.16.20200420	5217
1.0.0.20210917	2777
1.0.1.20211018	2885
1.0.2.20220113	3047
1.1.0.20220707	2609
1.2.0.20230130	2125
1.2.1.20230601	1740
1.3.0.20231027	1199
1.4.0.20240108	1029
1.5.0.20240506	820
1.6.0.20241216	664
1.6.1.20250415	162
1.7.0.20250512	193
