version	total
0.3.15.20200318	3705
0.3.16.20200420	5156
1.0.0.20210917	2763
1.0.1.20211018	2862
1.0.2.20220113	3021
1.1.0.20220707	2586
1.2.0.20230130	2089
1.2.1.20230601	1714
1.3.0.20231027	1187
1.4.0.20240108	1016
1.5.0.20240506	774
1.6.0.20241216	612
1.6.1.20250415	140
1.7.0.20250512	128
