version	total
0.3.15.20200318	3703
0.3.16.20200420	5147
1.0.0.20210917	2761
1.0.1.20211018	2858
1.0.2.20220113	3017
1.1.0.20220707	2582
1.2.0.20230130	2083
1.2.1.20230601	1710
1.3.0.20231027	1185
1.4.0.20240108	1014
1.5.0.20240506	771
1.6.0.20241216	607
1.6.1.20250415	137
1.7.0.20250512	119
