version	total
0.3.15.20200318	3858
0.3.16.20200420	5425
1.0.0.20210917	2926
1.0.1.20211018	3066
1.0.2.20220113	3222
1.1.0.20220707	2786
1.2.0.20230130	2339
1.2.1.20230601	1844
1.3.0.20231027	1339
1.4.0.20240108	1088
1.5.0.20240506	919
1.6.0.20241216	918
1.6.1.20250415	358
1.7.0.20250512	437
1.7.1.20250908	385
