version	total
0.3.15.20200318	3778
0.3.16.20200420	5345
1.0.0.20210917	2839
1.0.1.20211018	2972
1.0.2.20220113	3128
1.1.0.20220707	2694
1.2.0.20230130	2231
1.2.1.20230601	1791
1.3.0.20231027	1261
1.4.0.20240108	1053
1.5.0.20240506	871
1.6.0.20241216	800
1.6.1.20250415	255
1.7.0.20250512	334
1.7.1.20250908	216
