version	total
0.3.15.20200318	3803
0.3.16.20200420	5374
1.0.0.20210917	2868
1.0.1.20211018	3003
1.0.2.20220113	3157
1.1.0.20220707	2725
1.2.0.20230130	2265
1.2.1.20230601	1803
1.3.0.20231027	1286
1.4.0.20240108	1058
1.5.0.20240506	895
1.6.0.20241216	845
1.6.1.20250415	291
1.7.0.20250512	373
1.7.1.20250908	291
