version	total
0.3.15.20200318	3721
0.3.16.20200420	5239
1.0.0.20210917	2781
1.0.1.20211018	2893
1.0.2.20220113	3054
1.1.0.20220707	2616
1.2.0.20230130	2136
1.2.1.20230601	1749
1.3.0.20231027	1204
1.4.0.20240108	1033
1.5.0.20240506	826
1.6.0.20241216	679
1.6.1.20250415	168
1.7.0.20250512	207
