version	total
0.3.15.20200318	3697
0.3.16.20200420	5124
1.0.0.20210917	2754
1.0.1.20211018	2848
1.0.2.20220113	3008
1.1.0.20220707	2572
1.2.0.20230130	2070
1.2.1.20230601	1701
1.3.0.20231027	1179
1.4.0.20240108	1009
1.5.0.20240506	763
1.6.0.20241216	575
1.6.1.20250415	118
1.7.0.20250512	84
