version	total
0.3.15.20200318	3805
0.3.16.20200420	5375
1.0.0.20210917	2871
1.0.1.20211018	3005
1.0.2.20220113	3160
1.1.0.20220707	2727
1.2.0.20230130	2267
1.2.1.20230601	1803
1.3.0.20231027	1288
1.4.0.20240108	1058
1.5.0.20240506	895
1.6.0.20241216	847
1.6.1.20250415	293
1.7.0.20250512	375
1.7.1.20250908	297
