version	total
0.3.15.20200318	3793
0.3.16.20200420	5361
1.0.0.20210917	2858
1.0.1.20211018	2991
1.0.2.20220113	3145
1.1.0.20220707	2713
1.2.0.20230130	2251
1.2.1.20230601	1798
1.3.0.20231027	1276
1.4.0.20240108	1056
1.5.0.20240506	891
1.6.0.20241216	835
1.6.1.20250415	281
1.7.0.20250512	362
1.7.1.20250908	271
