version	total
0.3.15.20200318	3689
0.3.16.20200420	5079
1.0.0.20210917	2742
1.0.1.20211018	2830
1.0.2.20220113	2990
1.1.0.20220707	2555
1.2.0.20230130	2045
1.2.1.20230601	1684
1.3.0.20231027	1170
1.4.0.20240108	1000
1.5.0.20240506	749
1.6.0.20241216	544
1.6.1.20250415	94
