version	total
0.3.15.20200318	3931
0.3.16.20200420	5516
1.0.0.20210917	3002
1.0.1.20211018	3155
1.0.2.20220113	3313
1.1.0.20220707	2875
1.2.0.20230130	2442
1.2.1.20230601	1887
1.3.0.20231027	1413
1.4.0.20240108	1117
1.5.0.20240506	1034
1.6.0.20241216	1006
1.6.1.20250415	455
1.7.0.20250512	534
1.7.1.20250908	520
