version	total
0.3.15.20200318	3922
0.3.16.20200420	5507
1.0.0.20210917	2993
1.0.1.20211018	3144
1.0.2.20220113	3302
1.1.0.20220707	2864
1.2.0.20230130	2431
1.2.1.20230601	1881
1.3.0.20231027	1405
1.4.0.20240108	1113
1.5.0.20240506	1018
1.6.0.20241216	995
1.6.1.20250415	444
1.7.0.20250512	522
1.7.1.20250908	503
