version	total
0.3.15.20200318	3727
0.3.16.20200420	5271
1.0.0.20210917	2787
1.0.1.20211018	2906
1.0.2.20220113	3064
1.1.0.20220707	2627
1.2.0.20230130	2154
1.2.1.20230601	1762
1.3.0.20231027	1210
1.4.0.20240108	1039
1.5.0.20240506	844
1.6.0.20241216	707
1.6.1.20250415	183
1.7.0.20250512	255
