version	total
0.3.15.20200318	3753
0.3.16.20200420	5310
1.0.0.20210917	2814
1.0.1.20211018	2940
1.0.2.20220113	3096
1.1.0.20220707	2660
1.2.0.20230130	2193
1.2.1.20230601	1776
1.3.0.20231027	1235
1.4.0.20240108	1046
1.5.0.20240506	860
1.6.0.20241216	758
1.6.1.20250415	222
1.7.0.20250512	305
1.7.1.20250908	159
