version	total
0.3.15.20200318	3715
0.3.16.20200420	5212
1.0.0.20210917	2776
1.0.1.20211018	2883
1.0.2.20220113	3045
1.1.0.20220707	2607
1.2.0.20230130	2122
1.2.1.20230601	1738
1.3.0.20231027	1198
1.4.0.20240108	1028
1.5.0.20240506	819
1.6.0.20241216	659
1.6.1.20250415	160
1.7.0.20250512	191
