version	total
0.3.15.20200318	3702
0.3.16.20200420	5141
1.0.0.20210917	2760
1.0.1.20211018	2856
1.0.2.20220113	3014
1.1.0.20220707	2580
1.2.0.20230130	2079
1.2.1.20230601	1707
1.3.0.20231027	1183
1.4.0.20240108	1012
1.5.0.20240506	769
1.6.0.20241216	605
1.6.1.20250415	135
1.7.0.20250512	114
