version	total
0.3.15.20200318	3742
0.3.16.20200420	5292
1.0.0.20210917	2803
1.0.1.20211018	2925
1.0.2.20220113	3082
1.1.0.20220707	2646
1.2.0.20230130	2175
1.2.1.20230601	1770
1.3.0.20231027	1224
1.4.0.20240108	1043
1.5.0.20240506	852
1.6.0.20241216	730
1.6.1.20250415	202
1.7.0.20250512	287
1.7.1.20250908	82
