version	total
0.3.15.20200318	3798
0.3.16.20200420	5368
1.0.0.20210917	2863
1.0.1.20211018	2997
1.0.2.20220113	3151
1.1.0.20220707	2719
1.2.0.20230130	2258
1.2.1.20230601	1801
1.3.0.20231027	1281
1.4.0.20240108	1057
1.5.0.20240506	894
1.6.0.20241216	840
1.6.1.20250415	286
1.7.0.20250512	368
1.7.1.20250908	286
