version	total
0.3.15.20200318	3924
0.3.16.20200420	5507
1.0.0.20210917	2995
1.0.1.20211018	3146
1.0.2.20220113	3304
1.1.0.20220707	2866
1.2.0.20230130	2433
1.2.1.20230601	1883
1.3.0.20231027	1406
1.4.0.20240108	1115
1.5.0.20240506	1019
1.6.0.20241216	1000
1.6.1.20250415	448
1.7.0.20250512	526
1.7.1.20250908	514
