version	total
0.3.15.20200318	3772
0.3.16.20200420	5340
1.0.0.20210917	2833
1.0.1.20211018	2965
1.0.2.20220113	3121
1.1.0.20220707	2687
1.2.0.20230130	2222
1.2.1.20230601	1789
1.3.0.20231027	1255
1.4.0.20240108	1052
1.5.0.20240506	869
1.6.0.20241216	794
1.6.1.20250415	249
1.7.0.20250512	327
1.7.1.20250908	196
