version	total
0.3.15.20200318	3710
0.3.16.20200420	5187
1.0.0.20210917	2770
1.0.1.20211018	2873
1.0.2.20220113	3034
1.1.0.20220707	2597
1.2.0.20230130	2108
1.2.1.20230601	1726
1.3.0.20231027	1193
1.4.0.20240108	1023
1.5.0.20240506	785
1.6.0.20241216	630
1.6.1.20250415	149
1.7.0.20250512	165
