version	total
0.3.15.20200318	3671
0.3.16.20200420	5028
1.0.0.20210917	2724
1.0.1.20211018	2804
1.0.2.20220113	2964
1.1.0.20220707	2528
1.2.0.20230130	2006
1.2.1.20230601	1656
1.3.0.20231027	1153
1.4.0.20240108	979
1.5.0.20240506	731
1.6.0.20241216	486
