version	total
0.3.15.20200318	3797
0.3.16.20200420	5368
1.0.0.20210917	2862
1.0.1.20211018	2996
1.0.2.20220113	3150
1.1.0.20220707	2718
1.2.0.20230130	2257
1.2.1.20230601	1801
1.3.0.20231027	1280
1.4.0.20240108	1057
1.5.0.20240506	894
1.6.0.20241216	839
1.6.1.20250415	285
1.7.0.20250512	367
1.7.1.20250908	284
