version	total
0.3.15.20200318	3744
0.3.16.20200420	5297
1.0.0.20210917	2805
1.0.1.20211018	2928
1.0.2.20220113	3085
1.1.0.20220707	2649
1.2.0.20230130	2180
1.2.1.20230601	1772
1.3.0.20231027	1226
1.4.0.20240108	1044
1.5.0.20240506	853
1.6.0.20241216	743
1.6.1.20250415	208
1.7.0.20250512	293
1.7.1.20250908	93
