version	total
0.3.15.20200318	3684
0.3.16.20200420	5055
1.0.0.20210917	2737
1.0.1.20211018	2822
1.0.2.20220113	2982
1.1.0.20220707	2545
1.2.0.20230130	2030
1.2.1.20230601	1674
1.3.0.20231027	1165
1.4.0.20240108	992
1.5.0.20240506	740
1.6.0.20241216	518
1.6.1.20250415	77
