version	total
0.3.15.20200318	3712
0.3.16.20200420	5197
1.0.0.20210917	2772
1.0.1.20211018	2877
1.0.2.20220113	3038
1.1.0.20220707	2601
1.2.0.20230130	2114
1.2.1.20230601	1731
1.3.0.20231027	1195
1.4.0.20240108	1025
1.5.0.20240506	806
1.6.0.20241216	650
1.6.1.20250415	156
1.7.0.20250512	181
