version	total
0.3.15.20200318	3826
0.3.16.20200420	5400
1.0.0.20210917	2893
1.0.1.20211018	3030
1.0.2.20220113	3186
1.1.0.20220707	2752
1.2.0.20230130	2298
1.2.1.20230601	1821
1.3.0.20231027	1308
1.4.0.20240108	1071
1.5.0.20240506	907
1.6.0.20241216	889
1.6.1.20250415	325
1.7.0.20250512	406
1.7.1.20250908	340
