version	total
0.3.15.20200318	3770
0.3.16.20200420	5335
1.0.0.20210917	2831
1.0.1.20211018	2962
1.0.2.20220113	3118
1.1.0.20220707	2684
1.2.0.20230130	2218
1.2.1.20230601	1787
1.3.0.20231027	1253
1.4.0.20240108	1051
1.5.0.20240506	867
1.6.0.20241216	791
1.6.1.20250415	247
1.7.0.20250512	325
1.7.1.20250908	194
