version	total
0.3.15.20200318	3828
0.3.16.20200420	5405
1.0.0.20210917	2895
1.0.1.20211018	3033
1.0.2.20220113	3189
1.1.0.20220707	2755
1.2.0.20230130	2303
1.2.1.20230601	1823
1.3.0.20231027	1310
1.4.0.20240108	1072
1.5.0.20240506	908
1.6.0.20241216	892
1.6.1.20250415	327
1.7.0.20250512	408
1.7.1.20250908	343
