version	total
0.3.15.20200318	3764
0.3.16.20200420	5325
1.0.0.20210917	2825
1.0.1.20211018	2954
1.0.2.20220113	3110
1.1.0.20220707	2676
1.2.0.20230130	2209
1.2.1.20230601	1783
1.3.0.20231027	1246
1.4.0.20240108	1049
1.5.0.20240506	863
1.6.0.20241216	779
1.6.1.20250415	238
1.7.0.20250512	320
1.7.1.20250908	183
