version	total
0.3.15.20200318	3800
0.3.16.20200420	5369
1.0.0.20210917	2865
1.0.1.20211018	2999
1.0.2.20220113	3153
1.1.0.20220707	2720
1.2.0.20230130	2260
1.2.1.20230601	1801
1.3.0.20231027	1283
1.4.0.20240108	1057
1.5.0.20240506	894
1.6.0.20241216	842
1.6.1.20250415	288
1.7.0.20250512	370
1.7.1.20250908	288
