version	total
0.3.15.20200318	3779
0.3.16.20200420	5345
1.0.0.20210917	2840
1.0.1.20211018	2973
1.0.2.20220113	3129
1.1.0.20220707	2695
1.2.0.20230130	2232
1.2.1.20230601	1791
1.3.0.20231027	1262
1.4.0.20240108	1053
1.5.0.20240506	871
1.6.0.20241216	801
1.6.1.20250415	256
1.7.0.20250512	335
1.7.1.20250908	222
