version	total
0.3.15.20200318	3842
0.3.16.20200420	5414
1.0.0.20210917	2909
1.0.1.20211018	3049
1.0.2.20220113	3205
1.1.0.20220707	2770
1.2.0.20230130	2320
1.2.1.20230601	1836
1.3.0.20231027	1324
1.4.0.20240108	1083
1.5.0.20240506	912
1.6.0.20241216	906
1.6.1.20250415	341
1.7.0.20250512	422
1.7.1.20250908	365
