version	total
0.3.15.20200318	3658
0.3.16.20200420	5016
1.0.0.20210917	2711
1.0.1.20211018	2790
1.0.2.20220113	2950
1.1.0.20220707	2514
1.2.0.20230130	1991
1.2.1.20230601	1642
1.3.0.20231027	1140
1.4.0.20240108	966
1.5.0.20240506	725
1.6.0.20241216	470
