version	total
0.3.15.20200318	3646
0.3.16.20200420	5001
1.0.0.20210917	2696
1.0.1.20211018	2777
1.0.2.20220113	2937
1.1.0.20220707	2501
1.2.0.20230130	1977
1.2.1.20230601	1629
1.3.0.20231027	1128
1.4.0.20240108	954
1.5.0.20240506	717
1.6.0.20241216	454
