version	total
0.3.15.20200318	3919
0.3.16.20200420	5502
1.0.0.20210917	2990
1.0.1.20211018	3140
1.0.2.20220113	3298
1.1.0.20220707	2861
1.2.0.20230130	2427
1.2.1.20230601	1877
1.3.0.20231027	1402
1.4.0.20240108	1110
1.5.0.20240506	947
1.6.0.20241216	987
1.6.1.20250415	439
1.7.0.20250512	517
1.7.1.20250908	495
