version	total
0.3.15.20200318	3729
0.3.16.20200420	5277
1.0.0.20210917	2790
1.0.1.20211018	2909
1.0.2.20220113	3066
1.1.0.20220707	2630
1.2.0.20230130	2158
1.2.1.20230601	1764
1.3.0.20231027	1212
1.4.0.20240108	1040
1.5.0.20240506	847
1.6.0.20241216	709
1.6.1.20250415	185
1.7.0.20250512	260
