version	total
0.3.15.20200318	3821
0.3.16.20200420	5399
1.0.0.20210917	2888
1.0.1.20211018	3025
1.0.2.20220113	3181
1.1.0.20220707	2747
1.2.0.20230130	2293
1.2.1.20230601	1817
1.3.0.20231027	1303
1.4.0.20240108	1066
1.5.0.20240506	904
1.6.0.20241216	868
1.6.1.20250415	310
1.7.0.20250512	393
1.7.1.20250908	322
