version	total
0.3.15.20200318	3870
0.3.16.20200420	5436
1.0.0.20210917	2939
1.0.1.20211018	3081
1.0.2.20220113	3237
1.1.0.20220707	2801
1.2.0.20230130	2357
1.2.1.20230601	1850
1.3.0.20231027	1352
1.4.0.20240108	1091
1.5.0.20240506	926
1.6.0.20241216	939
1.6.1.20250415	379
1.7.0.20250512	457
1.7.1.20250908	403
