version	total
0.3.15.20200318	3656
0.3.16.20200420	5015
1.0.0.20210917	2709
1.0.1.20211018	2788
1.0.2.20220113	2948
1.1.0.20220707	2512
1.2.0.20230130	1989
1.2.1.20230601	1640
1.3.0.20231027	1138
1.4.0.20240108	964
1.5.0.20240506	723
1.6.0.20241216	468
