version	total
0.3.15.20200318	3928
0.3.16.20200420	5511
1.0.0.20210917	2999
1.0.1.20211018	3151
1.0.2.20220113	3309
1.1.0.20220707	2871
1.2.0.20230130	2437
1.2.1.20230601	1885
1.3.0.20231027	1410
1.4.0.20240108	1116
1.5.0.20240506	1033
1.6.0.20241216	1002
1.6.1.20250415	452
1.7.0.20250512	530
1.7.1.20250908	518
