version	total
0.3.15.20200318	3722
0.3.16.20200420	5244
1.0.0.20210917	2782
1.0.1.20211018	2895
1.0.2.20220113	3056
1.1.0.20220707	2618
1.2.0.20230130	2139
1.2.1.20230601	1751
1.3.0.20231027	1205
1.4.0.20240108	1034
1.5.0.20240506	827
1.6.0.20241216	680
1.6.1.20250415	169
1.7.0.20250512	215
