version	total
0.3.15.20200318	3724
0.3.16.20200420	5257
1.0.0.20210917	2784
1.0.1.20211018	2899
1.0.2.20220113	3060
1.1.0.20220707	2622
1.2.0.20230130	2145
1.2.1.20230601	1755
1.3.0.20231027	1207
1.4.0.20240108	1036
1.5.0.20240506	837
1.6.0.20241216	698
1.6.1.20250415	178
1.7.0.20250512	230
