version	total
0.3.15.20200318	3822
0.3.16.20200420	5399
1.0.0.20210917	2889
1.0.1.20211018	3026
1.0.2.20220113	3182
1.1.0.20220707	2748
1.2.0.20230130	2294
1.2.1.20230601	1818
1.3.0.20231027	1304
1.4.0.20240108	1067
1.5.0.20240506	906
1.6.0.20241216	885
1.6.1.20250415	320
1.7.0.20250512	402
1.7.1.20250908	335
