version	total
0.3.15.20200318	3933
0.3.16.20200420	5516
1.0.0.20210917	3004
1.0.1.20211018	3157
1.0.2.20220113	3315
1.1.0.20220707	2877
1.2.0.20230130	2444
1.2.1.20230601	1887
1.3.0.20231027	1415
1.4.0.20240108	1117
1.5.0.20240506	1035
1.6.0.20241216	1007
1.6.1.20250415	459
1.7.0.20250512	537
1.7.1.20250908	527
