version	total
0.3.15.20200318	3783
0.3.16.20200420	5350
1.0.0.20210917	2844
1.0.1.20211018	2978
1.0.2.20220113	3134
1.1.0.20220707	2700
1.2.0.20230130	2238
1.2.1.20230601	1793
1.3.0.20231027	1267
1.4.0.20240108	1054
1.5.0.20240506	872
1.6.0.20241216	806
1.6.1.20250415	260
1.7.0.20250512	339
1.7.1.20250908	229
