version	total
0.3.15.20200318	3948
0.3.16.20200420	5529
1.0.0.20210917	3020
1.0.1.20211018	3174
1.0.2.20220113	3332
1.1.0.20220707	2894
1.2.0.20230130	2464
1.2.1.20230601	1892
1.3.0.20231027	1432
1.4.0.20240108	1120
1.5.0.20240506	1049
1.6.0.20241216	1013
1.6.1.20250415	477
1.7.0.20250512	553
1.7.1.20250908	548
1.8.0.20260217	102
