version	total
0.3.15.20200318	3718
0.3.16.20200420	5225
1.0.0.20210917	2778
1.0.1.20211018	2888
1.0.2.20220113	3049
1.1.0.20220707	2611
1.2.0.20230130	2128
1.2.1.20230601	1743
1.3.0.20231027	1201
1.4.0.20240108	1030
1.5.0.20240506	821
1.6.0.20241216	668
1.6.1.20250415	163
1.7.0.20250512	198
