version	total
0.3.15.20200318	3687
0.3.16.20200420	5069
1.0.0.20210917	2740
1.0.1.20211018	2826
1.0.2.20220113	2986
1.1.0.20220707	2551
1.2.0.20230130	2039
1.2.1.20230601	1680
1.3.0.20231027	1168
1.4.0.20240108	998
1.5.0.20240506	746
1.6.0.20241216	540
1.6.1.20250415	91
