version	total
0.3.15.20200318	3863
0.3.16.20200420	5430
1.0.0.20210917	2931
1.0.1.20211018	3072
1.0.2.20220113	3228
1.1.0.20220707	2793
1.2.0.20230130	2346
1.2.1.20230601	1846
1.3.0.20231027	1344
1.4.0.20240108	1089
1.5.0.20240506	922
1.6.0.20241216	922
1.6.1.20250415	364
1.7.0.20250512	443
1.7.1.20250908	392
