version	total
0.3.15.20200318	3889
0.3.16.20200420	5474
1.0.0.20210917	2959
1.0.1.20211018	3105
1.0.2.20220113	3262
1.1.0.20220707	2826
1.2.0.20230130	2386
1.2.1.20230601	1860
1.3.0.20231027	1371
1.4.0.20240108	1098
1.5.0.20240506	935
1.6.0.20241216	955
1.6.1.20250415	400
1.7.0.20250512	476
1.7.1.20250908	432
