version	total
0.3.15.20200318	3947
0.3.16.20200420	5529
1.0.0.20210917	3019
1.0.1.20211018	3173
1.0.2.20220113	3331
1.1.0.20220707	2893
1.2.0.20230130	2462
1.2.1.20230601	1892
1.3.0.20231027	1430
1.4.0.20240108	1120
1.5.0.20240506	1049
1.6.0.20241216	1013
1.6.1.20250415	476
1.7.0.20250512	552
1.7.1.20250908	547
1.8.0.20260217	90
