version	total
0.3.15.20200318	3776
0.3.16.20200420	5345
1.0.0.20210917	2837
1.0.1.20211018	2970
1.0.2.20220113	3126
1.1.0.20220707	2692
1.2.0.20230130	2229
1.2.1.20230601	1791
1.3.0.20231027	1259
1.4.0.20240108	1053
1.5.0.20240506	870
1.6.0.20241216	798
1.6.1.20250415	253
1.7.0.20250512	332
1.7.1.20250908	201
