version	total
0.3.15.20200318	3749
0.3.16.20200420	5305
1.0.0.20210917	2810
1.0.1.20211018	2934
1.0.2.20220113	3092
1.1.0.20220707	2655
1.2.0.20230130	2187
1.2.1.20230601	1774
1.3.0.20231027	1231
1.4.0.20240108	1045
1.5.0.20240506	859
1.6.0.20241216	753
1.6.1.20250415	218
1.7.0.20250512	301
1.7.1.20250908	130
