version	total
0.3.15.20200318	3845
0.3.16.20200420	5418
1.0.0.20210917	2912
1.0.1.20211018	3053
1.0.2.20220113	3209
1.1.0.20220707	2774
1.2.0.20230130	2325
1.2.1.20230601	1838
1.3.0.20231027	1327
1.4.0.20240108	1084
1.5.0.20240506	913
1.6.0.20241216	908
1.6.1.20250415	345
1.7.0.20250512	425
1.7.1.20250908	366
