version	total
0.3.15.20200318	3725
0.3.16.20200420	5260
1.0.0.20210917	2784
1.0.1.20211018	2901
1.0.2.20220113	3060
1.1.0.20220707	2623
1.2.0.20230130	2148
1.2.1.20230601	1757
1.3.0.20231027	1208
1.4.0.20240108	1037
1.5.0.20240506	838
1.6.0.20241216	699
1.6.1.20250415	179
1.7.0.20250512	234
