version	total
0.3.15.20200318	3848
0.3.16.20200420	5418
1.0.0.20210917	2916
1.0.1.20211018	3056
1.0.2.20220113	3212
1.1.0.20220707	2778
1.2.0.20230130	2328
1.2.1.20230601	1839
1.3.0.20231027	1330
1.4.0.20240108	1085
1.5.0.20240506	913
1.6.0.20241216	909
1.6.1.20250415	348
1.7.0.20250512	428
1.7.1.20250908	373
