version	total
0.3.15.20200318	3866
0.3.16.20200420	5434
1.0.0.20210917	2936
1.0.1.20211018	3077
1.0.2.20220113	3233
1.1.0.20220707	2799
1.2.0.20230130	2353
1.2.1.20230601	1849
1.3.0.20231027	1349
1.4.0.20240108	1090
1.5.0.20240506	925
1.6.0.20241216	938
1.6.1.20250415	375
1.7.0.20250512	453
1.7.1.20250908	402
