version	total
0.3.15.20200318	3755
0.3.16.20200420	5310
1.0.0.20210917	2816
1.0.1.20211018	2942
1.0.2.20220113	3098
1.1.0.20220707	2663
1.2.0.20230130	2195
1.2.1.20230601	1776
1.3.0.20231027	1237
1.4.0.20240108	1046
1.5.0.20240506	860
1.6.0.20241216	760
1.6.1.20250415	224
1.7.0.20250512	307
1.7.1.20250908	164
