version	total
0.3.15.20200318	3738
0.3.16.20200420	5292
1.0.0.20210917	2799
1.0.1.20211018	2921
1.0.2.20220113	3078
1.1.0.20220707	2642
1.2.0.20230130	2172
1.2.1.20230601	1770
1.3.0.20231027	1220
1.4.0.20240108	1043
1.5.0.20240506	852
1.6.0.20241216	726
1.6.1.20250415	198
1.7.0.20250512	283
