version	total
0.3.15.20200318	3673
0.3.16.20200420	5029
1.0.0.20210917	2726
1.0.1.20211018	2806
1.0.2.20220113	2966
1.1.0.20220707	2530
1.2.0.20230130	2008
1.2.1.20230601	1658
1.3.0.20231027	1155
1.4.0.20240108	981
1.5.0.20240506	733
1.6.0.20241216	490
