version	total
0.3.15.20200318	3829
0.3.16.20200420	5405
1.0.0.20210917	2896
1.0.1.20211018	3034
1.0.2.20220113	3190
1.1.0.20220707	2756
1.2.0.20230130	2303
1.2.1.20230601	1824
1.3.0.20231027	1311
1.4.0.20240108	1073
1.5.0.20240506	908
1.6.0.20241216	893
1.6.1.20250415	328
1.7.0.20250512	409
1.7.1.20250908	345
