version	total
0.3.15.20200318	3833
0.3.16.20200420	5405
1.0.0.20210917	2900
1.0.1.20211018	3038
1.0.2.20220113	3194
1.1.0.20220707	2760
1.2.0.20230130	2307
1.2.1.20230601	1828
1.3.0.20231027	1315
1.4.0.20240108	1077
1.5.0.20240506	908
1.6.0.20241216	898
1.6.1.20250415	332
1.7.0.20250512	413
1.7.1.20250908	354
