version	total
0.3.15.20200318	3899
0.3.16.20200420	5482
1.0.0.20210917	2970
1.0.1.20211018	3116
1.0.2.20220113	3274
1.1.0.20220707	2837
1.2.0.20230130	2398
1.2.1.20230601	1862
1.3.0.20231027	1381
1.4.0.20240108	1099
1.5.0.20240506	939
1.6.0.20241216	959
1.6.1.20250415	412
1.7.0.20250512	490
1.7.1.20250908	455
