version	total
0.3.15.20200318	3706
0.3.16.20200420	5161
1.0.0.20210917	2764
1.0.1.20211018	2864
1.0.2.20220113	3024
1.1.0.20220707	2588
1.2.0.20230130	2092
1.2.1.20230601	1716
1.3.0.20231027	1188
1.4.0.20240108	1017
1.5.0.20240506	776
1.6.0.20241216	614
1.6.1.20250415	141
1.7.0.20250512	132
