version	total
0.3.15.20200318	3930
0.3.16.20200420	5516
1.0.0.20210917	3001
1.0.1.20211018	3154
1.0.2.20220113	3312
1.1.0.20220707	2874
1.2.0.20230130	2441
1.2.1.20230601	1887
1.3.0.20231027	1412
1.4.0.20240108	1117
1.5.0.20240506	1034
1.6.0.20241216	1006
1.6.1.20250415	454
1.7.0.20250512	533
1.7.1.20250908	520
