version	total
0.3.15.20200318	3787
0.3.16.20200420	5350
1.0.0.20210917	2849
1.0.1.20211018	2982
1.0.2.20220113	3137
1.1.0.20220707	2705
1.2.0.20230130	2241
1.2.1.20230601	1793
1.3.0.20231027	1270
1.4.0.20240108	1054
1.5.0.20240506	878
1.6.0.20241216	826
1.6.1.20250415	274
1.7.0.20250512	351
1.7.1.20250908	248
