version	total
0.3.15.20200318	3667
0.3.16.20200420	5025
1.0.0.20210917	2720
1.0.1.20211018	2800
1.0.2.20220113	2960
1.1.0.20220707	2524
1.2.0.20230130	2002
1.2.1.20230601	1652
1.3.0.20231027	1149
1.4.0.20240108	975
1.5.0.20240506	729
1.6.0.20241216	482
