version	total
0.3.15.20200318	3685
0.3.16.20200420	5059
1.0.0.20210917	2738
1.0.1.20211018	2822
1.0.2.20220113	2982
1.1.0.20220707	2545
1.2.0.20230130	2033
1.2.1.20230601	1675
1.3.0.20231027	1166
1.4.0.20240108	993
1.5.0.20240506	743
1.6.0.20241216	534
1.6.1.20250415	82
