version	total
0.3.15.20200318	3663
0.3.16.20200420	5023
1.0.0.20210917	2716
1.0.1.20211018	2796
1.0.2.20220113	2956
1.1.0.20220707	2520
1.2.0.20230130	1998
1.2.1.20230601	1648
1.3.0.20231027	1145
1.4.0.20240108	971
1.5.0.20240506	728
1.6.0.20241216	477
