version	total
0.3.15.20200318	3810
0.3.16.20200420	5385
1.0.0.20210917	2877
1.0.1.20211018	3012
1.0.2.20220113	3167
1.1.0.20220707	2733
1.2.0.20230130	2276
1.2.1.20230601	1808
1.3.0.20231027	1293
1.4.0.20240108	1061
1.5.0.20240506	898
1.6.0.20241216	856
1.6.1.20250415	298
1.7.0.20250512	380
1.7.1.20250908	303
