version	total
0.3.15.20200318	3695
0.3.16.20200420	5114
1.0.0.20210917	2750
1.0.1.20211018	2843
1.0.2.20220113	3004
1.1.0.20220707	2568
1.2.0.20230130	2065
1.2.1.20230601	1697
1.3.0.20231027	1177
1.4.0.20240108	1007
1.5.0.20240506	761
1.6.0.20241216	569
1.6.1.20250415	115
1.7.0.20250512	73
