version	total
0.3.15.20200318	3876
0.3.16.20200420	5443
1.0.0.20210917	2945
1.0.1.20211018	3088
1.0.2.20220113	3244
1.1.0.20220707	2809
1.2.0.20230130	2365
1.2.1.20230601	1852
1.3.0.20231027	1358
1.4.0.20240108	1092
1.5.0.20240506	927
1.6.0.20241216	941
1.6.1.20250415	385
1.7.0.20250512	463
1.7.1.20250908	409
