version	total
0.3.15.20200318	3859
0.3.16.20200420	5425
1.0.0.20210917	2927
1.0.1.20211018	3067
1.0.2.20220113	3223
1.1.0.20220707	2787
1.2.0.20230130	2340
1.2.1.20230601	1844
1.3.0.20231027	1340
1.4.0.20240108	1088
1.5.0.20240506	920
1.6.0.20241216	918
1.6.1.20250415	359
1.7.0.20250512	438
1.7.1.20250908	387
