version	total
0.3.15.20200318	3923
0.3.16.20200420	5507
1.0.0.20210917	2994
1.0.1.20211018	3145
1.0.2.20220113	3303
1.1.0.20220707	2865
1.2.0.20230130	2432
1.2.1.20230601	1882
1.3.0.20231027	1406
1.4.0.20240108	1114
1.5.0.20240506	1018
1.6.0.20241216	996
1.6.1.20250415	445
1.7.0.20250512	523
1.7.1.20250908	504
