version	total
0.3.15.20200318	3868
0.3.16.20200420	5435
1.0.0.20210917	2937
1.0.1.20211018	3078
1.0.2.20220113	3234
1.1.0.20220707	2800
1.2.0.20230130	2355
1.2.1.20230601	1849
1.3.0.20231027	1350
1.4.0.20240108	1091
1.5.0.20240506	926
1.6.0.20241216	939
1.6.1.20250415	377
1.7.0.20250512	455
1.7.1.20250908	402
