version	total
0.3.15.20200318	3897
0.3.16.20200420	5481
1.0.0.20210917	2968
1.0.1.20211018	3114
1.0.2.20220113	3271
1.1.0.20220707	2835
1.2.0.20230130	2396
1.2.1.20230601	1862
1.3.0.20231027	1379
1.4.0.20240108	1099
1.5.0.20240506	937
1.6.0.20241216	959
1.6.1.20250415	409
1.7.0.20250512	487
1.7.1.20250908	445
