version	total
0.3.15.20200318	3750
0.3.16.20200420	5305
1.0.0.20210917	2811
1.0.1.20211018	2935
1.0.2.20220113	3092
1.1.0.20220707	2656
1.2.0.20230130	2187
1.2.1.20230601	1774
1.3.0.20231027	1232
1.4.0.20240108	1045
1.5.0.20240506	859
1.6.0.20241216	754
1.6.1.20250415	219
1.7.0.20250512	302
1.7.1.20250908	138
