version	total
0.3.15.20200318	3856
0.3.16.20200420	5423
1.0.0.20210917	2924
1.0.1.20211018	3064
1.0.2.20220113	3220
1.1.0.20220707	2784
1.2.0.20230130	2337
1.2.1.20230601	1844
1.3.0.20231027	1337
1.4.0.20240108	1088
1.5.0.20240506	919
1.6.0.20241216	918
1.6.1.20250415	356
1.7.0.20250512	435
1.7.1.20250908	378
