version	total
0.3.15.20200318	3854
0.3.16.20200420	5418
1.0.0.20210917	2922
1.0.1.20211018	3062
1.0.2.20220113	3219
1.1.0.20220707	2783
1.2.0.20230130	2334
1.2.1.20230601	1841
1.3.0.20231027	1336
1.4.0.20240108	1086
1.5.0.20240506	915
1.6.0.20241216	916
1.6.1.20250415	354
1.7.0.20250512	433
1.7.1.20250908	376
