version	total
0.3.15.20200318	3831
0.3.16.20200420	5405
1.0.0.20210917	2898
1.0.1.20211018	3036
1.0.2.20220113	3192
1.1.0.20220707	2758
1.2.0.20230130	2305
1.2.1.20230601	1826
1.3.0.20231027	1313
1.4.0.20240108	1075
1.5.0.20240506	908
1.6.0.20241216	896
1.6.1.20250415	330
1.7.0.20250512	411
1.7.1.20250908	352
