version	total
0.3.15.20200318	3825
0.3.16.20200420	5400
1.0.0.20210917	2892
1.0.1.20211018	3029
1.0.2.20220113	3185
1.1.0.20220707	2751
1.2.0.20230130	2297
1.2.1.20230601	1820
1.3.0.20231027	1307
1.4.0.20240108	1070
1.5.0.20240506	907
1.6.0.20241216	888
1.6.1.20250415	324
1.7.0.20250512	405
1.7.1.20250908	339
