version	total
0.3.15.20200318	3711
0.3.16.20200420	5192
1.0.0.20210917	2771
1.0.1.20211018	2875
1.0.2.20220113	3036
1.1.0.20220707	2599
1.2.0.20230130	2111
1.2.1.20230601	1728
1.3.0.20231027	1194
1.4.0.20240108	1024
1.5.0.20240506	805
1.6.0.20241216	647
1.6.1.20250415	154
1.7.0.20250512	176
