version	total
0.3.15.20200318	3802
0.3.16.20200420	5374
1.0.0.20210917	2867
1.0.1.20211018	3002
1.0.2.20220113	3156
1.1.0.20220707	2724
1.2.0.20230130	2264
1.2.1.20230601	1803
1.3.0.20231027	1285
1.4.0.20240108	1058
1.5.0.20240506	895
1.6.0.20241216	844
1.6.1.20250415	290
1.7.0.20250512	372
1.7.1.20250908	290
