version	total
0.3.15.20200318	3881
0.3.16.20200420	5453
1.0.0.20210917	2950
1.0.1.20211018	3095
1.0.2.20220113	3251
1.1.0.20220707	2816
1.2.0.20230130	2373
1.2.1.20230601	1856
1.3.0.20231027	1363
1.4.0.20240108	1094
1.5.0.20240506	930
1.6.0.20241216	947
1.6.1.20250415	391
1.7.0.20250512	468
1.7.1.20250908	419
