version	total
0.3.15.20200318	3765
0.3.16.20200420	5325
1.0.0.20210917	2826
1.0.1.20211018	2955
1.0.2.20220113	3111
1.1.0.20220707	2677
1.2.0.20230130	2209
1.2.1.20230601	1783
1.3.0.20231027	1248
1.4.0.20240108	1049
1.5.0.20240506	864
1.6.0.20241216	780
1.6.1.20250415	240
1.7.0.20250512	321
1.7.1.20250908	185
