version	total
0.3.15.20200318	3650
0.3.16.20200420	5006
1.0.0.20210917	2702
1.0.1.20211018	2781
1.0.2.20220113	2941
1.1.0.20220707	2505
1.2.0.20230130	1981
1.2.1.20230601	1633
1.3.0.20231027	1132
1.4.0.20240108	958
1.5.0.20240506	719
1.6.0.20241216	458
