version	total
0.3.15.20200318	3927
0.3.16.20200420	5511
1.0.0.20210917	2998
1.0.1.20211018	3150
1.0.2.20220113	3308
1.1.0.20220707	2870
1.2.0.20230130	2436
1.2.1.20230601	1885
1.3.0.20231027	1409
1.4.0.20240108	1116
1.5.0.20240506	1033
1.6.0.20241216	1002
1.6.1.20250415	451
1.7.0.20250512	529
1.7.1.20250908	518
