version	total
0.3.15.20200318	3678
0.3.16.20200420	5034
1.0.0.20210917	2731
1.0.1.20211018	2812
1.0.2.20220113	2972
1.1.0.20220707	2536
1.2.0.20230130	2015
1.2.1.20230601	1664
1.3.0.20231027	1160
1.4.0.20240108	986
1.5.0.20240506	735
1.6.0.20241216	500
