version	total
0.3.15.20200318	3707
0.3.16.20200420	5166
1.0.0.20210917	2766
1.0.1.20211018	2866
1.0.2.20220113	3026
1.1.0.20220707	2590
1.2.0.20230130	2095
1.2.1.20230601	1718
1.3.0.20231027	1189
1.4.0.20240108	1018
1.5.0.20240506	778
1.6.0.20241216	618
1.6.1.20250415	143
1.7.0.20250512	142
