version	total
0.3.15.20200318	3836
0.3.16.20200420	5408
1.0.0.20210917	2903
1.0.1.20211018	3042
1.0.2.20220113	3198
1.1.0.20220707	2764
1.2.0.20230130	2312
1.2.1.20230601	1831
1.3.0.20231027	1318
1.4.0.20240108	1079
1.5.0.20240506	909
1.6.0.20241216	901
1.6.1.20250415	335
1.7.0.20250512	416
1.7.1.20250908	357
