version	total
0.3.15.20200318	3830
0.3.16.20200420	5405
1.0.0.20210917	2897
1.0.1.20211018	3035
1.0.2.20220113	3191
1.1.0.20220707	2757
1.2.0.20230130	2304
1.2.1.20230601	1825
1.3.0.20231027	1312
1.4.0.20240108	1074
1.5.0.20240506	908
1.6.0.20241216	894
1.6.1.20250415	329
1.7.0.20250512	410
1.7.1.20250908	346
