version	total
0.3.15.20200318	3887
0.3.16.20200420	5469
1.0.0.20210917	2957
1.0.1.20211018	3102
1.0.2.20220113	3259
1.1.0.20220707	2824
1.2.0.20230130	2383
1.2.1.20230601	1860
1.3.0.20231027	1369
1.4.0.20240108	1097
1.5.0.20240506	932
1.6.0.20241216	950
1.6.1.20250415	396
1.7.0.20250512	473
1.7.1.20250908	429
