version	total
0.3.15.20200318	3925
0.3.16.20200420	5507
1.0.0.20210917	2996
1.0.1.20211018	3147
1.0.2.20220113	3305
1.1.0.20220707	2867
1.2.0.20230130	2433
1.2.1.20230601	1883
1.3.0.20231027	1407
1.4.0.20240108	1115
1.5.0.20240506	1029
1.6.0.20241216	1000
1.6.1.20250415	449
1.7.0.20250512	527
1.7.1.20250908	515
