version	total
0.3.15.20200318	3944
0.3.16.20200420	5521
1.0.0.20210917	3016
1.0.1.20211018	3169
1.0.2.20220113	3327
1.1.0.20220707	2889
1.2.0.20230130	2457
1.2.1.20230601	1890
1.3.0.20231027	1427
1.4.0.20240108	1119
1.5.0.20240506	1037
1.6.0.20241216	1011
1.6.1.20250415	472
1.7.0.20250512	549
1.7.1.20250908	544
1.8.0.20260217	69
