version	total
1.0.20160907111242	6162
1.0.20161124105442	5660
1.0.20170214185319	7179
1.0.20180209171722	7249
1.0.20180601100346	3488
1.0.20190228134645	2701
1.0.20190906212748	3456
2.0.20200220223835	2611
2.2.20210901154959	2423
2.2.20211116163652	2423
2.2.20220521103021	2110
