version	total
1.0.20160907111242	6218
1.0.20161124105442	5688
1.0.20170214185319	7264
1.0.20180209171722	7352
1.0.20180601100346	3568
1.0.20190228134645	2778
1.0.20190906212748	3593
2.0.20200220223835	2688
2.2.20210901154959	2500
2.2.20211116163652	2501
2.2.20220521103021	2190
