version	total
1.0.20160310140736	5116
1.0.20160311201238	5227
1.0.20160318153100	5182
1.0.20160323212343	5100
1.0.20160325210917	5089
1.0.20160331184641	5186
1.0.20160408133555	5188
1.0.20160413143011	4743
1.0.20160422204730	5231
1.0.20160427142240	6158
1.0.20160714182449	10116
1.0.20160913171024	5125
1.0.20160930152149	5220
1.0.20161005195021	5313
1.0.20161007181528	5200
1.0.20161122201220	5234
1.0.20161123190203	5348
1.0.20161221171240	5227
1.0.20161227200419	4896
1.0.20170217172322	6144
1.0.20170413194156	5851
1.0.20170817131858	5949
1.0.20170822192924	5183
1.0.20170828135420	5426
1.0.20170928192020	5765
1.0.20180130110340	6832
1.0.20180225105849	6659
