version	total
1.0.20160310140736	5114
1.0.20160311201238	5225
1.0.20160318153100	5180
1.0.20160323212343	5098
1.0.20160325210917	5087
1.0.20160331184641	5183
1.0.20160408133555	5185
1.0.20160413143011	4740
1.0.20160422204730	5229
1.0.20160427142240	6154
1.0.20160714182449	10113
1.0.20160913171024	5122
1.0.20160930152149	5217
1.0.20161005195021	5310
1.0.20161007181528	5197
1.0.20161122201220	5232
1.0.20161123190203	5345
1.0.20161221171240	5225
1.0.20161227200419	4894
1.0.20170217172322	6138
1.0.20170413194156	5848
1.0.20170817131858	5943
1.0.20170822192924	5180
1.0.20170828135420	5423
1.0.20170928192020	5762
1.0.20180130110340	6825
1.0.20180225105849	6649
