version	total
1.0.20160907111242	6190
1.0.20161124105442	5675
1.0.20170214185319	7209
1.0.20180209171722	7300
1.0.20180601100346	3515
1.0.20190228134645	2726
1.0.20190906212748	3515
2.0.20200220223835	2636
2.2.20210901154959	2448
2.2.20211116163652	2449
2.2.20220521103021	2136
