version	total
1.0.20160310140736	5097
1.0.20160311201238	5205
1.0.20160318153100	5160
1.0.20160323212343	5079
1.0.20160325210917	5067
1.0.20160331184641	5163
1.0.20160408133555	5166
1.0.20160413143011	4726
1.0.20160422204730	5213
1.0.20160427142240	6124
1.0.20160714182449	10086
1.0.20160913171024	5102
1.0.20160930152149	5196
1.0.20161005195021	5291
1.0.20161007181528	5176
1.0.20161122201220	5212
1.0.20161123190203	5326
1.0.20161221171240	5204
1.0.20161227200419	4880
1.0.20170217172322	6100
1.0.20170413194156	5826
1.0.20170817131858	5908
1.0.20170822192924	5158
1.0.20170828135420	5403
1.0.20170928192020	5743
1.0.20180130110340	6789
1.0.20180225105849	6588
