version	total
1.0.20160907111242	6281
1.0.20161124105442	5717
1.0.20170214185319	7394
1.0.20180209171722	7481
1.0.20180601100346	3688
1.0.20190228134645	2897
1.0.20190906212748	3743
2.0.20200220223835	2807
2.2.20210901154959	2617
2.2.20211116163652	2620
2.2.20220521103021	2308
