version	total
1.0.20160310140736	5138
1.0.20160311201238	5251
1.0.20160318153100	5206
1.0.20160323212343	5126
1.0.20160325210917	5114
1.0.20160331184641	5209
1.0.20160408133555	5213
1.0.20160413143011	4766
1.0.20160422204730	5253
1.0.20160427142240	6204
1.0.20160714182449	10139
1.0.20160913171024	5147
1.0.20160930152149	5245
1.0.20161005195021	5339
1.0.20161007181528	5226
1.0.20161122201220	5258
1.0.20161123190203	5372
1.0.20161221171240	5252
1.0.20161227200419	4921
1.0.20170217172322	6199
1.0.20170413194156	5876
1.0.20170817131858	6004
1.0.20170822192924	5209
1.0.20170828135420	5454
1.0.20170928192020	5793
1.0.20180130110340	6923
1.0.20180225105849	6754
