version	total
1.0.20160907111242	6203
1.0.20161124105442	5681
1.0.20170214185319	7226
1.0.20180209171722	7324
1.0.20180601100346	3530
1.0.20190228134645	2741
1.0.20190906212748	3538
2.0.20200220223835	2651
2.2.20210901154959	2463
2.2.20211116163652	2465
2.2.20220521103021	2151
