version	total
1.0.20160310140736	5085
1.0.20160311201238	5193
1.0.20160318153100	5148
1.0.20160323212343	5067
1.0.20160325210917	5055
1.0.20160331184641	5151
1.0.20160408133555	5154
1.0.20160413143011	4723
1.0.20160422204730	5205
1.0.20160427142240	6118
1.0.20160714182449	10062
1.0.20160913171024	5090
1.0.20160930152149	5184
1.0.20161005195021	5279
1.0.20161007181528	5163
1.0.20161122201220	5200
1.0.20161123190203	5314
1.0.20161221171240	5192
1.0.20161227200419	4879
1.0.20170217172322	6089
1.0.20170413194156	5814
1.0.20170817131858	5896
1.0.20170822192924	5146
1.0.20170828135420	5389
1.0.20170928192020	5731
1.0.20180130110340	6771
1.0.20180225105849	6574
