version	total
1.0.20160310140736	5212
1.0.20160311201238	5427
1.0.20160318153100	5388
1.0.20160323212343	5304
1.0.20160325210917	5291
1.0.20160331184641	5389
1.0.20160408133555	5389
1.0.20160413143011	4823
1.0.20160422204730	5310
1.0.20160427142240	6310
1.0.20160714182449	10247
1.0.20160913171024	5199
1.0.20160930152149	5421
1.0.20161005195021	5521
1.0.20161007181528	5402
1.0.20161122201220	5442
1.0.20161123190203	5550
1.0.20161221171240	5437
1.0.20161227200419	4973
1.0.20170217172322	6426
1.0.20170413194156	5981
1.0.20170817131858	6232
1.0.20170822192924	5363
1.0.20170828135420	5633
1.0.20170928192020	5947
1.0.20180130110340	7223
1.0.20180225105849	7090
