version	total
1.0.20160310140736	5089
1.0.20160311201238	5197
1.0.20160318153100	5152
1.0.20160323212343	5071
1.0.20160325210917	5059
1.0.20160331184641	5155
1.0.20160408133555	5158
1.0.20160413143011	4723
1.0.20160422204730	5208
1.0.20160427142240	6120
1.0.20160714182449	10070
1.0.20160913171024	5094
1.0.20160930152149	5188
1.0.20161005195021	5283
1.0.20161007181528	5168
1.0.20161122201220	5204
1.0.20161123190203	5318
1.0.20161221171240	5196
1.0.20161227200419	4879
1.0.20170217172322	6093
1.0.20170413194156	5818
1.0.20170817131858	5900
1.0.20170822192924	5150
1.0.20170828135420	5395
1.0.20170928192020	5735
1.0.20180130110340	6776
1.0.20180225105849	6580
