version	total
1.0.20160907111242	6110
1.0.20161124105442	5633
1.0.20170214185319	7151
1.0.20180209171722	7157
1.0.20180601100346	3469
1.0.20190228134645	2684
1.0.20190906212748	3376
2.0.20200220223835	2594
2.2.20210901154959	2407
2.2.20211116163652	2406
2.2.20220521103021	2095
