version	total
1.0.20160907111242	6051
1.0.20161124105442	5600
1.0.20170214185319	7117
1.0.20180209171722	7057
1.0.20180601100346	3440
1.0.20190228134645	2659
1.0.20190906212748	3312
2.0.20200220223835	2570
2.2.20210901154959	2382
2.2.20211116163652	2382
2.2.20220521103021	2071
