version	total
1.0.20160907111242	6193
1.0.20161124105442	5676
1.0.20170214185319	7212
1.0.20180209171722	7304
1.0.20180601100346	3518
1.0.20190228134645	2729
1.0.20190906212748	3519
2.0.20200220223835	2639
2.2.20210901154959	2451
2.2.20211116163652	2452
2.2.20220521103021	2139
