version	total
1.0.20160310140736	5139
1.0.20160311201238	5252
1.0.20160318153100	5207
1.0.20160323212343	5127
1.0.20160325210917	5115
1.0.20160331184641	5211
1.0.20160408133555	5214
1.0.20160413143011	4767
1.0.20160422204730	5255
1.0.20160427142240	6207
1.0.20160714182449	10141
1.0.20160913171024	5149
1.0.20160930152149	5246
1.0.20161005195021	5341
1.0.20161007181528	5227
1.0.20161122201220	5259
1.0.20161123190203	5373
1.0.20161221171240	5254
1.0.20161227200419	4922
1.0.20170217172322	6202
1.0.20170413194156	5877
1.0.20170817131858	6006
1.0.20170822192924	5210
1.0.20170828135420	5455
1.0.20170928192020	5794
1.0.20180130110340	6930
1.0.20180225105849	6759
