version	total
1.0.20160907111242	6193
1.0.20161124105442	5676
1.0.20170214185319	7213
1.0.20180209171722	7304
1.0.20180601100346	3519
1.0.20190228134645	2730
1.0.20190906212748	3520
2.0.20200220223835	2640
2.2.20210901154959	2452
2.2.20211116163652	2453
2.2.20220521103021	2140
