version	total
1.0.20160310140736	5187
1.0.20160311201238	5365
1.0.20160318153100	5324
1.0.20160323212343	5241
1.0.20160325210917	5228
1.0.20160331184641	5327
1.0.20160408133555	5325
1.0.20160413143011	4809
1.0.20160422204730	5297
1.0.20160427142240	6288
1.0.20160714182449	10205
1.0.20160913171024	5187
1.0.20160930152149	5358
1.0.20161005195021	5459
1.0.20161007181528	5340
1.0.20161122201220	5378
1.0.20161123190203	5489
1.0.20161221171240	5373
1.0.20161227200419	4961
1.0.20170217172322	6355
1.0.20170413194156	5955
1.0.20170817131858	6160
1.0.20170822192924	5320
1.0.20170828135420	5569
1.0.20170928192020	5904
1.0.20180130110340	7129
1.0.20180225105849	6994
