version	total
1.0.20160907111242	6205
1.0.20161124105442	5682
1.0.20170214185319	7231
1.0.20180209171722	7328
1.0.20180601100346	3535
1.0.20190228134645	2746
1.0.20190906212748	3546
2.0.20200220223835	2656
2.2.20210901154959	2468
2.2.20211116163652	2470
2.2.20220521103021	2156
