version	total
1.0.20160907111242	6277
1.0.20161124105442	5715
1.0.20170214185319	7383
1.0.20180209171722	7472
1.0.20180601100346	3678
1.0.20190228134645	2887
1.0.20190906212748	3735
2.0.20200220223835	2798
2.2.20210901154959	2608
2.2.20211116163652	2610
2.2.20220521103021	2298
