version	total
1.0.20160907111242	6081
1.0.20161124105442	5620
1.0.20170214185319	7137
1.0.20180209171722	7104
1.0.20180601100346	3457
1.0.20190228134645	2673
1.0.20190906212748	3337
2.0.20200220223835	2584
2.2.20210901154959	2397
2.2.20211116163652	2396
2.2.20220521103021	2085
