version	total
1.0.20160907111242	6257
1.0.20161124105442	5707
1.0.20170214185319	7345
1.0.20180209171722	7434
1.0.20180601100346	3644
1.0.20190228134645	2853
1.0.20190906212748	3692
2.0.20200220223835	2762
2.2.20210901154959	2572
2.2.20211116163652	2575
2.2.20220521103021	2264
