version	total
1.0.20160310140736	5231
1.0.20160311201238	5460
1.0.20160318153100	5421
1.0.20160323212343	5337
1.0.20160325210917	5324
1.0.20160331184641	5424
1.0.20160408133555	5422
1.0.20160413143011	4831
1.0.20160422204730	5318
1.0.20160427142240	6326
1.0.20160714182449	10278
1.0.20160913171024	5208
1.0.20160930152149	5451
1.0.20161005195021	5554
1.0.20161007181528	5434
1.0.20161122201220	5475
1.0.20161123190203	5584
1.0.20161221171240	5471
1.0.20161227200419	4980
1.0.20170217172322	6465
1.0.20170413194156	6001
1.0.20170817131858	6273
1.0.20170822192924	5383
1.0.20170828135420	5666
1.0.20170928192020	5968
1.0.20180130110340	7276
1.0.20180225105849	7144
