version	total
1.0.20160907111242	6191
1.0.20161124105442	5675
1.0.20170214185319	7210
1.0.20180209171722	7300
1.0.20180601100346	3516
1.0.20190228134645	2727
1.0.20190906212748	3517
2.0.20200220223835	2637
2.2.20210901154959	2449
2.2.20211116163652	2450
2.2.20220521103021	2137
