version	total
1.0.20160310140736	5108
1.0.20160311201238	5218
1.0.20160318153100	5173
1.0.20160323212343	5091
1.0.20160325210917	5079
1.0.20160331184641	5176
1.0.20160408133555	5179
1.0.20160413143011	4734
1.0.20160422204730	5222
1.0.20160427142240	6140
1.0.20160714182449	10105
1.0.20160913171024	5115
1.0.20160930152149	5209
1.0.20161005195021	5304
1.0.20161007181528	5189
1.0.20161122201220	5224
1.0.20161123190203	5339
1.0.20161221171240	5217
1.0.20161227200419	4887
1.0.20170217172322	6120
1.0.20170413194156	5839
1.0.20170817131858	5928
1.0.20170822192924	5171
1.0.20170828135420	5416
1.0.20170928192020	5755
1.0.20180130110340	6808
1.0.20180225105849	6620
