version	total
1.0.20160907111242	6039
1.0.20161124105442	5590
1.0.20170214185319	7106
1.0.20180209171722	7043
1.0.20180601100346	3429
1.0.20190228134645	2646
1.0.20190906212748	3298
2.0.20200220223835	2558
2.2.20210901154959	2371
2.2.20211116163652	2371
2.2.20220521103021	2060
