version	total
1.0.20160907111242	6049
1.0.20161124105442	5598
1.0.20170214185319	7115
1.0.20180209171722	7055
1.0.20180601100346	3438
1.0.20190228134645	2657
1.0.20190906212748	3309
2.0.20200220223835	2568
2.2.20210901154959	2380
2.2.20211116163652	2380
2.2.20220521103021	2069
