version	total
1.0.20160907111242	6218
1.0.20161124105442	5688
1.0.20170214185319	7262
1.0.20180209171722	7352
1.0.20180601100346	3566
1.0.20190228134645	2776
1.0.20190906212748	3589
2.0.20200220223835	2686
2.2.20210901154959	2498
2.2.20211116163652	2499
2.2.20220521103021	2188
