version	total
1.0.20160310140736	5162
1.0.20160311201238	5302
1.0.20160318153100	5259
1.0.20160323212343	5178
1.0.20160325210917	5166
1.0.20160331184641	5264
1.0.20160408133555	5263
1.0.20160413143011	4793
1.0.20160422204730	5281
1.0.20160427142240	6257
1.0.20160714182449	10170
1.0.20160913171024	5171
1.0.20160930152149	5295
1.0.20161005195021	5395
1.0.20161007181528	5277
1.0.20161122201220	5312
1.0.20161123190203	5426
1.0.20161221171240	5308
1.0.20161227200419	4946
1.0.20170217172322	6277
1.0.20170413194156	5914
1.0.20170817131858	6081
1.0.20170822192924	5260
1.0.20170828135420	5506
1.0.20170928192020	5843
1.0.20180130110340	7034
1.0.20180225105849	6883
