version	total
1.0.20160310140736	5152
1.0.20160311201238	5265
1.0.20160318153100	5221
1.0.20160323212343	5141
1.0.20160325210917	5129
1.0.20160331184641	5226
1.0.20160408133555	5228
1.0.20160413143011	4782
1.0.20160422204730	5269
1.0.20160427142240	6234
1.0.20160714182449	10155
1.0.20160913171024	5162
1.0.20160930152149	5260
1.0.20161005195021	5356
1.0.20161007181528	5240
1.0.20161122201220	5273
1.0.20161123190203	5388
1.0.20161221171240	5269
1.0.20161227200419	4935
1.0.20170217172322	6231
1.0.20170413194156	5890
1.0.20170817131858	6033
1.0.20170822192924	5224
1.0.20170828135420	5472
1.0.20170928192020	5808
1.0.20180130110340	6977
1.0.20180225105849	6816
