version	total
1.0.20160907111242	6168
1.0.20161124105442	5663
1.0.20170214185319	7182
1.0.20180209171722	7260
1.0.20180601100346	3490
1.0.20190228134645	2703
1.0.20190906212748	3468
2.0.20200220223835	2613
2.2.20210901154959	2425
2.2.20211116163652	2425
2.2.20220521103021	2112
