version	total
1.0.20160310140736	5091
1.0.20160311201238	5199
1.0.20160318153100	5154
1.0.20160323212343	5073
1.0.20160325210917	5061
1.0.20160331184641	5157
1.0.20160408133555	5160
1.0.20160413143011	4724
1.0.20160422204730	5209
1.0.20160427142240	6121
1.0.20160714182449	10074
1.0.20160913171024	5096
1.0.20160930152149	5190
1.0.20161005195021	5285
1.0.20161007181528	5170
1.0.20161122201220	5206
1.0.20161123190203	5320
1.0.20161221171240	5198
1.0.20161227200419	4879
1.0.20170217172322	6095
1.0.20170413194156	5820
1.0.20170817131858	5902
1.0.20170822192924	5152
1.0.20170828135420	5397
1.0.20170928192020	5737
1.0.20180130110340	6779
1.0.20180225105849	6582
