version	total
1.0.20160907111242	6028
1.0.20161124105442	5580
1.0.20170214185319	7096
1.0.20180209171722	7031
1.0.20180601100346	3420
1.0.20190228134645	2638
1.0.20190906212748	3285
2.0.20200220223835	2549
2.2.20210901154959	2361
2.2.20211116163652	2361
2.2.20220521103021	2050
