version	total
1.0.20160310140736	5151
1.0.20160311201238	5264
1.0.20160318153100	5220
1.0.20160323212343	5140
1.0.20160325210917	5128
1.0.20160331184641	5225
1.0.20160408133555	5227
1.0.20160413143011	4781
1.0.20160422204730	5268
1.0.20160427142240	6232
1.0.20160714182449	10154
1.0.20160913171024	5161
1.0.20160930152149	5259
1.0.20161005195021	5355
1.0.20161007181528	5239
1.0.20161122201220	5272
1.0.20161123190203	5387
1.0.20161221171240	5268
1.0.20161227200419	4934
1.0.20170217172322	6229
1.0.20170413194156	5889
1.0.20170817131858	6031
1.0.20170822192924	5223
1.0.20170828135420	5471
1.0.20170928192020	5807
1.0.20180130110340	6976
1.0.20180225105849	6811
