version	total
1.0.20160907111242	6043
1.0.20161124105442	5592
1.0.20170214185319	7109
1.0.20180209171722	7049
1.0.20180601100346	3432
1.0.20190228134645	2649
1.0.20190906212748	3301
2.0.20200220223835	2562
2.2.20210901154959	2374
2.2.20211116163652	2374
2.2.20220521103021	2063
