version	total
1.0.20160310140736	5072
1.0.20160311201238	5180
1.0.20160318153100	5135
1.0.20160323212343	5054
1.0.20160325210917	5042
1.0.20160331184641	5138
1.0.20160408133555	5141
1.0.20160413143011	4717
1.0.20160422204730	5197
1.0.20160427142240	6106
1.0.20160714182449	10040
1.0.20160913171024	5077
1.0.20160930152149	5171
1.0.20161005195021	5266
1.0.20161007181528	5151
1.0.20161122201220	5187
1.0.20161123190203	5301
1.0.20161221171240	5179
1.0.20161227200419	4874
1.0.20170217172322	6072
1.0.20170413194156	5801
1.0.20170817131858	5879
1.0.20170822192924	5133
1.0.20170828135420	5377
1.0.20170928192020	5718
1.0.20180130110340	6755
1.0.20180225105849	6551
