version	total
1.0.20160907111242	6075
1.0.20161124105442	5616
1.0.20170214185319	7134
1.0.20180209171722	7093
1.0.20180601100346	3456
1.0.20190228134645	2672
1.0.20190906212748	3336
2.0.20200220223835	2583
2.2.20210901154959	2396
2.2.20211116163652	2396
2.2.20220521103021	2084
