version	total
1.0.20160907111242	6182
1.0.20161124105442	5671
1.0.20170214185319	7191
1.0.20180209171722	7286
1.0.20180601100346	3499
1.0.20190228134645	2710
1.0.20190906212748	3491
2.0.20200220223835	2620
2.2.20210901154959	2431
2.2.20211116163652	2433
2.2.20220521103021	2120
