version	total
1.0.20160907111242	6218
1.0.20161124105442	5688
1.0.20170214185319	7265
1.0.20180209171722	7352
1.0.20180601100346	3569
1.0.20190228134645	2779
1.0.20190906212748	3596
2.0.20200220223835	2689
2.2.20210901154959	2501
2.2.20211116163652	2502
2.2.20220521103021	2191
