version	total
1.0.20160907111242	6047
1.0.20161124105442	5596
1.0.20170214185319	7113
1.0.20180209171722	7053
1.0.20180601100346	3436
1.0.20190228134645	2654
1.0.20190906212748	3306
2.0.20200220223835	2566
2.2.20210901154959	2378
2.2.20211116163652	2378
2.2.20220521103021	2067
