version	total
1.0.20160907111242	6137
1.0.20161124105442	5646
1.0.20170214185319	7166
1.0.20180209171722	7203
1.0.20180601100346	3480
1.0.20190228134645	2693
1.0.20190906212748	3423
2.0.20200220223835	2603
2.2.20210901154959	2416
2.2.20211116163652	2415
2.2.20220521103021	2102
