version	total
1.0.20160907111242	6065
1.0.20161124105442	5610
1.0.20170214185319	7128
1.0.20180209171722	7076
1.0.20180601100346	3450
1.0.20190228134645	2669
1.0.20190906212748	3325
2.0.20200220223835	2580
2.2.20210901154959	2392
2.2.20211116163652	2392
2.2.20220521103021	2081
