version	total
1.0.20160310140736	5156
1.0.20160311201238	5280
1.0.20160318153100	5237
1.0.20160323212343	5156
1.0.20160325210917	5144
1.0.20160331184641	5242
1.0.20160408133555	5242
1.0.20160413143011	4787
1.0.20160422204730	5274
1.0.20160427142240	6243
1.0.20160714182449	10163
1.0.20160913171024	5165
1.0.20160930152149	5273
1.0.20161005195021	5372
1.0.20161007181528	5255
1.0.20161122201220	5289
1.0.20161123190203	5404
1.0.20161221171240	5285
1.0.20161227200419	4940
1.0.20170217172322	6249
1.0.20170413194156	5900
1.0.20170817131858	6053
1.0.20170822192924	5238
1.0.20170828135420	5485
1.0.20170928192020	5822
1.0.20180130110340	7002
1.0.20180225105849	6845
