version	total
1.0.20160907111242	6277
1.0.20161124105442	5715
1.0.20170214185319	7385
1.0.20180209171722	7474
1.0.20180601100346	3680
1.0.20190228134645	2889
1.0.20190906212748	3739
2.0.20200220223835	2799
2.2.20210901154959	2609
2.2.20211116163652	2612
2.2.20220521103021	2300
