version	total
1.0.20160907111242	6229
1.0.20161124105442	5694
1.0.20170214185319	7283
1.0.20180209171722	7372
1.0.20180601100346	3584
1.0.20190228134645	2793
1.0.20190906212748	3621
2.0.20200220223835	2703
2.2.20210901154959	2515
2.2.20211116163652	2516
2.2.20220521103021	2206
