version	total
1.0.20160907111242	6186
1.0.20161124105442	5673
1.0.20170214185319	7202
1.0.20180209171722	7294
1.0.20180601100346	3510
1.0.20190228134645	2721
1.0.20190906212748	3509
2.0.20200220223835	2631
2.2.20210901154959	2443
2.2.20211116163652	2444
2.2.20220521103021	2131
