version	total
1.0.20160310140736	5162
1.0.20160311201238	5303
1.0.20160318153100	5260
1.0.20160323212343	5179
1.0.20160325210917	5167
1.0.20160331184641	5265
1.0.20160408133555	5264
1.0.20160413143011	4793
1.0.20160422204730	5281
1.0.20160427142240	6257
1.0.20160714182449	10170
1.0.20160913171024	5171
1.0.20160930152149	5296
1.0.20161005195021	5396
1.0.20161007181528	5279
1.0.20161122201220	5313
1.0.20161123190203	5427
1.0.20161221171240	5309
1.0.20161227200419	4946
1.0.20170217172322	6278
1.0.20170413194156	5914
1.0.20170817131858	6082
1.0.20170822192924	5261
1.0.20170828135420	5507
1.0.20170928192020	5844
1.0.20180130110340	7036
1.0.20180225105849	6884
