version	total
1.0.20160310140736	5068
1.0.20160311201238	5174
1.0.20160318153100	5129
1.0.20160323212343	5048
1.0.20160325210917	5036
1.0.20160331184641	5132
1.0.20160408133555	5137
1.0.20160413143011	4715
1.0.20160422204730	5194
1.0.20160427142240	6104
1.0.20160714182449	10032
1.0.20160913171024	5073
1.0.20160930152149	5167
1.0.20161005195021	5260
1.0.20161007181528	5145
1.0.20161122201220	5181
1.0.20161123190203	5295
1.0.20161221171240	5173
1.0.20161227200419	4874
1.0.20170217172322	6067
1.0.20170413194156	5797
1.0.20170817131858	5873
1.0.20170822192924	5129
1.0.20170828135420	5373
1.0.20170928192020	5714
1.0.20180130110340	6749
1.0.20180225105849	6545
