version	total
1.0.20160310140736	5070
1.0.20160311201238	5178
1.0.20160318153100	5133
1.0.20160323212343	5052
1.0.20160325210917	5040
1.0.20160331184641	5136
1.0.20160408133555	5139
1.0.20160413143011	4716
1.0.20160422204730	5196
1.0.20160427142240	6105
1.0.20160714182449	10036
1.0.20160913171024	5075
1.0.20160930152149	5169
1.0.20161005195021	5264
1.0.20161007181528	5149
1.0.20161122201220	5185
1.0.20161123190203	5299
1.0.20161221171240	5177
1.0.20161227200419	4874
1.0.20170217172322	6071
1.0.20170413194156	5799
1.0.20170817131858	5877
1.0.20170822192924	5131
1.0.20170828135420	5376
1.0.20170928192020	5716
1.0.20180130110340	6753
1.0.20180225105849	6549
