version	total
1.0.20160310140736	5191
1.0.20160311201238	5369
1.0.20160318153100	5328
1.0.20160323212343	5245
1.0.20160325210917	5232
1.0.20160331184641	5331
1.0.20160408133555	5329
1.0.20160413143011	4809
1.0.20160422204730	5297
1.0.20160427142240	6288
1.0.20160714182449	10213
1.0.20160913171024	5187
1.0.20160930152149	5362
1.0.20161005195021	5463
1.0.20161007181528	5344
1.0.20161122201220	5382
1.0.20161123190203	5493
1.0.20161221171240	5377
1.0.20161227200419	4961
1.0.20170217172322	6359
1.0.20170413194156	5959
1.0.20170817131858	6164
1.0.20170822192924	5324
1.0.20170828135420	5573
1.0.20170928192020	5908
1.0.20180130110340	7137
1.0.20180225105849	7000
