version	total
1.0.20160310140736	5232
1.0.20160311201238	5465
1.0.20160318153100	5426
1.0.20160323212343	5342
1.0.20160325210917	5329
1.0.20160331184641	5429
1.0.20160408133555	5426
1.0.20160413143011	4832
1.0.20160422204730	5319
1.0.20160427142240	6328
1.0.20160714182449	10279
1.0.20160913171024	5209
1.0.20160930152149	5454
1.0.20161005195021	5559
1.0.20161007181528	5439
1.0.20161122201220	5480
1.0.20161123190203	5589
1.0.20161221171240	5476
1.0.20161227200419	4981
1.0.20170217172322	6470
1.0.20170413194156	6002
1.0.20170817131858	6279
1.0.20170822192924	5384
1.0.20170828135420	5671
1.0.20170928192020	5969
1.0.20180130110340	7282
1.0.20180225105849	7150
