version	total
1.0.20160310140736	5168
1.0.20160311201238	5334
1.0.20160318153100	5292
1.0.20160323212343	5210
1.0.20160325210917	5198
1.0.20160331184641	5295
1.0.20160408133555	5294
1.0.20160413143011	4799
1.0.20160422204730	5287
1.0.20160427142240	6269
1.0.20160714182449	10176
1.0.20160913171024	5177
1.0.20160930152149	5327
1.0.20161005195021	5427
1.0.20161007181528	5310
1.0.20161122201220	5346
1.0.20161123190203	5458
1.0.20161221171240	5341
1.0.20161227200419	4952
1.0.20170217172322	6316
1.0.20170413194156	5930
1.0.20170817131858	6120
1.0.20170822192924	5291
1.0.20170828135420	5537
1.0.20170928192020	5874
1.0.20180130110340	7079
1.0.20180225105849	6936
