version	total
1.0.20160907111242	6233
1.0.20161124105442	5695
1.0.20170214185319	7294
1.0.20180209171722	7388
1.0.20180601100346	3596
1.0.20190228134645	2804
1.0.20190906212748	3639
2.0.20200220223835	2714
2.2.20210901154959	2526
2.2.20211116163652	2527
2.2.20220521103021	2217
