version	total
1.0.20160907111242	6249
1.0.20161124105442	5703
1.0.20170214185319	7335
1.0.20180209171722	7420
1.0.20180601100346	3636
1.0.20190228134645	2845
1.0.20190906212748	3682
2.0.20200220223835	2754
2.2.20210901154959	2566
2.2.20211116163652	2567
2.2.20220521103021	2256
