version	total
1.0.20160907111242	6208
1.0.20161124105442	5683
1.0.20170214185319	7239
1.0.20180209171722	7332
1.0.20180601100346	3543
1.0.20190228134645	2754
1.0.20190906212748	3556
2.0.20200220223835	2664
2.2.20210901154959	2476
2.2.20211116163652	2478
2.2.20220521103021	2164
