version	total
1.0.20160907111242	6071
1.0.20161124105442	5614
1.0.20170214185319	7132
1.0.20180209171722	7086
1.0.20180601100346	3455
1.0.20190228134645	2671
1.0.20190906212748	3334
2.0.20200220223835	2582
2.2.20210901154959	2395
2.2.20211116163652	2395
2.2.20220521103021	2083
