version	total
1.0.20160310140736	5232
1.0.20160311201238	5464
1.0.20160318153100	5425
1.0.20160323212343	5341
1.0.20160325210917	5328
1.0.20160331184641	5428
1.0.20160408133555	5425
1.0.20160413143011	4832
1.0.20160422204730	5319
1.0.20160427142240	6328
1.0.20160714182449	10279
1.0.20160913171024	5209
1.0.20160930152149	5453
1.0.20161005195021	5558
1.0.20161007181528	5438
1.0.20161122201220	5479
1.0.20161123190203	5588
1.0.20161221171240	5475
1.0.20161227200419	4981
1.0.20170217172322	6469
1.0.20170413194156	6002
1.0.20170817131858	6278
1.0.20170822192924	5384
1.0.20170828135420	5670
1.0.20170928192020	5969
1.0.20180130110340	7281
1.0.20180225105849	7149
