version	total
1.0.20160907111242	6186
1.0.20161124105442	5673
1.0.20170214185319	7203
1.0.20180209171722	7294
1.0.20180601100346	3511
1.0.20190228134645	2722
1.0.20190906212748	3510
2.0.20200220223835	2632
2.2.20210901154959	2444
2.2.20211116163652	2445
2.2.20220521103021	2132
