version	total
1.0.20160310140736	5234
1.0.20160311201238	5478
1.0.20160318153100	5439
1.0.20160323212343	5355
1.0.20160325210917	5342
1.0.20160331184641	5442
1.0.20160408133555	5439
1.0.20160413143011	4834
1.0.20160422204730	5321
1.0.20160427142240	6332
1.0.20160714182449	10281
1.0.20160913171024	5211
1.0.20160930152149	5460
1.0.20161005195021	5572
1.0.20161007181528	5452
1.0.20161122201220	5493
1.0.20161123190203	5602
1.0.20161221171240	5489
1.0.20161227200419	4983
1.0.20170217172322	6489
1.0.20170413194156	6007
1.0.20170817131858	6297
1.0.20170822192924	5389
1.0.20170828135420	5686
1.0.20170928192020	5974
1.0.20180130110340	7305
1.0.20180225105849	7175
