version	total
1.0.20160310140736	5152
1.0.20160311201238	5266
1.0.20160318153100	5222
1.0.20160323212343	5142
1.0.20160325210917	5130
1.0.20160331184641	5227
1.0.20160408133555	5228
1.0.20160413143011	4783
1.0.20160422204730	5270
1.0.20160427142240	6235
1.0.20160714182449	10155
1.0.20160913171024	5162
1.0.20160930152149	5260
1.0.20161005195021	5357
1.0.20161007181528	5241
1.0.20161122201220	5274
1.0.20161123190203	5389
1.0.20161221171240	5270
1.0.20161227200419	4936
1.0.20170217172322	6232
1.0.20170413194156	5890
1.0.20170817131858	6034
1.0.20170822192924	5224
1.0.20170828135420	5472
1.0.20170928192020	5808
1.0.20180130110340	6980
1.0.20180225105849	6818
