version	total
1.0.20160907111242	6229
1.0.20161124105442	5694
1.0.20170214185319	7285
1.0.20180209171722	7374
1.0.20180601100346	3586
1.0.20190228134645	2795
1.0.20190906212748	3626
2.0.20200220223835	2705
2.2.20210901154959	2517
2.2.20211116163652	2519
2.2.20220521103021	2208
