version	total
1.0.20160907111242	6208
1.0.20161124105442	5683
1.0.20170214185319	7237
1.0.20180209171722	7332
1.0.20180601100346	3541
1.0.20190228134645	2752
1.0.20190906212748	3553
2.0.20200220223835	2662
2.2.20210901154959	2474
2.2.20211116163652	2476
2.2.20220521103021	2162
