version	total
1.0.20160310140736	5162
1.0.20160311201238	5304
1.0.20160318153100	5261
1.0.20160323212343	5180
1.0.20160325210917	5168
1.0.20160331184641	5266
1.0.20160408133555	5265
1.0.20160413143011	4793
1.0.20160422204730	5281
1.0.20160427142240	6257
1.0.20160714182449	10170
1.0.20160913171024	5171
1.0.20160930152149	5297
1.0.20161005195021	5397
1.0.20161007181528	5279
1.0.20161122201220	5314
1.0.20161123190203	5428
1.0.20161221171240	5310
1.0.20161227200419	4946
1.0.20170217172322	6279
1.0.20170413194156	5915
1.0.20170817131858	6083
1.0.20170822192924	5262
1.0.20170828135420	5508
1.0.20170928192020	5845
1.0.20180130110340	7038
1.0.20180225105849	6885
