version	total
1.0.20160310140736	5206
1.0.20160311201238	5404
1.0.20160318153100	5365
1.0.20160323212343	5281
1.0.20160325210917	5268
1.0.20160331184641	5366
1.0.20160408133555	5366
1.0.20160413143011	4816
1.0.20160422204730	5304
1.0.20160427142240	6299
1.0.20160714182449	10240
1.0.20160913171024	5194
1.0.20160930152149	5398
1.0.20161005195021	5499
1.0.20161007181528	5380
1.0.20161122201220	5419
1.0.20161123190203	5528
1.0.20161221171240	5414
1.0.20161227200419	4967
1.0.20170217172322	6399
1.0.20170413194156	5975
1.0.20170817131858	6205
1.0.20170822192924	5347
1.0.20170828135420	5610
1.0.20170928192020	5931
1.0.20180130110340	7190
1.0.20180225105849	7053
