version	total
1.0.20160907111242	6267
1.0.20161124105442	5710
1.0.20170214185319	7360
1.0.20180209171722	7448
1.0.20180601100346	3657
1.0.20190228134645	2867
1.0.20190906212748	3706
2.0.20200220223835	2776
2.2.20210901154959	2586
2.2.20211116163652	2589
2.2.20220521103021	2278
