version	total
1.0.20160310140736	5200
1.0.20160311201238	5384
1.0.20160318153100	5344
1.0.20160323212343	5261
1.0.20160325210917	5248
1.0.20160331184641	5347
1.0.20160408133555	5345
1.0.20160413143011	4811
1.0.20160422204730	5299
1.0.20160427142240	6291
1.0.20160714182449	10230
1.0.20160913171024	5189
1.0.20160930152149	5377
1.0.20161005195021	5479
1.0.20161007181528	5360
1.0.20161122201220	5398
1.0.20161123190203	5509
1.0.20161221171240	5393
1.0.20161227200419	4963
1.0.20170217172322	6376
1.0.20170413194156	5968
1.0.20170817131858	6182
1.0.20170822192924	5337
1.0.20170828135420	5589
1.0.20170928192020	5921
1.0.20180130110340	7162
1.0.20180225105849	7022
