version	total
1.0.20160907111242	6283
1.0.20161124105442	5718
1.0.20170214185319	7402
1.0.20180209171722	7485
1.0.20180601100346	3696
1.0.20190228134645	2905
1.0.20190906212748	3749
2.0.20200220223835	2815
2.2.20210901154959	2625
2.2.20211116163652	2628
2.2.20220521103021	2316
