version	total
1.0.20160907111242	6123
1.0.20161124105442	5641
1.0.20170214185319	7159
1.0.20180209171722	7181
1.0.20180601100346	3476
1.0.20190228134645	2690
1.0.20190906212748	3397
2.0.20200220223835	2601
2.2.20210901154959	2414
2.2.20211116163652	2413
2.2.20220521103021	2101
