version	total
1.0.20160907111242	6232
1.0.20161124105442	5695
1.0.20170214185319	7289
1.0.20180209171722	7382
1.0.20180601100346	3591
1.0.20190228134645	2799
1.0.20190906212748	3631
2.0.20200220223835	2709
2.2.20210901154959	2521
2.2.20211116163652	2523
2.2.20220521103021	2212
