version	total
1.0.20160907111242	6245
1.0.20161124105442	5700
1.0.20170214185319	7322
1.0.20180209171722	7411
1.0.20180601100346	3623
1.0.20190228134645	2833
1.0.20190906212748	3671
2.0.20200220223835	2742
2.2.20210901154959	2554
2.2.20211116163652	2555
2.2.20220521103021	2244
