version	total
1.0.20160310140736	5155
1.0.20160311201238	5272
1.0.20160318153100	5229
1.0.20160323212343	5148
1.0.20160325210917	5136
1.0.20160331184641	5234
1.0.20160408133555	5234
1.0.20160413143011	4786
1.0.20160422204730	5273
1.0.20160427142240	6241
1.0.20160714182449	10160
1.0.20160913171024	5164
1.0.20160930152149	5265
1.0.20161005195021	5364
1.0.20161007181528	5247
1.0.20161122201220	5281
1.0.20161123190203	5396
1.0.20161221171240	5277
1.0.20161227200419	4939
1.0.20170217172322	6240
1.0.20170413194156	5896
1.0.20170817131858	6044
1.0.20170822192924	5230
1.0.20170828135420	5477
1.0.20170928192020	5814
1.0.20180130110340	6989
1.0.20180225105849	6834
