version	total
1.0.20160310140736	5129
1.0.20160311201238	5241
1.0.20160318153100	5196
1.0.20160323212343	5114
1.0.20160325210917	5103
1.0.20160331184641	5200
1.0.20160408133555	5201
1.0.20160413143011	4756
1.0.20160422204730	5244
1.0.20160427142240	6183
1.0.20160714182449	10130
1.0.20160913171024	5138
1.0.20160930152149	5233
1.0.20161005195021	5327
1.0.20161007181528	5214
1.0.20161122201220	5248
1.0.20161123190203	5362
1.0.20161221171240	5241
1.0.20161227200419	4910
1.0.20170217172322	6176
1.0.20170413194156	5865
1.0.20170817131858	5983
1.0.20170822192924	5198
1.0.20170828135420	5442
1.0.20170928192020	5781
1.0.20180130110340	6897
1.0.20180225105849	6719
