version	total
1.0.20160907111242	6237
1.0.20161124105442	5696
1.0.20170214185319	7301
1.0.20180209171722	7396
1.0.20180601100346	3603
1.0.20190228134645	2811
1.0.20190906212748	3648
2.0.20200220223835	2721
2.2.20210901154959	2533
2.2.20211116163652	2534
2.2.20220521103021	2224
