version	total
1.0.20160907111242	6160
1.0.20161124105442	5659
1.0.20170214185319	7178
1.0.20180209171722	7245
1.0.20180601100346	3487
1.0.20190228134645	2700
1.0.20190906212748	3456
2.0.20200220223835	2610
2.2.20210901154959	2422
2.2.20211116163652	2422
2.2.20220521103021	2109
