version	total
1.0.20160907111242	6203
1.0.20161124105442	5681
1.0.20170214185319	7229
1.0.20180209171722	7325
1.0.20180601100346	3534
1.0.20190228134645	2745
1.0.20190906212748	3545
2.0.20200220223835	2655
2.2.20210901154959	2467
2.2.20211116163652	2469
2.2.20220521103021	2155
