version	total
1.0.20160907111242	6242
1.0.20161124105442	5697
1.0.20170214185319	7313
1.0.20180209171722	7404
1.0.20180601100346	3614
1.0.20190228134645	2824
1.0.20190906212748	3667
2.0.20200220223835	2733
2.2.20210901154959	2545
2.2.20211116163652	2546
2.2.20220521103021	2235
