version	total
1.0.20160310140736	5211
1.0.20160311201238	5421
1.0.20160318153100	5382
1.0.20160323212343	5298
1.0.20160325210917	5285
1.0.20160331184641	5384
1.0.20160408133555	5383
1.0.20160413143011	4822
1.0.20160422204730	5309
1.0.20160427142240	6308
1.0.20160714182449	10246
1.0.20160913171024	5198
1.0.20160930152149	5415
1.0.20161005195021	5515
1.0.20161007181528	5397
1.0.20161122201220	5436
1.0.20161123190203	5545
1.0.20161221171240	5431
1.0.20161227200419	4972
1.0.20170217172322	6419
1.0.20170413194156	5980
1.0.20170817131858	6225
1.0.20170822192924	5360
1.0.20170828135420	5627
1.0.20170928192020	5944
1.0.20180130110340	7213
1.0.20180225105849	7082
