version	total
1.0.20160907111242	6129
1.0.20161124105442	5644
1.0.20170214185319	7162
1.0.20180209171722	7191
1.0.20180601100346	3477
1.0.20190228134645	2691
1.0.20190906212748	3412
2.0.20200220223835	2602
2.2.20210901154959	2415
2.2.20211116163652	2414
2.2.20220521103021	2101
