version	total
1.0.20160310140736	5171
1.0.20160311201238	5341
1.0.20160318153100	5301
1.0.20160323212343	5219
1.0.20160325210917	5206
1.0.20160331184641	5304
1.0.20160408133555	5302
1.0.20160413143011	4801
1.0.20160422204730	5288
1.0.20160427142240	6273
1.0.20160714182449	10179
1.0.20160913171024	5178
1.0.20160930152149	5335
1.0.20161005195021	5436
1.0.20161007181528	5318
1.0.20161122201220	5355
1.0.20161123190203	5466
1.0.20161221171240	5350
1.0.20161227200419	4954
1.0.20170217172322	6327
1.0.20170413194156	5935
1.0.20170817131858	6130
1.0.20170822192924	5299
1.0.20170828135420	5546
1.0.20170928192020	5883
1.0.20180130110340	7096
1.0.20180225105849	6950
