version	total
1.0.20160907111242	6140
1.0.20161124105442	5649
1.0.20170214185319	7168
1.0.20180209171722	7211
1.0.20180601100346	3481
1.0.20190228134645	2694
1.0.20190906212748	3425
2.0.20200220223835	2604
2.2.20210901154959	2417
2.2.20211116163652	2416
2.2.20220521103021	2103
