version	total
1.0.20160907111242	6233
1.0.20161124105442	5695
1.0.20170214185319	7293
1.0.20180209171722	7387
1.0.20180601100346	3595
1.0.20190228134645	2803
1.0.20190906212748	3638
2.0.20200220223835	2713
2.2.20210901154959	2525
2.2.20211116163652	2526
2.2.20220521103021	2216
