version	total
1.0.20160907111242	6229
1.0.20161124105442	5694
1.0.20170214185319	7282
1.0.20180209171722	7371
1.0.20180601100346	3583
1.0.20190228134645	2792
1.0.20190906212748	3619
2.0.20200220223835	2702
2.2.20210901154959	2514
2.2.20211116163652	2515
2.2.20220521103021	2205
