version	total
1.0.20160907111242	6197
1.0.20161124105442	5678
1.0.20170214185319	7217
1.0.20180209171722	7311
1.0.20180601100346	3522
1.0.20190228134645	2733
1.0.20190906212748	3527
2.0.20200220223835	2643
2.2.20210901154959	2455
2.2.20211116163652	2456
2.2.20220521103021	2143
