version	total
1.0.20160310140736	5192
1.0.20160311201238	5370
1.0.20160318153100	5329
1.0.20160323212343	5246
1.0.20160325210917	5233
1.0.20160331184641	5332
1.0.20160408133555	5330
1.0.20160413143011	4809
1.0.20160422204730	5297
1.0.20160427142240	6288
1.0.20160714182449	10215
1.0.20160913171024	5187
1.0.20160930152149	5363
1.0.20161005195021	5464
1.0.20161007181528	5345
1.0.20161122201220	5383
1.0.20161123190203	5494
1.0.20161221171240	5378
1.0.20161227200419	4961
1.0.20170217172322	6360
1.0.20170413194156	5960
1.0.20170817131858	6165
1.0.20170822192924	5325
1.0.20170828135420	5574
1.0.20170928192020	5909
1.0.20180130110340	7138
1.0.20180225105849	7001
