version	total
1.0.20160310140736	5105
1.0.20160311201238	5213
1.0.20160318153100	5168
1.0.20160323212343	5086
1.0.20160325210917	5074
1.0.20160331184641	5171
1.0.20160408133555	5174
1.0.20160413143011	4729
1.0.20160422204730	5217
1.0.20160427142240	6130
1.0.20160714182449	10100
1.0.20160913171024	5110
1.0.20160930152149	5204
1.0.20161005195021	5299
1.0.20161007181528	5184
1.0.20161122201220	5220
1.0.20161123190203	5334
1.0.20161221171240	5212
1.0.20161227200419	4882
1.0.20170217172322	6110
1.0.20170413194156	5834
1.0.20170817131858	5918
1.0.20170822192924	5166
1.0.20170828135420	5411
1.0.20170928192020	5751
1.0.20180130110340	6797
1.0.20180225105849	6602
