version	total
1.0.20160907111242	6139
1.0.20161124105442	5648
1.0.20170214185319	7167
1.0.20180209171722	7205
1.0.20180601100346	3480
1.0.20190228134645	2693
1.0.20190906212748	3424
2.0.20200220223835	2603
2.2.20210901154959	2416
2.2.20211116163652	2415
2.2.20220521103021	2102
