version	total
1.0.20160907111242	6085
1.0.20161124105442	5621
1.0.20170214185319	7140
1.0.20180209171722	7114
1.0.20180601100346	3460
1.0.20190228134645	2676
1.0.20190906212748	3345
2.0.20200220223835	2587
2.2.20210901154959	2400
2.2.20211116163652	2399
2.2.20220521103021	2088
