version	total
1.0.20160907111242	6277
1.0.20161124105442	5715
1.0.20170214185319	7382
1.0.20180209171722	7470
1.0.20180601100346	3676
1.0.20190228134645	2885
1.0.20190906212748	3733
2.0.20200220223835	2795
2.2.20210901154959	2606
2.2.20211116163652	2609
2.2.20220521103021	2296
