version	total
1.0.20160310140736	5180
1.0.20160311201238	5357
1.0.20160318153100	5316
1.0.20160323212343	5234
1.0.20160325210917	5221
1.0.20160331184641	5319
1.0.20160408133555	5318
1.0.20160413143011	4808
1.0.20160422204730	5296
1.0.20160427142240	6286
1.0.20160714182449	10192
1.0.20160913171024	5186
1.0.20160930152149	5351
1.0.20161005195021	5451
1.0.20161007181528	5333
1.0.20161122201220	5370
1.0.20161123190203	5481
1.0.20161221171240	5365
1.0.20161227200419	4960
1.0.20170217172322	6347
1.0.20170413194156	5948
1.0.20170817131858	6151
1.0.20170822192924	5313
1.0.20170828135420	5562
1.0.20170928192020	5896
1.0.20180130110340	7117
1.0.20180225105849	6983
