version	total
1.0.20160310140736	5204
1.0.20160311201238	5399
1.0.20160318153100	5360
1.0.20160323212343	5276
1.0.20160325210917	5263
1.0.20160331184641	5361
1.0.20160408133555	5361
1.0.20160413143011	4814
1.0.20160422204730	5302
1.0.20160427142240	6297
1.0.20160714182449	10238
1.0.20160913171024	5192
1.0.20160930152149	5393
1.0.20161005195021	5495
1.0.20161007181528	5375
1.0.20161122201220	5414
1.0.20161123190203	5525
1.0.20161221171240	5409
1.0.20161227200419	4965
1.0.20170217172322	6393
1.0.20170413194156	5973
1.0.20170817131858	6200
1.0.20170822192924	5343
1.0.20170828135420	5605
1.0.20170928192020	5927
1.0.20180130110340	7186
1.0.20180225105849	7045
