version	total
1.0.20160310140736	5165
1.0.20160311201238	5322
1.0.20160318153100	5279
1.0.20160323212343	5198
1.0.20160325210917	5186
1.0.20160331184641	5284
1.0.20160408133555	5282
1.0.20160413143011	4796
1.0.20160422204730	5284
1.0.20160427142240	6263
1.0.20160714182449	10173
1.0.20160913171024	5174
1.0.20160930152149	5315
1.0.20161005195021	5415
1.0.20161007181528	5298
1.0.20161122201220	5333
1.0.20161123190203	5446
1.0.20161221171240	5328
1.0.20161227200419	4949
1.0.20170217172322	6301
1.0.20170413194156	5924
1.0.20170817131858	6105
1.0.20170822192924	5279
1.0.20170828135420	5525
1.0.20170928192020	5862
1.0.20180130110340	7063
1.0.20180225105849	6914
