version	total
1.0.20160907111242	6281
1.0.20161124105442	5717
1.0.20170214185319	7395
1.0.20180209171722	7481
1.0.20180601100346	3689
1.0.20190228134645	2898
1.0.20190906212748	3745
2.0.20200220223835	2808
2.2.20210901154959	2618
2.2.20211116163652	2621
2.2.20220521103021	2309
