version	total
1.0.20160907111242	6222
1.0.20161124105442	5690
1.0.20170214185319	7270
1.0.20180209171722	7360
1.0.20180601100346	3572
1.0.20190228134645	2782
1.0.20190906212748	3606
2.0.20200220223835	2692
2.2.20210901154959	2504
2.2.20211116163652	2505
2.2.20220521103021	2194
