version	total
1.0.20160907111242	6245
1.0.20161124105442	5700
1.0.20170214185319	7321
1.0.20180209171722	7411
1.0.20180601100346	3622
1.0.20190228134645	2831
1.0.20190906212748	3671
2.0.20200220223835	2740
2.2.20210901154959	2552
2.2.20211116163652	2553
2.2.20220521103021	2243
