version	total
1.0.20160907111242	6197
1.0.20161124105442	5678
1.0.20170214185319	7218
1.0.20180209171722	7311
1.0.20180601100346	3523
1.0.20190228134645	2734
1.0.20190906212748	3530
2.0.20200220223835	2644
2.2.20210901154959	2456
2.2.20211116163652	2457
2.2.20220521103021	2144
