version	total
1.0.20160907111242	6184
1.0.20161124105442	5672
1.0.20170214185319	7197
1.0.20180209171722	7290
1.0.20180601100346	3505
1.0.20190228134645	2716
1.0.20190906212748	3501
2.0.20200220223835	2626
2.2.20210901154959	2437
2.2.20211116163652	2439
2.2.20220521103021	2126
