version	total
1.0.20160907111242	6210
1.0.20161124105442	5684
1.0.20170214185319	7246
1.0.20180209171722	7337
1.0.20180601100346	3552
1.0.20190228134645	2762
1.0.20190906212748	3566
2.0.20200220223835	2672
2.2.20210901154959	2484
2.2.20211116163652	2486
2.2.20220521103021	2173
