version	total
1.0.20160907111242	6281
1.0.20161124105442	5717
1.0.20170214185319	7396
1.0.20180209171722	7481
1.0.20180601100346	3690
1.0.20190228134645	2899
1.0.20190906212748	3746
2.0.20200220223835	2809
2.2.20210901154959	2619
2.2.20211116163652	2622
2.2.20220521103021	2310
