version	total
1.0.20160907111242	6087
1.0.20161124105442	5622
1.0.20170214185319	7140
1.0.20180209171722	7118
1.0.20180601100346	3461
1.0.20190228134645	2677
1.0.20190906212748	3346
2.0.20200220223835	2588
2.2.20210901154959	2401
2.2.20211116163652	2400
2.2.20220521103021	2088
