version	total
1.0.20160907111242	6063
1.0.20161124105442	5608
1.0.20170214185319	7126
1.0.20180209171722	7074
1.0.20180601100346	3448
1.0.20190228134645	2668
1.0.20190906212748	3323
2.0.20200220223835	2578
2.2.20210901154959	2390
2.2.20211116163652	2390
2.2.20220521103021	2079
