version	total
1.0.20160310140736	5235
1.0.20160311201238	5480
1.0.20160318153100	5441
1.0.20160323212343	5357
1.0.20160325210917	5344
1.0.20160331184641	5444
1.0.20160408133555	5441
1.0.20160413143011	4834
1.0.20160422204730	5321
1.0.20160427142240	6332
1.0.20160714182449	10283
1.0.20160913171024	5211
1.0.20160930152149	5461
1.0.20161005195021	5574
1.0.20161007181528	5454
1.0.20161122201220	5495
1.0.20161123190203	5604
1.0.20161221171240	5491
1.0.20161227200419	4983
1.0.20170217172322	6491
1.0.20170413194156	6008
1.0.20170817131858	6299
1.0.20170822192924	5390
1.0.20170828135420	5688
1.0.20170928192020	5975
1.0.20180130110340	7308
1.0.20180225105849	7177
