version	total
1.0.20160310140736	5196
1.0.20160311201238	5373
1.0.20160318153100	5333
1.0.20160323212343	5250
1.0.20160325210917	5237
1.0.20160331184641	5336
1.0.20160408133555	5334
1.0.20160413143011	4810
1.0.20160422204730	5298
1.0.20160427142240	6289
1.0.20160714182449	10222
1.0.20160913171024	5188
1.0.20160930152149	5367
1.0.20161005195021	5468
1.0.20161007181528	5349
1.0.20161122201220	5387
1.0.20161123190203	5498
1.0.20161221171240	5382
1.0.20161227200419	4962
1.0.20170217172322	6365
1.0.20170413194156	5964
1.0.20170817131858	6170
1.0.20170822192924	5329
1.0.20170828135420	5577
1.0.20170928192020	5913
1.0.20180130110340	7143
1.0.20180225105849	7008
