version	total
1.0.20160310140736	5075
1.0.20160311201238	5183
1.0.20160318153100	5138
1.0.20160323212343	5057
1.0.20160325210917	5045
1.0.20160331184641	5141
1.0.20160408133555	5144
1.0.20160413143011	4718
1.0.20160422204730	5199
1.0.20160427142240	6108
1.0.20160714182449	10046
1.0.20160913171024	5080
1.0.20160930152149	5174
1.0.20161005195021	5269
1.0.20161007181528	5154
1.0.20161122201220	5190
1.0.20161123190203	5304
1.0.20161221171240	5182
1.0.20161227200419	4875
1.0.20170217172322	6075
1.0.20170413194156	5804
1.0.20170817131858	5882
1.0.20170822192924	5136
1.0.20170828135420	5380
1.0.20170928192020	5721
1.0.20180130110340	6760
1.0.20180225105849	6554
