version	total
1.0.20160907111242	6149
1.0.20161124105442	5654
1.0.20170214185319	7172
1.0.20180209171722	7226
1.0.20180601100346	3483
1.0.20190228134645	2696
1.0.20190906212748	3438
2.0.20200220223835	2606
2.2.20210901154959	2419
2.2.20211116163652	2418
2.2.20220521103021	2105
