version	total
1.0.20160907111242	6059
1.0.20161124105442	5605
1.0.20170214185319	7123
1.0.20180209171722	7068
1.0.20180601100346	3445
1.0.20190228134645	2663
1.0.20190906212748	3320
2.0.20200220223835	2575
2.2.20210901154959	2387
2.2.20211116163652	2387
2.2.20220521103021	2076
