version	total
1.0.20160907111242	6248
1.0.20161124105442	5702
1.0.20170214185319	7330
1.0.20180209171722	7416
1.0.20180601100346	3631
1.0.20190228134645	2840
1.0.20190906212748	3678
2.0.20200220223835	2749
2.2.20210901154959	2560
2.2.20211116163652	2562
2.2.20220521103021	2250
