version	total
1.0.20160907111242	6230
1.0.20161124105442	5694
1.0.20170214185319	7286
1.0.20180209171722	7375
1.0.20180601100346	3587
1.0.20190228134645	2796
1.0.20190906212748	3628
2.0.20200220223835	2706
2.2.20210901154959	2518
2.2.20211116163652	2519
2.2.20220521103021	2209
