version	total
1.0.20160310140736	5200
1.0.20160311201238	5386
1.0.20160318153100	5346
1.0.20160323212343	5263
1.0.20160325210917	5250
1.0.20160331184641	5348
1.0.20160408133555	5347
1.0.20160413143011	4811
1.0.20160422204730	5299
1.0.20160427142240	6291
1.0.20160714182449	10232
1.0.20160913171024	5189
1.0.20160930152149	5379
1.0.20161005195021	5481
1.0.20161007181528	5362
1.0.20161122201220	5400
1.0.20161123190203	5510
1.0.20161221171240	5395
1.0.20161227200419	4963
1.0.20170217172322	6378
1.0.20170413194156	5969
1.0.20170817131858	6184
1.0.20170822192924	5338
1.0.20170828135420	5591
1.0.20170928192020	5922
1.0.20180130110340	7165
1.0.20180225105849	7024
