version	total
1.0.20160907111242	6237
1.0.20161124105442	5696
1.0.20170214185319	7302
1.0.20180209171722	7396
1.0.20180601100346	3604
1.0.20190228134645	2812
1.0.20190906212748	3649
2.0.20200220223835	2722
2.2.20210901154959	2534
2.2.20211116163652	2535
2.2.20220521103021	2225
