version	total
1.0.20160907111242	6237
1.0.20161124105442	5696
1.0.20170214185319	7300
1.0.20180209171722	7396
1.0.20180601100346	3602
1.0.20190228134645	2810
1.0.20190906212748	3647
2.0.20200220223835	2720
2.2.20210901154959	2532
2.2.20211116163652	2533
2.2.20220521103021	2223
