version	total
1.0.20160907111242	6203
1.0.20161124105442	5681
1.0.20170214185319	7227
1.0.20180209171722	7324
1.0.20180601100346	3531
1.0.20190228134645	2742
1.0.20190906212748	3540
2.0.20200220223835	2652
2.2.20210901154959	2464
2.2.20211116163652	2466
2.2.20220521103021	2152
