version	total
1.0.20160310140736	5125
1.0.20160311201238	5237
1.0.20160318153100	5192
1.0.20160323212343	5110
1.0.20160325210917	5099
1.0.20160331184641	5196
1.0.20160408133555	5197
1.0.20160413143011	4752
1.0.20160422204730	5240
1.0.20160427142240	6175
1.0.20160714182449	10126
1.0.20160913171024	5134
1.0.20160930152149	5229
1.0.20161005195021	5323
1.0.20161007181528	5210
1.0.20161122201220	5244
1.0.20161123190203	5358
1.0.20161221171240	5237
1.0.20161227200419	4905
1.0.20170217172322	6168
1.0.20170413194156	5861
1.0.20170817131858	5975
1.0.20170822192924	5194
1.0.20170828135420	5438
1.0.20170928192020	5776
1.0.20180130110340	6880
1.0.20180225105849	6703
