version	total
1.0.20160907111242	6030
1.0.20161124105442	5582
1.0.20170214185319	7098
1.0.20180209171722	7033
1.0.20180601100346	3422
1.0.20190228134645	2640
1.0.20190906212748	3287
2.0.20200220223835	2551
2.2.20210901154959	2363
2.2.20211116163652	2363
2.2.20220521103021	2052
