version	total
1.0.20160310140736	5206
1.0.20160311201238	5402
1.0.20160318153100	5364
1.0.20160323212343	5280
1.0.20160325210917	5266
1.0.20160331184641	5366
1.0.20160408133555	5365
1.0.20160413143011	4815
1.0.20160422204730	5304
1.0.20160427142240	6299
1.0.20160714182449	10239
1.0.20160913171024	5193
1.0.20160930152149	5397
1.0.20161005195021	5498
1.0.20161007181528	5379
1.0.20161122201220	5417
1.0.20161123190203	5528
1.0.20161221171240	5413
1.0.20161227200419	4967
1.0.20170217172322	6398
1.0.20170413194156	5975
1.0.20170817131858	6204
1.0.20170822192924	5347
1.0.20170828135420	5608
1.0.20170928192020	5931
1.0.20180130110340	7188
1.0.20180225105849	7052
