version	total
1.0.20160310140736	5149
1.0.20160311201238	5262
1.0.20160318153100	5218
1.0.20160323212343	5138
1.0.20160325210917	5126
1.0.20160331184641	5223
1.0.20160408133555	5225
1.0.20160413143011	4779
1.0.20160422204730	5266
1.0.20160427142240	6228
1.0.20160714182449	10152
1.0.20160913171024	5159
1.0.20160930152149	5257
1.0.20161005195021	5353
1.0.20161007181528	5237
1.0.20161122201220	5270
1.0.20161123190203	5385
1.0.20161221171240	5266
1.0.20161227200419	4932
1.0.20170217172322	6225
1.0.20170413194156	5887
1.0.20170817131858	6027
1.0.20170822192924	5221
1.0.20170828135420	5469
1.0.20170928192020	5805
1.0.20180130110340	6968
1.0.20180225105849	6803
