version	total
1.0.20160310140736	5165
1.0.20160311201238	5320
1.0.20160318153100	5277
1.0.20160323212343	5196
1.0.20160325210917	5184
1.0.20160331184641	5282
1.0.20160408133555	5280
1.0.20160413143011	4796
1.0.20160422204730	5284
1.0.20160427142240	6263
1.0.20160714182449	10173
1.0.20160913171024	5174
1.0.20160930152149	5313
1.0.20161005195021	5413
1.0.20161007181528	5296
1.0.20161122201220	5331
1.0.20161123190203	5444
1.0.20161221171240	5326
1.0.20161227200419	4949
1.0.20170217172322	6299
1.0.20170413194156	5922
1.0.20170817131858	6103
1.0.20170822192924	5277
1.0.20170828135420	5523
1.0.20170928192020	5860
1.0.20180130110340	7060
1.0.20180225105849	6912
