version	total
1.0.20160907111242	6021
1.0.20161124105442	5576
1.0.20170214185319	7089
1.0.20180209171722	7018
1.0.20180601100346	3415
1.0.20190228134645	2633
1.0.20190906212748	3281
2.0.20200220223835	2543
2.2.20210901154959	2356
2.2.20211116163652	2356
2.2.20220521103021	2045
