version	total
1.0.20160907111242	6107
1.0.20161124105442	5632
1.0.20170214185319	7150
1.0.20180209171722	7150
1.0.20180601100346	3467
1.0.20190228134645	2682
1.0.20190906212748	3367
2.0.20200220223835	2593
2.2.20210901154959	2406
2.2.20211116163652	2405
2.2.20220521103021	2094
