version	total
1.0.20160907111242	6283
1.0.20161124105442	5718
1.0.20170214185319	7406
1.0.20180209171722	7486
1.0.20180601100346	3700
1.0.20190228134645	2909
1.0.20190906212748	3754
2.0.20200220223835	2819
2.2.20210901154959	2629
2.2.20211116163652	2631
2.2.20220521103021	2320
