version	total
1.0.20160310140736	5106
1.0.20160311201238	5215
1.0.20160318153100	5170
1.0.20160323212343	5088
1.0.20160325210917	5076
1.0.20160331184641	5173
1.0.20160408133555	5176
1.0.20160413143011	4731
1.0.20160422204730	5219
1.0.20160427142240	6136
1.0.20160714182449	10102
1.0.20160913171024	5112
1.0.20160930152149	5206
1.0.20161005195021	5301
1.0.20161007181528	5186
1.0.20161122201220	5222
1.0.20161123190203	5336
1.0.20161221171240	5215
1.0.20161227200419	4885
1.0.20170217172322	6116
1.0.20170413194156	5836
1.0.20170817131858	5922
1.0.20170822192924	5168
1.0.20170828135420	5413
1.0.20170928192020	5754
1.0.20180130110340	6805
1.0.20180225105849	6611
