version	total
1.0.20160907111242	6053
1.0.20161124105442	5602
1.0.20170214185319	7119
1.0.20180209171722	7059
1.0.20180601100346	3442
1.0.20190228134645	2661
1.0.20190906212748	3315
2.0.20200220223835	2572
2.2.20210901154959	2384
2.2.20211116163652	2384
2.2.20220521103021	2073
