version	total
1.0.20160907111242	6197
1.0.20161124105442	5678
1.0.20170214185319	7219
1.0.20180209171722	7311
1.0.20180601100346	3524
1.0.20190228134645	2735
1.0.20190906212748	3531
2.0.20200220223835	2645
2.2.20210901154959	2457
2.2.20211116163652	2458
2.2.20220521103021	2145
