version	total
1.0.20160907111242	6265
1.0.20161124105442	5710
1.0.20170214185319	7357
1.0.20180209171722	7448
1.0.20180601100346	3654
1.0.20190228134645	2864
1.0.20190906212748	3704
2.0.20200220223835	2773
2.2.20210901154959	2583
2.2.20211116163652	2586
2.2.20220521103021	2275
