version	total
1.0.20160907111242	6210
1.0.20161124105442	5684
1.0.20170214185319	7243
1.0.20180209171722	7337
1.0.20180601100346	3548
1.0.20190228134645	2759
1.0.20190906212748	3562
2.0.20200220223835	2669
2.2.20210901154959	2481
2.2.20211116163652	2483
2.2.20220521103021	2170
