version	total
1.0.20160310140736	5166
1.0.20160311201238	5325
1.0.20160318153100	5282
1.0.20160323212343	5201
1.0.20160325210917	5189
1.0.20160331184641	5287
1.0.20160408133555	5285
1.0.20160413143011	4797
1.0.20160422204730	5285
1.0.20160427142240	6265
1.0.20160714182449	10174
1.0.20160913171024	5175
1.0.20160930152149	5318
1.0.20161005195021	5418
1.0.20161007181528	5301
1.0.20161122201220	5336
1.0.20161123190203	5449
1.0.20161221171240	5331
1.0.20161227200419	4950
1.0.20170217172322	6305
1.0.20170413194156	5925
1.0.20170817131858	6109
1.0.20170822192924	5282
1.0.20170828135420	5528
1.0.20170928192020	5865
1.0.20180130110340	7067
1.0.20180225105849	6920
