version	total
1.0.20160907111242	6184
1.0.20161124105442	5672
1.0.20170214185319	7196
1.0.20180209171722	7290
1.0.20180601100346	3504
1.0.20190228134645	2715
1.0.20190906212748	3500
2.0.20200220223835	2625
2.2.20210901154959	2436
2.2.20211116163652	2438
2.2.20220521103021	2125
