version	total
1.0.20160907111242	6100
1.0.20161124105442	5629
1.0.20170214185319	7146
1.0.20180209171722	7140
1.0.20180601100346	3465
1.0.20190228134645	2680
1.0.20190906212748	3356
2.0.20200220223835	2591
2.2.20210901154959	2404
2.2.20211116163652	2403
2.2.20220521103021	2091
