version	total
1.0.20160907111242	6228
1.0.20161124105442	5694
1.0.20170214185319	7281
1.0.20180209171722	7370
1.0.20180601100346	3582
1.0.20190228134645	2791
1.0.20190906212748	3615
2.0.20200220223835	2701
2.2.20210901154959	2513
2.2.20211116163652	2515
2.2.20220521103021	2204
