version	total
1.0.20160907111242	6178
1.0.20161124105442	5668
1.0.20170214185319	7186
1.0.20180209171722	7280
1.0.20180601100346	3495
1.0.20190228134645	2707
1.0.20190906212748	3485
2.0.20200220223835	2617
2.2.20210901154959	2428
2.2.20211116163652	2429
2.2.20220521103021	2115
