version	total
1.0.20160310140736	5154
1.0.20160311201238	5270
1.0.20160318153100	5227
1.0.20160323212343	5146
1.0.20160325210917	5134
1.0.20160331184641	5232
1.0.20160408133555	5232
1.0.20160413143011	4785
1.0.20160422204730	5272
1.0.20160427142240	6239
1.0.20160714182449	10159
1.0.20160913171024	5163
1.0.20160930152149	5263
1.0.20161005195021	5362
1.0.20161007181528	5245
1.0.20161122201220	5279
1.0.20161123190203	5394
1.0.20161221171240	5275
1.0.20161227200419	4938
1.0.20170217172322	6237
1.0.20170413194156	5894
1.0.20170817131858	6041
1.0.20170822192924	5228
1.0.20170828135420	5475
1.0.20170928192020	5812
1.0.20180130110340	6987
1.0.20180225105849	6828
