version	total
1.0.20160310140736	5181
1.0.20160311201238	5359
1.0.20160318153100	5318
1.0.20160323212343	5235
1.0.20160325210917	5222
1.0.20160331184641	5321
1.0.20160408133555	5319
1.0.20160413143011	4808
1.0.20160422204730	5296
1.0.20160427142240	6286
1.0.20160714182449	10194
1.0.20160913171024	5186
1.0.20160930152149	5352
1.0.20161005195021	5453
1.0.20161007181528	5334
1.0.20161122201220	5372
1.0.20161123190203	5483
1.0.20161221171240	5367
1.0.20161227200419	4960
1.0.20170217172322	6348
1.0.20170413194156	5949
1.0.20170817131858	6153
1.0.20170822192924	5314
1.0.20170828135420	5563
1.0.20170928192020	5897
1.0.20180130110340	7120
1.0.20180225105849	6985
