version	total
1.0.20160310140736	5164
1.0.20160311201238	5314
1.0.20160318153100	5271
1.0.20160323212343	5190
1.0.20160325210917	5178
1.0.20160331184641	5276
1.0.20160408133555	5275
1.0.20160413143011	4795
1.0.20160422204730	5283
1.0.20160427142240	6261
1.0.20160714182449	10172
1.0.20160913171024	5173
1.0.20160930152149	5307
1.0.20161005195021	5407
1.0.20161007181528	5290
1.0.20161122201220	5324
1.0.20161123190203	5438
1.0.20161221171240	5320
1.0.20161227200419	4948
1.0.20170217172322	6292
1.0.20170413194156	5920
1.0.20170817131858	6096
1.0.20170822192924	5272
1.0.20170828135420	5518
1.0.20170928192020	5855
1.0.20180130110340	7051
1.0.20180225105849	6901
