version	total
1.0.20160310140736	5145
1.0.20160311201238	5259
1.0.20160318153100	5214
1.0.20160323212343	5134
1.0.20160325210917	5122
1.0.20160331184641	5219
1.0.20160408133555	5221
1.0.20160413143011	4775
1.0.20160422204730	5262
1.0.20160427142240	6221
1.0.20160714182449	10148
1.0.20160913171024	5156
1.0.20160930152149	5253
1.0.20161005195021	5349
1.0.20161007181528	5234
1.0.20161122201220	5266
1.0.20161123190203	5381
1.0.20161221171240	5263
1.0.20161227200419	4929
1.0.20170217172322	6217
1.0.20170413194156	5884
1.0.20170817131858	6020
1.0.20170822192924	5217
1.0.20170828135420	5465
1.0.20170928192020	5801
1.0.20180130110340	6949
1.0.20180225105849	6788
