version	total
1.0.20160310140736	5213
1.0.20160311201238	5431
1.0.20160318153100	5392
1.0.20160323212343	5308
1.0.20160325210917	5295
1.0.20160331184641	5393
1.0.20160408133555	5393
1.0.20160413143011	4824
1.0.20160422204730	5311
1.0.20160427142240	6312
1.0.20160714182449	10248
1.0.20160913171024	5200
1.0.20160930152149	5425
1.0.20161005195021	5525
1.0.20161007181528	5406
1.0.20161122201220	5446
1.0.20161123190203	5555
1.0.20161221171240	5441
1.0.20161227200419	4973
1.0.20170217172322	6431
1.0.20170413194156	5983
1.0.20170817131858	6236
1.0.20170822192924	5364
1.0.20170828135420	5637
1.0.20170928192020	5948
1.0.20180130110340	7230
1.0.20180225105849	7097
