version	total
1.0.20160907111242	6145
1.0.20161124105442	5653
1.0.20170214185319	7171
1.0.20180209171722	7221
1.0.20180601100346	3482
1.0.20190228134645	2695
1.0.20190906212748	3432
2.0.20200220223835	2605
2.2.20210901154959	2418
2.2.20211116163652	2417
2.2.20220521103021	2104
