version	total
1.0.20160907111242	6225
1.0.20161124105442	5692
1.0.20170214185319	7273
1.0.20180209171722	7366
1.0.20180601100346	3574
1.0.20190228134645	2784
1.0.20190906212748	3609
2.0.20200220223835	2694
2.2.20210901154959	2506
2.2.20211116163652	2507
2.2.20220521103021	2196
