version	total
1.0.20160907111242	6033
1.0.20161124105442	5585
1.0.20170214185319	7101
1.0.20180209171722	7036
1.0.20180601100346	3425
1.0.20190228134645	2643
1.0.20190906212748	3292
2.0.20200220223835	2554
2.2.20210901154959	2366
2.2.20211116163652	2366
2.2.20220521103021	2055
