version	total
1.0.20160907111242	6245
1.0.20161124105442	5700
1.0.20170214185319	7325
1.0.20180209171722	7411
1.0.20180601100346	3625
1.0.20190228134645	2834
1.0.20190906212748	3674
2.0.20200220223835	2743
2.2.20210901154959	2555
2.2.20211116163652	2556
2.2.20220521103021	2246
