version	total
1.0.20160310140736	5148
1.0.20160311201238	5261
1.0.20160318153100	5217
1.0.20160323212343	5137
1.0.20160325210917	5125
1.0.20160331184641	5222
1.0.20160408133555	5224
1.0.20160413143011	4778
1.0.20160422204730	5265
1.0.20160427142240	6226
1.0.20160714182449	10151
1.0.20160913171024	5158
1.0.20160930152149	5256
1.0.20161005195021	5352
1.0.20161007181528	5236
1.0.20161122201220	5269
1.0.20161123190203	5384
1.0.20161221171240	5265
1.0.20161227200419	4931
1.0.20170217172322	6223
1.0.20170413194156	5886
1.0.20170817131858	6025
1.0.20170822192924	5220
1.0.20170828135420	5468
1.0.20170928192020	5804
1.0.20180130110340	6961
1.0.20180225105849	6800
