version	total
1.0.20160310140736	5113
1.0.20160311201238	5224
1.0.20160318153100	5179
1.0.20160323212343	5097
1.0.20160325210917	5086
1.0.20160331184641	5182
1.0.20160408133555	5184
1.0.20160413143011	4739
1.0.20160422204730	5228
1.0.20160427142240	6152
1.0.20160714182449	10112
1.0.20160913171024	5121
1.0.20160930152149	5216
1.0.20161005195021	5309
1.0.20161007181528	5196
1.0.20161122201220	5231
1.0.20161123190203	5344
1.0.20161221171240	5224
1.0.20161227200419	4893
1.0.20170217172322	6135
1.0.20170413194156	5846
1.0.20170817131858	5941
1.0.20170822192924	5179
1.0.20170828135420	5422
1.0.20170928192020	5761
1.0.20180130110340	6821
1.0.20180225105849	6645
