version	total
1.0.20160907111242	6251
1.0.20161124105442	5704
1.0.20170214185319	7337
1.0.20180209171722	7423
1.0.20180601100346	3637
1.0.20190228134645	2846
1.0.20190906212748	3682
2.0.20200220223835	2755
2.2.20210901154959	2567
2.2.20211116163652	2568
2.2.20220521103021	2257
