version	total
1.0.20160907111242	6188
1.0.20161124105442	5674
1.0.20170214185319	7205
1.0.20180209171722	7297
1.0.20180601100346	3512
1.0.20190228134645	2723
1.0.20190906212748	3511
2.0.20200220223835	2633
2.2.20210901154959	2445
2.2.20211116163652	2446
2.2.20220521103021	2133
