version	total
1.0.20160907111242	6226
1.0.20161124105442	5693
1.0.20170214185319	7278
1.0.20180209171722	7367
1.0.20180601100346	3579
1.0.20190228134645	2788
1.0.20190906212748	3614
2.0.20200220223835	2698
2.2.20210901154959	2510
2.2.20211116163652	2511
2.2.20220521103021	2202
