version	total
1.0.20160907111242	6239
1.0.20161124105442	5697
1.0.20170214185319	7311
1.0.20180209171722	7402
1.0.20180601100346	3614
1.0.20190228134645	2822
1.0.20190906212748	3664
2.0.20200220223835	2732
2.2.20210901154959	2544
2.2.20211116163652	2546
2.2.20220521103021	2235
