version	total
1.0.20160310140736	5212
1.0.20160311201238	5426
1.0.20160318153100	5387
1.0.20160323212343	5303
1.0.20160325210917	5290
1.0.20160331184641	5388
1.0.20160408133555	5388
1.0.20160413143011	4823
1.0.20160422204730	5310
1.0.20160427142240	6310
1.0.20160714182449	10247
1.0.20160913171024	5199
1.0.20160930152149	5420
1.0.20161005195021	5520
1.0.20161007181528	5401
1.0.20161122201220	5441
1.0.20161123190203	5550
1.0.20161221171240	5436
1.0.20161227200419	4973
1.0.20170217172322	6425
1.0.20170413194156	5981
1.0.20170817131858	6231
1.0.20170822192924	5363
1.0.20170828135420	5632
1.0.20170928192020	5947
1.0.20180130110340	7221
1.0.20180225105849	7089
