version	total
1.0.20160310140736	5195
1.0.20160311201238	5372
1.0.20160318153100	5332
1.0.20160323212343	5249
1.0.20160325210917	5236
1.0.20160331184641	5335
1.0.20160408133555	5333
1.0.20160413143011	4810
1.0.20160422204730	5298
1.0.20160427142240	6289
1.0.20160714182449	10220
1.0.20160913171024	5188
1.0.20160930152149	5366
1.0.20161005195021	5467
1.0.20161007181528	5348
1.0.20161122201220	5386
1.0.20161123190203	5497
1.0.20161221171240	5381
1.0.20161227200419	4962
1.0.20170217172322	6364
1.0.20170413194156	5963
1.0.20170817131858	6169
1.0.20170822192924	5328
1.0.20170828135420	5576
1.0.20170928192020	5912
1.0.20180130110340	7142
1.0.20180225105849	7007
