version	total
1.0.20160310140736	5197
1.0.20160311201238	5374
1.0.20160318153100	5334
1.0.20160323212343	5251
1.0.20160325210917	5238
1.0.20160331184641	5336
1.0.20160408133555	5335
1.0.20160413143011	4810
1.0.20160422204730	5298
1.0.20160427142240	6289
1.0.20160714182449	10224
1.0.20160913171024	5188
1.0.20160930152149	5368
1.0.20161005195021	5469
1.0.20161007181528	5350
1.0.20161122201220	5388
1.0.20161123190203	5498
1.0.20161221171240	5383
1.0.20161227200419	4962
1.0.20170217172322	6366
1.0.20170413194156	5965
1.0.20170817131858	6171
1.0.20170822192924	5330
1.0.20170828135420	5578
1.0.20170928192020	5914
1.0.20180130110340	7144
1.0.20180225105849	7009
