version	total
1.0.20160310140736	5155
1.0.20160311201238	5278
1.0.20160318153100	5235
1.0.20160323212343	5154
1.0.20160325210917	5142
1.0.20160331184641	5240
1.0.20160408133555	5240
1.0.20160413143011	4786
1.0.20160422204730	5273
1.0.20160427142240	6241
1.0.20160714182449	10162
1.0.20160913171024	5164
1.0.20160930152149	5271
1.0.20161005195021	5370
1.0.20161007181528	5253
1.0.20161122201220	5287
1.0.20161123190203	5402
1.0.20161221171240	5283
1.0.20161227200419	4939
1.0.20170217172322	6246
1.0.20170413194156	5899
1.0.20170817131858	6050
1.0.20170822192924	5236
1.0.20170828135420	5483
1.0.20170928192020	5820
1.0.20180130110340	7000
1.0.20180225105849	6840
