version	total
1.0.20160907111242	6155
1.0.20161124105442	5656
1.0.20170214185319	7174
1.0.20180209171722	7234
1.0.20180601100346	3485
1.0.20190228134645	2698
1.0.20190906212748	3447
2.0.20200220223835	2608
2.2.20210901154959	2421
2.2.20211116163652	2420
2.2.20220521103021	2107
