version	total
1.0.20160310140736	5167
1.0.20160311201238	5327
1.0.20160318153100	5285
1.0.20160323212343	5203
1.0.20160325210917	5191
1.0.20160331184641	5289
1.0.20160408133555	5287
1.0.20160413143011	4798
1.0.20160422204730	5286
1.0.20160427142240	6267
1.0.20160714182449	10175
1.0.20160913171024	5176
1.0.20160930152149	5320
1.0.20161005195021	5420
1.0.20161007181528	5303
1.0.20161122201220	5339
1.0.20161123190203	5451
1.0.20161221171240	5334
1.0.20161227200419	4951
1.0.20170217172322	6308
1.0.20170413194156	5926
1.0.20170817131858	6112
1.0.20170822192924	5284
1.0.20170828135420	5530
1.0.20170928192020	5867
1.0.20180130110340	7070
1.0.20180225105849	6926
