version	total
1.0.20160310140736	5209
1.0.20160311201238	5415
1.0.20160318153100	5376
1.0.20160323212343	5292
1.0.20160325210917	5279
1.0.20160331184641	5377
1.0.20160408133555	5377
1.0.20160413143011	4819
1.0.20160422204730	5307
1.0.20160427142240	6305
1.0.20160714182449	10244
1.0.20160913171024	5196
1.0.20160930152149	5409
1.0.20161005195021	5510
1.0.20161007181528	5391
1.0.20161122201220	5430
1.0.20161123190203	5540
1.0.20161221171240	5425
1.0.20161227200419	4970
1.0.20170217172322	6413
1.0.20170413194156	5978
1.0.20170817131858	6219
1.0.20170822192924	5355
1.0.20170828135420	5621
1.0.20170928192020	5940
1.0.20180130110340	7205
1.0.20180225105849	7072
