version	total
1.0.20160907111242	6083
1.0.20161124105442	5620
1.0.20170214185319	7138
1.0.20180209171722	7108
1.0.20180601100346	3458
1.0.20190228134645	2674
1.0.20190906212748	3340
2.0.20200220223835	2585
2.2.20210901154959	2398
2.2.20211116163652	2397
2.2.20220521103021	2086
