version	total
1.0.20160907111242	6212
1.0.20161124105442	5685
1.0.20170214185319	7248
1.0.20180209171722	7340
1.0.20180601100346	3553
1.0.20190228134645	2763
1.0.20190906212748	3567
2.0.20200220223835	2673
2.2.20210901154959	2485
2.2.20211116163652	2487
2.2.20220521103021	2174
