version	total
1.0.20160907111242	6037
1.0.20161124105442	5588
1.0.20170214185319	7104
1.0.20180209171722	7041
1.0.20180601100346	3427
1.0.20190228134645	2645
1.0.20190906212748	3296
2.0.20200220223835	2557
2.2.20210901154959	2368
2.2.20211116163652	2369
2.2.20220521103021	2057
