version	total
1.0.20160907111242	6210
1.0.20161124105442	5684
1.0.20170214185319	7242
1.0.20180209171722	7336
1.0.20180601100346	3546
1.0.20190228134645	2757
1.0.20190906212748	3558
2.0.20200220223835	2667
2.2.20210901154959	2479
2.2.20211116163652	2481
2.2.20220521103021	2167
