version	total
1.0.20160310140736	5165
1.0.20160311201238	5321
1.0.20160318153100	5278
1.0.20160323212343	5197
1.0.20160325210917	5185
1.0.20160331184641	5283
1.0.20160408133555	5281
1.0.20160413143011	4796
1.0.20160422204730	5284
1.0.20160427142240	6263
1.0.20160714182449	10173
1.0.20160913171024	5174
1.0.20160930152149	5314
1.0.20161005195021	5414
1.0.20161007181528	5297
1.0.20161122201220	5332
1.0.20161123190203	5445
1.0.20161221171240	5327
1.0.20161227200419	4949
1.0.20170217172322	6300
1.0.20170413194156	5923
1.0.20170817131858	6104
1.0.20170822192924	5278
1.0.20170828135420	5524
1.0.20170928192020	5861
1.0.20180130110340	7062
1.0.20180225105849	6913
