version	total
1.0.20160907111242	6216
1.0.20161124105442	5687
1.0.20170214185319	7258
1.0.20180209171722	7348
1.0.20180601100346	3562
1.0.20190228134645	2772
1.0.20190906212748	3582
2.0.20200220223835	2682
2.2.20210901154959	2494
2.2.20211116163652	2495
2.2.20220521103021	2184
