version	total
1.0.20160310140736	5154
1.0.20160311201238	5269
1.0.20160318153100	5226
1.0.20160323212343	5145
1.0.20160325210917	5133
1.0.20160331184641	5231
1.0.20160408133555	5231
1.0.20160413143011	4785
1.0.20160422204730	5272
1.0.20160427142240	6239
1.0.20160714182449	10157
1.0.20160913171024	5163
1.0.20160930152149	5262
1.0.20161005195021	5361
1.0.20161007181528	5244
1.0.20161122201220	5278
1.0.20161123190203	5393
1.0.20161221171240	5274
1.0.20161227200419	4938
1.0.20170217172322	6236
1.0.20170413194156	5893
1.0.20170817131858	6040
1.0.20170822192924	5227
1.0.20170828135420	5474
1.0.20170928192020	5811
1.0.20180130110340	6985
1.0.20180225105849	6826
