version	total
1.0.20160310140736	5068
1.0.20160311201238	5176
1.0.20160318153100	5131
1.0.20160323212343	5050
1.0.20160325210917	5038
1.0.20160331184641	5134
1.0.20160408133555	5137
1.0.20160413143011	4715
1.0.20160422204730	5194
1.0.20160427142240	6104
1.0.20160714182449	10032
1.0.20160913171024	5073
1.0.20160930152149	5167
1.0.20161005195021	5262
1.0.20161007181528	5147
1.0.20161122201220	5183
1.0.20161123190203	5297
1.0.20161221171240	5175
1.0.20161227200419	4874
1.0.20170217172322	6068
1.0.20170413194156	5797
1.0.20170817131858	5875
1.0.20170822192924	5129
1.0.20170828135420	5373
1.0.20170928192020	5714
1.0.20180130110340	6751
1.0.20180225105849	6547
