version	total
1.0.20160310140736	5167
1.0.20160311201238	5328
1.0.20160318153100	5286
1.0.20160323212343	5204
1.0.20160325210917	5192
1.0.20160331184641	5290
1.0.20160408133555	5288
1.0.20160413143011	4798
1.0.20160422204730	5286
1.0.20160427142240	6267
1.0.20160714182449	10175
1.0.20160913171024	5176
1.0.20160930152149	5321
1.0.20161005195021	5421
1.0.20161007181528	5304
1.0.20161122201220	5340
1.0.20161123190203	5452
1.0.20161221171240	5335
1.0.20161227200419	4951
1.0.20170217172322	6309
1.0.20170413194156	5927
1.0.20170817131858	6113
1.0.20170822192924	5285
1.0.20170828135420	5531
1.0.20170928192020	5868
1.0.20180130110340	7071
1.0.20180225105849	6927
