version	total
1.0.20160310140736	5110
1.0.20160311201238	5220
1.0.20160318153100	5175
1.0.20160323212343	5093
1.0.20160325210917	5081
1.0.20160331184641	5178
1.0.20160408133555	5181
1.0.20160413143011	4735
1.0.20160422204730	5224
1.0.20160427142240	6144
1.0.20160714182449	10107
1.0.20160913171024	5117
1.0.20160930152149	5212
1.0.20161005195021	5306
1.0.20161007181528	5191
1.0.20161122201220	5227
1.0.20161123190203	5341
1.0.20161221171240	5220
1.0.20161227200419	4889
1.0.20170217172322	6125
1.0.20170413194156	5842
1.0.20170817131858	5932
1.0.20170822192924	5174
1.0.20170828135420	5418
1.0.20170928192020	5757
1.0.20180130110340	6814
1.0.20180225105849	6629
