version	total
1.0.20160310140736	5111
1.0.20160311201238	5221
1.0.20160318153100	5176
1.0.20160323212343	5094
1.0.20160325210917	5082
1.0.20160331184641	5179
1.0.20160408133555	5181
1.0.20160413143011	4736
1.0.20160422204730	5225
1.0.20160427142240	6146
1.0.20160714182449	10108
1.0.20160913171024	5118
1.0.20160930152149	5213
1.0.20161005195021	5307
1.0.20161007181528	5192
1.0.20161122201220	5228
1.0.20161123190203	5342
1.0.20161221171240	5221
1.0.20161227200419	4890
1.0.20170217172322	6127
1.0.20170413194156	5843
1.0.20170817131858	5934
1.0.20170822192924	5175
1.0.20170828135420	5419
1.0.20170928192020	5758
1.0.20180130110340	6816
1.0.20180225105849	6633
