version	total
1.0.20160907111242	6203
1.0.20161124105442	5681
1.0.20170214185319	7224
1.0.20180209171722	7322
1.0.20180601100346	3528
1.0.20190228134645	2739
1.0.20190906212748	3536
2.0.20200220223835	2649
2.2.20210901154959	2461
2.2.20211116163652	2463
2.2.20220521103021	2149
