version	total
1.0.20160310140736	5233
1.0.20160311201238	5471
1.0.20160318153100	5432
1.0.20160323212343	5348
1.0.20160325210917	5335
1.0.20160331184641	5435
1.0.20160408133555	5432
1.0.20160413143011	4833
1.0.20160422204730	5320
1.0.20160427142240	6330
1.0.20160714182449	10280
1.0.20160913171024	5210
1.0.20160930152149	5456
1.0.20161005195021	5565
1.0.20161007181528	5445
1.0.20161122201220	5486
1.0.20161123190203	5595
1.0.20161221171240	5482
1.0.20161227200419	4982
1.0.20170217172322	6477
1.0.20170413194156	6003
1.0.20170817131858	6286
1.0.20170822192924	5385
1.0.20170828135420	5677
1.0.20170928192020	5970
1.0.20180130110340	7293
1.0.20180225105849	7159
