version	total
1.0.20160310140736	5140
1.0.20160311201238	5253
1.0.20160318153100	5208
1.0.20160323212343	5128
1.0.20160325210917	5116
1.0.20160331184641	5212
1.0.20160408133555	5215
1.0.20160413143011	4768
1.0.20160422204730	5256
1.0.20160427142240	6209
1.0.20160714182449	10142
1.0.20160913171024	5150
1.0.20160930152149	5247
1.0.20161005195021	5342
1.0.20161007181528	5228
1.0.20161122201220	5260
1.0.20161123190203	5374
1.0.20161221171240	5255
1.0.20161227200419	4923
1.0.20170217172322	6204
1.0.20170413194156	5878
1.0.20170817131858	6008
1.0.20170822192924	5211
1.0.20170828135420	5456
1.0.20170928192020	5795
1.0.20180130110340	6931
1.0.20180225105849	6763
