version	total
1.0.20160907111242	6112
1.0.20161124105442	5635
1.0.20170214185319	7152
1.0.20180209171722	7161
1.0.20180601100346	3470
1.0.20190228134645	2685
1.0.20190906212748	3381
2.0.20200220223835	2595
2.2.20210901154959	2408
2.2.20211116163652	2407
2.2.20220521103021	2095
