version	total
1.0.20160907111242	6245
1.0.20161124105442	5700
1.0.20170214185319	7319
1.0.20180209171722	7411
1.0.20180601100346	3620
1.0.20190228134645	2829
1.0.20190906212748	3670
2.0.20200220223835	2738
2.2.20210901154959	2550
2.2.20211116163652	2551
2.2.20220521103021	2241
