version	total
1.0.20160907111242	6184
1.0.20161124105442	5672
1.0.20170214185319	7195
1.0.20180209171722	7290
1.0.20180601100346	3503
1.0.20190228134645	2714
1.0.20190906212748	3498
2.0.20200220223835	2624
2.2.20210901154959	2435
2.2.20211116163652	2437
2.2.20220521103021	2124
