version	total
1.0.20160907111242	6180
1.0.20161124105442	5670
1.0.20170214185319	7189
1.0.20180209171722	7284
1.0.20180601100346	3498
1.0.20190228134645	2709
1.0.20190906212748	3489
2.0.20200220223835	2619
2.2.20210901154959	2430
2.2.20211116163652	2432
2.2.20220521103021	2119
