version	total
1.0.20160907111242	6233
1.0.20161124105442	5695
1.0.20170214185319	7291
1.0.20180209171722	7385
1.0.20180601100346	3593
1.0.20190228134645	2801
1.0.20190906212748	3634
2.0.20200220223835	2711
2.2.20210901154959	2523
2.2.20211116163652	2524
2.2.20220521103021	2214
