version	total
1.0.20160907111242	6210
1.0.20161124105442	5684
1.0.20170214185319	7241
1.0.20180209171722	7336
1.0.20180601100346	3545
1.0.20190228134645	2756
1.0.20190906212748	3557
2.0.20200220223835	2666
2.2.20210901154959	2478
2.2.20211116163652	2480
2.2.20220521103021	2166
