version	total
1.0.20160907111242	6248
1.0.20161124105442	5702
1.0.20170214185319	7333
1.0.20180209171722	7416
1.0.20180601100346	3634
1.0.20190228134645	2843
1.0.20190906212748	3680
2.0.20200220223835	2752
2.2.20210901154959	2564
2.2.20211116163652	2565
2.2.20220521103021	2254
