version	total
1.0.20160310140736	5157
1.0.20160311201238	5283
1.0.20160318153100	5240
1.0.20160323212343	5159
1.0.20160325210917	5147
1.0.20160331184641	5245
1.0.20160408133555	5245
1.0.20160413143011	4788
1.0.20160422204730	5275
1.0.20160427142240	6246
1.0.20160714182449	10164
1.0.20160913171024	5166
1.0.20160930152149	5277
1.0.20161005195021	5375
1.0.20161007181528	5258
1.0.20161122201220	5292
1.0.20161123190203	5407
1.0.20161221171240	5288
1.0.20161227200419	4941
1.0.20170217172322	6253
1.0.20170413194156	5902
1.0.20170817131858	6057
1.0.20170822192924	5241
1.0.20170828135420	5488
1.0.20170928192020	5825
1.0.20180130110340	7005
1.0.20180225105849	6850
