version	total
1.0.20160907111242	6208
1.0.20161124105442	5683
1.0.20170214185319	7234
1.0.20180209171722	7332
1.0.20180601100346	3538
1.0.20190228134645	2749
1.0.20190906212748	3549
2.0.20200220223835	2659
2.2.20210901154959	2471
2.2.20211116163652	2473
2.2.20220521103021	2159
