version	total
1.0.20160907111242	6263
1.0.20161124105442	5709
1.0.20170214185319	7355
1.0.20180209171722	7444
1.0.20180601100346	3652
1.0.20190228134645	2862
1.0.20190906212748	3701
2.0.20200220223835	2771
2.2.20210901154959	2581
2.2.20211116163652	2584
2.2.20220521103021	2273
