version	total
1.0.20160310140736	5124
1.0.20160311201238	5236
1.0.20160318153100	5191
1.0.20160323212343	5109
1.0.20160325210917	5098
1.0.20160331184641	5195
1.0.20160408133555	5196
1.0.20160413143011	4751
1.0.20160422204730	5239
1.0.20160427142240	6173
1.0.20160714182449	10125
1.0.20160913171024	5133
1.0.20160930152149	5228
1.0.20161005195021	5322
1.0.20161007181528	5209
1.0.20161122201220	5243
1.0.20161123190203	5357
1.0.20161221171240	5236
1.0.20161227200419	4904
1.0.20170217172322	6166
1.0.20170413194156	5860
1.0.20170817131858	5973
1.0.20170822192924	5193
1.0.20170828135420	5437
1.0.20170928192020	5775
1.0.20180130110340	6873
1.0.20180225105849	6699
