version	total
1.0.20160907111242	6243
1.0.20161124105442	5699
1.0.20170214185319	7316
1.0.20180209171722	7407
1.0.20180601100346	3617
1.0.20190228134645	2826
1.0.20190906212748	3668
2.0.20200220223835	2735
2.2.20210901154959	2547
2.2.20211116163652	2548
2.2.20220521103021	2238
