version	total
1.0.20160310140736	5169
1.0.20160311201238	5338
1.0.20160318153100	5297
1.0.20160323212343	5215
1.0.20160325210917	5203
1.0.20160331184641	5300
1.0.20160408133555	5299
1.0.20160413143011	4800
1.0.20160422204730	5288
1.0.20160427142240	6271
1.0.20160714182449	10177
1.0.20160913171024	5178
1.0.20160930152149	5332
1.0.20161005195021	5432
1.0.20161007181528	5315
1.0.20161122201220	5351
1.0.20161123190203	5463
1.0.20161221171240	5346
1.0.20161227200419	4953
1.0.20170217172322	6322
1.0.20170413194156	5932
1.0.20170817131858	6126
1.0.20170822192924	5296
1.0.20170828135420	5543
1.0.20170928192020	5879
1.0.20180130110340	7085
1.0.20180225105849	6946
