version	total
1.0.20160310140736	5176
1.0.20160311201238	5350
1.0.20160318153100	5309
1.0.20160323212343	5227
1.0.20160325210917	5214
1.0.20160331184641	5312
1.0.20160408133555	5311
1.0.20160413143011	4805
1.0.20160422204730	5293
1.0.20160427142240	6280
1.0.20160714182449	10187
1.0.20160913171024	5183
1.0.20160930152149	5344
1.0.20161005195021	5444
1.0.20161007181528	5326
1.0.20161122201220	5363
1.0.20161123190203	5474
1.0.20161221171240	5358
1.0.20161227200419	4958
1.0.20170217172322	6337
1.0.20170413194156	5944
1.0.20170817131858	6142
1.0.20170822192924	5308
1.0.20170828135420	5555
1.0.20170928192020	5891
1.0.20180130110340	7109
1.0.20180225105849	6967
