version	total
1.0.20160907111242	6166
1.0.20161124105442	5662
1.0.20170214185319	7181
1.0.20180209171722	7255
1.0.20180601100346	3489
1.0.20190228134645	2702
1.0.20190906212748	3462
2.0.20200220223835	2612
2.2.20210901154959	2424
2.2.20211116163652	2424
2.2.20220521103021	2111
