version	total
1.0.20160310140736	5132
1.0.20160311201238	5244
1.0.20160318153100	5199
1.0.20160323212343	5117
1.0.20160325210917	5106
1.0.20160331184641	5202
1.0.20160408133555	5204
1.0.20160413143011	4758
1.0.20160422204730	5247
1.0.20160427142240	6192
1.0.20160714182449	10132
1.0.20160913171024	5140
1.0.20160930152149	5236
1.0.20161005195021	5332
1.0.20161007181528	5217
1.0.20161122201220	5253
1.0.20161123190203	5365
1.0.20161221171240	5245
1.0.20161227200419	4913
1.0.20170217172322	6186
1.0.20170413194156	5868
1.0.20170817131858	5990
1.0.20170822192924	5200
1.0.20170828135420	5445
1.0.20170928192020	5786
1.0.20180130110340	6908
1.0.20180225105849	6731
