version	total
1.0.20160310140736	5200
1.0.20160311201238	5387
1.0.20160318153100	5347
1.0.20160323212343	5264
1.0.20160325210917	5251
1.0.20160331184641	5350
1.0.20160408133555	5348
1.0.20160413143011	4811
1.0.20160422204730	5299
1.0.20160427142240	6291
1.0.20160714182449	10232
1.0.20160913171024	5189
1.0.20160930152149	5380
1.0.20161005195021	5482
1.0.20161007181528	5363
1.0.20161122201220	5401
1.0.20161123190203	5512
1.0.20161221171240	5396
1.0.20161227200419	4963
1.0.20170217172322	6379
1.0.20170413194156	5969
1.0.20170817131858	6185
1.0.20170822192924	5339
1.0.20170828135420	5592
1.0.20170928192020	5923
1.0.20180130110340	7166
1.0.20180225105849	7025
