version	total
1.0.20160907111242	6239
1.0.20161124105442	5697
1.0.20170214185319	7303
1.0.20180209171722	7400
1.0.20180601100346	3606
1.0.20190228134645	2814
1.0.20190906212748	3651
2.0.20200220223835	2724
2.2.20210901154959	2536
2.2.20211116163652	2537
2.2.20220521103021	2227
