version	total
1.0.20160907111242	6178
1.0.20161124105442	5669
1.0.20170214185319	7187
1.0.20180209171722	7280
1.0.20180601100346	3496
1.0.20190228134645	2708
1.0.20190906212748	3486
2.0.20200220223835	2618
2.2.20210901154959	2429
2.2.20211116163652	2430
2.2.20220521103021	2117
