version	total
1.0.20160310140736	5188
1.0.20160311201238	5366
1.0.20160318153100	5325
1.0.20160323212343	5242
1.0.20160325210917	5229
1.0.20160331184641	5328
1.0.20160408133555	5326
1.0.20160413143011	4809
1.0.20160422204730	5297
1.0.20160427142240	6288
1.0.20160714182449	10207
1.0.20160913171024	5187
1.0.20160930152149	5359
1.0.20161005195021	5460
1.0.20161007181528	5341
1.0.20161122201220	5379
1.0.20161123190203	5490
1.0.20161221171240	5374
1.0.20161227200419	4961
1.0.20170217172322	6356
1.0.20170413194156	5956
1.0.20170817131858	6161
1.0.20170822192924	5321
1.0.20170828135420	5570
1.0.20170928192020	5905
1.0.20180130110340	7131
1.0.20180225105849	6996
