version	total
1.0.20160907111242	6263
1.0.20161124105442	5709
1.0.20170214185319	7354
1.0.20180209171722	7444
1.0.20180601100346	3651
1.0.20190228134645	2861
1.0.20190906212748	3700
2.0.20200220223835	2770
2.2.20210901154959	2580
2.2.20211116163652	2583
2.2.20220521103021	2272
