version	total
1.0.20160310140736	5232
1.0.20160311201238	5462
1.0.20160318153100	5423
1.0.20160323212343	5339
1.0.20160325210917	5325
1.0.20160331184641	5425
1.0.20160408133555	5423
1.0.20160413143011	4832
1.0.20160422204730	5318
1.0.20160427142240	6328
1.0.20160714182449	10278
1.0.20160913171024	5209
1.0.20160930152149	5452
1.0.20161005195021	5556
1.0.20161007181528	5436
1.0.20161122201220	5477
1.0.20161123190203	5585
1.0.20161221171240	5473
1.0.20161227200419	4981
1.0.20170217172322	6467
1.0.20170413194156	6001
1.0.20170817131858	6275
1.0.20170822192924	5383
1.0.20170828135420	5667
1.0.20170928192020	5969
1.0.20180130110340	7279
1.0.20180225105849	7146
