version	total
1.0.20160310140736	5182
1.0.20160311201238	5360
1.0.20160318153100	5319
1.0.20160323212343	5236
1.0.20160325210917	5223
1.0.20160331184641	5322
1.0.20160408133555	5320
1.0.20160413143011	4808
1.0.20160422204730	5296
1.0.20160427142240	6286
1.0.20160714182449	10196
1.0.20160913171024	5186
1.0.20160930152149	5353
1.0.20161005195021	5454
1.0.20161007181528	5335
1.0.20161122201220	5373
1.0.20161123190203	5484
1.0.20161221171240	5368
1.0.20161227200419	4960
1.0.20170217172322	6349
1.0.20170413194156	5950
1.0.20170817131858	6154
1.0.20170822192924	5315
1.0.20170828135420	5564
1.0.20170928192020	5898
1.0.20180130110340	7122
1.0.20180225105849	6986
