version	total
1.0.20160310140736	5183
1.0.20160311201238	5361
1.0.20160318153100	5320
1.0.20160323212343	5237
1.0.20160325210917	5224
1.0.20160331184641	5323
1.0.20160408133555	5321
1.0.20160413143011	4808
1.0.20160422204730	5296
1.0.20160427142240	6286
1.0.20160714182449	10198
1.0.20160913171024	5186
1.0.20160930152149	5354
1.0.20161005195021	5455
1.0.20161007181528	5336
1.0.20161122201220	5374
1.0.20161123190203	5485
1.0.20161221171240	5369
1.0.20161227200419	4960
1.0.20170217172322	6350
1.0.20170413194156	5951
1.0.20170817131858	6155
1.0.20170822192924	5316
1.0.20170828135420	5565
1.0.20170928192020	5899
1.0.20180130110340	7125
1.0.20180225105849	6987
