version	total
1.0.20160310140736	5206
1.0.20160311201238	5406
1.0.20160318153100	5367
1.0.20160323212343	5283
1.0.20160325210917	5270
1.0.20160331184641	5369
1.0.20160408133555	5368
1.0.20160413143011	4816
1.0.20160422204730	5304
1.0.20160427142240	6299
1.0.20160714182449	10240
1.0.20160913171024	5194
1.0.20160930152149	5400
1.0.20161005195021	5501
1.0.20161007181528	5382
1.0.20161122201220	5421
1.0.20161123190203	5531
1.0.20161221171240	5416
1.0.20161227200419	4967
1.0.20170217172322	6401
1.0.20170413194156	5975
1.0.20170817131858	6207
1.0.20170822192924	5347
1.0.20170828135420	5612
1.0.20170928192020	5931
1.0.20180130110340	7193
1.0.20180225105849	7055
