version	total
1.0.20160310140736	5136
1.0.20160311201238	5247
1.0.20160318153100	5203
1.0.20160323212343	5122
1.0.20160325210917	5110
1.0.20160331184641	5205
1.0.20160408133555	5209
1.0.20160413143011	4762
1.0.20160422204730	5251
1.0.20160427142240	6199
1.0.20160714182449	10136
1.0.20160913171024	5145
1.0.20160930152149	5241
1.0.20161005195021	5335
1.0.20161007181528	5222
1.0.20161122201220	5256
1.0.20161123190203	5369
1.0.20161221171240	5248
1.0.20161227200419	4919
1.0.20170217172322	6192
1.0.20170413194156	5872
1.0.20170817131858	5998
1.0.20170822192924	5205
1.0.20170828135420	5450
1.0.20170928192020	5789
1.0.20180130110340	6914
1.0.20180225105849	6746
