version	total
1.0.20160907111242	6263
1.0.20161124105442	5709
1.0.20170214185319	7353
1.0.20180209171722	7444
1.0.20180601100346	3650
1.0.20190228134645	2860
1.0.20190906212748	3699
2.0.20200220223835	2769
2.2.20210901154959	2579
2.2.20211116163652	2582
2.2.20220521103021	2271
