version	total
1.0.20160907111242	6157
1.0.20161124105442	5657
1.0.20170214185319	7175
1.0.20180209171722	7238
1.0.20180601100346	3486
1.0.20190228134645	2699
1.0.20190906212748	3452
2.0.20200220223835	2609
2.2.20210901154959	2422
2.2.20211116163652	2421
2.2.20220521103021	2108
