version	total
1.0.20160907111242	6239
1.0.20161124105442	5697
1.0.20170214185319	7307
1.0.20180209171722	7401
1.0.20180601100346	3610
1.0.20190228134645	2818
1.0.20190906212748	3658
2.0.20200220223835	2728
2.2.20210901154959	2540
2.2.20211116163652	2542
2.2.20220521103021	2231
