version	total
1.0.20160310140736	5184
1.0.20160311201238	5362
1.0.20160318153100	5321
1.0.20160323212343	5238
1.0.20160325210917	5225
1.0.20160331184641	5324
1.0.20160408133555	5322
1.0.20160413143011	4808
1.0.20160422204730	5296
1.0.20160427142240	6286
1.0.20160714182449	10200
1.0.20160913171024	5186
1.0.20160930152149	5355
1.0.20161005195021	5456
1.0.20161007181528	5337
1.0.20161122201220	5375
1.0.20161123190203	5486
1.0.20161221171240	5370
1.0.20161227200419	4960
1.0.20170217172322	6351
1.0.20170413194156	5952
1.0.20170817131858	6156
1.0.20170822192924	5317
1.0.20170828135420	5566
1.0.20170928192020	5900
1.0.20180130110340	7126
1.0.20180225105849	6988
