version	total
1.0.20160907111242	6279
1.0.20161124105442	5716
1.0.20170214185319	7389
1.0.20180209171722	7477
1.0.20180601100346	3683
1.0.20190228134645	2892
1.0.20190906212748	3740
2.0.20200220223835	2802
2.2.20210901154959	2612
2.2.20211116163652	2615
2.2.20220521103021	2303
