version	total
1.0.20160907111242	6263
1.0.20161124105442	5709
1.0.20170214185319	7352
1.0.20180209171722	7444
1.0.20180601100346	3649
1.0.20190228134645	2859
1.0.20190906212748	3697
2.0.20200220223835	2768
2.2.20210901154959	2578
2.2.20211116163652	2581
2.2.20220521103021	2270
