version	total
1.0.20160907111242	6279
1.0.20161124105442	5716
1.0.20170214185319	7390
1.0.20180209171722	7477
1.0.20180601100346	3684
1.0.20190228134645	2893
1.0.20190906212748	3740
2.0.20200220223835	2803
2.2.20210901154959	2613
2.2.20211116163652	2616
2.2.20220521103021	2304
