version	total
1.0.20160907111242	6279
1.0.20161124105442	5716
1.0.20170214185319	7387
1.0.20180209171722	7476
1.0.20180601100346	3681
1.0.20190228134645	2890
1.0.20190906212748	3740
2.0.20200220223835	2800
2.2.20210901154959	2610
2.2.20211116163652	2613
2.2.20220521103021	2301
