version	total
1.0.20160310140736	5102
1.0.20160311201238	5210
1.0.20160318153100	5165
1.0.20160323212343	5084
1.0.20160325210917	5072
1.0.20160331184641	5168
1.0.20160408133555	5171
1.0.20160413143011	4727
1.0.20160422204730	5215
1.0.20160427142240	6127
1.0.20160714182449	10095
1.0.20160913171024	5107
1.0.20160930152149	5201
1.0.20161005195021	5296
1.0.20161007181528	5181
1.0.20161122201220	5217
1.0.20161123190203	5331
1.0.20161221171240	5209
1.0.20161227200419	4881
1.0.20170217172322	6107
1.0.20170413194156	5831
1.0.20170817131858	5914
1.0.20170822192924	5163
1.0.20170828135420	5408
1.0.20170928192020	5748
1.0.20180130110340	6794
1.0.20180225105849	6596
