version	total
1.0.20160310140736	5204
1.0.20160311201238	5394
1.0.20160318153100	5355
1.0.20160323212343	5271
1.0.20160325210917	5258
1.0.20160331184641	5356
1.0.20160408133555	5356
1.0.20160413143011	4814
1.0.20160422204730	5302
1.0.20160427142240	6296
1.0.20160714182449	10238
1.0.20160913171024	5192
1.0.20160930152149	5388
1.0.20161005195021	5489
1.0.20161007181528	5370
1.0.20161122201220	5409
1.0.20161123190203	5519
1.0.20161221171240	5404
1.0.20161227200419	4965
1.0.20170217172322	6388
1.0.20170413194156	5973
1.0.20170817131858	6194
1.0.20170822192924	5343
1.0.20170828135420	5600
1.0.20170928192020	5926
1.0.20180130110340	7176
1.0.20180225105849	7039
