version	total
1.0.20160310140736	5165
1.0.20160311201238	5318
1.0.20160318153100	5275
1.0.20160323212343	5195
1.0.20160325210917	5183
1.0.20160331184641	5280
1.0.20160408133555	5279
1.0.20160413143011	4796
1.0.20160422204730	5284
1.0.20160427142240	6263
1.0.20160714182449	10173
1.0.20160913171024	5174
1.0.20160930152149	5312
1.0.20161005195021	5411
1.0.20161007181528	5295
1.0.20161122201220	5328
1.0.20161123190203	5442
1.0.20161221171240	5324
1.0.20161227200419	4949
1.0.20170217172322	6298
1.0.20170413194156	5922
1.0.20170817131858	6101
1.0.20170822192924	5276
1.0.20170828135420	5522
1.0.20170928192020	5859
1.0.20180130110340	7057
1.0.20180225105849	6910
