version	total
1.0.20160907111242	6276
1.0.20161124105442	5714
1.0.20170214185319	7380
1.0.20180209171722	7468
1.0.20180601100346	3675
1.0.20190228134645	2884
1.0.20190906212748	3732
2.0.20200220223835	2795
2.2.20210901154959	2605
2.2.20211116163652	2608
2.2.20220521103021	2295
