version	total
1.0.20160907111242	6218
1.0.20161124105442	5688
1.0.20170214185319	7263
1.0.20180209171722	7352
1.0.20180601100346	3567
1.0.20190228134645	2777
1.0.20190906212748	3590
2.0.20200220223835	2687
2.2.20210901154959	2499
2.2.20211116163652	2500
2.2.20220521103021	2189
