version	total
1.0.20160907111242	6201
1.0.20161124105442	5680
1.0.20170214185319	7222
1.0.20180209171722	7318
1.0.20180601100346	3526
1.0.20190228134645	2737
1.0.20190906212748	3534
2.0.20200220223835	2647
2.2.20210901154959	2459
2.2.20211116163652	2461
2.2.20220521103021	2147
