version	total
1.0.20160907111242	6104
1.0.20161124105442	5631
1.0.20170214185319	7147
1.0.20180209171722	7144
1.0.20180601100346	3466
1.0.20190228134645	2681
1.0.20190906212748	3361
2.0.20200220223835	2592
2.2.20210901154959	2405
2.2.20211116163652	2404
2.2.20220521103021	2092
