version	total
1.0.20160310140736	5155
1.0.20160311201238	5274
1.0.20160318153100	5231
1.0.20160323212343	5150
1.0.20160325210917	5138
1.0.20160331184641	5236
1.0.20160408133555	5236
1.0.20160413143011	4786
1.0.20160422204730	5273
1.0.20160427142240	6241
1.0.20160714182449	10160
1.0.20160913171024	5164
1.0.20160930152149	5267
1.0.20161005195021	5366
1.0.20161007181528	5250
1.0.20161122201220	5283
1.0.20161123190203	5398
1.0.20161221171240	5279
1.0.20161227200419	4939
1.0.20170217172322	6242
1.0.20170413194156	5896
1.0.20170817131858	6046
1.0.20170822192924	5232
1.0.20170828135420	5479
1.0.20170928192020	5816
1.0.20180130110340	6992
1.0.20180225105849	6836
