version	total
1.0.20160907111242	6208
1.0.20161124105442	5683
1.0.20170214185319	7235
1.0.20180209171722	7332
1.0.20180601100346	3539
1.0.20190228134645	2750
1.0.20190906212748	3551
2.0.20200220223835	2660
2.2.20210901154959	2472
2.2.20211116163652	2474
2.2.20220521103021	2160
