version	total
1.0.20160907111242	6285
1.0.20161124105442	5719
1.0.20170214185319	7408
1.0.20180209171722	7490
1.0.20180601100346	3702
1.0.20190228134645	2911
1.0.20190906212748	3757
2.0.20200220223835	2821
2.2.20210901154959	2631
2.2.20211116163652	2634
2.2.20220521103021	2322
