version	total
1.0.20160907111242	6248
1.0.20161124105442	5702
1.0.20170214185319	7332
1.0.20180209171722	7416
1.0.20180601100346	3633
1.0.20190228134645	2842
1.0.20190906212748	3680
2.0.20200220223835	2751
2.2.20210901154959	2562
2.2.20211116163652	2564
2.2.20220521103021	2253
