version	total
1.0.20160310140736	5161
1.0.20160311201238	5295
1.0.20160318153100	5252
1.0.20160323212343	5171
1.0.20160325210917	5159
1.0.20160331184641	5257
1.0.20160408133555	5256
1.0.20160413143011	4792
1.0.20160422204730	5280
1.0.20160427142240	6255
1.0.20160714182449	10169
1.0.20160913171024	5170
1.0.20160930152149	5288
1.0.20161005195021	5387
1.0.20161007181528	5270
1.0.20161122201220	5304
1.0.20161123190203	5419
1.0.20161221171240	5301
1.0.20161227200419	4945
1.0.20170217172322	6269
1.0.20170413194156	5911
1.0.20170817131858	6073
1.0.20170822192924	5252
1.0.20170828135420	5499
1.0.20170928192020	5836
1.0.20180130110340	7024
1.0.20180225105849	6872
