version	total
1.0.20160907111242	6253
1.0.20161124105442	5705
1.0.20170214185319	7340
1.0.20180209171722	7427
1.0.20180601100346	3640
1.0.20190228134645	2849
1.0.20190906212748	3687
2.0.20200220223835	2758
2.2.20210901154959	2569
2.2.20211116163652	2571
2.2.20220521103021	2260
