version	total
1.0.20160907111242	6121
1.0.20161124105442	5640
1.0.20170214185319	7158
1.0.20180209171722	7176
1.0.20180601100346	3474
1.0.20190228134645	2689
1.0.20190906212748	3395
2.0.20200220223835	2600
2.2.20210901154959	2413
2.2.20211116163652	2412
2.2.20220521103021	2100
