version	total
1.0.20160907111242	6281
1.0.20161124105442	5717
1.0.20170214185319	7392
1.0.20180209171722	7481
1.0.20180601100346	3686
1.0.20190228134645	2895
1.0.20190906212748	3742
2.0.20200220223835	2805
2.2.20210901154959	2615
2.2.20211116163652	2618
2.2.20220521103021	2306
