version	total
1.0.20160907111242	6208
1.0.20161124105442	5683
1.0.20170214185319	7236
1.0.20180209171722	7332
1.0.20180601100346	3540
1.0.20190228134645	2751
1.0.20190906212748	3552
2.0.20200220223835	2661
2.2.20210901154959	2473
2.2.20211116163652	2475
2.2.20220521103021	2161
