version	total
1.0.20160310140736	5100
1.0.20160311201238	5208
1.0.20160318153100	5163
1.0.20160323212343	5082
1.0.20160325210917	5070
1.0.20160331184641	5166
1.0.20160408133555	5170
1.0.20160413143011	4727
1.0.20160422204730	5214
1.0.20160427142240	6126
1.0.20160714182449	10091
1.0.20160913171024	5105
1.0.20160930152149	5200
1.0.20161005195021	5294
1.0.20161007181528	5179
1.0.20161122201220	5215
1.0.20161123190203	5329
1.0.20161221171240	5207
1.0.20161227200419	4881
1.0.20170217172322	6106
1.0.20170413194156	5829
1.0.20170817131858	5912
1.0.20170822192924	5161
1.0.20170828135420	5408
1.0.20170928192020	5746
1.0.20180130110340	6792
1.0.20180225105849	6594
