version	total
1.0.20160907111242	6233
1.0.20161124105442	5695
1.0.20170214185319	7290
1.0.20180209171722	7383
1.0.20180601100346	3592
1.0.20190228134645	2800
1.0.20190906212748	3633
2.0.20200220223835	2710
2.2.20210901154959	2522
2.2.20211116163652	2524
2.2.20220521103021	2213
