version	total
1.0.20160907111242	6069
1.0.20161124105442	5613
1.0.20170214185319	7131
1.0.20180209171722	7081
1.0.20180601100346	3453
1.0.20190228134645	2670
1.0.20190906212748	3331
2.0.20200220223835	2581
2.2.20210901154959	2394
2.2.20211116163652	2394
2.2.20220521103021	2083
