version	total
1.0.20160310140736	5131
1.0.20160311201238	5243
1.0.20160318153100	5198
1.0.20160323212343	5116
1.0.20160325210917	5105
1.0.20160331184641	5201
1.0.20160408133555	5203
1.0.20160413143011	4758
1.0.20160422204730	5246
1.0.20160427142240	6187
1.0.20160714182449	10131
1.0.20160913171024	5140
1.0.20160930152149	5235
1.0.20161005195021	5329
1.0.20161007181528	5216
1.0.20161122201220	5250
1.0.20161123190203	5364
1.0.20161221171240	5243
1.0.20161227200419	4911
1.0.20170217172322	6180
1.0.20170413194156	5867
1.0.20170817131858	5987
1.0.20170822192924	5199
1.0.20170828135420	5444
1.0.20170928192020	5783
1.0.20180130110340	6907
1.0.20180225105849	6727
