version	total
1.0.20160310140736	5168
1.0.20160311201238	5331
1.0.20160318153100	5289
1.0.20160323212343	5208
1.0.20160325210917	5196
1.0.20160331184641	5293
1.0.20160408133555	5292
1.0.20160413143011	4799
1.0.20160422204730	5287
1.0.20160427142240	6269
1.0.20160714182449	10176
1.0.20160913171024	5177
1.0.20160930152149	5325
1.0.20161005195021	5424
1.0.20161007181528	5308
1.0.20161122201220	5343
1.0.20161123190203	5455
1.0.20161221171240	5338
1.0.20161227200419	4952
1.0.20170217172322	6314
1.0.20170413194156	5929
1.0.20170817131858	6117
1.0.20170822192924	5289
1.0.20170828135420	5535
1.0.20170928192020	5872
1.0.20180130110340	7077
1.0.20180225105849	6933
