version	total
1.0.20160907111242	6235
1.0.20161124105442	5696
1.0.20170214185319	7296
1.0.20180209171722	7393
1.0.20180601100346	3598
1.0.20190228134645	2806
1.0.20190906212748	3642
2.0.20200220223835	2716
2.2.20210901154959	2528
2.2.20211116163652	2530
2.2.20220521103021	2219
