version	total
1.0.20160907111242	6091
1.0.20161124105442	5624
1.0.20170214185319	7142
1.0.20180209171722	7125
1.0.20180601100346	3462
1.0.20190228134645	2678
1.0.20190906212748	3348
2.0.20200220223835	2589
2.2.20210901154959	2402
2.2.20211116163652	2401
2.2.20220521103021	2089
