version	total
1.0.20160907111242	6214
1.0.20161124105442	5686
1.0.20170214185319	7250
1.0.20180209171722	7344
1.0.20180601100346	3555
1.0.20190228134645	2766
1.0.20190906212748	3573
2.0.20200220223835	2676
2.2.20210901154959	2488
2.2.20211116163652	2489
2.2.20220521103021	2177
