version	total
1.0.20160907111242	6119
1.0.20161124105442	5639
1.0.20170214185319	7157
1.0.20180209171722	7172
1.0.20180601100346	3474
1.0.20190228134645	2688
1.0.20190906212748	3389
2.0.20200220223835	2599
2.2.20210901154959	2412
2.2.20211116163652	2411
2.2.20220521103021	2099
