version	total
1.0.20160907111242	6085
1.0.20161124105442	5621
1.0.20170214185319	7139
1.0.20180209171722	7112
1.0.20180601100346	3459
1.0.20190228134645	2675
1.0.20190906212748	3344
2.0.20200220223835	2586
2.2.20210901154959	2399
2.2.20211116163652	2398
2.2.20220521103021	2087
