version	total
1.0.20160907111242	6045
1.0.20161124105442	5594
1.0.20170214185319	7111
1.0.20180209171722	7051
1.0.20180601100346	3434
1.0.20190228134645	2651
1.0.20190906212748	3303
2.0.20200220223835	2564
2.2.20210901154959	2376
2.2.20211116163652	2376
2.2.20220521103021	2065
