version	total
1.0.20160907111242	6174
1.0.20161124105442	5666
1.0.20170214185319	7184
1.0.20180209171722	7272
1.0.20180601100346	3493
1.0.20190228134645	2705
1.0.20190906212748	3478
2.0.20200220223835	2615
2.2.20210901154959	2427
2.2.20211116163652	2427
2.2.20220521103021	2114
