version	total
1.0.20160310140736	5204
1.0.20160311201238	5398
1.0.20160318153100	5359
1.0.20160323212343	5275
1.0.20160325210917	5262
1.0.20160331184641	5360
1.0.20160408133555	5360
1.0.20160413143011	4814
1.0.20160422204730	5302
1.0.20160427142240	6296
1.0.20160714182449	10238
1.0.20160913171024	5192
1.0.20160930152149	5392
1.0.20161005195021	5493
1.0.20161007181528	5374
1.0.20161122201220	5413
1.0.20161123190203	5522
1.0.20161221171240	5408
1.0.20161227200419	4965
1.0.20170217172322	6392
1.0.20170413194156	5973
1.0.20170817131858	6198
1.0.20170822192924	5343
1.0.20170828135420	5604
1.0.20170928192020	5927
1.0.20180130110340	7183
1.0.20180225105849	7043
