version	total
1.0.20160907111242	6253
1.0.20161124105442	5705
1.0.20170214185319	7339
1.0.20180209171722	7426
1.0.20180601100346	3638
1.0.20190228134645	2847
1.0.20190906212748	3683
2.0.20200220223835	2756
2.2.20210901154959	2568
2.2.20211116163652	2569
2.2.20220521103021	2258
