version	total
1.0.20160310140736	5136
1.0.20160311201238	5248
1.0.20160318153100	5204
1.0.20160323212343	5123
1.0.20160325210917	5111
1.0.20160331184641	5206
1.0.20160408133555	5210
1.0.20160413143011	4763
1.0.20160422204730	5252
1.0.20160427142240	6200
1.0.20160714182449	10137
1.0.20160913171024	5145
1.0.20160930152149	5242
1.0.20161005195021	5336
1.0.20161007181528	5223
1.0.20161122201220	5257
1.0.20161123190203	5370
1.0.20161221171240	5249
1.0.20161227200419	4919
1.0.20170217172322	6194
1.0.20170413194156	5873
1.0.20170817131858	6000
1.0.20170822192924	5206
1.0.20170828135420	5451
1.0.20170928192020	5790
1.0.20180130110340	6917
1.0.20180225105849	6748
