version	total
1.0.20160907111242	6239
1.0.20161124105442	5697
1.0.20170214185319	7308
1.0.20180209171722	7402
1.0.20180601100346	3611
1.0.20190228134645	2819
1.0.20190906212748	3661
2.0.20200220223835	2729
2.2.20210901154959	2541
2.2.20211116163652	2542
2.2.20220521103021	2232
