version	total
1.0.20160310140736	5213
1.0.20160311201238	5433
1.0.20160318153100	5394
1.0.20160323212343	5310
1.0.20160325210917	5297
1.0.20160331184641	5396
1.0.20160408133555	5396
1.0.20160413143011	4824
1.0.20160422204730	5311
1.0.20160427142240	6312
1.0.20160714182449	10249
1.0.20160913171024	5200
1.0.20160930152149	5427
1.0.20161005195021	5527
1.0.20161007181528	5408
1.0.20161122201220	5448
1.0.20161123190203	5557
1.0.20161221171240	5444
1.0.20161227200419	4974
1.0.20170217172322	6434
1.0.20170413194156	5983
1.0.20170817131858	6239
1.0.20170822192924	5364
1.0.20170828135420	5640
1.0.20170928192020	5949
1.0.20180130110340	7234
1.0.20180225105849	7099
