version	total
1.0.20160907111242	6142
1.0.20161124105442	5650
1.0.20170214185319	7169
1.0.20180209171722	7213
1.0.20180601100346	3481
1.0.20190228134645	2694
1.0.20190906212748	3428
2.0.20200220223835	2604
2.2.20210901154959	2417
2.2.20211116163652	2416
2.2.20220521103021	2103
