version	total
1.0.20160310140736	5235
1.0.20160311201238	5481
1.0.20160318153100	5442
1.0.20160323212343	5358
1.0.20160325210917	5345
1.0.20160331184641	5444
1.0.20160408133555	5442
1.0.20160413143011	4834
1.0.20160422204730	5321
1.0.20160427142240	6332
1.0.20160714182449	10283
1.0.20160913171024	5211
1.0.20160930152149	5461
1.0.20161005195021	5575
1.0.20161007181528	5455
1.0.20161122201220	5496
1.0.20161123190203	5605
1.0.20161221171240	5492
1.0.20161227200419	4983
1.0.20170217172322	6492
1.0.20170413194156	6008
1.0.20170817131858	6300
1.0.20170822192924	5390
1.0.20170828135420	5689
1.0.20170928192020	5975
1.0.20180130110340	7310
1.0.20180225105849	7179
