version	total
1.0.20160907111242	6208
1.0.20161124105442	5683
1.0.20170214185319	7238
1.0.20180209171722	7332
1.0.20180601100346	3542
1.0.20190228134645	2753
1.0.20190906212748	3554
2.0.20200220223835	2663
2.2.20210901154959	2475
2.2.20211116163652	2477
2.2.20220521103021	2163
