version	total
1.0.20160907111242	6236
1.0.20161124105442	5696
1.0.20170214185319	7297
1.0.20180209171722	7394
1.0.20180601100346	3599
1.0.20190228134645	2807
1.0.20190906212748	3643
2.0.20200220223835	2717
2.2.20210901154959	2529
2.2.20211116163652	2531
2.2.20220521103021	2220
