version	total
1.0.20160907111242	6232
1.0.20161124105442	5695
1.0.20170214185319	7288
1.0.20180209171722	7381
1.0.20180601100346	3590
1.0.20190228134645	2798
1.0.20190906212748	3630
2.0.20200220223835	2708
2.2.20210901154959	2520
2.2.20211116163652	2522
2.2.20220521103021	2211
