version	total
1.0.20160907111242	6237
1.0.20161124105442	5696
1.0.20170214185319	7298
1.0.20180209171722	7395
1.0.20180601100346	3600
1.0.20190228134645	2808
1.0.20190906212748	3644
2.0.20200220223835	2718
2.2.20210901154959	2530
2.2.20211116163652	2532
2.2.20220521103021	2221
