version	total
1.0.20160907111242	6263
1.0.20161124105442	5709
1.0.20170214185319	7350
1.0.20180209171722	7444
1.0.20180601100346	3647
1.0.20190228134645	2857
1.0.20190906212748	3696
2.0.20200220223835	2766
2.2.20210901154959	2576
2.2.20211116163652	2579
2.2.20220521103021	2267
