version	total
1.0.20160310140736	5213
1.0.20160311201238	5430
1.0.20160318153100	5391
1.0.20160323212343	5307
1.0.20160325210917	5294
1.0.20160331184641	5392
1.0.20160408133555	5392
1.0.20160413143011	4824
1.0.20160422204730	5311
1.0.20160427142240	6312
1.0.20160714182449	10248
1.0.20160913171024	5200
1.0.20160930152149	5424
1.0.20161005195021	5524
1.0.20161007181528	5405
1.0.20161122201220	5445
1.0.20161123190203	5554
1.0.20161221171240	5440
1.0.20161227200419	4973
1.0.20170217172322	6430
1.0.20170413194156	5982
1.0.20170817131858	6235
1.0.20170822192924	5364
1.0.20170828135420	5636
1.0.20170928192020	5948
1.0.20180130110340	7229
1.0.20180225105849	7096
