version	total
1.0.20160907111242	6207
1.0.20161124105442	5683
1.0.20170214185319	7233
1.0.20180209171722	7332
1.0.20180601100346	3537
1.0.20190228134645	2748
1.0.20190906212748	3548
2.0.20200220223835	2658
2.2.20210901154959	2470
2.2.20211116163652	2472
2.2.20220521103021	2158
