version	total
1.0.20160907111242	6182
1.0.20161124105442	5671
1.0.20170214185319	7192
1.0.20180209171722	7286
1.0.20180601100346	3500
1.0.20190228134645	2711
1.0.20190906212748	3494
2.0.20200220223835	2621
2.2.20210901154959	2432
2.2.20211116163652	2434
2.2.20220521103021	2121
