version	total
1.0.20160907111242	6283
1.0.20161124105442	5718
1.0.20170214185319	7400
1.0.20180209171722	7485
1.0.20180601100346	3694
1.0.20190228134645	2903
1.0.20190906212748	3749
2.0.20200220223835	2813
2.2.20210901154959	2623
2.2.20211116163652	2626
2.2.20220521103021	2314
