version	total
1.0.20160907111242	6115
1.0.20161124105442	5637
1.0.20170214185319	7155
1.0.20180209171722	7166
1.0.20180601100346	3473
1.0.20190228134645	2687
1.0.20190906212748	3387
2.0.20200220223835	2598
2.2.20210901154959	2411
2.2.20211116163652	2410
2.2.20220521103021	2098
