version	total
1.0.20160907111242	6212
1.0.20161124105442	5685
1.0.20170214185319	7249
1.0.20180209171722	7341
1.0.20180601100346	3555
1.0.20190228134645	2765
1.0.20190906212748	3570
2.0.20200220223835	2675
2.2.20210901154959	2487
2.2.20211116163652	2489
2.2.20220521103021	2176
