version	total
1.0.20160310140736	5203
1.0.20160311201238	5390
1.0.20160318153100	5351
1.0.20160323212343	5267
1.0.20160325210917	5254
1.0.20160331184641	5352
1.0.20160408133555	5352
1.0.20160413143011	4813
1.0.20160422204730	5301
1.0.20160427142240	6294
1.0.20160714182449	10237
1.0.20160913171024	5191
1.0.20160930152149	5384
1.0.20161005195021	5485
1.0.20161007181528	5366
1.0.20161122201220	5405
1.0.20161123190203	5515
1.0.20161221171240	5400
1.0.20161227200419	4964
1.0.20170217172322	6383
1.0.20170413194156	5972
1.0.20170817131858	6189
1.0.20170822192924	5342
1.0.20170828135420	5596
1.0.20170928192020	5925
1.0.20180130110340	7171
1.0.20180225105849	7032
