version	total
1.0.20160907111242	6164
1.0.20161124105442	5661
1.0.20170214185319	7180
1.0.20180209171722	7251
1.0.20180601100346	3488
1.0.20190228134645	2701
1.0.20190906212748	3459
2.0.20200220223835	2611
2.2.20210901154959	2423
2.2.20211116163652	2423
2.2.20220521103021	2110
