version	total
1.0.20160310140736	5144
1.0.20160311201238	5257
1.0.20160318153100	5212
1.0.20160323212343	5132
1.0.20160325210917	5120
1.0.20160331184641	5217
1.0.20160408133555	5219
1.0.20160413143011	4773
1.0.20160422204730	5260
1.0.20160427142240	6217
1.0.20160714182449	10146
1.0.20160913171024	5154
1.0.20160930152149	5251
1.0.20161005195021	5347
1.0.20161007181528	5232
1.0.20161122201220	5264
1.0.20161123190203	5379
1.0.20161221171240	5261
1.0.20161227200419	4927
1.0.20170217172322	6213
1.0.20170413194156	5882
1.0.20170817131858	6016
1.0.20170822192924	5215
1.0.20170828135420	5463
1.0.20170928192020	5799
1.0.20180130110340	6944
1.0.20180225105849	6781
