version	total
1.0.20160310140736	5164
1.0.20160311201238	5311
1.0.20160318153100	5268
1.0.20160323212343	5187
1.0.20160325210917	5175
1.0.20160331184641	5273
1.0.20160408133555	5272
1.0.20160413143011	4795
1.0.20160422204730	5283
1.0.20160427142240	6261
1.0.20160714182449	10172
1.0.20160913171024	5173
1.0.20160930152149	5304
1.0.20161005195021	5404
1.0.20161007181528	5286
1.0.20161122201220	5321
1.0.20161123190203	5435
1.0.20161221171240	5317
1.0.20161227200419	4948
1.0.20170217172322	6289
1.0.20170413194156	5917
1.0.20170817131858	6093
1.0.20170822192924	5269
1.0.20170828135420	5515
1.0.20170928192020	5852
1.0.20180130110340	7047
1.0.20180225105849	6898
