version	total
1.0.20160907111242	6257
1.0.20161124105442	5707
1.0.20170214185319	7344
1.0.20180209171722	7434
1.0.20180601100346	3643
1.0.20190228134645	2852
1.0.20190906212748	3689
2.0.20200220223835	2761
2.2.20210901154959	2571
2.2.20211116163652	2574
2.2.20220521103021	2263
