version	total
1.0.20160310140736	5164
1.0.20160311201238	5310
1.0.20160318153100	5267
1.0.20160323212343	5186
1.0.20160325210917	5174
1.0.20160331184641	5272
1.0.20160408133555	5271
1.0.20160413143011	4795
1.0.20160422204730	5283
1.0.20160427142240	6261
1.0.20160714182449	10172
1.0.20160913171024	5173
1.0.20160930152149	5303
1.0.20161005195021	5403
1.0.20161007181528	5285
1.0.20161122201220	5320
1.0.20161123190203	5434
1.0.20161221171240	5316
1.0.20161227200419	4948
1.0.20170217172322	6288
1.0.20170413194156	5917
1.0.20170817131858	6091
1.0.20170822192924	5268
1.0.20170828135420	5514
1.0.20170928192020	5851
1.0.20180130110340	7045
1.0.20180225105849	6897
