version	total
1.0.20160907111242	6170
1.0.20161124105442	5664
1.0.20170214185319	7182
1.0.20180209171722	7264
1.0.20180601100346	3491
1.0.20190228134645	2704
1.0.20190906212748	3468
2.0.20200220223835	2614
2.2.20210901154959	2426
2.2.20211116163652	2426
2.2.20220521103021	2113
