version	total
1.0.20160310140736	5209
1.0.20160311201238	5418
1.0.20160318153100	5379
1.0.20160323212343	5295
1.0.20160325210917	5282
1.0.20160331184641	5380
1.0.20160408133555	5380
1.0.20160413143011	4820
1.0.20160422204730	5307
1.0.20160427142240	6305
1.0.20160714182449	10244
1.0.20160913171024	5196
1.0.20160930152149	5412
1.0.20161005195021	5513
1.0.20161007181528	5394
1.0.20161122201220	5433
1.0.20161123190203	5543
1.0.20161221171240	5428
1.0.20161227200419	4970
1.0.20170217172322	6416
1.0.20170413194156	5978
1.0.20170817131858	6222
1.0.20170822192924	5357
1.0.20170828135420	5624
1.0.20170928192020	5942
1.0.20180130110340	7211
1.0.20180225105849	7075
