version	total
1.0.20160310140736	5175
1.0.20160311201238	5347
1.0.20160318153100	5306
1.0.20160323212343	5224
1.0.20160325210917	5211
1.0.20160331184641	5309
1.0.20160408133555	5308
1.0.20160413143011	4804
1.0.20160422204730	5292
1.0.20160427142240	6279
1.0.20160714182449	10185
1.0.20160913171024	5182
1.0.20160930152149	5341
1.0.20161005195021	5441
1.0.20161007181528	5323
1.0.20161122201220	5360
1.0.20161123190203	5472
1.0.20161221171240	5355
1.0.20161227200419	4957
1.0.20170217172322	6334
1.0.20170413194156	5941
1.0.20170817131858	6139
1.0.20170822192924	5305
1.0.20170828135420	5552
1.0.20170928192020	5888
1.0.20180130110340	7104
1.0.20180225105849	6964
