version	total
1.0.20160907111242	6149
1.0.20161124105442	5654
1.0.20170214185319	7172
1.0.20180209171722	7225
1.0.20180601100346	3482
1.0.20190228134645	2695
1.0.20190906212748	3433
2.0.20200220223835	2605
2.2.20210901154959	2418
2.2.20211116163652	2417
2.2.20220521103021	2104
