version	total
1.0.20160310140736	5165
1.0.20160311201238	5317
1.0.20160318153100	5274
1.0.20160323212343	5193
1.0.20160325210917	5181
1.0.20160331184641	5279
1.0.20160408133555	5277
1.0.20160413143011	4796
1.0.20160422204730	5284
1.0.20160427142240	6263
1.0.20160714182449	10173
1.0.20160913171024	5174
1.0.20160930152149	5309
1.0.20161005195021	5410
1.0.20161007181528	5293
1.0.20161122201220	5327
1.0.20161123190203	5441
1.0.20161221171240	5323
1.0.20161227200419	4949
1.0.20170217172322	6296
1.0.20170413194156	5921
1.0.20170817131858	6100
1.0.20170822192924	5274
1.0.20170828135420	5520
1.0.20170928192020	5857
1.0.20180130110340	7055
1.0.20180225105849	6908
