version	total
1.0.20160310140736	5126
1.0.20160311201238	5238
1.0.20160318153100	5193
1.0.20160323212343	5111
1.0.20160325210917	5100
1.0.20160331184641	5197
1.0.20160408133555	5198
1.0.20160413143011	4753
1.0.20160422204730	5241
1.0.20160427142240	6177
1.0.20160714182449	10127
1.0.20160913171024	5135
1.0.20160930152149	5230
1.0.20161005195021	5324
1.0.20161007181528	5211
1.0.20161122201220	5245
1.0.20161123190203	5359
1.0.20161221171240	5238
1.0.20161227200419	4906
1.0.20170217172322	6170
1.0.20170413194156	5862
1.0.20170817131858	5977
1.0.20170822192924	5195
1.0.20170828135420	5439
1.0.20170928192020	5777
1.0.20180130110340	6882
1.0.20180225105849	6707
