version	total
1.0.20160310140736	5204
1.0.20160311201238	5395
1.0.20160318153100	5356
1.0.20160323212343	5272
1.0.20160325210917	5259
1.0.20160331184641	5357
1.0.20160408133555	5357
1.0.20160413143011	4814
1.0.20160422204730	5302
1.0.20160427142240	6296
1.0.20160714182449	10238
1.0.20160913171024	5192
1.0.20160930152149	5389
1.0.20161005195021	5490
1.0.20161007181528	5371
1.0.20161122201220	5410
1.0.20161123190203	5520
1.0.20161221171240	5405
1.0.20161227200419	4965
1.0.20170217172322	6389
1.0.20170413194156	5973
1.0.20170817131858	6195
1.0.20170822192924	5343
1.0.20170828135420	5601
1.0.20170928192020	5926
1.0.20180130110340	7178
1.0.20180225105849	7040
