version	total
1.0.20160310140736	5162
1.0.20160311201238	5300
1.0.20160318153100	5257
1.0.20160323212343	5176
1.0.20160325210917	5164
1.0.20160331184641	5262
1.0.20160408133555	5261
1.0.20160413143011	4793
1.0.20160422204730	5281
1.0.20160427142240	6257
1.0.20160714182449	10170
1.0.20160913171024	5171
1.0.20160930152149	5293
1.0.20161005195021	5393
1.0.20161007181528	5275
1.0.20161122201220	5310
1.0.20161123190203	5424
1.0.20161221171240	5306
1.0.20161227200419	4946
1.0.20170217172322	6275
1.0.20170413194156	5913
1.0.20170817131858	6079
1.0.20170822192924	5257
1.0.20170828135420	5504
1.0.20170928192020	5841
1.0.20180130110340	7032
1.0.20180225105849	6880
