version	total
1.0.20160907111242	6237
1.0.20161124105442	5696
1.0.20170214185319	7299
1.0.20180209171722	7396
1.0.20180601100346	3601
1.0.20190228134645	2809
1.0.20190906212748	3645
2.0.20200220223835	2719
2.2.20210901154959	2531
2.2.20211116163652	2532
2.2.20220521103021	2222
