version	total
1.0.20160907111242	6178
1.0.20161124105442	5669
1.0.20170214185319	7187
1.0.20180209171722	7281
1.0.20180601100346	3497
1.0.20190228134645	2709
1.0.20190906212748	3488
2.0.20200220223835	2619
2.2.20210901154959	2430
2.2.20211116163652	2431
2.2.20220521103021	2118
