version	total
1.0.20160310140736	5121
1.0.20160311201238	5234
1.0.20160318153100	5189
1.0.20160323212343	5106
1.0.20160325210917	5095
1.0.20160331184641	5192
1.0.20160408133555	5193
1.0.20160413143011	4748
1.0.20160422204730	5236
1.0.20160427142240	6168
1.0.20160714182449	10121
1.0.20160913171024	5130
1.0.20160930152149	5225
1.0.20161005195021	5320
1.0.20161007181528	5206
1.0.20161122201220	5241
1.0.20161123190203	5355
1.0.20161221171240	5234
1.0.20161227200419	4901
1.0.20170217172322	6161
1.0.20170413194156	5857
1.0.20170817131858	5969
1.0.20170822192924	5191
1.0.20170828135420	5434
1.0.20170928192020	5773
1.0.20180130110340	6865
1.0.20180225105849	6693
