version	total
1.0.20160310140736	5161
1.0.20160311201238	5298
1.0.20160318153100	5255
1.0.20160323212343	5174
1.0.20160325210917	5162
1.0.20160331184641	5260
1.0.20160408133555	5259
1.0.20160413143011	4792
1.0.20160422204730	5280
1.0.20160427142240	6255
1.0.20160714182449	10169
1.0.20160913171024	5170
1.0.20160930152149	5291
1.0.20161005195021	5391
1.0.20161007181528	5273
1.0.20161122201220	5307
1.0.20161123190203	5422
1.0.20161221171240	5304
1.0.20161227200419	4945
1.0.20170217172322	6272
1.0.20170413194156	5912
1.0.20170817131858	6076
1.0.20170822192924	5255
1.0.20170828135420	5502
1.0.20170928192020	5839
1.0.20180130110340	7030
1.0.20180225105849	6875
