version	total
1.0.20160310140736	5161
1.0.20160311201238	5296
1.0.20160318153100	5253
1.0.20160323212343	5172
1.0.20160325210917	5160
1.0.20160331184641	5258
1.0.20160408133555	5257
1.0.20160413143011	4792
1.0.20160422204730	5280
1.0.20160427142240	6255
1.0.20160714182449	10169
1.0.20160913171024	5170
1.0.20160930152149	5289
1.0.20161005195021	5388
1.0.20161007181528	5271
1.0.20161122201220	5305
1.0.20161123190203	5420
1.0.20161221171240	5302
1.0.20161227200419	4945
1.0.20170217172322	6270
1.0.20170413194156	5912
1.0.20170817131858	6074
1.0.20170822192924	5253
1.0.20170828135420	5500
1.0.20170928192020	5837
1.0.20180130110340	7027
1.0.20180225105849	6873
