version	total
1.0.20160907111242	6216
1.0.20161124105442	5687
1.0.20170214185319	7260
1.0.20180209171722	7348
1.0.20180601100346	3564
1.0.20190228134645	2774
1.0.20190906212748	3587
2.0.20200220223835	2684
2.2.20210901154959	2496
2.2.20211116163652	2497
2.2.20220521103021	2186
