version	total
1.0.20160310140736	5119
1.0.20160311201238	5230
1.0.20160318153100	5185
1.0.20160323212343	5103
1.0.20160325210917	5092
1.0.20160331184641	5189
1.0.20160408133555	5191
1.0.20160413143011	4746
1.0.20160422204730	5234
1.0.20160427142240	6164
1.0.20160714182449	10119
1.0.20160913171024	5128
1.0.20160930152149	5223
1.0.20161005195021	5316
1.0.20161007181528	5203
1.0.20161122201220	5237
1.0.20161123190203	5351
1.0.20161221171240	5230
1.0.20161227200419	4899
1.0.20170217172322	6156
1.0.20170413194156	5855
1.0.20170817131858	5963
1.0.20170822192924	5189
1.0.20170828135420	5432
1.0.20170928192020	5771
1.0.20180130110340	6855
1.0.20180225105849	6683
