version	total
1.0.20160907111242	6133
1.0.20161124105442	5645
1.0.20170214185319	7164
1.0.20180209171722	7198
1.0.20180601100346	3479
1.0.20190228134645	2692
1.0.20190906212748	3418
2.0.20200220223835	2603
2.2.20210901154959	2416
2.2.20211116163652	2415
2.2.20220521103021	2102
