version	total
1.0.20160907111242	6176
1.0.20161124105442	5667
1.0.20170214185319	7185
1.0.20180209171722	7275
1.0.20180601100346	3493
1.0.20190228134645	2705
1.0.20190906212748	3479
2.0.20200220223835	2615
2.2.20210901154959	2427
2.2.20211116163652	2427
2.2.20220521103021	2114
