version	total
1.0.20160907111242	6193
1.0.20161124105442	5676
1.0.20170214185319	7214
1.0.20180209171722	7304
1.0.20180601100346	3520
1.0.20190228134645	2731
1.0.20190906212748	3523
2.0.20200220223835	2641
2.2.20210901154959	2453
2.2.20211116163652	2454
2.2.20220521103021	2141
