version	total
1.0.20160907111242	6279
1.0.20161124105442	5716
1.0.20170214185319	7388
1.0.20180209171722	7477
1.0.20180601100346	3682
1.0.20190228134645	2891
1.0.20190906212748	3740
2.0.20200220223835	2801
2.2.20210901154959	2611
2.2.20211116163652	2614
2.2.20220521103021	2302
