version	total
1.0.20160907111242	6243
1.0.20161124105442	5699
1.0.20170214185319	7317
1.0.20180209171722	7407
1.0.20180601100346	3618
1.0.20190228134645	2827
1.0.20190906212748	3669
2.0.20200220223835	2736
2.2.20210901154959	2548
2.2.20211116163652	2549
2.2.20220521103021	2239
