version	total
1.0.20160907111242	6226
1.0.20161124105442	5693
1.0.20170214185319	7276
1.0.20180209171722	7367
1.0.20180601100346	3577
1.0.20190228134645	2787
1.0.20190906212748	3613
2.0.20200220223835	2697
2.2.20210901154959	2509
2.2.20211116163652	2510
2.2.20220521103021	2200
