version	total
1.0.20160907111242	6216
1.0.20161124105442	5687
1.0.20170214185319	7257
1.0.20180209171722	7348
1.0.20180601100346	3561
1.0.20190228134645	2771
1.0.20190906212748	3580
2.0.20200220223835	2681
2.2.20210901154959	2493
2.2.20211116163652	2494
2.2.20220521103021	2183
