version	total
1.0.20160907111242	6220
1.0.20161124105442	5688
1.0.20170214185319	7268
1.0.20180209171722	7355
1.0.20180601100346	3571
1.0.20190228134645	2781
1.0.20190906212748	3603
2.0.20200220223835	2691
2.2.20210901154959	2503
2.2.20211116163652	2505
2.2.20220521103021	2193
