version	total
1.0.20160907111242	6229
1.0.20161124105442	5694
1.0.20170214185319	7284
1.0.20180209171722	7373
1.0.20180601100346	3585
1.0.20190228134645	2794
1.0.20190906212748	3623
2.0.20200220223835	2704
2.2.20210901154959	2516
2.2.20211116163652	2518
2.2.20220521103021	2207
