version	total
1.0.20160907111242	6261
1.0.20161124105442	5708
1.0.20170214185319	7348
1.0.20180209171722	7440
1.0.20180601100346	3646
1.0.20190228134645	2855
1.0.20190906212748	3694
2.0.20200220223835	2764
2.2.20210901154959	2574
2.2.20211116163652	2577
2.2.20220521103021	2266
