version	total
1.0.20160310140736	5207
1.0.20160311201238	5410
1.0.20160318153100	5371
1.0.20160323212343	5287
1.0.20160325210917	5274
1.0.20160331184641	5373
1.0.20160408133555	5372
1.0.20160413143011	4817
1.0.20160422204730	5305
1.0.20160427142240	6301
1.0.20160714182449	10242
1.0.20160913171024	5195
1.0.20160930152149	5404
1.0.20161005195021	5505
1.0.20161007181528	5386
1.0.20161122201220	5425
1.0.20161123190203	5535
1.0.20161221171240	5420
1.0.20161227200419	4968
1.0.20170217172322	6406
1.0.20170413194156	5976
1.0.20170817131858	6212
1.0.20170822192924	5350
1.0.20170828135420	5616
1.0.20170928192020	5935
1.0.20180130110340	7198
1.0.20180225105849	7062
