version	total
1.0.20160907111242	6143
1.0.20161124105442	5651
1.0.20170214185319	7170
1.0.20180209171722	7215
1.0.20180601100346	3481
1.0.20190228134645	2694
1.0.20190906212748	3429
2.0.20200220223835	2604
2.2.20210901154959	2417
2.2.20211116163652	2416
2.2.20220521103021	2103
