version	total
1.0.20160310140736	5156
1.0.20160311201238	5281
1.0.20160318153100	5238
1.0.20160323212343	5157
1.0.20160325210917	5145
1.0.20160331184641	5243
1.0.20160408133555	5243
1.0.20160413143011	4787
1.0.20160422204730	5274
1.0.20160427142240	6244
1.0.20160714182449	10163
1.0.20160913171024	5165
1.0.20160930152149	5275
1.0.20161005195021	5373
1.0.20161007181528	5256
1.0.20161122201220	5290
1.0.20161123190203	5405
1.0.20161221171240	5286
1.0.20161227200419	4940
1.0.20170217172322	6250
1.0.20170413194156	5901
1.0.20170817131858	6054
1.0.20170822192924	5239
1.0.20170828135420	5486
1.0.20170928192020	5823
1.0.20180130110340	7003
1.0.20180225105849	6846
