version	total
1.0.20160310140736	5206
1.0.20160311201238	5408
1.0.20160318153100	5369
1.0.20160323212343	5285
1.0.20160325210917	5272
1.0.20160331184641	5370
1.0.20160408133555	5370
1.0.20160413143011	4816
1.0.20160422204730	5304
1.0.20160427142240	6299
1.0.20160714182449	10240
1.0.20160913171024	5194
1.0.20160930152149	5402
1.0.20161005195021	5503
1.0.20161007181528	5384
1.0.20161122201220	5423
1.0.20161123190203	5533
1.0.20161221171240	5418
1.0.20161227200419	4967
1.0.20170217172322	6403
1.0.20170413194156	5975
1.0.20170817131858	6209
1.0.20170822192924	5348
1.0.20170828135420	5614
1.0.20170928192020	5933
1.0.20180130110340	7196
1.0.20180225105849	7057
