version	total
1.0p1	6739
1.0p2	5589
1.0	4988
1.0.20200322	4985
1.0.20230620	883
