version	total
1.0p1	6787
1.0p2	5626
1.0	4996
1.0.20200322	5047
1.0.20230620	925
