version	total
1.0p1	6819
1.0p2	5644
1.0	5002
1.0.20200322	5094
1.0.20230620	944
