version	total
1.0p1	6772
1.0p2	5615
1.0	4994
1.0.20200322	5022
1.0.20230620	908
