version	total
1.0p1	7186
1.0p2	5931
1.0	5067
1.0.20200322	5490
1.0.20230620	1222
2.0.20240118	458
