version	total
1.0p1	6743
1.0p2	5593
1.0	4988
1.0.20200322	4989
1.0.20230620	898
