version	total
1.0p1	7090
1.0p2	5853
1.0	5056
1.0.20200322	5408
1.0.20230620	1188
