version	total
1.0p1	7029
1.0p2	5801
1.0	5048
1.0.20200322	5345
1.0.20230620	1151
