version	total
1.0p1	6951
1.0p2	5736
1.0	5037
1.0.20200322	5279
1.0.20230620	1109
