version	total
1.0p1	7255
1.0p2	5995
1.0	5074
1.0.20200322	5550
1.0.20230620	1249
2.0.20240118	782
