version	total
1.0p1	6893
1.0p2	5694
1.0	5022
1.0.20200322	5198
1.0.20230620	1073
