version	total
1.0p1	7081
1.0p2	5845
1.0	5055
1.0.20200322	5397
1.0.20230620	1186
