version	total
1.0p1	6884
1.0p2	5688
1.0	5019
1.0.20200322	5186
1.0.20230620	1063
