version	total
1.0p1	6735
1.0p2	5585
1.0	4988
1.0.20200322	4980
1.0.20230620	883
