version	total
1.0p1	6844
1.0p2	5661
1.0	5010
1.0.20200322	5125
1.0.20230620	963
