version	total
1.0p1	7091
1.0p2	5854
1.0	5056
1.0.20200322	5409
1.0.20230620	1188
2.0.20240118	35
