version	total
1.0p1	7032
1.0p2	5803
1.0	5048
1.0.20200322	5347
1.0.20230620	1152
