version	total
1.0p1	7069
1.0p2	5834
1.0	5053
1.0.20200322	5387
1.0.20230620	1178
