version	total
1.0p1	6751
1.0p2	5599
1.0	4989
1.0.20200322	5001
1.0.20230620	900
