version	total
1.0p1	6898
1.0p2	5698
1.0	5025
1.0.20200322	5205
1.0.20230620	1075
