version	total
1.0p1	6907
1.0p2	5704
1.0	5027
1.0.20200322	5219
1.0.20230620	1080
