version	total
1.0p1	6965
1.0p2	5748
1.0	5039
1.0.20200322	5290
1.0.20230620	1117
