version	total
1.0p1	7087
1.0p2	5850
1.0	5056
1.0.20200322	5405
1.0.20230620	1188
