version	total
1.0p1	6904
1.0p2	5702
1.0	5026
1.0.20200322	5214
1.0.20230620	1078
