version	total
1.0p1	7108
1.0p2	5868
1.0	5058
1.0.20200322	5424
1.0.20230620	1192
2.0.20240118	161
