version	total
1.0p1	6716
1.0p2	5567
1.0	4985
1.0.20200322	4957
1.0.20230620	877
