version	total
1.0p1	6941
1.0p2	5727
1.0	5036
1.0.20200322	5268
1.0.20230620	1107
