version	total
1.0p1	7080
1.0p2	5844
1.0	5055
1.0.20200322	5396
1.0.20230620	1186
