version	total
1.0p1	6853
1.0p2	5667
1.0	5013
1.0.20200322	5140
1.0.20230620	970
