version	total
1.0p1	7078
1.0p2	5842
1.0	5055
1.0.20200322	5394
1.0.20230620	1186
