version	total
1.0p1	7041
1.0p2	5811
1.0	5049
1.0.20200322	5356
1.0.20230620	1158
