version	total
1.0p1	6952
1.0p2	5737
1.0	5037
1.0.20200322	5280
1.0.20230620	1109
