version	total
1.0p1	7106
1.0p2	5866
1.0	5058
1.0.20200322	5424
1.0.20230620	1192
2.0.20240118	147
