version	total
1.0p1	7219
1.0p2	5961
1.0	5070
1.0.20200322	5517
1.0.20230620	1237
2.0.20240118	590
