version	total
1.0p1	7232
1.0p2	5973
1.0	5072
1.0.20200322	5529
1.0.20230620	1240
2.0.20240118	652
