version	total
1.0p1	6836
1.0p2	5655
1.0	5007
1.0.20200322	5119
1.0.20230620	959
