version	total
1.0p1	6957
1.0p2	5742
1.0	5038
1.0.20200322	5285
1.0.20230620	1115
