version	total
1.0p1	7011
1.0p2	5787
1.0	5045
1.0.20200322	5335
1.0.20230620	1137
