version	total
1.0p1	6784
1.0p2	5623
1.0	4996
1.0.20200322	5042
1.0.20230620	922
