version	total
1.0p1	6917
1.0p2	5710
1.0	5030
1.0.20200322	5237
1.0.20230620	1091
