version	total
1.0p1	6792
1.0p2	5630
1.0	4996
1.0.20200322	5056
1.0.20230620	930
