version	total
1.0p1	7048
1.0p2	5817
1.0	5050
1.0.20200322	5362
1.0.20230620	1165
