version	total
1.0p1	7070
1.0p2	5835
1.0	5054
1.0.20200322	5389
1.0.20230620	1179
