version	total
1.0p1	6850
1.0p2	5665
1.0	5012
1.0.20200322	5135
1.0.20230620	968
