version	total
1.0p1	7179
1.0p2	5925
1.0	5066
1.0.20200322	5485
1.0.20230620	1220
2.0.20240118	426
