version	total
1.0p1	6994
1.0p2	5772
1.0	5043
1.0.20200322	5322
1.0.20230620	1131
