version	total
1.0p1	7222
1.0p2	5964
1.0	5071
1.0.20200322	5521
1.0.20230620	1238
2.0.20240118	598
