version	total
1.0p1	6847
1.0p2	5663
1.0	5011
1.0.20200322	5130
1.0.20230620	965
