version	total
1.0p1	6950
1.0p2	5735
1.0	5037
1.0.20200322	5278
1.0.20230620	1109
