version	total
1.0p1	7088
1.0p2	5851
1.0	5056
1.0.20200322	5406
1.0.20230620	1188
