version	total
1.0p1	6868
1.0p2	5678
1.0	5016
1.0.20200322	5162
1.0.20230620	1042
