version	total
1.0p1	7051
1.0p2	5820
1.0	5050
1.0.20200322	5364
1.0.20230620	1168
