version	total
1.0p1	6778
1.0p2	5619
1.0	4995
1.0.20200322	5031
1.0.20230620	912
