version	total
1.0p1	7056
1.0p2	5824
1.0	5050
1.0.20200322	5368
1.0.20230620	1171
