version	total
1.0p1	6973
1.0p2	5755
1.0	5040
1.0.20200322	5296
1.0.20230620	1120
