version	total
1.0p1	6961
1.0p2	5745
1.0	5038
1.0.20200322	5290
1.0.20230620	1117
