version	total
1.0p1	6947
1.0p2	5732
1.0	5037
1.0.20200322	5274
1.0.20230620	1109
