version	total
1.0p1	7097
1.0p2	5859
1.0	5057
1.0.20200322	5417
1.0.20230620	1190
2.0.20240118	100
