version	total
1.0p1	6833
1.0p2	5653
1.0	5006
1.0.20200322	5114
1.0.20230620	957
