version	total
1.0p1	6822
1.0p2	5646
1.0	5003
1.0.20200322	5098
1.0.20230620	946
