version	total
1.0p1	6827
1.0p2	5649
1.0	5004
1.0.20200322	5103
1.0.20230620	952
