version	total
1.0p1	7260
1.0p2	5999
1.0	5075
1.0.20200322	5555
1.0.20230620	1251
2.0.20240118	800
