version	total
1.0p1	7010
1.0p2	5786
1.0	5045
1.0.20200322	5334
1.0.20230620	1137
