version	total
1.0p1	7067
1.0p2	5832
1.0	5053
1.0.20200322	5387
1.0.20230620	1178
