version	total
1.0p1	7007
1.0p2	5783
1.0	5045
1.0.20200322	5333
1.0.20230620	1137
