version	total
1.0p1	7159
1.0p2	5908
1.0	5064
1.0.20200322	5466
1.0.20230620	1212
2.0.20240118	360
