version	total
1.0p1	7098
1.0p2	5860
1.0	5057
1.0.20200322	5418
1.0.20230620	1190
2.0.20240118	114
