version	total
1.0p1	7043
1.0p2	5813
1.0	5049
1.0.20200322	5357
1.0.20230620	1161
