version	total
1.0p1	7146
1.0p2	5897
1.0	5061
1.0.20200322	5456
1.0.20230620	1208
2.0.20240118	310
