version	total
1.0p1	7241
1.0p2	5981
1.0	5073
1.0.20200322	5534
1.0.20230620	1242
2.0.20240118	708
