version	total
1.0p1	7230
1.0p2	5971
1.0	5071
1.0.20200322	5529
1.0.20230620	1240
2.0.20240118	635
