version	total
1.0p1	6937
1.0p2	5724
1.0	5036
1.0.20200322	5262
1.0.20230620	1104
