version	total
1.0p1	7149
1.0p2	5900
1.0	5062
1.0.20200322	5456
1.0.20230620	1208
2.0.20240118	330
