version	total
1.0p1	7077
1.0p2	5841
1.0	5055
1.0.20200322	5393
1.0.20230620	1181
