version	total
1.0p1	7155
1.0p2	5905
1.0	5063
1.0.20200322	5461
1.0.20230620	1210
2.0.20240118	350
