version	total
1.0p1	7174
1.0p2	5920
1.0	5066
1.0.20200322	5480
1.0.20230620	1217
2.0.20240118	405
