version	total
1.0p1	6888
1.0p2	5692
1.0	5021
1.0.20200322	5193
1.0.20230620	1067
