version	total
1.0p1	6913
1.0p2	5708
1.0	5029
1.0.20200322	5229
1.0.20230620	1088
