version	total
1.0p1	6874
1.0p2	5682
1.0	5017
1.0.20200322	5172
1.0.20230620	1054
