version	total
1.0p1	7003
1.0p2	5780
1.0	5044
1.0.20200322	5328
1.0.20230620	1135
