version	total
1.0p1	7239
1.0p2	5979
1.0	5073
1.0.20200322	5534
1.0.20230620	1242
2.0.20240118	693
