version	total
1.0p1	6706
1.0p2	5560
1.0	4983
1.0.20200322	4939
1.0.20230620	869
