version	total
1.0p1	7050
1.0p2	5819
1.0	5050
1.0.20200322	5363
1.0.20230620	1167
