version	total
1.0p1	7229
1.0p2	5970
1.0	5071
1.0.20200322	5527
1.0.20230620	1239
2.0.20240118	632
