version	total
1.0p1	6856
1.0p2	5669
1.0	5013
1.0.20200322	5146
1.0.20230620	990
