version	total
1.0p1	7072
1.0p2	5837
1.0	5054
1.0.20200322	5389
1.0.20230620	1179
