version	total
1.0p1	7141
1.0p2	5894
1.0	5060
1.0.20200322	5450
1.0.20230620	1204
2.0.20240118	292
