version	total
1.0p1	6763
1.0p2	5609
1.0	4991
1.0.20200322	5012
1.0.20230620	903
