version	total
1.0p1	6806
1.0p2	5638
1.0	5000
1.0.20200322	5072
1.0.20230620	936
