version	total
1.0p1	6878
1.0p2	5684
1.0	5017
1.0.20200322	5174
1.0.20230620	1057
