version	total
1.0p1	7013
1.0p2	5789
1.0	5045
1.0.20200322	5335
1.0.20230620	1137
