version	total
1.0p1	6808
1.0p2	5638
1.0	5000
1.0.20200322	5073
1.0.20230620	938
