version	total
1.0p1	7102
1.0p2	5864
1.0	5057
1.0.20200322	5419
1.0.20230620	1190
2.0.20240118	140
