version	total
1.0p1	7019
1.0p2	5793
1.0	5047
1.0.20200322	5340
1.0.20230620	1141
