version	total
1.0p1	7079
1.0p2	5843
1.0	5055
1.0.20200322	5395
1.0.20230620	1186
