version	total
1.0p1	6956
1.0p2	5740
1.0	5038
1.0.20200322	5285
1.0.20230620	1113
