version	total
1.0p1	6867
1.0p2	5677
1.0	5016
1.0.20200322	5160
1.0.20230620	1041
