version	total
1.0p1	6932
1.0p2	5720
1.0	5034
1.0.20200322	5257
1.0.20230620	1101
