version	total
1.0p1	6967
1.0p2	5750
1.0	5039
1.0.20200322	5291
1.0.20230620	1118
