version	total
1.0p1	6861
1.0p2	5673
1.0	5015
1.0.20200322	5155
1.0.20230620	1039
