version	total
1.0p1	6896
1.0p2	5696
1.0	5024
1.0.20200322	5203
1.0.20230620	1075
