version	total
1.0p1	6737
1.0p2	5587
1.0	4988
1.0.20200322	4982
1.0.20230620	883
