version	total
1.0p1	7086
1.0p2	5849
1.0	5056
1.0.20200322	5404
1.0.20230620	1188
