version	total
1.0p1	6896
1.0p2	5696
1.0	5025
1.0.20200322	5204
1.0.20230620	1075
