version	total
1.0p1	6811
1.0p2	5640
1.0	5001
1.0.20200322	5078
1.0.20230620	940
