version	total
1.0p1	6995
1.0p2	5773
1.0	5043
1.0.20200322	5322
1.0.20230620	1131
