version	total
1.0p1	6981
1.0p2	5761
1.0	5041
1.0.20200322	5306
1.0.20230620	1125
