version	total
1.0p1	7096
1.0p2	5858
1.0	5057
1.0.20200322	5416
1.0.20230620	1190
2.0.20240118	94
