version	total
1.0p1	6728
1.0p2	5577
1.0	4987
1.0.20200322	4971
1.0.20230620	881
