version	total
1.0p1	6838
1.0p2	5657
1.0	5008
1.0.20200322	5120
1.0.20230620	961
