version	total
1.0p1	6942
1.0p2	5728
1.0	5036
1.0.20200322	5269
1.0.20230620	1107
