version	total
1.0p1	7052
1.0p2	5821
1.0	5050
1.0.20200322	5365
1.0.20230620	1169
