version	total
1.0p1	6926
1.0p2	5716
1.0	5033
1.0.20200322	5247
1.0.20230620	1094
