version	total
1.0p1	7049
1.0p2	5818
1.0	5050
1.0.20200322	5362
1.0.20230620	1165
