version	total
1.0p1	6726
1.0p2	5574
1.0	4987
1.0.20200322	4969
1.0.20230620	881
