version	total
1.0p1	7164
1.0p2	5912
1.0	5064
1.0.20200322	5471
1.0.20230620	1214
2.0.20240118	380
