version	total
1.0p1	7008
1.0p2	5784
1.0	5045
1.0.20200322	5333
1.0.20230620	1137
