version	total
1.0p1	6923
1.0p2	5713
1.0	5032
1.0.20200322	5242
1.0.20230620	1092
