version	total
1.0p1	6881
1.0p2	5686
1.0	5018
1.0.20200322	5181
1.0.20230620	1061
