version	total
1.0p1	6781
1.0p2	5621
1.0	4995
1.0.20200322	5039
1.0.20230620	920
