version	total
1.0p1	6718
1.0p2	5569
1.0	4985
1.0.20200322	4959
1.0.20230620	877
