version	total
1.0p1	6756
1.0p2	5603
1.0	4990
1.0.20200322	5008
1.0.20230620	903
