version	total
1.0p1	7253
1.0p2	5993
1.0	5074
1.0.20200322	5549
1.0.20230620	1248
2.0.20240118	762
