version	total
1.0p1	6929
1.0p2	5718
1.0	5033
1.0.20200322	5252
1.0.20230620	1099
