version	total
1.0p1	7060
1.0p2	5827
1.0	5051
1.0.20200322	5377
1.0.20230620	1174
