version	total
1.0p1	6766
1.0p2	5611
1.0	4992
1.0.20200322	5017
1.0.20230620	906
