version	total
1.0p1	6974
1.0p2	5756
1.0	5040
1.0.20200322	5297
1.0.20230620	1122
