version	total
1.0p1	7236
1.0p2	5976
1.0	5073
1.0.20200322	5534
1.0.20230620	1242
2.0.20240118	662
