version	total
1.0p1	7245
1.0p2	5985
1.0	5073
1.0.20200322	5544
1.0.20230620	1246
2.0.20240118	721
