version	total
1.0p1	6859
1.0p2	5671
1.0	5014
1.0.20200322	5151
1.0.20230620	997
