version	total
1.0p1	6758
1.0p2	5605
1.0	4990
1.0.20200322	5010
1.0.20230620	903
