version	total
1.0p1	6948
1.0p2	5733
1.0	5037
1.0.20200322	5275
1.0.20230620	1109
