version	total
1.0p1	7126
1.0p2	5882
1.0	5059
1.0.20200322	5444
1.0.20230620	1197
2.0.20240118	222
