version	total
1.0p1	6799
1.0p2	5633
1.0	4999
1.0.20200322	5062
1.0.20230620	932
