version	total
1.0p1	7042
1.0p2	5812
1.0	5049
1.0.20200322	5357
1.0.20230620	1159
