version	total
1.0p1	6982
1.0p2	5762
1.0	5041
1.0.20200322	5307
1.0.20230620	1125
