version	total
1.0p1	6741
1.0p2	5591
1.0	4988
1.0.20200322	4987
1.0.20230620	889
