version	total
1.0p1	6920
1.0p2	5712
1.0	5031
1.0.20200322	5242
1.0.20230620	1092
