version	total
1.0p1	7038
1.0p2	5809
1.0	5049
1.0.20200322	5355
1.0.20230620	1157
