version	total
1.0p1	7113
1.0p2	5873
1.0	5058
1.0.20200322	5427
1.0.20230620	1192
2.0.20240118	192
