version	total
1.0p1	6885
1.0p2	5690
1.0	5020
1.0.20200322	5188
1.0.20230620	1065
