version	total
1.0p1	6830
1.0p2	5651
1.0	5005
1.0.20200322	5108
1.0.20230620	955
