version	total
1.0p1	6998
1.0p2	5776
1.0	5043
1.0.20200322	5323
1.0.20230620	1131
