version	total
1.0p1	6910
1.0p2	5706
1.0	5028
1.0.20200322	5224
1.0.20230620	1082
