version	total
1.0p1	7089
1.0p2	5852
1.0	5056
1.0.20200322	5407
1.0.20230620	1188
