version	total
1.0p1	6871
1.0p2	5680
1.0	5017
1.0.20200322	5167
1.0.20230620	1044
