version	total
1.0p1	6733
1.0p2	5583
1.0	4988
1.0.20200322	4978
1.0.20230620	883
