version	total
1.0p1	6769
1.0p2	5612
1.0	4993
1.0.20200322	5017
1.0.20230620	906
