version	total
1.0p1	6826
1.0p2	5648
1.0	5004
1.0.20200322	5103
1.0.20230620	949
