version	total
1.0p1	7082
1.0p2	5846
1.0	5055
1.0.20200322	5398
1.0.20230620	1186
