version	total
1.0p1	7034
1.0p2	5806
1.0	5048
1.0.20200322	5350
1.0.20230620	1155
