version	total
1.0p1	6933
1.0p2	5721
1.0	5035
1.0.20200322	5257
1.0.20230620	1102
