version	total
1.0p1	7039
1.0p2	5810
1.0	5049
1.0.20200322	5355
1.0.20230620	1157
