version	total
1.0p1	7167
1.0p2	5915
1.0	5064
1.0.20200322	5471
1.0.20230620	1214
2.0.20240118	400
