version	total
1.0p1	6990
1.0p2	5769
1.0	5042
1.0.20200322	5317
1.0.20230620	1129
