version	total
1.2.0.20230926	1172
1.2.1.20240119	1342
1.3.0.20241113	853
