version	total
1.2.0.20230926	1194
1.2.1.20240119	1488
1.3.0.20241113	1041
