version	total
1.2.0.20230926	1166
1.2.1.20240119	1316
1.3.0.20241113	833
