version	total
1.2.0.20230926	1086
1.2.1.20240119	1091
1.3.0.20241113	394
