version	total
1.2.0.20230926	1182
1.2.1.20240119	1407
1.3.0.20241113	939
