version	total
1.2.0.20230926	1183
1.2.1.20240119	1415
1.3.0.20241113	945
