version	total
1.2.0.20230926	1130
1.2.1.20240119	1190
1.3.0.20241113	596
