version	total
1.2.0.20230926	1195
1.2.1.20240119	1496
1.3.0.20241113	1057
