version	total
1.2.0.20230926	1160
1.2.1.20240119	1282
1.3.0.20241113	789
