version	total
1.2.0.20230926	1185
1.2.1.20240119	1428
1.3.0.20241113	961
