version	total
1.2.0.20230926	1164
1.2.1.20240119	1305
1.3.0.20241113	826
