version	total
1.2.0.20230926	1143
1.2.1.20240119	1217
1.3.0.20241113	665
