version	total
1.2.0.20230926	1098
1.2.1.20240119	1116
1.3.0.20241113	409
