version	total
1.2.0.20230926	1116
1.2.1.20240119	1158
1.3.0.20241113	501
