version	total
1.2.0.20230926	1149
1.2.1.20240119	1229
1.3.0.20241113	714
