version	total
2.23394	5106
3.be8f6	5810
4.0b8cc	4962
4.bff50	4934
5.9375b	5062
6.f5a1c	5899
7.4e23d	5902
8.fac81	4827
9.d36de	5444
10.6d92c	5642
11.e1a1c	5143
12.113e3	9872
13.45111	99794
14.7e284	81438
15.6f452	81848
16.747c6	11784
17.b804f	33579
18.8cc5c	3884
