version	total
2.23394	5321
3.be8f6	5918
4.0b8cc	5172
4.bff50	5015
5.9375b	5247
6.f5a1c	6108
7.4e23d	6124
8.fac81	5041
9.d36de	5665
10.6d92c	5960
11.e1a1c	5362
12.113e3	10246
13.45111	105063
14.7e284	82705
15.6f452	96500
16.747c6	18309
17.b804f	44137
18.8cc5c	47625
