version	total
2.23394	5193
3.be8f6	5859
4.0b8cc	5044
4.bff50	4956
5.9375b	5140
6.f5a1c	5980
7.4e23d	5994
8.fac81	4910
9.d36de	5531
10.6d92c	5776
11.e1a1c	5227
12.113e3	10030
13.45111	102318
14.7e284	81985
15.6f452	91083
16.747c6	14166
17.b804f	40249
18.8cc5c	20761
