version	total
2.23394	5098
3.be8f6	5791
4.0b8cc	4953
4.bff50	4925
5.9375b	5052
6.f5a1c	5890
7.4e23d	5890
8.fac81	4817
9.d36de	5434
10.6d92c	5620
11.e1a1c	5135
12.113e3	9839
13.45111	98891
14.7e284	81268
15.6f452	76814
16.747c6	11275
17.b804f	31484
