version	total
2.23394	5102
3.be8f6	5801
4.0b8cc	4958
4.bff50	4930
5.9375b	5057
6.f5a1c	5894
7.4e23d	5896
8.fac81	4823
9.d36de	5440
10.6d92c	5633
11.e1a1c	5140
12.113e3	9859
13.45111	99327
14.7e284	81363
15.6f452	79334
16.747c6	11524
17.b804f	32489
18.8cc5c	1786
