version	total
2.23394	5066
3.be8f6	5725
4.0b8cc	4917
4.bff50	4895
5.9375b	5019
6.f5a1c	5858
7.4e23d	5839
8.fac81	4788
9.d36de	5388
10.6d92c	5518
11.e1a1c	5104
12.113e3	9728
13.45111	95829
14.7e284	79150
15.6f452	65779
16.747c6	9117
17.b804f	13777
