version	total
2.23394	5268
3.be8f6	5895
4.0b8cc	5119
4.bff50	4993
5.9375b	5209
6.f5a1c	6056
7.4e23d	6069
8.fac81	4985
9.d36de	5610
10.6d92c	5888
11.e1a1c	5309
12.113e3	10155
13.45111	103920
14.7e284	82383
15.6f452	94762
16.747c6	16633
17.b804f	42858
18.8cc5c	34940
