version	total
2.23394	5336
3.be8f6	5922
4.0b8cc	5187
4.bff50	5018
5.9375b	5251
6.f5a1c	6122
7.4e23d	6141
8.fac81	5062
9.d36de	5680
10.6d92c	5982
11.e1a1c	5395
12.113e3	10272
13.45111	105445
14.7e284	82782
15.6f452	97135
16.747c6	18861
17.b804f	44602
18.8cc5c	52985
