version	total
2.23394	5225
3.be8f6	5873
4.0b8cc	5075
4.bff50	4980
5.9375b	5171
6.f5a1c	6010
7.4e23d	6025
8.fac81	4941
9.d36de	5565
10.6d92c	5828
11.e1a1c	5265
12.113e3	10080
13.45111	103077
14.7e284	82154
15.6f452	93698
16.747c6	15562
17.b804f	41549
18.8cc5c	27765
