version	total
2.23394	5168
3.be8f6	5848
4.0b8cc	5021
4.bff50	4951
5.9375b	5118
6.f5a1c	5957
7.4e23d	5970
8.fac81	4885
9.d36de	5508
10.6d92c	5735
11.e1a1c	5201
12.113e3	9987
13.45111	101525
14.7e284	81786
15.6f452	89786
16.747c6	13430
17.b804f	38331
18.8cc5c	15164
