version	total
2.23394	5183
3.be8f6	5855
4.0b8cc	5036
4.bff50	4955
5.9375b	5133
6.f5a1c	5972
7.4e23d	5986
8.fac81	4902
9.d36de	5523
10.6d92c	5764
11.e1a1c	5218
12.113e3	10016
13.45111	102100
14.7e284	81937
15.6f452	90858
16.747c6	13933
17.b804f	39771
18.8cc5c	19239
