version	total
2.23394	5059
3.be8f6	5711
4.0b8cc	4910
4.bff50	4888
5.9375b	5013
6.f5a1c	5852
7.4e23d	5830
8.fac81	4779
9.d36de	5379
10.6d92c	5496
11.e1a1c	5097
12.113e3	9703
13.45111	95274
14.7e284	78204
15.6f452	63976
16.747c6	8586
17.b804f	10815
