version	total
2.23394	5233
3.be8f6	5875
4.0b8cc	5082
4.bff50	4981
5.9375b	5176
6.f5a1c	6016
7.4e23d	6032
8.fac81	4948
9.d36de	5572
10.6d92c	5837
11.e1a1c	5273
12.113e3	10092
13.45111	103259
14.7e284	82187
15.6f452	93960
16.747c6	15763
17.b804f	41875
18.8cc5c	29258
