version	total
2.23394	5105
3.be8f6	5808
4.0b8cc	4961
4.bff50	4933
5.9375b	5060
6.f5a1c	5898
7.4e23d	5900
8.fac81	4826
9.d36de	5443
10.6d92c	5641
11.e1a1c	5142
12.113e3	9869
13.45111	99774
14.7e284	81435
15.6f452	81738
16.747c6	11772
17.b804f	33548
18.8cc5c	3653
