version	total
2.23394	5225
3.be8f6	5873
4.0b8cc	5074
4.bff50	4979
5.9375b	5170
6.f5a1c	6009
7.4e23d	6024
8.fac81	4940
9.d36de	5563
10.6d92c	5825
11.e1a1c	5262
12.113e3	10079
13.45111	103036
14.7e284	82150
15.6f452	93645
16.747c6	15523
17.b804f	41511
18.8cc5c	27421
