version	total
2.23394	5276
3.be8f6	5900
4.0b8cc	5127
4.bff50	4996
5.9375b	5216
6.f5a1c	6064
7.4e23d	6078
8.fac81	4995
9.d36de	5619
10.6d92c	5901
11.e1a1c	5317
12.113e3	10171
13.45111	104098
14.7e284	82438
15.6f452	94931
16.747c6	16782
17.b804f	42971
18.8cc5c	36186
