version	total
2.23394	5177
3.be8f6	5853
4.0b8cc	5029
4.bff50	4954
5.9375b	5126
6.f5a1c	5965
7.4e23d	5978
8.fac81	4894
9.d36de	5516
10.6d92c	5754
11.e1a1c	5211
12.113e3	10003
13.45111	101845
14.7e284	81896
15.6f452	90423
16.747c6	13732
17.b804f	39070
18.8cc5c	17541
