version	total
2.23394	5089
3.be8f6	5767
4.0b8cc	4942
4.bff50	4916
5.9375b	5041
6.f5a1c	5880
7.4e23d	5874
8.fac81	4809
9.d36de	5422
10.6d92c	5597
11.e1a1c	5124
12.113e3	9804
13.45111	97954
14.7e284	81026
15.6f452	73178
16.747c6	10507
17.b804f	26084
