version	total
2.23394	5217
3.be8f6	5870
4.0b8cc	5069
4.bff50	4975
5.9375b	5165
6.f5a1c	6004
7.4e23d	6019
8.fac81	4935
9.d36de	5558
10.6d92c	5818
11.e1a1c	5256
12.113e3	10071
13.45111	102957
14.7e284	82140
15.6f452	93080
16.747c6	15413
17.b804f	41398
18.8cc5c	26635
