version	total
2.23394	5200
3.be8f6	5866
4.0b8cc	5052
4.bff50	4962
5.9375b	5149
6.f5a1c	5988
7.4e23d	6002
8.fac81	4918
9.d36de	5540
10.6d92c	5788
11.e1a1c	5234
12.113e3	10044
13.45111	102455
14.7e284	82028
15.6f452	91290
16.747c6	14362
17.b804f	40567
18.8cc5c	21868
