version	total
2.23394	5187
3.be8f6	5857
4.0b8cc	5040
4.bff50	4956
5.9375b	5137
6.f5a1c	5976
7.4e23d	5990
8.fac81	4906
9.d36de	5527
10.6d92c	5768
11.e1a1c	5222
12.113e3	10022
13.45111	102195
14.7e284	81958
15.6f452	90950
16.747c6	14016
17.b804f	39922
18.8cc5c	19868
