version	total
2.23394	5308
3.be8f6	5912
4.0b8cc	5160
4.bff50	5010
5.9375b	5239
6.f5a1c	6095
7.4e23d	6112
8.fac81	5029
9.d36de	5654
10.6d92c	5945
11.e1a1c	5350
12.113e3	10227
13.45111	104843
14.7e284	82632
15.6f452	96193
16.747c6	18036
17.b804f	43795
18.8cc5c	44123
