version	total
2.23394	5333
3.be8f6	5920
4.0b8cc	5185
4.bff50	5017
5.9375b	5250
6.f5a1c	6120
7.4e23d	6139
8.fac81	5060
9.d36de	5678
10.6d92c	5980
11.e1a1c	5390
12.113e3	10268
13.45111	105425
14.7e284	82772
15.6f452	97122
16.747c6	18844
17.b804f	44575
18.8cc5c	52785
