version	total
2.23394	5082
3.be8f6	5755
4.0b8cc	4936
4.bff50	4911
5.9375b	5036
6.f5a1c	5874
7.4e23d	5864
8.fac81	4804
9.d36de	5402
10.6d92c	5562
11.e1a1c	5118
12.113e3	9781
13.45111	97263
14.7e284	80818
15.6f452	71491
16.747c6	10056
17.b804f	20631
