version	total
2.23394	5108
3.be8f6	5812
4.0b8cc	4963
4.bff50	4935
5.9375b	5063
6.f5a1c	5901
7.4e23d	5903
8.fac81	4828
9.d36de	5445
10.6d92c	5644
11.e1a1c	5144
12.113e3	9879
13.45111	99970
14.7e284	81468
15.6f452	82661
16.747c6	11907
17.b804f	33952
18.8cc5c	4639
