version	total
2.23394	5263
3.be8f6	5891
4.0b8cc	5114
4.bff50	4991
5.9375b	5205
6.f5a1c	6051
7.4e23d	6064
8.fac81	4980
9.d36de	5605
10.6d92c	5882
11.e1a1c	5304
12.113e3	10143
13.45111	103821
14.7e284	82351
15.6f452	94668
16.747c6	16526
17.b804f	42697
18.8cc5c	34266
