version	total
2.23394	5063
3.be8f6	5719
4.0b8cc	4914
4.bff50	4893
5.9375b	5017
6.f5a1c	5856
7.4e23d	5836
8.fac81	4786
9.d36de	5385
10.6d92c	5509
11.e1a1c	5101
12.113e3	9718
13.45111	95506
14.7e284	78608
15.6f452	64505
16.747c6	8802
17.b804f	12501
