version	total
2.23394	5073
3.be8f6	5739
4.0b8cc	4926
4.bff50	4902
5.9375b	5027
6.f5a1c	5866
7.4e23d	5851
8.fac81	4795
9.d36de	5393
10.6d92c	5534
11.e1a1c	5111
12.113e3	9754
13.45111	96164
14.7e284	79583
15.6f452	67366
16.747c6	9312
17.b804f	14742
