version	total
2.23394	5101
3.be8f6	5799
4.0b8cc	4957
4.bff50	4929
5.9375b	5056
6.f5a1c	5893
7.4e23d	5894
8.fac81	4822
9.d36de	5439
10.6d92c	5630
11.e1a1c	5139
12.113e3	9856
13.45111	99177
14.7e284	81329
15.6f452	78695
16.747c6	11437
17.b804f	32203
18.8cc5c	1271
