version	total
2.23394	5112
3.be8f6	5816
4.0b8cc	4966
4.bff50	4937
5.9375b	5064
6.f5a1c	5903
7.4e23d	5908
8.fac81	4831
9.d36de	5447
10.6d92c	5649
11.e1a1c	5148
12.113e3	9888
13.45111	100211
14.7e284	81519
15.6f452	83836
16.747c6	12123
17.b804f	34484
18.8cc5c	5787
