version	total
2.23394	5285
3.be8f6	5901
4.0b8cc	5137
4.bff50	4997
5.9375b	5220
6.f5a1c	6073
7.4e23d	6088
8.fac81	5005
9.d36de	5629
10.6d92c	5913
11.e1a1c	5326
12.113e3	10186
13.45111	104342
14.7e284	82503
15.6f452	95361
16.747c6	17118
17.b804f	43231
18.8cc5c	38497
