version	total
2.23394	5324
3.be8f6	5918
4.0b8cc	5175
4.bff50	5015
5.9375b	5247
6.f5a1c	6111
7.4e23d	6127
8.fac81	5047
9.d36de	5668
10.6d92c	5964
11.e1a1c	5370
12.113e3	10250
13.45111	105141
14.7e284	82716
15.6f452	96748
16.747c6	18455
17.b804f	44260
18.8cc5c	49138
