version	total
2.23394	5122
3.be8f6	5820
4.0b8cc	4977
4.bff50	4939
5.9375b	5075
6.f5a1c	5914
7.4e23d	5920
8.fac81	4842
9.d36de	5462
10.6d92c	5667
11.e1a1c	5157
12.113e3	9905
13.45111	100547
14.7e284	81584
15.6f452	85383
16.747c6	12352
17.b804f	35348
18.8cc5c	7442
