version	total
2.23394	5265
3.be8f6	5893
4.0b8cc	5116
4.bff50	4992
5.9375b	5206
6.f5a1c	6053
7.4e23d	6066
8.fac81	4982
9.d36de	5607
10.6d92c	5884
11.e1a1c	5306
12.113e3	10150
13.45111	103845
14.7e284	82357
15.6f452	94684
16.747c6	16555
17.b804f	42703
18.8cc5c	34427
