version	total
2.23394	5326
3.be8f6	5918
4.0b8cc	5177
4.bff50	5015
5.9375b	5247
6.f5a1c	6113
7.4e23d	6129
8.fac81	5049
9.d36de	5670
10.6d92c	5966
11.e1a1c	5380
12.113e3	10254
13.45111	105198
14.7e284	82726
15.6f452	96871
16.747c6	18535
17.b804f	44359
18.8cc5c	50014
