version	total
2.23394	5067
3.be8f6	5729
4.0b8cc	4920
4.bff50	4896
5.9375b	5020
6.f5a1c	5860
7.4e23d	5840
8.fac81	4789
9.d36de	5389
10.6d92c	5520
11.e1a1c	5105
12.113e3	9732
13.45111	95872
14.7e284	79199
15.6f452	66174
16.747c6	9138
17.b804f	13855
