version	total
2.23394	5325
3.be8f6	5918
4.0b8cc	5176
4.bff50	5015
5.9375b	5247
6.f5a1c	6112
7.4e23d	6128
8.fac81	5048
9.d36de	5669
10.6d92c	5965
11.e1a1c	5375
12.113e3	10252
13.45111	105168
14.7e284	82719
15.6f452	96800
16.747c6	18488
17.b804f	44308
18.8cc5c	49636
