version	total
2.23394	5188
3.be8f6	5857
4.0b8cc	5041
4.bff50	4956
5.9375b	5138
6.f5a1c	5977
7.4e23d	5991
8.fac81	4907
9.d36de	5528
10.6d92c	5771
11.e1a1c	5223
12.113e3	10023
13.45111	102243
14.7e284	81967
15.6f452	90996
16.747c6	14056
17.b804f	39995
18.8cc5c	20157
