version	total
2.23394	5230
3.be8f6	5875
4.0b8cc	5080
4.bff50	4981
5.9375b	5174
6.f5a1c	6014
7.4e23d	6030
8.fac81	4946
9.d36de	5570
10.6d92c	5835
11.e1a1c	5270
12.113e3	10088
13.45111	103216
14.7e284	82175
15.6f452	93846
16.747c6	15696
17.b804f	41804
18.8cc5c	28915
