version	total
2.23394	5085
3.be8f6	5759
4.0b8cc	4938
4.bff50	4913
5.9375b	5037
6.f5a1c	5877
7.4e23d	5870
8.fac81	4806
9.d36de	5407
10.6d92c	5575
11.e1a1c	5121
12.113e3	9792
13.45111	97655
14.7e284	80952
15.6f452	72464
16.747c6	10283
17.b804f	24166
