version	total
2.23394	5159
3.be8f6	5845
4.0b8cc	5012
4.bff50	4950
5.9375b	5109
6.f5a1c	5948
7.4e23d	5961
8.fac81	4876
9.d36de	5498
10.6d92c	5716
11.e1a1c	5192
12.113e3	9972
13.45111	101231
14.7e284	81727
15.6f452	88946
16.747c6	13143
17.b804f	37670
18.8cc5c	12660
