version	total
2.23394	5141
3.be8f6	5837
4.0b8cc	4996
4.bff50	4947
5.9375b	5093
6.f5a1c	5932
7.4e23d	5941
8.fac81	4860
9.d36de	5482
10.6d92c	5690
11.e1a1c	5176
12.113e3	9942
13.45111	100892
14.7e284	81656
15.6f452	87277
16.747c6	12733
17.b804f	36803
18.8cc5c	9629
