version	total
2.23394	5062
3.be8f6	5717
4.0b8cc	4913
4.bff50	4891
5.9375b	5016
6.f5a1c	5855
7.4e23d	5833
8.fac81	4784
9.d36de	5384
10.6d92c	5500
11.e1a1c	5100
12.113e3	9713
13.45111	95333
14.7e284	78305
15.6f452	64120
16.747c6	8663
17.b804f	11075
