version	total
2.23394	5075
3.be8f6	5744
4.0b8cc	4929
4.bff50	4905
5.9375b	5030
6.f5a1c	5868
7.4e23d	5855
8.fac81	4798
9.d36de	5396
10.6d92c	5546
11.e1a1c	5112
12.113e3	9763
13.45111	96608
14.7e284	80136
15.6f452	69087
16.747c6	9620
17.b804f	17338
