version	total
2.23394	5025
3.be8f6	5687
4.0b8cc	4876
4.bff50	4854
5.9375b	4979
6.f5a1c	5817
7.4e23d	5784
8.fac81	4747
9.d36de	5343
10.6d92c	5449
11.e1a1c	5065
12.113e3	9653
13.45111	94411
14.7e284	77037
15.6f452	61679
16.747c6	7755
17.b804f	7396
