version	total
2.23394	5174
3.be8f6	5853
4.0b8cc	5027
4.bff50	4954
5.9375b	5125
6.f5a1c	5964
7.4e23d	5976
8.fac81	4891
9.d36de	5515
10.6d92c	5748
11.e1a1c	5209
12.113e3	10000
13.45111	101769
14.7e284	81887
15.6f452	90297
16.747c6	13660
17.b804f	38866
18.8cc5c	17051
