version	total
2.23394	5145
3.be8f6	5837
4.0b8cc	4999
4.bff50	4947
5.9375b	5096
6.f5a1c	5935
7.4e23d	5944
8.fac81	4863
9.d36de	5485
10.6d92c	5693
11.e1a1c	5179
12.113e3	9948
13.45111	100996
14.7e284	81676
15.6f452	87868
16.747c6	12868
17.b804f	37191
18.8cc5c	10377
