version	total
2.23394	5216
3.be8f6	5870
4.0b8cc	5068
4.bff50	4974
5.9375b	5164
6.f5a1c	6003
7.4e23d	6018
8.fac81	4934
9.d36de	5557
10.6d92c	5817
11.e1a1c	5255
12.113e3	10070
13.45111	102922
14.7e284	82136
15.6f452	92809
16.747c6	15371
17.b804f	41367
18.8cc5c	26453
