version	total
2.23394	5076
3.be8f6	5746
4.0b8cc	4930
4.bff50	4906
5.9375b	5031
6.f5a1c	5869
7.4e23d	5856
8.fac81	4799
9.d36de	5397
10.6d92c	5549
11.e1a1c	5113
12.113e3	9766
13.45111	96768
14.7e284	80344
15.6f452	69769
16.747c6	9714
17.b804f	18135
