version	total
2.23394	5138
3.be8f6	5833
4.0b8cc	4993
4.bff50	4945
5.9375b	5090
6.f5a1c	5929
7.4e23d	5938
8.fac81	4857
9.d36de	5479
10.6d92c	5688
11.e1a1c	5173
12.113e3	9935
13.45111	100852
14.7e284	81648
15.6f452	87063
16.747c6	12688
17.b804f	36646
18.8cc5c	9377
