version	total
2.23394	5261
3.be8f6	5889
4.0b8cc	5112
4.bff50	4990
5.9375b	5203
6.f5a1c	6049
7.4e23d	6062
8.fac81	4978
9.d36de	5603
10.6d92c	5879
11.e1a1c	5302
12.113e3	10137
13.45111	103802
14.7e284	82348
15.6f452	94655
16.747c6	16497
17.b804f	42691
18.8cc5c	34171
