version	total
2.23394	5057
3.be8f6	5707
4.0b8cc	4908
4.bff50	4886
5.9375b	5011
6.f5a1c	5850
7.4e23d	5828
8.fac81	4778
9.d36de	5378
10.6d92c	5493
11.e1a1c	5096
12.113e3	9699
13.45111	95186
14.7e284	78093
15.6f452	63710
16.747c6	8454
17.b804f	10314
