version	total
2.23394	5181
3.be8f6	5855
4.0b8cc	5034
4.bff50	4955
5.9375b	5131
6.f5a1c	5970
7.4e23d	5983
8.fac81	4900
9.d36de	5521
10.6d92c	5761
11.e1a1c	5215
12.113e3	10014
13.45111	102015
14.7e284	81926
15.6f452	90710
16.747c6	13863
17.b804f	39608
18.8cc5c	18662
