version	total
2.23394	5233
3.be8f6	5876
4.0b8cc	5083
4.bff50	4982
5.9375b	5177
6.f5a1c	6017
7.4e23d	6033
8.fac81	4949
9.d36de	5573
10.6d92c	5839
11.e1a1c	5273
12.113e3	10093
13.45111	103290
14.7e284	82196
15.6f452	94059
16.747c6	15799
17.b804f	41910
18.8cc5c	29465
