version	total
2.23394	5093
3.be8f6	5778
4.0b8cc	4947
4.bff50	4920
5.9375b	5045
6.f5a1c	5885
7.4e23d	5882
8.fac81	4812
9.d36de	5427
10.6d92c	5605
11.e1a1c	5130
12.113e3	9819
13.45111	98329
14.7e284	81109
15.6f452	74476
16.747c6	10839
17.b804f	28081
