version	total
2.23394	5166
3.be8f6	5848
4.0b8cc	5019
4.bff50	4951
5.9375b	5116
6.f5a1c	5955
7.4e23d	5968
8.fac81	4883
9.d36de	5507
10.6d92c	5727
11.e1a1c	5199
12.113e3	9984
13.45111	101397
14.7e284	81763
15.6f452	89472
16.747c6	13310
17.b804f	38114
18.8cc5c	14259
