version	total
2.23394	5118
3.be8f6	5820
4.0b8cc	4972
4.bff50	4939
5.9375b	5070
6.f5a1c	5909
7.4e23d	5914
8.fac81	4837
9.d36de	5456
10.6d92c	5658
11.e1a1c	5153
12.113e3	9897
13.45111	100334
14.7e284	81545
15.6f452	84423
16.747c6	12213
17.b804f	34778
18.8cc5c	6347
