version	total
2.23394	5085
3.be8f6	5759
4.0b8cc	4938
4.bff50	4913
5.9375b	5037
6.f5a1c	5876
7.4e23d	5868
8.fac81	4805
9.d36de	5406
10.6d92c	5570
11.e1a1c	5120
12.113e3	9791
13.45111	97537
14.7e284	80916
15.6f452	72156
16.747c6	10200
17.b804f	23392
