version	total
2.23394	5130
3.be8f6	5826
4.0b8cc	4984
4.bff50	4942
5.9375b	5081
6.f5a1c	5921
7.4e23d	5926
8.fac81	4848
9.d36de	5468
10.6d92c	5677
11.e1a1c	5164
12.113e3	9918
13.45111	100685
14.7e284	81616
15.6f452	85918
16.747c6	12499
17.b804f	35737
18.8cc5c	8110
