version	total
2.23394	5110
3.be8f6	5815
4.0b8cc	4965
4.bff50	4936
5.9375b	5064
6.f5a1c	5902
7.4e23d	5907
8.fac81	4830
9.d36de	5447
10.6d92c	5647
11.e1a1c	5146
12.113e3	9883
13.45111	100100
14.7e284	81501
15.6f452	83341
16.747c6	12008
17.b804f	34225
18.8cc5c	5363
