version	total
2.23394	5223
3.be8f6	5872
4.0b8cc	5072
4.bff50	4977
5.9375b	5168
6.f5a1c	6007
7.4e23d	6022
8.fac81	4938
9.d36de	5561
10.6d92c	5822
11.e1a1c	5260
12.113e3	10077
13.45111	102989
14.7e284	82145
15.6f452	93560
16.747c6	15457
17.b804f	41450
18.8cc5c	26910
