version	total
2.23394	5274
3.be8f6	5898
4.0b8cc	5125
4.bff50	4995
5.9375b	5214
6.f5a1c	6062
7.4e23d	6076
8.fac81	4993
9.d36de	5617
10.6d92c	5899
11.e1a1c	5315
12.113e3	10167
13.45111	104080
14.7e284	82428
15.6f452	94909
16.747c6	16755
17.b804f	42960
18.8cc5c	36045
