version	total
2.23394	5038
3.be8f6	5696
4.0b8cc	4889
4.bff50	4867
5.9375b	4992
6.f5a1c	5831
7.4e23d	5797
8.fac81	4760
9.d36de	5358
10.6d92c	5463
11.e1a1c	5078
12.113e3	9670
13.45111	94557
14.7e284	77265
15.6f452	62073
16.747c6	7896
17.b804f	8076
