version	total
2.23394	5021
3.be8f6	5685
4.0b8cc	4872
4.bff50	4850
5.9375b	4975
6.f5a1c	5813
7.4e23d	5779
8.fac81	4743
9.d36de	5339
10.6d92c	5442
11.e1a1c	5061
12.113e3	9648
13.45111	94308
14.7e284	76906
15.6f452	61403
16.747c6	7669
17.b804f	7030
