version	total
2.23394	5206
3.be8f6	5868
4.0b8cc	5058
4.bff50	4964
5.9375b	5154
6.f5a1c	5993
7.4e23d	6008
8.fac81	4924
9.d36de	5546
10.6d92c	5799
11.e1a1c	5241
12.113e3	10055
13.45111	102640
14.7e284	82073
15.6f452	91576
16.747c6	14778
17.b804f	40975
18.8cc5c	23726
