version	total
2.23394	5257
3.be8f6	5889
4.0b8cc	5108
4.bff50	4990
5.9375b	5201
6.f5a1c	6045
7.4e23d	6058
8.fac81	4974
9.d36de	5599
10.6d92c	5874
11.e1a1c	5298
12.113e3	10133
13.45111	103736
14.7e284	82336
15.6f452	94595
16.747c6	16416
17.b804f	42616
18.8cc5c	33661
