version	total
2.23394	5332
3.be8f6	5920
4.0b8cc	5183
4.bff50	5016
5.9375b	5249
6.f5a1c	6118
7.4e23d	6136
8.fac81	5058
9.d36de	5677
10.6d92c	5975
11.e1a1c	5389
12.113e3	10262
13.45111	105351
14.7e284	82753
15.6f452	97063
16.747c6	18737
17.b804f	44503
18.8cc5c	51786
