version	total
2.23394	5048
3.be8f6	5700
4.0b8cc	4899
4.bff50	4877
5.9375b	5002
6.f5a1c	5841
7.4e23d	5808
8.fac81	4770
9.d36de	5369
10.6d92c	5477
11.e1a1c	5088
12.113e3	9683
13.45111	94791
14.7e284	77584
15.6f452	62692
16.747c6	8132
17.b804f	8930
