version	total
2.23394	5095
3.be8f6	5782
4.0b8cc	4949
4.bff50	4922
5.9375b	5048
6.f5a1c	5887
7.4e23d	5884
8.fac81	4814
9.d36de	5429
10.6d92c	5608
11.e1a1c	5132
12.113e3	9825
13.45111	98431
14.7e284	81166
15.6f452	74813
16.747c6	10926
17.b804f	28847
