version	total
2.23394	5271
3.be8f6	5895
4.0b8cc	5122
4.bff50	4993
5.9375b	5211
6.f5a1c	6059
7.4e23d	6072
8.fac81	4989
9.d36de	5614
10.6d92c	5897
11.e1a1c	5312
12.113e3	10160
13.45111	104051
14.7e284	82419
15.6f452	94893
16.747c6	16737
17.b804f	42946
18.8cc5c	35926
