version	total
2.23394	5044
3.be8f6	5698
4.0b8cc	4895
4.bff50	4873
5.9375b	4998
6.f5a1c	5837
7.4e23d	5804
8.fac81	4766
9.d36de	5365
10.6d92c	5470
11.e1a1c	5084
12.113e3	9677
13.45111	94705
14.7e284	77436
15.6f452	62457
16.747c6	8039
17.b804f	8560
