version	total
2.23394	5243
3.be8f6	5880
4.0b8cc	5094
4.bff50	4985
5.9375b	5188
6.f5a1c	6028
7.4e23d	6044
8.fac81	4960
9.d36de	5584
10.6d92c	5857
11.e1a1c	5283
12.113e3	10108
13.45111	103518
14.7e284	82274
15.6f452	94389
16.747c6	16144
17.b804f	42478
18.8cc5c	32024
