version	total
2.23394	5258
3.be8f6	5889
4.0b8cc	5109
4.bff50	4990
5.9375b	5201
6.f5a1c	6046
7.4e23d	6059
8.fac81	4975
9.d36de	5600
10.6d92c	5876
11.e1a1c	5299
12.113e3	10134
13.45111	103761
14.7e284	82339
15.6f452	94611
16.747c6	16445
17.b804f	42635
18.8cc5c	33847
