version	total
2.23394	5247
3.be8f6	5882
4.0b8cc	5098
4.bff50	4986
5.9375b	5192
6.f5a1c	6033
7.4e23d	6048
8.fac81	4964
9.d36de	5588
10.6d92c	5863
11.e1a1c	5287
12.113e3	10117
13.45111	103579
14.7e284	82289
15.6f452	94440
16.747c6	16224
17.b804f	42521
18.8cc5c	32612
