version	total
2.23394	5214
3.be8f6	5870
4.0b8cc	5065
4.bff50	4971
5.9375b	5161
6.f5a1c	6000
7.4e23d	6015
8.fac81	4931
9.d36de	5553
10.6d92c	5811
11.e1a1c	5250
12.113e3	10065
13.45111	102823
14.7e284	82110
15.6f452	91895
16.747c6	15174
17.b804f	41226
18.8cc5c	25362
