version	total
2.23394	5070
3.be8f6	5735
4.0b8cc	4923
4.bff50	4899
5.9375b	5024
6.f5a1c	5863
7.4e23d	5848
8.fac81	4792
9.d36de	5392
10.6d92c	5531
11.e1a1c	5108
12.113e3	9745
13.45111	96137
14.7e284	79533
15.6f452	67284
16.747c6	9295
17.b804f	14682
