version	total
2.23394	5120
3.be8f6	5820
4.0b8cc	4974
4.bff50	4939
5.9375b	5072
6.f5a1c	5911
7.4e23d	5917
8.fac81	4839
9.d36de	5458
10.6d92c	5662
11.e1a1c	5155
12.113e3	9900
13.45111	100409
14.7e284	81563
15.6f452	84771
16.747c6	12259
17.b804f	34981
18.8cc5c	6778
