version	total
2.23394	5074
3.be8f6	5741
4.0b8cc	4927
4.bff50	4903
5.9375b	5028
6.f5a1c	5866
7.4e23d	5852
8.fac81	4796
9.d36de	5394
10.6d92c	5538
11.e1a1c	5111
12.113e3	9757
13.45111	96283
14.7e284	79695
15.6f452	68013
16.747c6	9385
17.b804f	15094
