version	total
2.23394	5125
3.be8f6	5822
4.0b8cc	4979
4.bff50	4940
5.9375b	5077
6.f5a1c	5916
7.4e23d	5922
8.fac81	4844
9.d36de	5464
10.6d92c	5669
11.e1a1c	5160
12.113e3	9910
13.45111	100576
14.7e284	81588
15.6f452	85455
16.747c6	12373
17.b804f	35392
18.8cc5c	7556
