version	total
2.23394	5176
3.be8f6	5853
4.0b8cc	5028
4.bff50	4954
5.9375b	5125
6.f5a1c	5964
7.4e23d	5977
8.fac81	4893
9.d36de	5515
10.6d92c	5750
11.e1a1c	5210
12.113e3	10002
13.45111	101804
14.7e284	81892
15.6f452	90359
16.747c6	13701
17.b804f	38992
18.8cc5c	17301
