version	total
2.23394	5087
3.be8f6	5763
4.0b8cc	4940
4.bff50	4915
5.9375b	5039
6.f5a1c	5878
7.4e23d	5872
8.fac81	4807
9.d36de	5408
10.6d92c	5576
11.e1a1c	5122
12.113e3	9798
13.45111	97719
14.7e284	80978
15.6f452	72593
16.747c6	10323
17.b804f	24578
