version	total
2.23394	5154
3.be8f6	5843
4.0b8cc	5008
4.bff50	4949
5.9375b	5105
6.f5a1c	5944
7.4e23d	5957
8.fac81	4872
9.d36de	5494
10.6d92c	5709
11.e1a1c	5188
12.113e3	9966
13.45111	101188
14.7e284	81717
15.6f452	88728
16.747c6	13077
17.b804f	37564
18.8cc5c	12083
