version	total
2.23394	5090
3.be8f6	5772
4.0b8cc	4943
4.bff50	4917
5.9375b	5043
6.f5a1c	5882
7.4e23d	5878
8.fac81	4810
9.d36de	5424
10.6d92c	5599
11.e1a1c	5127
12.113e3	9810
13.45111	98088
14.7e284	81048
15.6f452	73655
16.747c6	10623
17.b804f	26682
