version	total
2.23394	5069
3.be8f6	5733
4.0b8cc	4922
4.bff50	4898
5.9375b	5023
6.f5a1c	5862
7.4e23d	5847
8.fac81	4791
9.d36de	5391
10.6d92c	5527
11.e1a1c	5107
12.113e3	9738
13.45111	96031
14.7e284	79381
15.6f452	66746
16.747c6	9235
17.b804f	14331
