version	total
2.23394	5317
3.be8f6	5916
4.0b8cc	5169
4.bff50	5014
5.9375b	5246
6.f5a1c	6105
7.4e23d	6121
8.fac81	5037
9.d36de	5662
10.6d92c	5957
11.e1a1c	5358
12.113e3	10241
13.45111	105044
14.7e284	82702
15.6f452	96472
16.747c6	18275
17.b804f	44071
18.8cc5c	47328
