version	total
2.23394	5235
3.be8f6	5876
4.0b8cc	5084
4.bff50	4982
5.9375b	5178
6.f5a1c	6018
7.4e23d	6034
8.fac81	4950
9.d36de	5574
10.6d92c	5840
11.e1a1c	5275
12.113e3	10095
13.45111	103324
14.7e284	82204
15.6f452	94101
16.747c6	15844
17.b804f	42033
18.8cc5c	29759
