version	total
2.23394	5137
3.be8f6	5833
4.0b8cc	4992
4.bff50	4945
5.9375b	5089
6.f5a1c	5928
7.4e23d	5937
8.fac81	4856
9.d36de	5479
10.6d92c	5687
11.e1a1c	5172
12.113e3	9933
13.45111	100813
14.7e284	81641
15.6f452	86811
16.747c6	12644
17.b804f	36399
18.8cc5c	9094
