version	total
2.23394	5213
3.be8f6	5870
4.0b8cc	5064
4.bff50	4970
5.9375b	5160
6.f5a1c	5999
7.4e23d	6014
8.fac81	4930
9.d36de	5552
10.6d92c	5809
11.e1a1c	5249
12.113e3	10063
13.45111	102807
14.7e284	82108
15.6f452	91885
16.747c6	15121
17.b804f	41216
18.8cc5c	25262
