version	total
2.23394	5042
3.be8f6	5697
4.0b8cc	4893
4.bff50	4871
5.9375b	4996
6.f5a1c	5835
7.4e23d	5801
8.fac81	4764
9.d36de	5363
10.6d92c	5468
11.e1a1c	5082
12.113e3	9674
13.45111	94653
14.7e284	77382
15.6f452	62339
16.747c6	7996
17.b804f	8402
