version	total
2.23394	5179
3.be8f6	5855
4.0b8cc	5032
4.bff50	4955
5.9375b	5129
6.f5a1c	5968
7.4e23d	5981
8.fac81	4897
9.d36de	5519
10.6d92c	5757
11.e1a1c	5213
12.113e3	10011
13.45111	101888
14.7e284	81904
15.6f452	90448
16.747c6	13760
17.b804f	39108
18.8cc5c	17731
