version	total
2.23394	5126
3.be8f6	5822
4.0b8cc	4980
4.bff50	4940
5.9375b	5078
6.f5a1c	5917
7.4e23d	5923
8.fac81	4845
9.d36de	5465
10.6d92c	5670
11.e1a1c	5161
12.113e3	9911
13.45111	100596
14.7e284	81596
15.6f452	85510
16.747c6	12406
17.b804f	35471
18.8cc5c	7654
