version	total
2.23394	5115
3.be8f6	5818
4.0b8cc	4969
4.bff50	4938
5.9375b	5067
6.f5a1c	5906
7.4e23d	5911
8.fac81	4834
9.d36de	5453
10.6d92c	5654
11.e1a1c	5151
12.113e3	9893
13.45111	100297
14.7e284	81537
15.6f452	84307
16.747c6	12178
17.b804f	34677
18.8cc5c	6187
