version	total
2.23394	5331
3.be8f6	5920
4.0b8cc	5182
4.bff50	5016
5.9375b	5249
6.f5a1c	6117
7.4e23d	6135
8.fac81	5055
9.d36de	5675
10.6d92c	5973
11.e1a1c	5388
12.113e3	10261
13.45111	105320
14.7e284	82740
15.6f452	97014
16.747c6	18687
17.b804f	44469
18.8cc5c	51291
