version	total
2.23394	5167
3.be8f6	5848
4.0b8cc	5020
4.bff50	4951
5.9375b	5117
6.f5a1c	5956
7.4e23d	5969
8.fac81	4884
9.d36de	5507
10.6d92c	5734
11.e1a1c	5200
12.113e3	9985
13.45111	101474
14.7e284	81782
15.6f452	89635
16.747c6	13395
17.b804f	38256
18.8cc5c	14783
