version	total
2.23394	5215
3.be8f6	5870
4.0b8cc	5067
4.bff50	4973
5.9375b	5163
6.f5a1c	6002
7.4e23d	6017
8.fac81	4933
9.d36de	5556
10.6d92c	5815
11.e1a1c	5251
12.113e3	10069
13.45111	102895
14.7e284	82124
15.6f452	92403
16.747c6	15321
17.b804f	41320
18.8cc5c	26209
