version	total
2.23394	5251
3.be8f6	5886
4.0b8cc	5102
4.bff50	4988
5.9375b	5196
6.f5a1c	6039
7.4e23d	6052
8.fac81	4968
9.d36de	5593
10.6d92c	5868
11.e1a1c	5292
12.113e3	10126
13.45111	103668
14.7e284	82311
15.6f452	94518
16.747c6	16328
17.b804f	42574
18.8cc5c	33170
