version	total
2.23394	5226
3.be8f6	5873
4.0b8cc	5076
4.bff50	4980
5.9375b	5172
6.f5a1c	6011
7.4e23d	6026
8.fac81	4942
9.d36de	5566
10.6d92c	5829
11.e1a1c	5266
12.113e3	10081
13.45111	103115
14.7e284	82160
15.6f452	93736
16.747c6	15606
17.b804f	41649
18.8cc5c	28257
