version	total
2.23394	5109
3.be8f6	5814
4.0b8cc	4964
4.bff50	4936
5.9375b	5064
6.f5a1c	5902
7.4e23d	5905
8.fac81	4829
9.d36de	5446
10.6d92c	5646
11.e1a1c	5145
12.113e3	9882
13.45111	100069
14.7e284	81494
15.6f452	83261
16.747c6	11979
17.b804f	34180
18.8cc5c	5209
