version	total
2.23394	5088
3.be8f6	5765
4.0b8cc	4941
4.bff50	4916
5.9375b	5040
6.f5a1c	5879
7.4e23d	5873
8.fac81	4808
9.d36de	5415
10.6d92c	5587
11.e1a1c	5123
12.113e3	9801
13.45111	97869
14.7e284	81006
15.6f452	73042
16.747c6	10443
17.b804f	25633
