version	total
2.23394	5228
3.be8f6	5873
4.0b8cc	5078
4.bff50	4980
5.9375b	5172
6.f5a1c	6012
7.4e23d	6028
8.fac81	4944
9.d36de	5569
10.6d92c	5833
11.e1a1c	5268
12.113e3	10084
13.45111	103199
14.7e284	82172
15.6f452	93822
16.747c6	15678
17.b804f	41722
18.8cc5c	28827
