version	total
2.23394	5097
3.be8f6	5788
4.0b8cc	4952
4.bff50	4924
5.9375b	5050
6.f5a1c	5889
7.4e23d	5889
8.fac81	4816
9.d36de	5433
10.6d92c	5617
11.e1a1c	5134
12.113e3	9834
13.45111	98711
14.7e284	81230
15.6f452	76143
16.747c6	11173
17.b804f	30596
