version	total
2.23394	5241
3.be8f6	5880
4.0b8cc	5092
4.bff50	4985
5.9375b	5186
6.f5a1c	6026
7.4e23d	6042
8.fac81	4958
9.d36de	5582
10.6d92c	5853
11.e1a1c	5281
12.113e3	10105
13.45111	103476
14.7e284	82258
15.6f452	94322
16.747c6	16075
17.b804f	42410
18.8cc5c	31576
