version	total
2.23394	5227
3.be8f6	5873
4.0b8cc	5077
4.bff50	4980
5.9375b	5172
6.f5a1c	6011
7.4e23d	6027
8.fac81	4943
9.d36de	5567
10.6d92c	5831
11.e1a1c	5267
12.113e3	10082
13.45111	103163
14.7e284	82166
15.6f452	93776
16.747c6	15647
17.b804f	41687
18.8cc5c	28533
