version	total
2.23394	5067
3.be8f6	5727
4.0b8cc	4918
4.bff50	4896
5.9375b	5020
6.f5a1c	5859
7.4e23d	5840
8.fac81	4789
9.d36de	5389
10.6d92c	5519
11.e1a1c	5105
12.113e3	9731
13.45111	95841
14.7e284	79184
15.6f452	65943
16.747c6	9129
17.b804f	13818
