version	total
2.23394	5320
3.be8f6	5918
4.0b8cc	5171
4.bff50	5015
5.9375b	5247
6.f5a1c	6107
7.4e23d	6123
8.fac81	5039
9.d36de	5664
10.6d92c	5959
11.e1a1c	5361
12.113e3	10245
13.45111	105056
14.7e284	82705
15.6f452	96487
16.747c6	18293
17.b804f	44116
18.8cc5c	47492
