version	total
2.23394	5134
3.be8f6	5830
4.0b8cc	4988
4.bff50	4944
5.9375b	5085
6.f5a1c	5924
7.4e23d	5931
8.fac81	4852
9.d36de	5472
10.6d92c	5682
11.e1a1c	5168
12.113e3	9926
13.45111	100754
14.7e284	81631
15.6f452	86414
16.747c6	12577
17.b804f	36069
18.8cc5c	8631
