version	total
2.23394	5075
3.be8f6	5743
4.0b8cc	4928
4.bff50	4904
5.9375b	5029
6.f5a1c	5867
7.4e23d	5854
8.fac81	4797
9.d36de	5395
10.6d92c	5544
11.e1a1c	5112
12.113e3	9762
13.45111	96571
14.7e284	80059
15.6f452	68936
16.747c6	9587
17.b804f	15943
