version	total
2.23394	5202
3.be8f6	5866
4.0b8cc	5054
4.bff50	4962
5.9375b	5150
6.f5a1c	5989
7.4e23d	6004
8.fac81	4920
9.d36de	5542
10.6d92c	5792
11.e1a1c	5235
12.113e3	10048
13.45111	102540
14.7e284	82044
15.6f452	91444
16.747c6	14470
17.b804f	40747
18.8cc5c	22850
