version	total
2.23394	5147
3.be8f6	5839
4.0b8cc	5001
4.bff50	4948
5.9375b	5098
6.f5a1c	5937
7.4e23d	5948
8.fac81	4865
9.d36de	5487
10.6d92c	5698
11.e1a1c	5181
12.113e3	9955
13.45111	101018
14.7e284	81685
15.6f452	87901
16.747c6	12893
17.b804f	37202
18.8cc5c	10466
