version	total
2.23394	5169
3.be8f6	5848
4.0b8cc	5022
4.bff50	4951
5.9375b	5119
6.f5a1c	5958
7.4e23d	5971
8.fac81	4886
9.d36de	5509
10.6d92c	5736
11.e1a1c	5202
12.113e3	9988
13.45111	101578
14.7e284	81797
15.6f452	89934
16.747c6	13473
17.b804f	38437
18.8cc5c	15481
