version	total
2.23394	5240
3.be8f6	5878
4.0b8cc	5089
4.bff50	4983
5.9375b	5184
6.f5a1c	6025
7.4e23d	6040
8.fac81	4956
9.d36de	5581
10.6d92c	5850
11.e1a1c	5280
12.113e3	10102
13.45111	103423
14.7e284	82248
15.6f452	94241
16.747c6	15997
17.b804f	42269
18.8cc5c	30931
