version	total
2.23394	5165
3.be8f6	5848
4.0b8cc	5018
4.bff50	4951
5.9375b	5114
6.f5a1c	5954
7.4e23d	5967
8.fac81	4882
9.d36de	5505
10.6d92c	5725
11.e1a1c	5198
12.113e3	9983
13.45111	101370
14.7e284	81756
15.6f452	89459
16.747c6	13280
17.b804f	38103
18.8cc5c	14143
