version	total
2.23394	5036
3.be8f6	5695
4.0b8cc	4887
4.bff50	4865
5.9375b	4990
6.f5a1c	5828
7.4e23d	5795
8.fac81	4758
9.d36de	5354
10.6d92c	5461
11.e1a1c	5076
12.113e3	9668
13.45111	94545
14.7e284	77250
15.6f452	62041
16.747c6	7880
17.b804f	8012
