version	total
2.23394	5160
3.be8f6	5845
4.0b8cc	5013
4.bff50	4950
5.9375b	5110
6.f5a1c	5949
7.4e23d	5962
8.fac81	4877
9.d36de	5499
10.6d92c	5718
11.e1a1c	5193
12.113e3	9974
13.45111	101255
14.7e284	81735
15.6f452	89081
16.747c6	13172
17.b804f	37778
18.8cc5c	13063
