version	total
2.23394	5240
3.be8f6	5880
4.0b8cc	5091
4.bff50	4985
5.9375b	5185
6.f5a1c	6025
7.4e23d	6041
8.fac81	4957
9.d36de	5581
10.6d92c	5851
11.e1a1c	5280
12.113e3	10104
13.45111	103454
14.7e284	82254
15.6f452	94284
16.747c6	16039
17.b804f	42337
18.8cc5c	31280
