version	total
2.23394	5122
3.be8f6	5820
4.0b8cc	4976
4.bff50	4939
5.9375b	5074
6.f5a1c	5913
7.4e23d	5919
8.fac81	4841
9.d36de	5462
10.6d92c	5664
11.e1a1c	5157
12.113e3	9903
13.45111	100510
14.7e284	81576
15.6f452	85192
16.747c6	12315
17.b804f	35263
18.8cc5c	7229
