version	total
2.23394	5148
3.be8f6	5839
4.0b8cc	5002
4.bff50	4948
5.9375b	5099
6.f5a1c	5938
7.4e23d	5949
8.fac81	4866
9.d36de	5488
10.6d92c	5700
11.e1a1c	5182
12.113e3	9956
13.45111	101038
14.7e284	81692
15.6f452	87946
16.747c6	12915
17.b804f	37213
18.8cc5c	10591
