version	total
2.23394	5128
3.be8f6	5824
4.0b8cc	4982
4.bff50	4941
5.9375b	5080
6.f5a1c	5919
7.4e23d	5925
8.fac81	4847
9.d36de	5467
10.6d92c	5672
11.e1a1c	5163
12.113e3	9917
13.45111	100644
14.7e284	81607
15.6f452	85779
16.747c6	12461
17.b804f	35628
18.8cc5c	7888
