version	total
2.23394	5311
3.be8f6	5914
4.0b8cc	5163
4.bff50	5012
5.9375b	5243
6.f5a1c	6098
7.4e23d	6115
8.fac81	5031
9.d36de	5657
10.6d92c	5948
11.e1a1c	5353
12.113e3	10232
13.45111	104882
14.7e284	82639
15.6f452	96226
16.747c6	18078
17.b804f	43824
18.8cc5c	44386
