version	total
2.23394	5099
3.be8f6	5795
4.0b8cc	4955
4.bff50	4927
5.9375b	5054
6.f5a1c	5891
7.4e23d	5892
8.fac81	4820
9.d36de	5437
10.6d92c	5627
11.e1a1c	5137
12.113e3	9850
13.45111	99067
14.7e284	81312
15.6f452	77442
16.747c6	11372
17.b804f	31814
18.8cc5c	720
