version	total
2.23394	5220
3.be8f6	5870
4.0b8cc	5070
4.bff50	4976
5.9375b	5166
6.f5a1c	6005
7.4e23d	6020
8.fac81	4936
9.d36de	5559
10.6d92c	5819
11.e1a1c	5257
12.113e3	10072
13.45111	102978
14.7e284	82141
15.6f452	93413
16.747c6	15435
17.b804f	41436
18.8cc5c	26823
