version	total
2.23394	5255
3.be8f6	5889
4.0b8cc	5105
4.bff50	4990
5.9375b	5198
6.f5a1c	6043
7.4e23d	6055
8.fac81	4972
9.d36de	5597
10.6d92c	5872
11.e1a1c	5296
12.113e3	10131
13.45111	103698
14.7e284	82329
15.6f452	94549
16.747c6	16366
17.b804f	42595
18.8cc5c	33374
