version	total
2.23394	5023
3.be8f6	5686
4.0b8cc	4874
4.bff50	4852
5.9375b	4977
6.f5a1c	5815
7.4e23d	5782
8.fac81	4745
9.d36de	5341
10.6d92c	5446
11.e1a1c	5063
12.113e3	9650
13.45111	94353
14.7e284	76970
15.6f452	61534
16.747c6	7720
17.b804f	7204
