version	total
2.23394	5053
3.be8f6	5702
4.0b8cc	4904
4.bff50	4882
5.9375b	5007
6.f5a1c	5846
7.4e23d	5813
8.fac81	4775
9.d36de	5374
10.6d92c	5482
11.e1a1c	5093
12.113e3	9690
13.45111	94844
14.7e284	77648
15.6f452	62794
16.747c6	8165
17.b804f	9039
