version	total
2.23394	5316
3.be8f6	5916
4.0b8cc	5168
4.bff50	5014
5.9375b	5246
6.f5a1c	6104
7.4e23d	6120
8.fac81	5036
9.d36de	5661
10.6d92c	5955
11.e1a1c	5358
12.113e3	10240
13.45111	105020
14.7e284	82685
15.6f452	96398
16.747c6	18237
17.b804f	43977
18.8cc5c	46756
