version	total
2.23394	5239
3.be8f6	5877
4.0b8cc	5088
4.bff50	4982
5.9375b	5182
6.f5a1c	6022
7.4e23d	6039
8.fac81	4954
9.d36de	5579
10.6d92c	5848
11.e1a1c	5279
12.113e3	10100
13.45111	103393
14.7e284	82231
15.6f452	94189
16.747c6	15952
17.b804f	42146
18.8cc5c	30411
