version	total
2.23394	5207
3.be8f6	5868
4.0b8cc	5059
4.bff50	4965
5.9375b	5155
6.f5a1c	5994
7.4e23d	6009
8.fac81	4925
9.d36de	5547
10.6d92c	5802
11.e1a1c	5242
12.113e3	10056
13.45111	102662
14.7e284	82085
15.6f452	91649
16.747c6	14860
17.b804f	41032
18.8cc5c	24132
