version	total
2.23394	5065
3.be8f6	5723
4.0b8cc	4916
4.bff50	4894
5.9375b	5018
6.f5a1c	5857
7.4e23d	5838
8.fac81	4787
9.d36de	5387
10.6d92c	5516
11.e1a1c	5103
12.113e3	9725
13.45111	95792
14.7e284	79090
15.6f452	65577
16.747c6	9076
17.b804f	13630
