version	total
2.23394	5079
3.be8f6	5750
4.0b8cc	4934
4.bff50	4908
5.9375b	5033
6.f5a1c	5871
7.4e23d	5862
8.fac81	4803
9.d36de	5400
10.6d92c	5560
11.e1a1c	5116
12.113e3	9778
13.45111	97180
14.7e284	80781
15.6f452	71210
16.747c6	10012
17.b804f	20138
