version	total
2.23394	5103
3.be8f6	5804
4.0b8cc	4960
4.bff50	4932
5.9375b	5059
6.f5a1c	5897
7.4e23d	5899
8.fac81	4825
9.d36de	5443
10.6d92c	5636
11.e1a1c	5142
12.113e3	9866
13.45111	99519
14.7e284	81401
15.6f452	80314
16.747c6	11622
17.b804f	32920
18.8cc5c	2662
