version	total
2.23394	5210
3.be8f6	5868
4.0b8cc	5062
4.bff50	4968
5.9375b	5158
6.f5a1c	5997
7.4e23d	6012
8.fac81	4928
9.d36de	5550
10.6d92c	5807
11.e1a1c	5246
12.113e3	10059
13.45111	102788
14.7e284	82100
15.6f452	91875
16.747c6	15076
17.b804f	41195
18.8cc5c	25136
