version	total
2.23394	5194
3.be8f6	5861
4.0b8cc	5046
4.bff50	4959
5.9375b	5143
6.f5a1c	5982
7.4e23d	5996
8.fac81	4912
9.d36de	5533
10.6d92c	5779
11.e1a1c	5228
12.113e3	10034
13.45111	102345
14.7e284	81996
15.6f452	91140
16.747c6	14225
17.b804f	40336
18.8cc5c	21008
