version	total
2.23394	5180
3.be8f6	5855
4.0b8cc	5032
4.bff50	4955
5.9375b	5130
6.f5a1c	5969
7.4e23d	5981
8.fac81	4898
9.d36de	5520
10.6d92c	5758
11.e1a1c	5214
12.113e3	10011
13.45111	101927
14.7e284	81912
15.6f452	90583
16.747c6	13788
17.b804f	39336
18.8cc5c	18022
