version	total
2.23394	5180
3.be8f6	5855
4.0b8cc	5033
4.bff50	4955
5.9375b	5130
6.f5a1c	5969
7.4e23d	5982
8.fac81	4899
9.d36de	5520
10.6d92c	5760
11.e1a1c	5214
12.113e3	10013
13.45111	101985
14.7e284	81922
15.6f452	90666
16.747c6	13829
17.b804f	39531
18.8cc5c	18416
