version	total
2.23394	5096
3.be8f6	5786
4.0b8cc	4951
4.bff50	4923
5.9375b	5049
6.f5a1c	5888
7.4e23d	5888
8.fac81	4815
9.d36de	5432
10.6d92c	5613
11.e1a1c	5133
12.113e3	9831
13.45111	98653
14.7e284	81210
15.6f452	75942
16.747c6	11133
17.b804f	30260
