version	total
2.23394	5083
3.be8f6	5757
4.0b8cc	4937
4.bff50	4912
5.9375b	5036
6.f5a1c	5875
7.4e23d	5865
8.fac81	4804
9.d36de	5404
10.6d92c	5564
11.e1a1c	5119
12.113e3	9785
13.45111	97383
14.7e284	80854
15.6f452	71772
16.747c6	10121
17.b804f	21305
