version	total
2.23394	5186
3.be8f6	5857
4.0b8cc	5039
4.bff50	4956
5.9375b	5136
6.f5a1c	5975
7.4e23d	5989
8.fac81	4905
9.d36de	5526
10.6d92c	5767
11.e1a1c	5221
12.113e3	10021
13.45111	102145
14.7e284	81949
15.6f452	90910
16.747c6	13970
17.b804f	39811
18.8cc5c	19547
