version	total
2.23394	5142
3.be8f6	5837
4.0b8cc	4997
4.bff50	4947
5.9375b	5094
6.f5a1c	5933
7.4e23d	5942
8.fac81	4861
9.d36de	5483
10.6d92c	5691
11.e1a1c	5177
12.113e3	9944
13.45111	100924
14.7e284	81660
15.6f452	87484
16.747c6	12773
17.b804f	36917
18.8cc5c	9909
