version	total
2.23394	5231
3.be8f6	5875
4.0b8cc	5081
4.bff50	4981
5.9375b	5175
6.f5a1c	6015
7.4e23d	6031
8.fac81	4947
9.d36de	5571
10.6d92c	5836
11.e1a1c	5271
12.113e3	10091
13.45111	103232
14.7e284	82179
15.6f452	93886
16.747c6	15723
17.b804f	41809
18.8cc5c	29038
