version	total
2.23394	5310
3.be8f6	5914
4.0b8cc	5162
4.bff50	5011
5.9375b	5242
6.f5a1c	6097
7.4e23d	6114
8.fac81	5030
9.d36de	5656
10.6d92c	5947
11.e1a1c	5352
12.113e3	10231
13.45111	104865
14.7e284	82638
15.6f452	96215
16.747c6	18058
17.b804f	43811
18.8cc5c	44254
