version	total
2.23394	5201
3.be8f6	5866
4.0b8cc	5053
4.bff50	4962
5.9375b	5149
6.f5a1c	5988
7.4e23d	6003
8.fac81	4919
9.d36de	5540
10.6d92c	5790
11.e1a1c	5234
12.113e3	10046
13.45111	102499
14.7e284	82035
15.6f452	91363
16.747c6	14415
17.b804f	40675
18.8cc5c	22353
