version	total
2.23394	5337
3.be8f6	5923
4.0b8cc	5189
4.bff50	5018
5.9375b	5251
6.f5a1c	6123
7.4e23d	6142
8.fac81	5063
9.d36de	5682
10.6d92c	5984
11.e1a1c	5396
12.113e3	10273
13.45111	105464
14.7e284	82786
15.6f452	97145
16.747c6	18882
17.b804f	44616
18.8cc5c	53123
