version	total
2.23394	5101
3.be8f6	5799
4.0b8cc	4957
4.bff50	4929
5.9375b	5056
6.f5a1c	5893
7.4e23d	5895
8.fac81	4822
9.d36de	5439
10.6d92c	5632
11.e1a1c	5139
12.113e3	9856
13.45111	99280
14.7e284	81357
15.6f452	79236
16.747c6	11485
17.b804f	32436
18.8cc5c	1642
