version	total
2.23394	5091
3.be8f6	5774
4.0b8cc	4944
4.bff50	4918
5.9375b	5044
6.f5a1c	5883
7.4e23d	5879
8.fac81	4811
9.d36de	5425
10.6d92c	5602
11.e1a1c	5128
12.113e3	9813
13.45111	98172
14.7e284	81082
15.6f452	73830
16.747c6	10694
17.b804f	27194
