version	total
2.23394	5100
3.be8f6	5797
4.0b8cc	4956
4.bff50	4928
5.9375b	5055
6.f5a1c	5892
7.4e23d	5893
8.fac81	4821
9.d36de	5438
10.6d92c	5629
11.e1a1c	5138
12.113e3	9853
13.45111	99122
14.7e284	81322
15.6f452	77720
16.747c6	11397
17.b804f	31962
18.8cc5c	991
