version	total
2.23394	5323
3.be8f6	5918
4.0b8cc	5174
4.bff50	5015
5.9375b	5247
6.f5a1c	6110
7.4e23d	6126
8.fac81	5046
9.d36de	5667
10.6d92c	5962
11.e1a1c	5365
12.113e3	10248
13.45111	105115
14.7e284	82714
15.6f452	96682
16.747c6	18434
17.b804f	44226
18.8cc5c	48529
