version	total
2.23394	5315
3.be8f6	5916
4.0b8cc	5167
4.bff50	5014
5.9375b	5246
6.f5a1c	6103
7.4e23d	6119
8.fac81	5035
9.d36de	5660
10.6d92c	5953
11.e1a1c	5357
12.113e3	10238
13.45111	104989
14.7e284	82675
15.6f452	96350
16.747c6	18211
17.b804f	43939
18.8cc5c	46093
