version	total
2.23394	5060
3.be8f6	5713
4.0b8cc	4911
4.bff50	4889
5.9375b	5014
6.f5a1c	5853
7.4e23d	5831
8.fac81	4783
9.d36de	5382
10.6d92c	5499
11.e1a1c	5099
12.113e3	9707
13.45111	95308
14.7e284	78269
15.6f452	64062
16.747c6	8632
17.b804f	11026
