version	total
2.23394	5283
3.be8f6	5901
4.0b8cc	5135
4.bff50	4997
5.9375b	5219
6.f5a1c	6071
7.4e23d	6086
8.fac81	5002
9.d36de	5627
10.6d92c	5910
11.e1a1c	5324
12.113e3	10183
13.45111	104284
14.7e284	82494
15.6f452	95319
16.747c6	17025
17.b804f	43182
18.8cc5c	38069
