version	total
2.23394	5046
3.be8f6	5699
4.0b8cc	4897
4.bff50	4875
5.9375b	5000
6.f5a1c	5839
7.4e23d	5806
8.fac81	4768
9.d36de	5367
10.6d92c	5473
11.e1a1c	5086
12.113e3	9681
13.45111	94759
14.7e284	77510
15.6f452	62580
16.747c6	8090
17.b804f	8723
