version	total
2.23394	5102
3.be8f6	5802
4.0b8cc	4959
4.bff50	4931
5.9375b	5058
6.f5a1c	5896
7.4e23d	5898
8.fac81	4824
9.d36de	5442
10.6d92c	5635
11.e1a1c	5141
12.113e3	9862
13.45111	99456
14.7e284	81389
15.6f452	79941
16.747c6	11589
17.b804f	32739
18.8cc5c	2338
