version	total
2.23394	5312
3.be8f6	5914
4.0b8cc	5164
4.bff50	5013
5.9375b	5244
6.f5a1c	6100
7.4e23d	6116
8.fac81	5032
9.d36de	5657
10.6d92c	5949
11.e1a1c	5354
12.113e3	10233
13.45111	104911
14.7e284	82658
15.6f452	96278
16.747c6	18128
17.b804f	43877
18.8cc5c	44858
