version	total
2.23394	5203
3.be8f6	5866
4.0b8cc	5055
4.bff50	4962
5.9375b	5151
6.f5a1c	5990
7.4e23d	6005
8.fac81	4921
9.d36de	5543
10.6d92c	5794
11.e1a1c	5236
12.113e3	10049
13.45111	102563
14.7e284	82054
15.6f452	91480
16.747c6	14539
17.b804f	40786
18.8cc5c	23182
