version	total
2.23394	5173
3.be8f6	5851
4.0b8cc	5026
4.bff50	4952
5.9375b	5123
6.f5a1c	5962
7.4e23d	5975
8.fac81	4890
9.d36de	5513
10.6d92c	5741
11.e1a1c	5207
12.113e3	9994
13.45111	101654
14.7e284	81866
15.6f452	90074
16.747c6	13541
17.b804f	38559
18.8cc5c	15981
