version	total
2.23394	5161
3.be8f6	5846
4.0b8cc	5014
4.bff50	4950
5.9375b	5111
6.f5a1c	5950
7.4e23d	5963
8.fac81	4878
9.d36de	5500
10.6d92c	5720
11.e1a1c	5194
12.113e3	9975
13.45111	101284
14.7e284	81739
15.6f452	89225
16.747c6	13200
17.b804f	37944
18.8cc5c	13411
