version	total
2.23394	5246
3.be8f6	5882
4.0b8cc	5097
4.bff50	4986
5.9375b	5191
6.f5a1c	6032
7.4e23d	6047
8.fac81	4963
9.d36de	5587
10.6d92c	5862
11.e1a1c	5286
12.113e3	10116
13.45111	103554
14.7e284	82281
15.6f452	94411
16.747c6	16185
17.b804f	42488
18.8cc5c	32377
