version	total
2.23394	5260
3.be8f6	5889
4.0b8cc	5111
4.bff50	4990
5.9375b	5202
6.f5a1c	6048
7.4e23d	6061
8.fac81	4977
9.d36de	5602
10.6d92c	5878
11.e1a1c	5301
12.113e3	10136
13.45111	103786
14.7e284	82347
15.6f452	94641
16.747c6	16474
17.b804f	42663
18.8cc5c	34039
