version	total
2.23394	5078
3.be8f6	5750
4.0b8cc	4932
4.bff50	4908
5.9375b	5033
6.f5a1c	5871
7.4e23d	5860
8.fac81	4801
9.d36de	5399
10.6d92c	5557
11.e1a1c	5115
12.113e3	9775
13.45111	97128
14.7e284	80763
15.6f452	71085
16.747c6	9979
17.b804f	19885
