version	total
2.23394	5092
3.be8f6	5776
4.0b8cc	4945
4.bff50	4919
5.9375b	5045
6.f5a1c	5884
7.4e23d	5880
8.fac81	4812
9.d36de	5426
10.6d92c	5603
11.e1a1c	5129
12.113e3	9816
13.45111	98226
14.7e284	81096
15.6f452	74079
16.747c6	10742
17.b804f	27409
