version	total
2.23394	5235
3.be8f6	5876
4.0b8cc	5085
4.bff50	4982
5.9375b	5179
6.f5a1c	6019
7.4e23d	6035
8.fac81	4951
9.d36de	5575
10.6d92c	5842
11.e1a1c	5275
12.113e3	10096
13.45111	103351
14.7e284	82218
15.6f452	94132
16.747c6	15875
17.b804f	42076
18.8cc5c	30059
