version	total
2.23394	5077
3.be8f6	5748
4.0b8cc	4931
4.bff50	4907
5.9375b	5032
6.f5a1c	5870
7.4e23d	5857
8.fac81	4800
9.d36de	5398
10.6d92c	5553
11.e1a1c	5114
12.113e3	9772
13.45111	96986
14.7e284	80635
15.6f452	70513
16.747c6	9881
17.b804f	19197
