version	total
2.23394	5172
3.be8f6	5850
4.0b8cc	5025
4.bff50	4952
5.9375b	5122
6.f5a1c	5961
7.4e23d	5974
8.fac81	4889
9.d36de	5513
10.6d92c	5740
11.e1a1c	5206
12.113e3	9993
13.45111	101629
14.7e284	81862
15.6f452	90059
16.747c6	13527
17.b804f	38541
18.8cc5c	15854
