version	total
2.23394	5051
3.be8f6	5702
4.0b8cc	4902
4.bff50	4880
5.9375b	5005
6.f5a1c	5845
7.4e23d	5811
8.fac81	4773
9.d36de	5372
10.6d92c	5480
11.e1a1c	5091
12.113e3	9688
13.45111	94815
14.7e284	77623
15.6f452	62754
16.747c6	8153
17.b804f	8982
