version	total
2.23394	5080
3.be8f6	5751
4.0b8cc	4934
4.bff50	4909
5.9375b	5034
6.f5a1c	5872
7.4e23d	5862
8.fac81	4803
9.d36de	5401
10.6d92c	5561
11.e1a1c	5117
12.113e3	9778
13.45111	97228
14.7e284	80803
15.6f452	71334
16.747c6	10034
17.b804f	20361
