version	total
2.23394	5328
3.be8f6	5920
4.0b8cc	5179
4.bff50	5016
5.9375b	5249
6.f5a1c	6115
7.4e23d	6131
8.fac81	5052
9.d36de	5672
10.6d92c	5968
11.e1a1c	5382
12.113e3	10258
13.45111	105212
14.7e284	82732
15.6f452	96896
16.747c6	18556
17.b804f	44386
18.8cc5c	50139
