version	total
2.23394	5063
3.be8f6	5717
4.0b8cc	4913
4.bff50	4893
5.9375b	5016
6.f5a1c	5855
7.4e23d	5835
8.fac81	4785
9.d36de	5385
10.6d92c	5508
11.e1a1c	5100
12.113e3	9714
13.45111	95453
14.7e284	78516
15.6f452	64386
16.747c6	8768
17.b804f	12264
