version	total
2.23394	5277
3.be8f6	5900
4.0b8cc	5128
4.bff50	4996
5.9375b	5217
6.f5a1c	6065
7.4e23d	6080
8.fac81	4996
9.d36de	5621
10.6d92c	5902
11.e1a1c	5318
12.113e3	10174
13.45111	104138
14.7e284	82451
15.6f452	94970
16.747c6	16834
17.b804f	43007
18.8cc5c	36564
