version	total
2.23394	5182
3.be8f6	5855
4.0b8cc	5035
4.bff50	4955
5.9375b	5132
6.f5a1c	5971
7.4e23d	5984
8.fac81	4901
9.d36de	5522
10.6d92c	5763
11.e1a1c	5216
12.113e3	10015
13.45111	102063
14.7e284	81931
15.6f452	90788
16.747c6	13902
17.b804f	39696
18.8cc5c	18992
