version	total
2.23394	5031
3.be8f6	5692
4.0b8cc	4881
4.bff50	4860
5.9375b	4984
6.f5a1c	5822
7.4e23d	5789
8.fac81	4753
9.d36de	5349
10.6d92c	5456
11.e1a1c	5070
12.113e3	9660
13.45111	94499
14.7e284	77158
15.6f452	61891
16.747c6	7846
17.b804f	7834
