version	total
2.23394	5119
3.be8f6	5820
4.0b8cc	4973
4.bff50	4939
5.9375b	5071
6.f5a1c	5910
7.4e23d	5915
8.fac81	4838
9.d36de	5458
10.6d92c	5660
11.e1a1c	5154
12.113e3	9898
13.45111	100371
14.7e284	81555
15.6f452	84579
16.747c6	12238
17.b804f	34898
18.8cc5c	6547
