version	total
2.23394	5033
3.be8f6	5693
4.0b8cc	4884
4.bff50	4862
5.9375b	4987
6.f5a1c	5825
7.4e23d	5792
8.fac81	4755
9.d36de	5351
10.6d92c	5458
11.e1a1c	5073
12.113e3	9663
13.45111	94532
14.7e284	77217
15.6f452	61999
16.747c6	7863
17.b804f	7969
