version	total
2.23394	5117
3.be8f6	5820
4.0b8cc	4971
4.bff50	4939
5.9375b	5069
6.f5a1c	5908
7.4e23d	5913
8.fac81	4836
9.d36de	5455
10.6d92c	5657
11.e1a1c	5152
12.113e3	9896
13.45111	100315
14.7e284	81542
15.6f452	84355
16.747c6	12192
17.b804f	34733
18.8cc5c	6272
