version	total
2.23394	5237
3.be8f6	5877
4.0b8cc	5087
4.bff50	4982
5.9375b	5181
6.f5a1c	6021
7.4e23d	6038
8.fac81	4953
9.d36de	5578
10.6d92c	5846
11.e1a1c	5277
12.113e3	10099
13.45111	103384
14.7e284	82226
15.6f452	94172
16.747c6	15922
17.b804f	42140
18.8cc5c	30323
