version	total
2.23394	5280
3.be8f6	5900
4.0b8cc	5131
4.bff50	4996
5.9375b	5218
6.f5a1c	6068
7.4e23d	6083
8.fac81	4999
9.d36de	5624
10.6d92c	5906
11.e1a1c	5321
12.113e3	10178
13.45111	104242
14.7e284	82482
15.6f452	95185
16.747c6	16970
17.b804f	43115
18.8cc5c	37627
