version	total
2.23394	5242
3.be8f6	5880
4.0b8cc	5093
4.bff50	4985
5.9375b	5187
6.f5a1c	6027
7.4e23d	6043
8.fac81	4959
9.d36de	5583
10.6d92c	5856
11.e1a1c	5282
12.113e3	10107
13.45111	103503
14.7e284	82267
15.6f452	94362
16.747c6	16116
17.b804f	42459
18.8cc5c	31832
