version	total
2.23394	5278
3.be8f6	5900
4.0b8cc	5129
4.bff50	4996
5.9375b	5217
6.f5a1c	6066
7.4e23d	6081
8.fac81	4997
9.d36de	5622
10.6d92c	5903
11.e1a1c	5319
12.113e3	10175
13.45111	104170
14.7e284	82462
15.6f452	95051
16.747c6	16883
17.b804f	43041
18.8cc5c	36876
