version	total
2.23394	5286
3.be8f6	5901
4.0b8cc	5138
4.bff50	4997
5.9375b	5221
6.f5a1c	6075
7.4e23d	6089
8.fac81	5006
9.d36de	5630
10.6d92c	5915
11.e1a1c	5327
12.113e3	10190
13.45111	104375
14.7e284	82507
15.6f452	95408
16.747c6	17173
17.b804f	43260
18.8cc5c	38932
