version	total
2.23394	5179
3.be8f6	5855
4.0b8cc	5031
4.bff50	4955
5.9375b	5128
6.f5a1c	5967
7.4e23d	5980
8.fac81	4896
9.d36de	5519
10.6d92c	5756
11.e1a1c	5213
12.113e3	10008
13.45111	101864
14.7e284	81903
15.6f452	90434
16.747c6	13747
17.b804f	39088
18.8cc5c	17635
