version	total
2.23394	5215
3.be8f6	5870
4.0b8cc	5066
4.bff50	4972
5.9375b	5162
6.f5a1c	6001
7.4e23d	6016
8.fac81	4932
9.d36de	5554
10.6d92c	5812
11.e1a1c	5251
12.113e3	10066
13.45111	102858
14.7e284	82117
15.6f452	91963
16.747c6	15244
17.b804f	41265
18.8cc5c	25841
