version	total
2.23394	5121
3.be8f6	5820
4.0b8cc	4975
4.bff50	4939
5.9375b	5073
6.f5a1c	5912
7.4e23d	5918
8.fac81	4840
9.d36de	5460
10.6d92c	5663
11.e1a1c	5156
12.113e3	9901
13.45111	100453
14.7e284	81569
15.6f452	84965
16.747c6	12281
17.b804f	35133
18.8cc5c	6977
