version	total
2.23394	5040
3.be8f6	5696
4.0b8cc	4891
4.bff50	4869
5.9375b	4994
6.f5a1c	5833
7.4e23d	5799
8.fac81	4762
9.d36de	5361
10.6d92c	5466
11.e1a1c	5080
12.113e3	9672
13.45111	94606
14.7e284	77334
15.6f452	62171
16.747c6	7940
17.b804f	8206
