version	total
2.23394	5249
3.be8f6	5882
4.0b8cc	5099
4.bff50	4986
5.9375b	5194
6.f5a1c	6037
7.4e23d	6049
8.fac81	4965
9.d36de	5591
10.6d92c	5864
11.e1a1c	5290
12.113e3	10118
13.45111	103636
14.7e284	82301
15.6f452	94491
16.747c6	16288
17.b804f	42547
18.8cc5c	33037
