version	total
2.23394	5206
3.be8f6	5868
4.0b8cc	5057
4.bff50	4963
5.9375b	5153
6.f5a1c	5992
7.4e23d	6007
8.fac81	4923
9.d36de	5545
10.6d92c	5796
11.e1a1c	5240
12.113e3	10053
13.45111	102583
14.7e284	82059
15.6f452	91490
16.747c6	14570
17.b804f	40832
18.8cc5c	23303
