version	total
2.23394	5279
3.be8f6	5900
4.0b8cc	5130
4.bff50	4996
5.9375b	5218
6.f5a1c	6067
7.4e23d	6082
8.fac81	4998
9.d36de	5623
10.6d92c	5904
11.e1a1c	5320
12.113e3	10176
13.45111	104216
14.7e284	82476
15.6f452	95127
16.747c6	16930
17.b804f	43086
18.8cc5c	37295
