version	total
2.23394	5307
3.be8f6	5912
4.0b8cc	5159
4.bff50	5009
5.9375b	5237
6.f5a1c	6094
7.4e23d	6111
8.fac81	5027
9.d36de	5653
10.6d92c	5943
11.e1a1c	5348
12.113e3	10225
13.45111	104823
14.7e284	82627
15.6f452	96153
16.747c6	18015
17.b804f	43756
18.8cc5c	43715
