version	total
2.23394	5170
3.be8f6	5848
4.0b8cc	5023
4.bff50	4951
5.9375b	5120
6.f5a1c	5959
7.4e23d	5972
8.fac81	4887
9.d36de	5510
10.6d92c	5737
11.e1a1c	5203
12.113e3	9989
13.45111	101612
14.7e284	81813
15.6f452	90040
16.747c6	13499
17.b804f	38527
18.8cc5c	15782
