version	total
2.23394	5028
3.be8f6	5689
4.0b8cc	4879
4.bff50	4857
5.9375b	4982
6.f5a1c	5820
7.4e23d	5787
8.fac81	4750
9.d36de	5346
10.6d92c	5452
11.e1a1c	5068
12.113e3	9656
13.45111	94458
14.7e284	77098
15.6f452	61780
16.747c6	7803
17.b804f	7596
