version	total
2.23394	5210
3.be8f6	5868
4.0b8cc	5061
4.bff50	4967
5.9375b	5157
6.f5a1c	5996
7.4e23d	6011
8.fac81	4927
9.d36de	5549
10.6d92c	5806
11.e1a1c	5246
12.113e3	10058
13.45111	102754
14.7e284	82095
15.6f452	91824
16.747c6	15004
17.b804f	41151
18.8cc5c	24843
