version	total
2.23394	5224
3.be8f6	5873
4.0b8cc	5073
4.bff50	4978
5.9375b	5169
6.f5a1c	6008
7.4e23d	6023
8.fac81	4939
9.d36de	5562
10.6d92c	5823
11.e1a1c	5261
12.113e3	10078
13.45111	103004
14.7e284	82145
15.6f452	93573
16.747c6	15481
17.b804f	41461
18.8cc5c	27058
