version	total
2.23394	5063
3.be8f6	5719
4.0b8cc	4914
4.bff50	4893
5.9375b	5017
6.f5a1c	5856
7.4e23d	5837
8.fac81	4786
9.d36de	5385
10.6d92c	5510
11.e1a1c	5101
12.113e3	9719
13.45111	95571
14.7e284	78710
15.6f452	64664
16.747c6	8840
17.b804f	12798
