version	total
2.23394	5284
3.be8f6	5901
4.0b8cc	5136
4.bff50	4997
5.9375b	5219
6.f5a1c	6072
7.4e23d	6087
8.fac81	5003
9.d36de	5628
10.6d92c	5911
11.e1a1c	5325
12.113e3	10184
13.45111	104302
14.7e284	82498
15.6f452	95331
16.747c6	17052
17.b804f	43198
18.8cc5c	38192
