version	total
2.23394	5208
3.be8f6	5868
4.0b8cc	5060
4.bff50	4966
5.9375b	5156
6.f5a1c	5995
7.4e23d	6010
8.fac81	4926
9.d36de	5548
10.6d92c	5805
11.e1a1c	5245
12.113e3	10057
13.45111	102713
14.7e284	82089
15.6f452	91729
16.747c6	14937
17.b804f	41099
18.8cc5c	24453
