version	total
2.23394	5197
3.be8f6	5865
4.0b8cc	5049
4.bff50	4961
5.9375b	5146
6.f5a1c	5985
7.4e23d	5999
8.fac81	4915
9.d36de	5536
10.6d92c	5782
11.e1a1c	5231
12.113e3	10041
13.45111	102365
14.7e284	82004
15.6f452	91160
16.747c6	14254
17.b804f	40374
18.8cc5c	21119
