version	total
2.23394	5190
3.be8f6	5857
4.0b8cc	5042
4.bff50	4956
5.9375b	5139
6.f5a1c	5978
7.4e23d	5992
8.fac81	4908
9.d36de	5529
10.6d92c	5774
11.e1a1c	5225
12.113e3	10024
13.45111	102282
14.7e284	81972
15.6f452	91032
16.747c6	14116
17.b804f	40126
18.8cc5c	20477
