version	total
2.23394	5332
3.be8f6	5920
4.0b8cc	5184
4.bff50	5017
5.9375b	5250
6.f5a1c	6119
7.4e23d	6137
8.fac81	5059
9.d36de	5677
10.6d92c	5978
11.e1a1c	5390
12.113e3	10267
13.45111	105387
14.7e284	82763
15.6f452	97089
16.747c6	18798
17.b804f	44546
18.8cc5c	52318
