version	total
2.23394	5198
3.be8f6	5865
4.0b8cc	5051
4.bff50	4961
5.9375b	5147
6.f5a1c	5986
7.4e23d	6001
8.fac81	4917
9.d36de	5538
10.6d92c	5786
11.e1a1c	5232
12.113e3	10043
13.45111	102420
14.7e284	82019
15.6f452	91216
16.747c6	14319
17.b804f	40486
18.8cc5c	21547
