version	total
2.23394	5095
3.be8f6	5784
4.0b8cc	4950
4.bff50	4922
5.9375b	5048
6.f5a1c	5887
7.4e23d	5887
8.fac81	4814
9.d36de	5430
10.6d92c	5610
11.e1a1c	5132
12.113e3	9828
13.45111	98535
14.7e284	81189
15.6f452	75349
16.747c6	11008
17.b804f	29432
