version	total
2.23394	5113
3.be8f6	5816
4.0b8cc	4967
4.bff50	4937
5.9375b	5065
6.f5a1c	5904
7.4e23d	5909
8.fac81	4832
9.d36de	5451
10.6d92c	5651
11.e1a1c	5149
12.113e3	9889
13.45111	100256
14.7e284	81523
15.6f452	84090
16.747c6	12149
17.b804f	34576
18.8cc5c	6016
