version	total
2.23394	5019
3.be8f6	5685
4.0b8cc	4870
4.bff50	4850
5.9375b	4975
6.f5a1c	5813
7.4e23d	5777
8.fac81	4741
9.d36de	5337
10.6d92c	5440
11.e1a1c	5059
12.113e3	9645
13.45111	94297
14.7e284	76903
15.6f452	61381
16.747c6	7659
17.b804f	6997
