version	total
2.23394	5252
3.be8f6	5887
4.0b8cc	5103
4.bff50	4988
5.9375b	5196
6.f5a1c	6041
7.4e23d	6053
8.fac81	4970
9.d36de	5594
10.6d92c	5870
11.e1a1c	5294
12.113e3	10127
13.45111	103688
14.7e284	82321
15.6f452	94538
16.747c6	16352
17.b804f	42584
18.8cc5c	33296
