version	total
2.23394	5136
3.be8f6	5833
4.0b8cc	4991
4.bff50	4945
5.9375b	5088
6.f5a1c	5927
7.4e23d	5935
8.fac81	4855
9.d36de	5476
10.6d92c	5685
11.e1a1c	5171
12.113e3	9931
13.45111	100797
14.7e284	81639
15.6f452	86745
16.747c6	12630
17.b804f	36314
18.8cc5c	8968
