version	total
2.23394	5056
3.be8f6	5705
4.0b8cc	4907
4.bff50	4885
5.9375b	5010
6.f5a1c	5849
7.4e23d	5817
8.fac81	4777
9.d36de	5376
10.6d92c	5488
11.e1a1c	5095
12.113e3	9693
13.45111	94931
14.7e284	77775
15.6f452	63034
16.747c6	8246
17.b804f	9404
