version	total
2.23394	5329
3.be8f6	5920
4.0b8cc	5180
4.bff50	5016
5.9375b	5249
6.f5a1c	6116
7.4e23d	6132
8.fac81	5053
9.d36de	5673
10.6d92c	5969
11.e1a1c	5385
12.113e3	10259
13.45111	105251
14.7e284	82732
15.6f452	96907
16.747c6	18580
17.b804f	44397
18.8cc5c	50309
