version	total
2.23394	5107
3.be8f6	5810
4.0b8cc	4962
4.bff50	4934
5.9375b	5062
6.f5a1c	5901
7.4e23d	5902
8.fac81	4828
9.d36de	5444
10.6d92c	5643
11.e1a1c	5144
12.113e3	9876
13.45111	99885
14.7e284	81447
15.6f452	82135
16.747c6	11826
17.b804f	33718
18.8cc5c	4223
