version	total
2.23394	5267
3.be8f6	5895
4.0b8cc	5118
4.bff50	4993
5.9375b	5208
6.f5a1c	6055
7.4e23d	6068
8.fac81	4984
9.d36de	5609
10.6d92c	5887
11.e1a1c	5308
12.113e3	10154
13.45111	103881
14.7e284	82369
15.6f452	94734
16.747c6	16597
17.b804f	42783
18.8cc5c	34709
