version	total
2.23394	5064
3.be8f6	5721
4.0b8cc	4915
4.bff50	4894
5.9375b	5018
6.f5a1c	5857
7.4e23d	5838
8.fac81	4787
9.d36de	5386
10.6d92c	5511
11.e1a1c	5102
12.113e3	9722
13.45111	95603
14.7e284	78798
15.6f452	64710
16.747c6	8877
17.b804f	12920
