version	total
2.23394	5094
3.be8f6	5780
4.0b8cc	4948
4.bff50	4921
5.9375b	5046
6.f5a1c	5886
7.4e23d	5883
8.fac81	4813
9.d36de	5428
10.6d92c	5607
11.e1a1c	5131
12.113e3	9822
13.45111	98380
14.7e284	81126
15.6f452	74599
16.747c6	10871
17.b804f	28394
