version	total
2.23394	5098
3.be8f6	5792
4.0b8cc	4953
4.bff50	4925
5.9375b	5052
6.f5a1c	5890
7.4e23d	5890
8.fac81	4818
9.d36de	5435
10.6d92c	5625
11.e1a1c	5135
12.113e3	9845
13.45111	99029
14.7e284	81299
15.6f452	77303
16.747c6	11350
17.b804f	31739
18.8cc5c	594
