version	total
2.23394	5330
3.be8f6	5920
4.0b8cc	5181
4.bff50	5016
5.9375b	5249
6.f5a1c	6116
7.4e23d	6134
8.fac81	5054
9.d36de	5674
10.6d92c	5972
11.e1a1c	5387
12.113e3	10260
13.45111	105282
14.7e284	82736
15.6f452	96973
16.747c6	18628
17.b804f	44436
18.8cc5c	50772
