version	total
2.23394	5163
3.be8f6	5846
4.0b8cc	5016
4.bff50	4950
5.9375b	5113
6.f5a1c	5953
7.4e23d	5965
8.fac81	4880
9.d36de	5503
10.6d92c	5722
11.e1a1c	5196
12.113e3	9979
13.45111	101349
14.7e284	81753
15.6f452	89447
16.747c6	13264
17.b804f	38081
18.8cc5c	14002
