version	total
2.23394	5133
3.be8f6	5830
4.0b8cc	4987
4.bff50	4944
5.9375b	5085
6.f5a1c	5924
7.4e23d	5930
8.fac81	4851
9.d36de	5471
10.6d92c	5680
11.e1a1c	5167
12.113e3	9925
13.45111	100729
14.7e284	81628
15.6f452	86174
16.747c6	12543
17.b804f	35890
18.8cc5c	8341
