version	total
2.23394	5281
3.be8f6	5900
4.0b8cc	5133
4.bff50	4996
5.9375b	5218
6.f5a1c	6069
7.4e23d	6084
8.fac81	5000
9.d36de	5625
10.6d92c	5907
11.e1a1c	5322
12.113e3	10179
13.45111	104266
14.7e284	82490
15.6f452	95308
16.747c6	17012
17.b804f	43157
18.8cc5c	37983
