version	total
2.23394	5058
3.be8f6	5709
4.0b8cc	4909
4.bff50	4887
5.9375b	5012
6.f5a1c	5851
7.4e23d	5829
8.fac81	4778
9.d36de	5378
10.6d92c	5493
11.e1a1c	5096
12.113e3	9700
13.45111	95225
14.7e284	78156
15.6f452	63852
16.747c6	8507
17.b804f	10585
