version	total
2.23394	5104
3.be8f6	5806
4.0b8cc	4960
4.bff50	4932
5.9375b	5060
6.f5a1c	5897
7.4e23d	5900
8.fac81	4826
9.d36de	5443
10.6d92c	5637
11.e1a1c	5142
12.113e3	9868
13.45111	99535
14.7e284	81407
15.6f452	80518
16.747c6	11631
17.b804f	32955
18.8cc5c	2726
