version	total
2.23394	5143
3.be8f6	5837
4.0b8cc	4998
4.bff50	4947
5.9375b	5095
6.f5a1c	5934
7.4e23d	5943
8.fac81	4862
9.d36de	5484
10.6d92c	5692
11.e1a1c	5178
12.113e3	9947
13.45111	100956
14.7e284	81672
15.6f452	87660
16.747c6	12824
17.b804f	37051
18.8cc5c	10124
