version	total
2.23394	5185
3.be8f6	5857
4.0b8cc	5038
4.bff50	4956
5.9375b	5135
6.f5a1c	5974
7.4e23d	5988
8.fac81	4904
9.d36de	5525
10.6d92c	5766
11.e1a1c	5220
12.113e3	10020
13.45111	102122
14.7e284	81942
15.6f452	90880
16.747c6	13948
17.b804f	39789
18.8cc5c	19391
