version	total
2.23394	5102
3.be8f6	5802
4.0b8cc	4959
4.bff50	4931
5.9375b	5058
6.f5a1c	5895
7.4e23d	5897
8.fac81	4824
9.d36de	5441
10.6d92c	5635
11.e1a1c	5141
12.113e3	9862
13.45111	99416
14.7e284	81382
15.6f452	79731
16.747c6	11572
17.b804f	32662
18.8cc5c	2153
