version	total
2.23394	5158
3.be8f6	5845
4.0b8cc	5011
4.bff50	4950
5.9375b	5108
6.f5a1c	5947
7.4e23d	5960
8.fac81	4875
9.d36de	5497
10.6d92c	5713
11.e1a1c	5191
12.113e3	9971
13.45111	101212
14.7e284	81724
15.6f452	88850
16.747c6	13116
17.b804f	37598
18.8cc5c	12284
