version	total
2.23394	5269
3.be8f6	5895
4.0b8cc	5120
4.bff50	4993
5.9375b	5210
6.f5a1c	6057
7.4e23d	6070
8.fac81	4986
9.d36de	5612
10.6d92c	5892
11.e1a1c	5310
12.113e3	10157
13.45111	103958
14.7e284	82388
15.6f452	94807
16.747c6	16653
17.b804f	42890
18.8cc5c	35258
