version	total
2.23394	5135
3.be8f6	5831
4.0b8cc	4989
4.bff50	4944
5.9375b	5086
6.f5a1c	5925
7.4e23d	5933
8.fac81	4853
9.d36de	5473
10.6d92c	5683
11.e1a1c	5169
12.113e3	9927
13.45111	100779
14.7e284	81635
15.6f452	86663
16.747c6	12611
17.b804f	36197
18.8cc5c	8866
