version	total
2.23394	5156
3.be8f6	5845
4.0b8cc	5010
4.bff50	4950
5.9375b	5107
6.f5a1c	5946
7.4e23d	5959
8.fac81	4874
9.d36de	5496
10.6d92c	5711
11.e1a1c	5190
12.113e3	9970
13.45111	101199
14.7e284	81723
15.6f452	88797
16.747c6	13095
17.b804f	37595
18.8cc5c	12190
