version	total
2.23394	5149
3.be8f6	5840
4.0b8cc	5003
4.bff50	4948
5.9375b	5100
6.f5a1c	5939
7.4e23d	5951
8.fac81	4867
9.d36de	5489
10.6d92c	5702
11.e1a1c	5183
12.113e3	9957
13.45111	101076
14.7e284	81695
15.6f452	88228
16.747c6	12960
17.b804f	37315
18.8cc5c	10870
