version	total
2.23394	5151
3.be8f6	5840
4.0b8cc	5005
4.bff50	4948
5.9375b	5102
6.f5a1c	5941
7.4e23d	5954
8.fac81	4869
9.d36de	5491
10.6d92c	5705
11.e1a1c	5185
12.113e3	9960
13.45111	101132
14.7e284	81709
15.6f452	88527
16.747c6	13021
17.b804f	37436
18.8cc5c	11440
