version	total
2.23394	5259
3.be8f6	5889
4.0b8cc	5110
4.bff50	4990
5.9375b	5201
6.f5a1c	6047
7.4e23d	6060
8.fac81	4976
9.d36de	5601
10.6d92c	5877
11.e1a1c	5300
12.113e3	10135
13.45111	103777
14.7e284	82342
15.6f452	94625
16.747c6	16459
17.b804f	42656
18.8cc5c	33965
