version	total
2.23394	5162
3.be8f6	5846
4.0b8cc	5015
4.bff50	4950
5.9375b	5112
6.f5a1c	5951
7.4e23d	5964
8.fac81	4879
9.d36de	5502
10.6d92c	5721
11.e1a1c	5195
12.113e3	9977
13.45111	101315
14.7e284	81744
15.6f452	89316
16.747c6	13234
17.b804f	38005
18.8cc5c	13711
