version	total
2.23394	5152
3.be8f6	5840
4.0b8cc	5006
4.bff50	4948
5.9375b	5103
6.f5a1c	5942
7.4e23d	5955
8.fac81	4870
9.d36de	5492
10.6d92c	5707
11.e1a1c	5186
12.113e3	9961
13.45111	101148
14.7e284	81712
15.6f452	88612
16.747c6	13052
17.b804f	37491
18.8cc5c	11784
