version	total
2.23394	5150
3.be8f6	5840
4.0b8cc	5004
4.bff50	4948
5.9375b	5101
6.f5a1c	5940
7.4e23d	5953
8.fac81	4868
9.d36de	5491
10.6d92c	5703
11.e1a1c	5184
12.113e3	9958
13.45111	101113
14.7e284	81702
15.6f452	88379
16.747c6	13002
17.b804f	37361
18.8cc5c	11113
