version	total
2.23394	5245
3.be8f6	5882
4.0b8cc	5096
4.bff50	4986
5.9375b	5190
6.f5a1c	6031
7.4e23d	6046
8.fac81	4962
9.d36de	5586
10.6d92c	5861
11.e1a1c	5285
12.113e3	10112
13.45111	103542
14.7e284	82278
15.6f452	94401
16.747c6	16171
17.b804f	42483
18.8cc5c	32231
