version	total
2.23394	5270
3.be8f6	5895
4.0b8cc	5121
4.bff50	4993
5.9375b	5210
6.f5a1c	6058
7.4e23d	6071
8.fac81	4988
9.d36de	5613
10.6d92c	5893
11.e1a1c	5311
12.113e3	10158
13.45111	104010
14.7e284	82397
15.6f452	94841
16.747c6	16707
17.b804f	42918
18.8cc5c	35639
