version	total
2.23394	5314
3.be8f6	5916
4.0b8cc	5166
4.bff50	5014
5.9375b	5246
6.f5a1c	6102
7.4e23d	6118
8.fac81	5034
9.d36de	5659
10.6d92c	5951
11.e1a1c	5356
12.113e3	10237
13.45111	104948
14.7e284	82669
15.6f452	96311
16.747c6	18183
17.b804f	43910
18.8cc5c	45357
