version	total
2.23394	5322
3.be8f6	5918
4.0b8cc	5173
4.bff50	5015
5.9375b	5247
6.f5a1c	6109
7.4e23d	6125
8.fac81	5043
9.d36de	5666
10.6d92c	5961
11.e1a1c	5363
12.113e3	10247
13.45111	105083
14.7e284	82709
15.6f452	96579
16.747c6	18375
17.b804f	44187
18.8cc5c	47981
