version	total
2.23394	5256
3.be8f6	5889
4.0b8cc	5107
4.bff50	4990
5.9375b	5199
6.f5a1c	6044
7.4e23d	6057
8.fac81	4973
9.d36de	5598
10.6d92c	5873
11.e1a1c	5297
12.113e3	10132
13.45111	103714
14.7e284	82332
15.6f452	94566
16.747c6	16387
17.b804f	42604
18.8cc5c	33480
