version	total
2.23394	5089
3.be8f6	5769
4.0b8cc	4942
4.bff50	4916
5.9375b	5042
6.f5a1c	5881
7.4e23d	5876
8.fac81	4809
9.d36de	5423
10.6d92c	5598
11.e1a1c	5126
12.113e3	9807
13.45111	98031
14.7e284	81039
15.6f452	73469
16.747c6	10584
17.b804f	26502
