version	total
2.23394	5236
3.be8f6	5876
4.0b8cc	5086
4.bff50	4982
5.9375b	5180
6.f5a1c	6020
7.4e23d	6037
8.fac81	4952
9.d36de	5576
10.6d92c	5845
11.e1a1c	5276
12.113e3	10098
13.45111	103376
14.7e284	82225
15.6f452	94158
16.747c6	15903
17.b804f	42130
18.8cc5c	30237
