version	total
2.0.20181010	5333
2.0.20191003	2636
2.0.20191007	2637
2.0.20191013	3785
