version	total
2.0.20181010	5494
2.0.20191003	2727
2.0.20191007	2730
2.0.20191013	4064
