version	total
2.0.20181010	5513
2.0.20191003	2738
2.0.20191007	2741
2.0.20191013	4096
