version	total
2.0.20181010	5299
2.0.20191003	2615
2.0.20191007	2616
2.0.20191013	3732
