version	total
2.0.20181010	5352
2.0.20191003	2642
2.0.20191007	2643
2.0.20191013	3808
