version	total
2.0.20181010	5444
2.0.20191003	2678
2.0.20191007	2681
2.0.20191013	3966
