version	total
2.0.20181010	5380
2.0.20191003	2651
2.0.20191007	2652
2.0.20191013	3854
