version	total
2.0.20181010	5536
2.0.20191003	2756
2.0.20191007	2759
2.0.20191013	4140
