version	total
2.0.20181010	5485
2.0.20191003	2709
2.0.20191007	2712
2.0.20191013	4037
