version	total
2.0.20181010	5399
2.0.20191003	2656
2.0.20191007	2658
2.0.20191013	3892
