version	total
2.0.20181010	5421
2.0.20191003	2663
2.0.20191007	2665
2.0.20191013	3925
