version	total
2.0.20181010	5436
2.0.20191003	2672
2.0.20191007	2674
2.0.20191013	3952
