version	total
2.0.20181010	5471
2.0.20191003	2701
2.0.20191007	2704
2.0.20191013	4023
