version	total
2.0.20181010	5529
2.0.20191003	2753
2.0.20191007	2756
2.0.20191013	4130
