version	total
2.0.20181010	5481
2.0.20191003	2704
2.0.20191007	2707
2.0.20191013	4029
