version	total
2.0.20181010	5419
2.0.20191003	2662
2.0.20191007	2665
2.0.20191013	3922
