version	total
2.0.20181010	5468
2.0.20191003	2696
2.0.20191007	2699
2.0.20191013	4012
