version	total
2.0.20181010	5471
2.0.20191003	2699
2.0.20191007	2702
2.0.20191013	4021
