version	total
2.0.20181010	5433
2.0.20191003	2669
2.0.20191007	2671
2.0.20191013	3945
