version	total
2.0.20181010	5488
2.0.20191003	2715
2.0.20191007	2718
2.0.20191013	4046
