version	total
2.0.20181010	5491
2.0.20191003	2724
2.0.20191007	2727
2.0.20191013	4057
