version	total
2.0.20181010	5488
2.0.20191003	2718
2.0.20191007	2721
2.0.20191013	4049
