version	total
2.0.20181010	5465
2.0.20191003	2693
2.0.20191007	2696
2.0.20191013	4006
