version	total
2.0.20181010	5436
2.0.20191003	2674
2.0.20191007	2676
2.0.20191013	3955
