version	total
2.0.20181010	5508
2.0.20191003	2736
2.0.20191007	2739
2.0.20191013	4089
