version	total
2.0.20181010	5383
2.0.20191003	2652
2.0.20191007	2653
2.0.20191013	3857
