version	total
2.0.20181010	5298
2.0.20191003	2611
2.0.20191007	2612
2.0.20191013	3728
