version	total
2.0.20181010	5390
2.0.20191003	2653
2.0.20191007	2655
2.0.20191013	3873
