version	total
2.0.20181010	5535
2.0.20191003	2756
2.0.20191007	2759
2.0.20191013	4139
