version	total
2.0.20181010	5482
2.0.20191003	2706
2.0.20191007	2709
2.0.20191013	4031
