version	total
2.0.20181010	5505
2.0.20191003	2735
2.0.20191007	2738
2.0.20191013	4085
