version	total
2.0.20181010	5532
2.0.20191003	2755
2.0.20191007	2758
2.0.20191013	4135
