version	total
2.0.20181010	5371
2.0.20191003	2648
2.0.20191007	2649
2.0.20191013	3834
