version	total
2.0.20181010	5525
2.0.20191003	2748
2.0.20191007	2751
2.0.20191013	4120
