version	total
2.0.20181010	5377
2.0.20191003	2650
2.0.20191007	2651
2.0.20191013	3840
