version	total
2.0.20181010	5286
2.0.20191003	2598
2.0.20191007	2599
2.0.20191013	3708
