version	total
2.0.20181010	5302
2.0.20191003	2621
2.0.20191007	2622
2.0.20191013	3743
