version	total
2.0.20181010	5459
2.0.20191003	2688
2.0.20191007	2691
2.0.20191013	3995
