version	total
2.0.20181010	5494
2.0.20191003	2726
2.0.20191007	2729
2.0.20191013	4063
