version	total
2.0.20181010	5294
2.0.20191003	2608
2.0.20191007	2609
2.0.20191013	3722
