version	total
2.0.20181010	5539
2.0.20191003	2758
2.0.20191007	2761
2.0.20191013	4145
