version	total
2.0.20181010	5344
2.0.20191003	2639
2.0.20191007	2640
2.0.20191013	3796
