version	total
2.0.20181010	5373
2.0.20191003	2649
2.0.20191007	2650
2.0.20191013	3835
