version	total
2.0.20181010	5441
2.0.20191003	2676
2.0.20191007	2678
2.0.20191013	3961
