version	total
2.0.20181010	5287
2.0.20191003	2600
2.0.20191007	2601
2.0.20191013	3710
