version	total
2.0.20181010	5439
2.0.20191003	2675
2.0.20191007	2677
2.0.20191013	3960
