version	total
2.0.20181010	5402
2.0.20191003	2657
2.0.20191007	2659
2.0.20191013	3900
