version	total
2.0.20181010	5396
2.0.20191003	2655
2.0.20191007	2657
2.0.20191013	3883
