version	total
2.0.20181010	5426
2.0.20191003	2664
2.0.20191007	2666
2.0.20191013	3929
