version	total
2.0.20181010	5416
2.0.20191003	2660
2.0.20191007	2663
2.0.20191013	3914
