version	total
2.0.20181010	5491
2.0.20191003	2722
2.0.20191007	2725
2.0.20191013	4055
