version	total
2.0.20181010	5365
2.0.20191003	2647
2.0.20191007	2648
2.0.20191013	3829
