version	total
2.0.20181010	5450
2.0.20191003	2682
2.0.20191007	2685
2.0.20191013	3978
