version	total
2.0.20181010	5393
2.0.20191003	2654
2.0.20191007	2656
2.0.20191013	3878
