version	total
2.0.20181010	5358
2.0.20191003	2644
2.0.20191007	2645
2.0.20191013	3819
