version	total
2.0.20181010	5436
2.0.20191003	2671
2.0.20191007	2673
2.0.20191013	3951
