version	total
2.0.20181010	5471
2.0.20191003	2698
2.0.20191007	2701
2.0.20191013	4017
