version	total
2.0.20181010	5310
2.0.20191003	2629
2.0.20191007	2630
2.0.20191013	3759
