version	total
2.0.20181010	5465
2.0.20191003	2692
2.0.20191007	2695
2.0.20191013	4002
