version	total
2.0.20181010	5527
2.0.20191003	2752
2.0.20191007	2755
2.0.20191013	4127
