version	total
2.0.20181010	5516
2.0.20191003	2739
2.0.20191007	2742
2.0.20191013	4100
