version	total
2.0.20181010	5488
2.0.20191003	2716
2.0.20191007	2719
2.0.20191013	4047
