version	total
2.0.20181010	5280
2.0.20191003	2594
2.0.20191007	2595
2.0.20191013	3699
