version	total
2.0.20181010	5290
2.0.20191003	2606
2.0.20191007	2607
2.0.20191013	3719
