version	total
2.0.20181010	5495
2.0.20191003	2731
2.0.20191007	2734
2.0.20191013	4068
