version	total
2.0.20181010	5453
2.0.20191003	2684
2.0.20191007	2687
2.0.20191013	3984
