version	total
2.0.20181010	5532
2.0.20191003	2754
2.0.20191007	2757
2.0.20191013	4134
