version	total
2.0.20181010	5498
2.0.20191003	2732
2.0.20191007	2735
2.0.20191013	4076
