version	total
2.0.20181010	5513
2.0.20191003	2737
2.0.20191007	2740
2.0.20191013	4093
