version	total
2.0.20181010	5468
2.0.20191003	2695
2.0.20191007	2698
2.0.20191013	4011
