version	total
2.0.20181010	5300
2.0.20191003	2617
2.0.20191007	2618
2.0.20191013	3734
