version	total
2.0.20181010	5502
2.0.20191003	2733
2.0.20191007	2736
2.0.20191013	4080
