version	total
2.0.20181010	5299
2.0.20191003	2613
2.0.20191007	2614
2.0.20191013	3730
