version	total
2.0.20181010	5313
2.0.20191003	2631
2.0.20191007	2632
2.0.20191013	3763
