version	total
2.0.20181010	5407
2.0.20191003	2658
2.0.20191007	2662
2.0.20191013	3908
