version	total
2.0.20181010	5491
2.0.20191003	2725
2.0.20191007	2728
2.0.20191013	4058
