version	total
2.0.20181010	5309
2.0.20191003	2627
2.0.20191007	2628
2.0.20191013	3757
