version	total
2.0.20181010	5289
2.0.20191003	2603
2.0.20191007	2604
2.0.20191013	3713
