version	total
2.0.20181010	5485
2.0.20191003	2710
2.0.20191007	2713
2.0.20191013	4038
