version	total
2.0.20181010	5441
2.0.20191003	2677
2.0.20191007	2680
2.0.20191013	3962
