version	total
2.0.20181010	5301
2.0.20191003	2619
2.0.20191007	2620
2.0.20191013	3739
