version	total
2.0.20181010	5416
2.0.20191003	2661
2.0.20191007	2664
2.0.20191013	3918
