version	total
2.0.20181010	5525
2.0.20191003	2749
2.0.20191007	2752
2.0.20191013	4121
