version	total
2.0.20181010	5433
2.0.20191003	2668
2.0.20191007	2670
2.0.20191013	3944
