version	total
2.0.20181010	5327
2.0.20191003	2634
2.0.20191007	2635
2.0.20191013	3777
