version	total
2.0.20181010	5306
2.0.20191003	2624
2.0.20191007	2625
2.0.20191013	3749
