version	total
2.0.20181010	5462
2.0.20191003	2691
2.0.20191007	2694
2.0.20191013	4001
