version	total
2.0.20181010	5527
2.0.20191003	2751
2.0.20191007	2754
2.0.20191013	4125
