version	total
2.0.20181010	5453
2.0.20191003	2683
2.0.20191007	2686
2.0.20191013	3983
