version	total
2.0.20181010	5474
2.0.20191003	2702
2.0.20191007	2705
2.0.20191013	4024
