version	total
2.0.20181010	5429
2.0.20191003	2666
2.0.20191007	2668
2.0.20191013	3939
