version	total
2.0.20181010	5324
2.0.20191003	2633
2.0.20191007	2634
2.0.20191013	3773
