version	total
2.0.20181010	5364
2.0.20191003	2646
2.0.20191007	2647
2.0.20191013	3828
