version	total
2.0.20181010	5502
2.0.20191003	2734
2.0.20191007	2737
2.0.20191013	4081
