version	total
2.0.20181010	5436
2.0.20191003	2673
2.0.20191007	2675
2.0.20191013	3954
