version	total
2.0.20181010	5318
2.0.20191003	2632
2.0.20191007	2633
2.0.20191013	3768
