version	total
2.0.20181010	5494
2.0.20191003	2730
2.0.20191007	2733
2.0.20191013	4067
