version	total
2.0.20181010	5405
2.0.20191003	2658
2.0.20191007	2660
2.0.20191013	3905
