version	total
2.0.20181010	5459
2.0.20191003	2690
2.0.20191007	2693
2.0.20191013	3997
