version	total
2.0.20181010	5355
2.0.20191003	2643
2.0.20191007	2644
2.0.20191013	3814
