version	total
2.0.20181010	5468
2.0.20191003	2694
2.0.20191007	2697
2.0.20191013	4010
