version	total
2.0.20181010	5430
2.0.20191003	2667
2.0.20191007	2669
2.0.20191013	3943
