version	total
2.0.20181010	5361
2.0.20191003	2645
2.0.20191007	2646
2.0.20191013	3824
