version	total
2.0.20181010	5444
2.0.20191003	2679
2.0.20191007	2682
2.0.20191013	3967
