version	total
2.0.20181010	5536
2.0.20191003	2757
2.0.20191007	2760
2.0.20191013	4141
