version	total
2.0.20181010	5447
2.0.20191003	2681
2.0.20191007	2684
2.0.20191013	3973
