version	total
2.0.20181010	5485
2.0.20191003	2712
2.0.20191007	2715
2.0.20191013	4040
