version	total
2.0.20181010	5330
2.0.20191003	2635
2.0.20191007	2636
2.0.20191013	3781
