version	total
5.20180120	6686
5.20180626	5431
5.20180820	8917
5.20181130	4899
5.20181218	11318
5.20190420	5365
5.20190524	86043
5.20220120	2580
5.20220220	2645
5.20220313	2492
5.20220320	3258
5.20220420	3500
5.20220527	3240
5.20220620	26106
5.20230220	126
5.20250528	613
5.20250702	395
5.20250720	319
5.20250803	553
5.20250820	2302
5.20250923	2529
5.20251022	1015
