version	total
2.000024	7987
2.000028	2395
2.000029	6224
