version	total
2.000001	37760
2.000006	25563
2.000008	160639
2.002004	44300
