version	total
1.20141117	5356
1.20190531	2761
