version	total
0.001011	37542
0.001013	229444
