version	total
2.120921	10376
2.150010	99564
