version	total
2.000001	36668
2.000006	25433
2.000008	158038
2.002004	38748
