version	total
2.000024	7891
2.000028	2355
2.000029	5787
