version	total
0.000061	11313
0.000115	6569
0.000116	5350
0.000117	19907
0.000144	2904
0.000145	176196
0.000163	28431
