version	total
0.094002	2144
0.094003	1575
