version	total
5.20180120	6510
5.20180626	5327
5.20180820	8810
5.20181130	4793
5.20181218	11184
5.20190420	5260
5.20190524	84694
5.20220120	2488
5.20220220	2554
5.20220313	2401
5.20220320	3164
5.20220420	3410
5.20220527	3149
5.20220620	25934
5.20230220	29
5.20250528	449
