version	total
0.004010	5534
0.004011	5425
