version	total
0.001011	36706
0.001013	223540
