version	total
1.000005	27255
1.002002	8589
1.004002	7630
1.004003	4993
1.004004	141050
1.012004	2570
1.012005	2162
1.014000	2133
1.016002	2016
1.016006	2420
