version	total
0.001011	37132
0.001013	225987
