version	total
1.100602	7541
1.100603	1817
