version	total
2.000001	37231
2.000006	25508
2.000008	159316
2.002004	42346
