version	total
1.003008	6032
1.004000	6279
1.004003	2388
