version	total
2.000001	34079
2.000006	25134
2.000008	150202
2.002004	30202
