version	total
0.042	76428
1.000000	22829
1.002001	512086
1.002002	322153
