version	total
0.100003	5488
0.100005	2253
0.100006	1667
