version	total
4.161950	8109
4.201720	14753
