version	total
0.008	20641
0.006007	6082
0.008002	12056
0.008004	12025
0.008005	2343
0.008006	2315
0.008007	1903
0.008008	1536
0.008009	1176
