version	total
2.120921	10405
2.150010	100138
