version	total
0.004010	5721
0.004011	5647
