version	total
1.302052	9373
1.302075	15929
1.302140	5561
1.302141	4861
1.302156	5803
1.302164	9285
1.302188	2503
1.302189	2267
1.302190	6471
