version	total
1.000019	6965
1.000033	15424
1.000036	90935
1.000037	18267
1.000038	22179
