version	total
1.000019	7176
1.000033	15533
1.000036	93008
1.000037	18356
1.000038	34560
