version	total
1.006900	30859
1.007002	141962
1.007003	90544
