version	total
1.000019	7277
1.000033	15607
1.000036	93909
1.000037	18408
1.000038	47083
