version	total
1.006900	30444
1.007002	140562
1.007003	86969
