version	total
0.000061	11293
0.000115	6567
0.000116	5348
0.000117	19903
0.000144	2903
0.000145	176102
0.000163	27388
