version	total
0.042	74296
1.000000	22806
1.002001	506088
1.002002	312479
