version	total
0.100003	5661
0.100005	2358
0.100006	1777
