version	total
2.120921	10181
2.150010	94565
