version	total
4.161950	7935
4.201720	13071
