version	total
1.000005	28791
1.002002	8664
1.004002	7771
1.004003	5134
1.004004	145969
1.012004	2700
1.012005	2293
1.014000	2266
1.016002	2055
1.016006	2511
