version	total
1.003008	6165
1.004000	6408
1.004003	2497
