version	total
2.000024	8146
2.000028	2453
2.000029	7131
