version	total
1.967013	33300
1.967015	149729
