version	total
0.000061	12175
0.000115	6668
0.000116	5448
0.000117	20193
0.000144	2992
0.000145	181927
0.000163	48068
