version	total
2.000001	34680
2.000006	25214
2.000008	152215
2.002004	32036
