version	total
2.000001	36589
2.000006	25423
2.000008	157846
2.002004	38286
