version	total
0.204001	2149
0.204003	2128
0.206003	3111
0.207001	2280
0.207002	2252
0.207003	824
