version	total
1.000005	27387
1.002002	8592
1.004002	7635
1.004003	4998
1.004004	141399
1.012004	2575
1.012005	2168
1.014000	2139
1.016002	2020
1.016006	2429
