version	total
2.000002	5942
2.001000	37905
2.003004	173098
2.005004	31575
