version	total
0.17024	33865
0.17027	150614
0.17029	3724
0.17030	856
