version	total
1.967013	31711
1.967015	142714
