version	total
0.008	10275
0.006007	5934
0.008002	6610
0.008004	6516
0.008005	2127
0.008006	2102
0.008007	1688
0.008008	1314
0.008009	947
