version	total
5.20180120	6652
5.20180626	5408
5.20180820	8894
5.20181130	4877
5.20181218	11292
5.20190420	5342
5.20190524	85766
5.20220120	2561
5.20220220	2626
5.20220313	2473
5.20220320	3239
5.20220420	3481
5.20220527	3221
5.20220620	26073
5.20230220	107
5.20250528	588
5.20250702	375
5.20250720	299
5.20250803	527
5.20250820	2222
5.20250923	2092
