version	total
0.000061	12646
0.000115	6747
0.000116	5525
0.000117	20323
0.000144	3068
0.000145	183677
0.000163	56832
