version	total
1.000019	7191
1.000033	15556
1.000036	93203
1.000037	18364
1.000038	36966
