version	total
0.100052	8326
0.100054	2304
0.100055	1746
