version	total
1.967013	33436
1.967015	150310
