version	total
0.094002	2168
0.094003	1596
