version	total
0.042	78628
1.000000	22888
1.002001	518552
1.002002	333785
