version	total
2.000001	35149
2.000006	25261
2.000008	153639
2.002004	33149
