version	total
1.94	164467
1.99	2692
2.000000	2425
2.001000	1994
2.002000	3140
2.002001	1934
2.003000	1008
