version	total
5.20180120	6661
5.20180626	5415
5.20180820	8901
5.20181130	4882
5.20181218	11297
5.20190420	5349
5.20190524	85884
5.20220120	2566
5.20220220	2631
5.20220313	2478
5.20220320	3244
5.20220420	3486
5.20220527	3226
5.20220620	26084
5.20230220	112
5.20250528	595
5.20250702	381
5.20250720	305
5.20250803	536
5.20250820	2238
5.20250923	2479
5.20251022	267
