version	total
0.17024	31146
0.17027	141959
0.17029	3506
0.17030	336
