version	total
0.002005	4925
0.002006	4926
0.002009	4158
