version	total
2.000002	5880
2.001000	36896
2.003004	169631
2.005004	28866
