version	total
1.006900	32203
1.007002	146404
1.007003	106999
