version	total
4.161950	8131
4.201720	14857
