version	total
2.005001	19649
2.006003	168851
2.006006	46232
