version	total
2.000001	35585
2.000006	25302
2.000008	154920
2.002004	34547
