version	total
1.000005	26186
1.002002	8549
1.004002	7588
1.004003	4945
1.004004	136760
1.012004	2542
1.012005	2131
1.014000	2103
1.016002	1988
1.016006	2326
