version	total
0.001011	36090
0.001013	219592
