version	total
0.042	81519
1.000000	22963
1.002001	525555
1.002002	346364
