version	total
1.967013	32962
1.967015	148373
