version	total
2.000002	5987
2.001000	38851
2.003004	176000
2.005004	34520
