version	total
5.20180120	6432
5.20180626	5287
5.20180820	8769
5.20181130	4753
5.20181218	11126
5.20190420	5223
5.20190524	83746
5.20220120	2456
5.20220220	2523
5.20220313	2372
5.20220320	3135
5.20220420	3383
5.20220527	3119
5.20220620	24720
