version	total
1.100602	7412
1.100603	1716
