version	total
0.094002	2125
0.094003	1558
