version	total
2.005001	19422
2.006003	163854
2.006006	36724
