version	total
1.100602	7396
1.100603	1704
