version	total
0.100003	5717
0.100005	2403
0.100006	1823
