version	total
2.005001	19383
2.006003	163145
2.006006	35830
