version	total
2.000001	37129
2.000006	25498
2.000008	159079
2.002004	41268
