version	total
0.042	76607
1.000000	22831
1.002001	512771
1.002002	323282
