version	total
2.000024	8104
2.000028	2426
2.000029	6942
