version	total
0.042	75473
1.000000	22818
1.002001	509194
1.002002	317316
