version	total
0.100003	5725
0.100005	2411
0.100006	1831
