version	total
1.006900	31940
1.007002	145625
1.007003	103464
