version	total
0.002005	4939
0.002006	4983
0.002009	6756
