version	total
2.000002	6037
2.001000	40362
2.003004	180183
2.005004	42459
