version	total
0.103004	10181
0.103005	2586
0.103006	1992
