version	total
2.000024	8248
2.000028	2509
2.000029	7580
