version	total
0.008	20556
0.006007	6053
0.008002	11977
0.008004	11950
0.008005	2282
0.008006	2254
0.008007	1843
0.008008	1473
0.008009	1112
