version	total
1.000005	28966
1.002002	8671
1.004002	7798
1.004003	5160
1.004004	146532
1.012004	2726
1.012005	2319
1.014000	2292
1.016002	2061
1.016006	2529
