version	total
5.20180120	6668
5.20180626	5421
5.20180820	8907
5.20181130	4888
5.20181218	11304
5.20190420	5355
5.20190524	85942
5.20220120	2572
5.20220220	2637
5.20220313	2484
5.20220320	3250
5.20220420	3492
5.20220527	3232
5.20220620	26093
5.20230220	118
5.20250528	602
5.20250702	387
5.20250720	312
5.20250803	545
5.20250820	2254
5.20250923	2486
5.20251022	585
