version	total
0.17024	33471
0.17027	149183
0.17029	3679
0.17030	758
