version	total
0.100003	5744
0.100005	2425
0.100006	1844
