version	total
2.000001	34571
2.000006	25203
2.000008	151765
2.002004	31516
