version	total
2.005001	19573
2.006003	167283
2.006006	44378
