version	total
2.000001	36112
2.000006	25358
2.000008	156538
2.002004	35908
