version	total
0.042	79938
1.000000	22922
1.002001	521727
1.002002	339823
