version	total
1.967013	34617
1.967015	154127
