version	total
1.006900	30833
1.007002	141865
1.007003	90279
