version	total
2.000001	37591
2.000006	25547
2.000008	160246
2.002004	44036
