version	total
1.000005	27084
1.002002	8584
1.004002	7624
1.004003	4988
1.004004	140357
1.012004	2568
1.012005	2159
1.014000	2130
1.016002	2013
1.016006	2404
