version	total
0.100003	5645
0.100005	2348
0.100006	1767
