version	total
1.003008	6102
1.004000	6347
1.004003	2445
