version	total
1.999813	4839
1.999816	5085
1.999829	2195
1.999830	2098
1.999831	2019
1.999832	2010
1.999833	2011
1.999835	2009
1.999836	1947
1.999837	1947
1.999838	1439
1.999839	1225
1.999841	1086
1.999842	1079
2.000000	1089
2.001000	1054
2.001001	1037
2.002000	1013
2.002001	999
2.003001	688
2.003002	669
2.003003	413
2.003004	124
2.004001	134
2.005001	101
2.005002	102
2.005003	91
