version	total
2.005001	19266
2.006003	159082
2.006006	32303
