version	total
0.17024	32259
0.17027	145674
0.17029	3572
0.17030	515
