version	total
1.967013	31620
1.967015	142253
