version	total
1.000005	25838
1.002002	8514
1.004002	7554
1.004003	4910
1.004004	135303
1.012004	2510
1.012005	2099
1.014000	2070
1.016002	1956
1.016006	2288
