version	total
1.999813	4791
1.999816	5006
1.999829	2162
1.999830	2064
1.999831	1985
1.999832	1976
1.999833	1979
1.999835	1975
1.999836	1913
1.999837	1913
1.999838	1405
1.999839	1190
1.999841	1051
1.999842	1045
2.000000	1055
2.001000	1020
2.001001	1002
2.002000	980
2.002001	968
2.003001	654
2.003002	635
2.003003	380
2.003004	89
2.004001	98
2.005001	63
2.005002	65
2.005003	25
