version	total
1.006900	31321
1.007002	143681
1.007003	95945
