version	total
0.004010	5585
0.004011	5490
