version	total
4.161950	8018
4.201720	14021
