version	total
1.000005	27933
1.002002	8620
1.004002	7694
1.004003	5057
1.004004	143345
1.012004	2629
1.012005	2222
1.014000	2193
1.016002	2029
1.016006	2454
