version	total
1.100602	7502
1.100603	1786
