version	total
0.004010	5528
0.004011	5419
