version	total
4.161950	8385
4.201720	17623
