version	total
0.004010	5711
0.004011	5636
