version	total
1.100602	7505
1.100603	1788
