version	total
0.042	76503
1.000000	22830
1.002001	512373
1.002002	322664
