version	total
1.967013	33071
1.967015	148887
