version	total
1.20141117	5158
1.20190531	2614
