version	total
2.120921	10195
2.150010	94673
