version	total
0.100003	5612
0.100005	2320
0.100006	1739
