version	total
2.000024	8113
2.000028	2432
2.000029	6970
