version	total
0.008	20588
0.006007	6061
0.008002	12004
0.008004	11974
0.008005	2297
0.008006	2269
0.008007	1857
0.008008	1487
0.008009	1128
