version	total
0.002005	4898
0.002006	4842
0.002009	2277
