version	total
1.003008	6056
1.004000	6303
1.004003	2409
