version	total
0.001011	35321
0.001013	214294
