version	total
0.002005	4867
0.002006	4807
0.002009	2250
