version	total
0.004010	5612
0.004011	5522
