version	total
2.000001	36349
2.000006	25393
2.000008	157219
2.002004	36692
