version	total
0.004010	5638
0.004011	5550
