version	total
0.17024	31020
0.17027	141425
0.17029	3503
0.17030	318
