version	total
1.999813	4844
1.999816	5092
1.999829	2197
1.999830	2100
1.999831	2021
1.999832	2012
1.999833	2013
1.999835	2011
1.999836	1949
1.999837	1949
1.999838	1441
1.999839	1227
1.999841	1088
1.999842	1081
2.000000	1105
2.001000	1070
2.001001	1053
2.002000	1026
2.002001	1012
2.003001	690
2.003002	671
2.003003	415
2.003004	126
2.004001	136
2.005001	117
2.005002	118
2.005003	108
