version	total
1.100602	7483
1.100603	1771
