version	total
0.204001	2194
0.204003	2177
0.206003	3298
0.207001	2370
0.207002	2340
0.207003	910
