version	total
0.000061	10871
0.000115	6537
0.000116	5319
0.000117	19768
0.000144	2882
0.000145	174168
0.000163	19378
