version	total
1.000005	26701
1.002002	8572
1.004002	7612
1.004003	4974
1.004004	138976
1.012004	2559
1.012005	2150
1.014000	2121
1.016002	2004
1.016006	2377
