version	total
1.000005	27902
1.002002	8619
1.004002	7692
1.004003	5055
1.004004	143229
1.012004	2627
1.012005	2220
1.014000	2191
1.016002	2028
1.016006	2450
