version	total
1.302052	9728
1.302075	17750
1.302140	5742
1.302141	5044
1.302156	5988
1.302164	9991
1.302188	2664
1.302189	2429
1.302190	8139
