version	total
0.17024	30093
0.17027	137759
0.17029	3451
0.17030	157
