version	total
0.042	79383
1.000000	22906
1.002001	520537
1.002002	337604
