version	total
1.000005	26291
1.002002	8554
1.004002	7593
1.004003	4950
1.004004	137235
1.012004	2545
1.012005	2135
1.014000	2106
1.016002	1991
1.016006	2333
