version	total
0.103004	10272
0.103005	2612
0.103006	2047
