version	total
0.094002	2174
0.094003	1602
