version	total
1.000019	7156
1.000033	15520
1.000036	92847
1.000037	18346
1.000038	32303
