version	total
0.094002	2181
0.094003	1610
