version	total
0.008	5938
0.006007	5863
0.008002	4306
0.008004	4180
0.008005	2102
0.008006	2080
0.008007	1666
0.008008	1290
0.008009	904
