version	total
1.94	172042
1.99	2800
2.000000	2490
2.001000	2019
2.002000	3324
2.002001	2077
2.003000	1435
