version	total
2.000001	36309
2.000006	25386
2.000008	157141
2.002004	36577
