version	total
2.000001	37211
2.000006	25507
2.000008	159256
2.002004	42141
