version	total
0.001011	37737
0.001013	230652
