version	total
0.042	73833
1.000000	22801
1.002001	504597
1.002002	310187
