version	total
0.042	83673
1.000000	23041
1.002001	530513
1.002002	355658
