version	total
0.002005	5026
0.002006	5245
0.002009	20836
