version	total
2.000002	5935
2.001000	37727
2.003004	172531
2.005004	31153
