version	total
1.006900	33972
1.007002	150887
1.007003	127164
