version	total
2.005001	19334
2.006003	161639
2.006006	34581
