version	total
0.008	19878
0.006007	6045
0.008002	11611
0.008004	11601
0.008005	2266
0.008006	2237
0.008007	1826
0.008008	1453
0.008009	1095
