version	total
0.002005	4955
0.002006	5060
0.002009	11276
