version	total
1.000005	28198
1.002002	8633
1.004002	7715
1.004003	5078
1.004004	144079
1.012004	2648
1.012005	2241
1.014000	2212
1.016002	2033
1.016006	2466
