version	total
0.100003	5688
0.100005	2379
0.100006	1800
