version	total
0.042	81035
1.000000	22951
1.002001	524414
1.002002	344316
