version	total
2.000002	6076
2.001000	41235
2.003004	182483
2.005004	44810
