version	total
2.120921	10227
2.150010	95329
