version	total
2.000001	34060
2.000006	25131
2.000008	150143
2.002004	30175
