version	total
2.005001	19597
2.006003	167707
2.006006	45050
