version	total
1.100602	7446
1.100603	1754
