version	total
0.17024	30145
0.17027	137951
0.17029	3464
0.17030	172
