version	total
1.20141117	5348
1.20190531	2757
