version	total
0.094002	2109
0.094003	1513
