version	total
1.100602	7329
1.100603	1659
