version	total
1.003008	5889
1.004000	6139
1.004003	2295
