version	total
2.000001	37519
2.000006	25541
2.000008	160045
2.002004	43909
