version	total
2.120921	10223
2.150010	95161
