version	total
1.100602	7458
1.100603	1760
