version	total
0.000061	12692
0.000115	6755
0.000116	5533
0.000117	20335
0.000144	3076
0.000145	183809
0.000163	57704
