version	total
1.94	174189
1.99	2860
2.000000	2539
2.001000	2061
2.002000	3359
2.002001	2110
2.003000	1573
