version	total
1.967013	33563
1.967015	150690
