version	total
0.008	19814
0.006007	6045
0.008002	11582
0.008004	11568
0.008005	2265
0.008006	2236
0.008007	1825
0.008008	1452
0.008009	1094
