version	total
2.005001	19592
2.006003	167608
2.006006	44779
