version	total
2.000002	5928
2.001000	37647
2.003004	172260
2.005004	30889
