version	total
1.302052	9497
1.302075	16605
1.302140	5599
1.302141	4899
1.302156	5844
1.302164	9535
1.302188	2533
1.302189	2296
1.302190	7062
