version	total
4.161950	8240
4.201720	15706
