version	total
2.120921	10471
2.150010	101714
