version	total
2.000002	6056
2.001000	40870
2.003004	181501
2.005004	43777
