version	total
5.20180120	6574
5.20180626	5354
5.20180820	8840
5.20181130	4821
5.20181218	11218
5.20190420	5288
5.20190524	85277
5.20220120	2509
5.20220220	2575
5.20220313	2422
5.20220320	3187
5.20220420	3430
5.20220527	3170
5.20220620	25995
5.20230220	50
5.20250528	528
5.20250702	318
5.20250720	242
5.20250803	453
5.20250820	795
