version	total
0.204001	2203
0.204003	2185
0.206003	3359
0.207001	2412
0.207002	2382
0.207003	952
