version	total
1.100602	7618
1.100603	1883
