version	total
2.000002	5958
2.001000	38257
2.003004	174182
2.005004	32912
