version	total
2.005001	19269
2.006003	159166
2.006006	32386
