version	total
0.100003	5793
0.100005	2465
0.100006	1884
