version	total
2.000001	35060
2.000006	25256
2.000008	153381
2.002004	32917
