version	total
0.042	75899
1.000000	22823
1.002001	510565
1.002002	319546
