version	total
1.967013	34557
1.967015	153927
