version	total
5.20180120	6746
5.20180626	5476
5.20180820	8965
5.20181130	4941
5.20181218	11362
5.20190420	5409
5.20190524	86493
5.20220120	2620
5.20220220	2685
5.20220313	2532
5.20220320	3298
5.20220420	3541
5.20220527	3279
5.20220620	26171
5.20230220	167
5.20250528	661
5.20250702	437
5.20250720	359
5.20250803	606
5.20250820	2335
5.20250923	2918
5.20251022	2249
5.20251120	2570
