version	total
0.100003	5621
0.100005	2328
0.100006	1746
