version	total
0.17024	31806
0.17027	144216
0.17029	3528
0.17030	434
