version	total
0.204001	2149
0.204003	2128
0.206003	3104
0.207001	2274
0.207002	2246
0.207003	818
