version	total
0.094002	2094
0.094003	1499
