version	total
2.000002	5961
2.001000	38318
2.003004	174366
2.005004	33112
