version	total
5.20180120	6655
5.20180626	5410
5.20180820	8896
5.20181130	4877
5.20181218	11292
5.20190420	5344
5.20190524	85821
5.20220120	2561
5.20220220	2626
5.20220313	2473
5.20220320	3239
5.20220420	3481
5.20220527	3221
5.20220620	26077
5.20230220	107
5.20250528	589
5.20250702	376
5.20250720	300
5.20250803	531
5.20250820	2226
5.20250923	2313
