version	total
1.003008	6078
1.004000	6325
1.004003	2426
