version	total
2.120921	10482
2.150010	102080
