version	total
2.000001	34353
2.000006	25172
2.000008	151027
2.002004	30841
