version	total
0.008	10082
0.006007	5933
0.008002	6511
0.008004	6409
0.008005	2127
0.008006	2101
0.008007	1688
0.008008	1313
0.008009	947
