version	total
4.161950	8232
4.201720	15646
