version	total
2.005001	19503
2.006003	165499
2.006006	41101
