version	total
0.001011	37315
0.001013	226958
