version	total
1.000005	26081
1.002002	8545
1.004002	7585
1.004003	4941
1.004004	136367
1.012004	2539
1.012005	2128
1.014000	2100
1.016002	1985
1.016006	2322
