version	total
0.100003	5451
0.100005	2228
0.100006	1643
