version	total
4.161950	8297
4.201720	16277
