version	total
1.006900	31717
1.007002	144941
1.007003	99858
