version	total
0.001011	38121
0.001013	233801
