version	total
0.100003	5564
0.100005	2283
0.100006	1702
