version	total
2.000002	5939
2.001000	37805
2.003004	172775
2.005004	31351
