version	total
0.002005	4925
0.002006	4927
0.002009	4224
