version	total
1.003008	6069
1.004000	6315
1.004003	2419
