version	total
0.004010	5680
0.004011	5600
