version	total
0.004010	5653
0.004011	5568
