version	total
2.000001	36023
2.000006	25340
2.000008	156208
2.002004	35681
