version	total
0.000061	11089
0.000115	6555
0.000116	5336
0.000117	19845
0.000144	2891
0.000145	175048
0.000163	22474
