version	total
1.20141117	5358
1.20190531	2763
