version	total
2.000001	34496
2.000006	25194
2.000008	151508
2.002004	31287
