version	total
0.17024	30809
0.17027	140741
0.17029	3494
0.17030	278
