version	total
1.100602	7323
1.100603	1653
