version	total
0.008	20345
0.006007	6050
0.008002	11859
0.008004	11829
0.008005	2277
0.008006	2249
0.008007	1838
0.008008	1464
0.008009	1107
