version	total
0.004010	5670
0.004011	5587
