version	total
0.000061	12315
0.000115	6688
0.000116	5468
0.000117	20237
0.000144	3012
0.000145	182638
0.000163	50164
