version	total
2.005001	19357
2.006003	162452
2.006006	35318
