version	total
1.100602	7462
1.100603	1761
