version	total
1.20141117	5169
1.20190531	2621
