version	total
0.094002	2130
0.094003	1562
