version	total
2.000024	7995
2.000028	2397
2.000029	6285
