version	total
2.120921	10348
2.150010	98370
