version	total
1.000005	28654
1.002002	8659
1.004002	7755
1.004003	5118
1.004004	145520
1.012004	2686
1.012005	2279
1.014000	2251
1.016002	2051
1.016006	2503
