version	total
1.967013	31703
1.967015	142661
