version	total
2.120921	10262
2.150010	96298
