version	total
4.161950	7997
4.201720	13823
