version	total
2.000001	38471
2.000006	25657
2.000008	162543
2.002004	46494
