version	total
1.100602	7612
1.100603	1877
