version	total
1.94	174900
1.99	2876
2.000000	2553
2.001000	2074
2.002000	3372
2.002001	2119
2.003000	1605
