version	total
1.003008	5857
1.004000	6101
1.004003	2282
