version	total
2.000001	37155
2.000006	25499
2.000008	159127
2.002004	41383
