version	total
0.17024	30902
0.17027	141048
0.17029	3500
0.17030	291
