version	total
0.100003	5521
0.100005	2264
0.100006	1685
