version	total
1.006900	31364
1.007002	143828
1.007003	96387
