version	total
2.000001	35818
2.000006	25319
2.000008	155639
2.002004	35207
