version	total
1.000005	27810
1.002002	8618
1.004002	7685
1.004003	5048
1.004004	142942
1.012004	2621
1.012005	2214
1.014000	2185
1.016002	2028
1.016006	2447
