version	total
1.000005	28782
1.002002	8663
1.004002	7768
1.004003	5130
1.004004	145937
1.012004	2697
1.012005	2290
1.014000	2263
1.016002	2054
1.016006	2509
