version	total
1.006900	32019
1.007002	145914
1.007003	105179
