version	total
5.20180120	6778
5.20180626	5499
5.20180820	8988
5.20181130	4964
5.20181218	11384
5.20190420	5432
5.20190524	86643
5.20220120	2641
5.20220220	2706
5.20220313	2553
5.20220320	3319
5.20220420	3562
5.20220527	3300
5.20220620	26196
5.20230220	188
5.20250528	682
5.20250702	458
5.20250720	381
5.20250803	629
5.20250820	2346
5.20250923	2969
5.20251022	2307
5.20251120	3141
5.20251220	546
