version	total
1.006900	32555
1.007002	147500
1.007003	111352
