version	total
1.100602	7632
1.100603	1894
