version	total
0.000061	12405
0.000115	6699
0.000116	5478
0.000117	20258
0.000144	3023
0.000145	182959
0.000163	53049
