version	total
2.005001	19562
2.006003	166886
2.006006	44119
