version	total
1.000005	27143
1.002002	8586
1.004002	7626
1.004003	4990
1.004004	140567
1.012004	2568
1.012005	2159
1.014000	2130
1.016002	2013
1.016006	2409
