version	total
1.967013	32147
1.967015	144773
