version	total
1.003008	5945
1.004000	6192
1.004003	2321
