version	total
1.302052	9429
1.302075	16209
1.302140	5579
1.302141	4878
1.302156	5821
1.302164	9398
1.302188	2517
1.302189	2279
1.302190	6746
