version	total
0.002005	4935
0.002006	4969
0.002009	5955
