version	total
1.967013	34294
1.967015	152985
