version	total
0.103004	10650
0.103005	2786
0.103006	2338
