version	total
4.161950	8438
4.201720	17959
