version	total
2.000002	5926
2.001000	37609
2.003004	172117
2.005004	30632
