version	total
1.94	173762
1.99	2851
2.000000	2532
2.001000	2054
2.002000	3354
2.002001	2107
2.003000	1539
