version	total
2.005001	19522
2.006003	165920
2.006006	41945
