version	total
0.002005	4922
0.002006	4919
0.002009	3706
