version	total
0.008	20468
0.006007	6051
0.008002	11924
0.008004	11895
0.008005	2279
0.008006	2251
0.008007	1840
0.008008	1466
0.008009	1109
