version	total
0.001011	38826
0.001013	238703
