version	total
0.17024	30717
0.17027	140257
0.17029	3492
0.17030	258
