version	total
2.000001	37250
2.000006	25512
2.000008	159358
2.002004	42498
