version	total
4.161950	7794
4.201720	11967
