version	total
0.000061	12868
0.000115	6786
0.000116	5562
0.000117	20391
0.000144	3103
0.000145	184282
0.000163	61304
