version	total
2.000024	7878
2.000028	2344
2.000029	5754
