version	total
0.17024	32167
0.17027	145408
0.17029	3565
0.17030	504
