version	total
2.005001	19663
2.006003	169149
2.006006	46570
