version	total
1.006900	30681
1.007002	141317
1.007003	88855
