version	total
0.100003	5754
0.100005	2434
0.100006	1853
