version	total
0.000061	11689
0.000115	6591
0.000116	5372
0.000117	20009
0.000144	2922
0.000145	180430
0.000163	39941
