version	total
0.004010	5530
0.004011	5421
