version	total
0.001011	36803
0.001013	224100
