version	total
1.006900	31979
1.007002	145762
1.007003	104754
