version	total
2.000001	34623
2.000006	25208
2.000008	152007
2.002004	31652
