version	total
0.004010	5662
0.004011	5577
