version	total
0.17024	30711
0.17027	140210
0.17029	3492
0.17030	256
