version	total
0.100003	5806
0.100005	2477
0.100006	1896
