version	total
0.094002	2159
0.094003	1592
