version	total
0.103004	10502
0.103005	2713
0.103006	2225
