version	total
0.000061	12229
0.000115	6676
0.000116	5456
0.000117	20211
0.000144	2999
0.000145	182103
0.000163	48863
