version	total
1.006900	32012
1.007002	145879
1.007003	105066
