version	total
2.000024	8042
2.000028	2408
2.000029	6653
