version	total
0.002005	4957
0.002006	5072
0.002009	12474
