version	total
1.999813	4863
1.999816	5121
1.999829	2210
1.999830	2113
1.999831	2034
1.999832	2025
1.999833	2026
1.999835	2024
1.999836	1962
1.999837	1962
1.999838	1454
1.999839	1239
1.999841	1100
1.999842	1094
2.000000	1174
2.001000	1137
2.001001	1121
2.002000	1084
2.002001	1071
2.003001	703
2.003002	683
2.003003	425
2.003004	139
2.004001	149
2.005001	186
2.005002	188
2.005003	182
