version	total
0.100003	5528
0.100005	2267
0.100006	1687
