version	total
2.000002	6028
2.001000	40074
2.003004	179357
2.005004	40556
