version	total
2.000002	5915
2.001000	37310
2.003004	170981
2.005004	29712
