version	total
0.100052	8242
0.100054	2292
0.100055	1688
