version	total
1.967013	32712
1.967015	147340
