version	total
2.000024	7904
2.000028	2365
2.000029	5834
