version	total
1.000019	6953
1.000033	15413
1.000036	90877
1.000037	18255
1.000038	21996
