version	total
0.002005	4974
0.002006	5137
0.002009	14876
