version	total
0.004010	5627
0.004011	5538
