version	total
2.000001	35418
2.000006	25283
2.000008	154418
2.002004	34108
