version	total
2.005001	19206
2.006003	157331
2.006006	30688
