version	total
2.000001	36906
2.000006	25464
2.000008	158534
2.002004	40273
