version	total
2.005001	19321
2.006003	161187
2.006006	34186
