version	total
0.008	20578
0.006007	6058
0.008002	11994
0.008004	11964
0.008005	2288
0.008006	2260
0.008007	1848
0.008008	1478
0.008009	1118
