version	total
1.20141117	5249
1.20190531	2686
