version	total
1.006900	32453
1.007002	147180
1.007003	109918
