version	total
0.008	12440
0.006007	5971
0.008002	7736
0.008004	7673
0.008005	2138
0.008006	2110
0.008007	1699
0.008008	1325
0.008009	961
