version	total
0.001011	38362
0.001013	236080
