version	total
0.004010	5607
0.004011	5516
