version	total
0.008	14081
0.006007	5992
0.008002	8610
0.008004	8585
0.008005	2157
0.008006	2128
0.008007	1717
0.008008	1344
0.008009	981
