version	total
0.004010	5542
0.004011	5435
