version	total
1.94	173401
1.99	2842
2.000000	2524
2.001000	2047
2.002000	3351
2.002001	2104
2.003000	1522
