version	total
1.100602	7327
1.100603	1657
