version	total
2.000002	6025
2.001000	40038
2.003004	179290
2.005004	40223
