version	total
1.000005	29318
1.002002	8689
1.004002	7843
1.004003	5207
1.004004	147981
1.012004	2770
1.012005	2363
1.014000	2336
1.016002	2077
1.016006	2558
