version	total
0.000061	12546
0.000115	6725
0.000116	5504
0.000117	20293
0.000144	3047
0.000145	183432
0.000163	55230
