version	total
2.000002	6012
2.001000	39673
2.003004	178404
2.005004	38345
