version	total
1.000005	28816
1.002002	8664
1.004002	7774
1.004003	5137
1.004004	146032
1.012004	2704
1.012005	2297
1.014000	2269
1.016002	2056
1.016006	2513
