version	total
0.000061	10733
0.000115	6517
0.000116	5297
0.000117	19707
0.000144	2863
0.000145	173321
0.000163	17686
