version	total
1.100602	7600
1.100603	1866
