version	total
1.006900	31016
1.007002	142527
1.007003	92481
