version	total
0.17024	33725
0.17027	150081
0.17029	3706
0.17030	822
