version	total
2.005001	19290
2.006003	159925
2.006006	32877
