version	total
0.100003	5668
0.100005	2363
0.100006	1784
