version	total
2.005001	19146
2.006003	156098
2.006006	29904
