version	total
0.103004	10699
0.103005	2812
0.103006	2376
