version	total
0.042	75396
1.000000	22818
1.002001	508878
1.002002	316844
