version	total
0.094002	2093
0.094003	1498
