version	total
1.006900	32397
1.007002	147021
1.007003	109194
