version	total
2.000024	8228
2.000028	2496
2.000029	7487
