version	total
1.000005	28065
1.002002	8623
1.004002	7703
1.004003	5066
1.004004	143747
1.012004	2637
1.012005	2230
1.014000	2202
1.016002	2030
1.016006	2461
