version	total
2.120921	10260
2.150010	96266
