version	total
2.000002	5926
2.001000	37593
2.003004	172069
2.005004	30563
