version	total
0.000061	11898
0.000115	6630
0.000116	5411
0.000117	20084
0.000144	2958
0.000145	181078
0.000163	43945
