version	total
0.000061	11776
0.000115	6610
0.000116	5390
0.000117	20036
0.000144	2937
0.000145	180716
0.000163	41928
