version	total
2.000002	5905
2.001000	37150
2.003004	170495
2.005004	29399
