version	total
1.302052	9717
1.302075	17710
1.302140	5734
1.302141	5035
1.302156	5979
1.302164	9971
1.302188	2657
1.302189	2421
1.302190	8100
