version	total
1.100602	7648
1.100603	1907
