version	total
2.005001	19500
2.006003	165383
2.006006	40737
