version	total
0.042	72370
1.000000	22753
1.002001	499964
1.002002	302557
