version	total
0.094002	2097
0.094003	1501
