version	total
1.999813	4762
1.999816	4970
1.999829	2135
1.999830	2040
1.999831	1962
1.999832	1952
1.999833	1955
1.999835	1951
1.999836	1888
1.999837	1889
1.999838	1381
1.999839	1166
1.999841	1027
1.999842	1021
2.000000	1022
2.001000	987
2.001001	969
2.002000	947
2.002001	935
2.003001	637
2.003002	619
2.003003	364
2.003004	71
2.004001	69
2.005001	27
2.005002	28
