version	total
0.000061	12895
0.000115	6792
0.000116	5568
0.000117	20400
0.000144	3108
0.000145	184345
0.000163	62143
