version	total
0.004010	5486
0.004011	5305
