version	total
1.967013	32955
1.967015	148303
