version	total
4.161950	7781
4.201720	11849
