version	total
1.20141117	5276
1.20190531	2706
