version	total
0.000061	12422
0.000115	6704
0.000116	5483
0.000117	20264
0.000144	3028
0.000145	183030
0.000163	53327
