version	total
1.006900	34472
1.007002	152341
1.007003	135853
