version	total
1.006900	30946
1.007002	142251
1.007003	91491
