version	total
0.001011	37296
0.001013	226870
