version	total
1.100602	7640
1.100603	1901
