version	total
0.000061	12875
0.000115	6789
0.000116	5565
0.000117	20394
0.000144	3105
0.000145	184293
0.000163	61437
