version	total
4.161950	7894
4.201720	12754
