version	total
2.000001	37053
2.000006	25486
2.000008	158908
2.002004	41060
