version	total
0.004010	5484
0.004011	5301
