version	total
0.042	74184
1.000000	22805
1.002001	505695
1.002002	311961
