version	total
1.94	168947
1.99	2757
2.000000	2463
2.001000	2007
2.002000	3255
2.002001	2020
2.003000	1268
