version	total
1.000019	7273
1.000033	15606
1.000036	93875
1.000037	18407
1.000038	46527
