version	total
4.161950	8492
4.201720	18298
