version	total
2.000002	6076
2.001000	41263
2.003004	182630
2.005004	45020
