version	total
0.001011	36606
0.001013	222809
