version	total
1.94	173497
1.99	2844
2.000000	2526
2.001000	2049
2.002000	3351
2.002001	2104
2.003000	1524
