version	total
0.004010	5508
0.004011	5381
