version	total
0.100052	8341
0.100054	2308
0.100055	1750
