version	total
1.006900	32269
1.007002	146601
1.007003	107482
