version	total
5.20180120	6803
5.20180626	5517
5.20180820	9007
5.20181130	4985
5.20181218	11405
5.20190420	5452
5.20190524	86780
5.20220120	2660
5.20220220	2726
5.20220313	2572
5.20220320	3338
5.20220420	3581
5.20220527	3319
5.20220620	26225
5.20230220	208
5.20250528	702
5.20250702	477
5.20250720	400
5.20250803	654
5.20250820	2356
5.20250923	3055
5.20251022	2417
5.20251120	3145
5.20251220	2078
