version	total
0.000061	11921
0.000115	6635
0.000116	5415
0.000117	20093
0.000144	2962
0.000145	181147
0.000163	44223
