version	total
1.003008	6108
1.004000	6354
1.004003	2452
