version	total
0.042	73630
1.000000	22797
1.002001	503843
1.002002	309085
