version	total
1.100602	7344
1.100603	1673
