version	total
1.003008	5880
1.004000	6122
1.004003	2292
