version	total
1.967013	35253
1.967015	157014
