version	total
1.967013	32988
1.967015	148585
