version	total
1.967013	31727
1.967015	142757
