version	total
0.004010	5504
0.004011	5346
