version	total
0.001011	35796
0.001013	217740
