version	total
5.20180120	6522
5.20180626	5331
5.20180820	8815
5.20181130	4798
5.20181218	11189
5.20190420	5265
5.20190524	84790
5.20220120	2491
5.20220220	2558
5.20220313	2404
5.20220320	3167
5.20220420	3412
5.20220527	3152
5.20220620	25943
5.20230220	32
5.20250528	507
5.20250702	147
