version	total
2.000024	8118
2.000028	2435
2.000029	7008
