version	total
0.002005	4943
0.002006	5011
0.002009	7606
