version	total
1.000019	7129
1.000033	15509
1.000036	92684
1.000037	18333
1.000038	30851
