version	total
0.001011	34993
0.001013	212194
