version	total
2.005001	19351
2.006003	162284
2.006006	35198
