version	total
1.000019	7222
1.000033	15575
1.000036	93408
1.000037	18376
1.000038	39626
