version	total
1.006900	34375
1.007002	152011
1.007003	133960
