version	total
1.967013	32765
1.967015	147586
