version	total
1.006900	33748
1.007002	150347
1.007003	124484
