version	total
0.100003	5703
0.100005	2392
0.100006	1812
