version	total
1.000019	7037
1.000033	15467
1.000036	91731
1.000037	18300
1.000038	25616
