version	total
0.103004	10425
0.103005	2669
0.103006	2168
