version	total
0.17024	31359
0.17027	142714
0.17029	3511
0.17030	357
