version	total
2.005001	19288
2.006003	159864
2.006006	32842
