version	total
1.967013	33424
1.967015	150253
