version	total
1.000019	7261
1.000033	15599
1.000036	93784
1.000037	18401
1.000038	44850
