version	total
1.302052	9718
1.302075	17721
1.302140	5735
1.302141	5036
1.302156	5980
1.302164	9973
1.302188	2658
1.302189	2422
1.302190	8110
