version	total
0.17024	30354
0.17027	138800
0.17029	3483
0.17030	211
