version	total
0.042	81610
1.000000	22966
1.002001	525678
1.002002	346632
