version	total
0.000061	10890
0.000115	6540
0.000116	5322
0.000117	19776
0.000144	2883
0.000145	174214
0.000163	19594
