version	total
5.20180120	6628
5.20180626	5391
5.20180820	8877
5.20181130	4858
5.20181218	11257
5.20190420	5325
5.20190524	85565
5.20220120	2544
5.20220220	2609
5.20220313	2456
5.20220320	3222
5.20220420	3464
5.20220527	3204
5.20220620	26050
5.20230220	90
5.20250528	570
5.20250702	359
5.20250720	282
5.20250803	505
5.20250820	2144
5.20250923	961
