version	total
0.100003	5559
0.100005	2279
0.100006	1698
