version	total
2.000002	6042
2.001000	40555
2.003004	180648
2.005004	42752
