version	total
0.008	20636
0.006007	6079
0.008002	12051
0.008004	12020
0.008005	2339
0.008006	2311
0.008007	1899
0.008008	1532
0.008009	1170
