version	total
2.000024	8324
2.000028	2558
2.000029	7893
