version	total
0.008	10676
0.006007	5943
0.008002	6817
0.008004	6739
0.008005	2129
0.008006	2104
0.008007	1690
0.008008	1316
0.008009	949
