version	total
0.204001	2190
0.204003	2173
0.206003	3270
0.207001	2352
0.207002	2321
0.207003	892
