version	total
0.008	20612
0.006007	6071
0.008002	12029
0.008004	11998
0.008005	2319
0.008006	2291
0.008007	1879
0.008008	1512
0.008009	1150
