version	total
0.001011	35071
0.001013	212678
