version	total
0.042	83774
1.000000	23043
1.002001	530763
1.002002	356069
