version	total
2.000002	5926
2.001000	37580
2.003004	172005
2.005004	30517
