version	total
0.004010	5489
0.004011	5314
