version	total
1.006900	31511
1.007002	144349
1.007003	98092
