version	total
5.20180120	6836
5.20180626	5546
5.20180820	9036
5.20181130	5013
5.20181218	11435
5.20190420	5482
5.20190524	86983
5.20220120	2682
5.20220220	2751
5.20220313	2596
5.20220320	3362
5.20220420	3604
5.20220527	3342
5.20220620	26264
5.20230220	235
5.20250528	726
5.20250702	500
5.20250720	423
5.20250803	680
5.20250820	2368
5.20250923	3130
5.20251022	2512
5.20251120	3152
5.20251220	2295
5.20260119	1791
