version	total
0.100003	5749
0.100005	2430
0.100006	1849
