version	total
1.000019	7143
1.000033	15515
1.000036	92754
1.000037	18338
1.000038	31537
