version	total
2.000002	6012
2.001000	39595
2.003004	178197
2.005004	37830
