version	total
1.967013	34682
1.967015	154330
