version	total
0.100003	5469
0.100005	2244
0.100006	1659
