version	total
0.100003	5663
0.100005	2360
0.100006	1780
