version	total
1.006900	31200
1.007002	143295
1.007003	94792
