version	total
2.000001	35964
2.000006	25336
2.000008	156066
2.002004	35524
