version	total
0.17024	30321
0.17027	138665
0.17029	3482
0.17030	201
