version	total
5.20180120	6699
5.20180626	5442
5.20180820	8928
5.20181130	4908
5.20181218	11326
5.20190420	5376
5.20190524	86165
5.20220120	2589
5.20220220	2654
5.20220313	2501
5.20220320	3267
5.20220420	3509
5.20220527	3248
5.20220620	26122
5.20230220	135
5.20250528	627
5.20250702	405
5.20250720	328
5.20250803	570
5.20250820	2321
5.20250923	2744
5.20251022	1896
