version	total
0.204001	2195
0.204003	2178
0.206003	3306
0.207001	2375
0.207002	2345
0.207003	915
