version	total
2.000024	8167
2.000028	2462
2.000029	7196
