version	total
0.042	80715
1.000000	22941
1.002001	523581
1.002002	343071
