version	total
0.042	83854
1.000000	23046
1.002001	530915
1.002002	356334
