version	total
1.000019	7011
1.000033	15453
1.000036	91399
1.000037	18285
1.000038	23938
