version	total
5.20180120	6842
5.20180626	5550
5.20180820	9042
5.20181130	5019
5.20181218	11444
5.20190420	5486
5.20190524	87013
5.20220120	2685
5.20220220	2754
5.20220313	2599
5.20220320	3365
5.20220420	3607
5.20220527	3345
5.20220620	26269
5.20230220	238
5.20250528	729
5.20250702	505
5.20250720	426
5.20250803	683
5.20250820	2368
5.20250923	3130
5.20251022	2522
5.20251120	3153
5.20251220	2295
5.20260119	2379
