version	total
1.100602	7581
1.100603	1850
