version	total
0.17024	33060
0.17027	147904
0.17029	3632
0.17030	662
