version	total
0.001011	38816
0.001013	238657
