version	total
1.000005	27437
1.002002	8597
1.004002	7642
1.004003	5005
1.004004	141614
1.012004	2581
1.012005	2174
1.014000	2145
1.016002	2021
1.016006	2432
