version	total
1.100602	7509
1.100603	1791
