version	total
2.000001	38322
2.000006	25635
2.000008	162082
2.002004	45994
