version	total
1.967013	34096
1.967015	152420
