version	total
1.302052	9470
1.302075	16460
1.302140	5592
1.302141	4891
1.302156	5835
1.302164	9494
1.302188	2527
1.302189	2290
1.302190	6953
