version	total
1.003008	5981
1.004000	6231
1.004003	2349
