version	total
0.204001	2195
0.204003	2178
0.206003	3307
0.207001	2376
0.207002	2346
0.207003	916
