version	total
1.100602	7635
1.100603	1897
