version	total
0.001011	36321
0.001013	221166
