version	total
0.042	80109
1.000000	22925
1.002001	522271
1.002002	340818
