version	total
2.000002	5937
2.001000	37762
2.003004	172620
2.005004	31237
