version	total
2.005001	19403
2.006003	163587
2.006006	36098
