version	total
2.005001	19400
2.006003	163524
2.006006	36053
