version	total
1.967013	34398
1.967015	153378
