version	total
1.000005	27374
1.002002	8591
1.004002	7633
1.004003	4996
1.004004	141353
1.012004	2574
1.012005	2167
1.014000	2138
1.016002	2020
1.016006	2429
