version	total
0.004010	5635
0.004011	5547
