version	total
0.17024	32725
0.17027	146971
0.17029	3605
0.17030	596
