version	total
2.005001	19578
2.006003	167345
2.006006	44439
