version	total
2.000024	8406
2.000028	2609
2.000029	8228
