version	total
2.120921	10337
2.150010	98057
