version	total
1.100602	7538
1.100603	1815
