version	total
0.008	9043
0.006007	5909
0.008002	5958
0.008004	5852
0.008005	2119
0.008006	2094
0.008007	1681
0.008008	1305
0.008009	923
