version	total
0.103004	10339
0.103005	2631
0.103006	2104
