version	total
2.005001	19549
2.006003	166577
2.006006	43933
