version	total
5.20180120	6670
5.20180626	5423
5.20180820	8909
5.20181130	4890
5.20181218	11306
5.20190420	5357
5.20190524	85978
5.20220120	2574
5.20220220	2639
5.20220313	2486
5.20220320	3252
5.20220420	3494
5.20220527	3234
5.20220620	26096
5.20230220	120
5.20250528	606
5.20250702	389
5.20250720	314
5.20250803	547
5.20250820	2263
5.20250923	2487
5.20251022	787
