version	total
0.100003	5700
0.100005	2389
0.100006	1809
