version	total
5.20180120	6647
5.20180626	5406
5.20180820	8892
5.20181130	4875
5.20181218	11290
5.20190420	5340
5.20190524	85742
5.20220120	2558
5.20220220	2623
5.20220313	2470
5.20220320	3236
5.20220420	3478
5.20220527	3218
5.20220620	26069
5.20230220	104
5.20250528	586
5.20250702	373
5.20250720	297
5.20250803	524
5.20250820	2220
5.20250923	1991
