version	total
1.000005	29279
1.002002	8689
1.004002	7840
1.004003	5204
1.004004	147804
1.012004	2767
1.012005	2360
1.014000	2333
1.016002	2077
1.016006	2558
