version	total
0.17024	30540
0.17027	139426
0.17029	3487
0.17030	229
