version	total
0.100052	8345
0.100054	2308
0.100055	1751
