version	total
2.120921	10296
2.150010	97009
