version	total
0.100052	8374
0.100054	2317
0.100055	1761
