version	total
1.20141117	5170
1.20190531	2622
