version	total
1.100602	7560
1.100603	1834
