version	total
2.000024	8006
2.000028	2401
2.000029	6346
