version	total
0.002005	4918
0.002006	4881
0.002009	2848
