version	total
2.000001	37782
2.000006	25568
2.000008	160696
2.002004	44327
