version	total
2.005001	19276
2.006003	159237
2.006006	32467
