version	total
1.000019	7298
1.000033	15619
1.000036	94145
1.000037	18416
1.000038	49863
