version	total
2.005001	19334
2.006003	161676
2.006006	34608
