version	total
1.000005	28386
1.002002	8645
1.004002	7732
1.004003	5095
1.004004	144661
1.012004	2663
1.012005	2256
1.014000	2228
1.016002	2040
1.016006	2482
