version	total
1.94	166526
1.99	2729
2.000000	2446
2.001000	2005
2.002000	3188
2.002001	1984
2.003000	1118
