version	total
2.000024	8351
2.000028	2574
2.000029	7979
