version	total
1.006900	33305
1.007002	149278
1.007003	119119
