version	total
0.000061	10709
0.000115	6507
0.000116	5288
0.000117	19691
0.000144	2853
0.000145	173219
0.000163	17462
