version	total
0.100003	5644
0.100005	2347
0.100006	1766
