version	total
2.000002	5961
2.001000	38307
2.003004	174328
2.005004	33018
