version	total
1.967013	34387
1.967015	153356
