version	total
1.006900	31778
1.007002	145180
1.007003	100535
