version	total
0.100003	5788
0.100005	2461
0.100006	1880
