version	total
1.94	165342
1.99	2711
2.000000	2438
2.001000	2003
2.002000	3164
2.002001	1958
2.003000	1066
