version	total
0.004010	5731
0.004011	5661
