version	total
2.000002	6045
2.001000	40588
2.003004	180750
2.005004	42808
