version	total
0.004010	5581
0.004011	5485
