version	total
0.100003	5810
0.100005	2480
0.100006	1900
