version	total
0.004010	5660
0.004011	5575
