version	total
0.001011	36590
0.001013	222717
