version	total
0.002005	4940
0.002006	4992
0.002009	6921
