version	total
0.17024	33148
0.17027	148235
0.17029	3640
0.17030	677
