version	total
0.100003	5633
0.100005	2338
0.100006	1756
