version	total
2.000024	8032
2.000028	2406
2.000029	6602
