version	total
1.94	171873
1.99	2797
2.000000	2487
2.001000	2016
2.002000	3323
2.002001	2077
2.003000	1427
