version	total
0.042	77533
1.000000	22850
1.002001	515595
1.002002	328425
