version	total
0.042	81662
1.000000	22968
1.002001	525790
1.002002	346869
