version	total
1.302052	9813
1.302075	18065
1.302140	5794
1.302141	5095
1.302156	6041
1.302164	10130
1.302188	2705
1.302189	2468
1.302190	8459
