version	total
5.20180120	6711
5.20180626	5450
5.20180820	8936
5.20181130	4916
5.20181218	11334
5.20190420	5384
5.20190524	86270
5.20220120	2597
5.20220220	2662
5.20220313	2509
5.20220320	3275
5.20220420	3517
5.20220527	3256
5.20220620	26133
5.20230220	143
5.20250528	635
5.20250702	413
5.20250720	336
5.20250803	578
5.20250820	2327
5.20250923	2754
5.20251022	2057
5.20251120	244
