version	total
2.000024	8128
2.000028	2440
2.000029	7045
