version	total
2.000001	37640
2.000006	25551
2.000008	160340
2.002004	44107
