version	total
0.17024	32565
0.17027	146465
0.17029	3593
0.17030	569
