version	total
2.005001	19542
2.006003	166389
2.006006	43776
