version	total
0.204001	2152
0.204003	2131
0.206003	3132
0.207001	2295
0.207002	2267
0.207003	839
