version	total
0.000061	11961
0.000115	6641
0.000116	5421
0.000117	20107
0.000144	2968
0.000145	181253
0.000163	44866
