version	total
0.17024	31448
0.17027	142997
0.17029	3513
0.17030	367
