version	total
0.17024	30132
0.17027	137913
0.17029	3459
0.17030	166
