version	total
2.000024	8389
2.000028	2598
2.000029	8154
