version	total
1.967013	32498
1.967015	146433
