version	total
1.967013	32743
1.967015	147491
