version	total
1.006900	33623
1.007002	150097
1.007003	122686
