version	total
0.204001	2146
0.204003	2125
0.206003	3089
0.207001	2261
0.207002	2233
0.207003	805
