version	total
1.999813	4833
1.999816	5075
1.999829	2190
1.999830	2093
1.999831	2014
1.999832	2005
1.999833	2006
1.999835	2004
1.999836	1942
1.999837	1942
1.999838	1434
1.999839	1220
1.999841	1081
1.999842	1074
2.000000	1083
2.001000	1049
2.001001	1033
2.002000	1009
2.002001	995
2.003001	683
2.003002	664
2.003003	408
2.003004	119
2.004001	129
2.005001	95
2.005002	96
2.005003	81
