version	total
1.006900	34311
1.007002	151763
1.007003	132385
