version	total
2.000002	5987
2.001000	38870
2.003004	176095
2.005004	34583
