version	total
1.006900	31914
1.007002	145553
1.007003	102156
