version	total
1.94	172624
1.99	2818
2.000000	2504
2.001000	2031
2.002000	3333
2.002001	2088
2.003000	1480
