version	total
0.008	18898
0.006007	6040
0.008002	11106
0.008004	11123
0.008005	2249
0.008006	2220
0.008007	1809
0.008008	1436
0.008009	1076
