version	total
0.000061	12350
0.000115	6694
0.000116	5473
0.000117	20249
0.000144	3018
0.000145	182825
0.000163	51501
