version	total
0.094002	2151
0.094003	1582
