version	total
1.100602	7609
1.100603	1874
