version	total
0.002005	4976
0.002006	5146
0.002009	15478
