version	total
1.20141117	5153
1.20190531	2610
