version	total
0.100003	5584
0.100005	2298
0.100006	1717
