version	total
0.204001	2167
0.204003	2146
0.206003	3176
0.207001	2312
0.207002	2280
0.207003	853
