version	total
0.000061	11389
0.000115	6573
0.000116	5354
0.000117	19930
0.000144	2906
0.000145	176621
0.000163	32132
