version	total
1.000005	26234
1.002002	8553
1.004002	7592
1.004003	4949
1.004004	136946
1.012004	2544
1.012005	2132
1.014000	2104
1.016002	1989
1.016006	2329
