version	total
0.100052	8229
0.100054	2289
0.100055	1681
