version	total
1.302052	9593
1.302075	17053
1.302140	5651
1.302141	4950
1.302156	5895
1.302164	9711
1.302188	2577
1.302189	2341
1.302190	7493
