version	total
1.302052	9675
1.302075	17477
1.302140	5702
1.302141	5003
1.302156	5947
1.302164	9884
1.302188	2626
1.302189	2390
1.302190	7874
