version	total
0.103004	10536
0.103005	2731
0.103006	2255
