version	total
2.000002	6067
2.001000	41117
2.003004	182132
2.005004	44489
