version	total
2.000001	36052
2.000006	25347
2.000008	156339
2.002004	35748
