version	total
0.002005	4894
0.002006	4836
0.002009	2276
