version	total
1.302052	9724
1.302075	17729
1.302140	5739
1.302141	5040
1.302156	5983
1.302164	9981
1.302188	2661
1.302189	2425
1.302190	8119
