version	total
1.100602	7675
1.100603	1929
