version	total
1.006900	30751
1.007002	141577
1.007003	89506
