version	total
1.000005	28831
1.002002	8665
1.004002	7778
1.004003	5141
1.004004	146081
1.012004	2708
1.012005	2301
1.014000	2274
1.016002	2057
1.016006	2515
