version	total
1.967013	33521
1.967015	150549
