version	total
0.17024	30551
0.17027	139496
0.17029	3487
0.17030	230
