version	total
0.100003	5745
0.100005	2426
0.100006	1845
