version	total
2.120921	10356
2.150010	98541
