version	total
0.001011	36523
0.001013	222329
