version	total
2.005001	19347
2.006003	162086
2.006006	35021
