version	total
2.005001	19594
2.006003	167688
2.006006	44982
