version	total
0.204001	2203
0.204003	2185
0.206003	3357
0.207001	2410
0.207002	2380
0.207003	950
