version	total
1.003008	5969
1.004000	6216
1.004003	2338
