version	total
0.100003	5737
0.100005	2421
0.100006	1841
