version	total
1.967013	32161
1.967015	144840
