version	total
1.967013	35172
1.967015	156661
