version	total
1.967013	32876
1.967015	148006
