version	total
4.161950	8345
4.201720	16864
