version	total
1.003008	5923
1.004000	6170
1.004003	2305
