version	total
1.20141117	5251
1.20190531	2688
