version	total
1.006900	31596
1.007002	144617
1.007003	98815
