version	total
0.17024	33800
0.17027	150369
0.17029	3716
0.17030	840
