version	total
1.000005	28601
1.002002	8657
1.004002	7750
1.004003	5113
1.004004	145334
1.012004	2681
1.012005	2274
1.014000	2246
1.016002	2051
1.016006	2502
