version	total
1.100602	7558
1.100603	1833
