version	total
0.008	15526
0.006007	6010
0.008002	9361
0.008004	9347
0.008005	2187
0.008006	2158
0.008007	1747
0.008008	1374
0.008009	1012
