version	total
1.20141117	5190
1.20190531	2635
