version	total
0.008	11977
0.006007	5962
0.008002	7486
0.008004	7417
0.008005	2135
0.008006	2108
0.008007	1696
0.008008	1322
0.008009	958
