version	total
2.000024	8028
2.000028	2405
2.000029	6576
