version	total
1.100602	7354
1.100603	1683
