version	total
0.103004	10569
0.103005	2743
0.103006	2281
