version	total
0.100003	5442
0.100005	2220
0.100006	1636
