version	total
1.302052	9762
1.302075	17859
1.302140	5763
1.302141	5065
1.302156	6010
1.302164	10053
1.302188	2682
1.302189	2445
1.302190	8245
