version	total
4.161950	7810
4.201720	12055
