version	total
0.000061	11877
0.000115	6627
0.000116	5408
0.000117	20075
0.000144	2954
0.000145	180991
0.000163	43513
