version	total
0.000061	11717
0.000115	6597
0.000116	5378
0.000117	20016
0.000144	2927
0.000145	180491
0.000163	40502
