version	total
0.001011	36042
0.001013	219313
