version	total
1.94	177744
1.99	2958
2.000000	2624
2.001000	2135
2.002000	3429
2.002001	2156
2.003000	1779
