version	total
1.006900	33830
1.007002	150535
1.007003	125497
