version	total
2.120921	10425
2.150010	100511
