version	total
1.302052	9812
1.302075	18051
1.302140	5793
1.302141	5094
1.302156	6040
1.302164	10126
1.302188	2705
1.302189	2468
1.302190	8448
