version	total
0.103004	10411
0.103005	2661
0.103006	2154
