version	total
2.000001	36428
2.000006	25406
2.000008	157420
2.002004	37540
