version	total
0.002005	4914
0.002006	4869
0.002009	2365
