version	total
0.008	16267
0.006007	6017
0.008002	9741
0.008004	9750
0.008005	2198
0.008006	2169
0.008007	1758
0.008008	1385
0.008009	1023
