version	total
1.003008	5855
1.004000	6099
1.004003	2281
