version	total
0.042	76005
1.000000	22825
1.002001	510864
1.002002	320048
