version	total
0.204001	2192
0.204003	2175
0.206003	3282
0.207001	2359
0.207002	2329
0.207003	899
