version	total
1.006900	33114
1.007002	148759
1.007003	117018
