version	total
2.000002	5868
2.001000	36784
2.003004	169263
2.005004	28695
