version	total
0.000061	12500
0.000115	6716
0.000116	5495
0.000117	20283
0.000144	3039
0.000145	183339
0.000163	54577
