version	total
2.000001	35437
2.000006	25284
2.000008	154473
2.002004	34157
