version	total
2.000001	37264
2.000006	25515
2.000008	159402
2.002004	42670
