version	total
0.103004	10562
0.103005	2742
0.103006	2277
