version	total
4.161950	8349
4.201720	16987
