version	total
2.000001	38489
2.000006	25667
2.000008	162591
2.002004	46523
