version	total
4.161950	8212
4.201720	15343
