version	total
1.003008	6013
1.004000	6263
1.004003	2376
