version	total
0.002005	4902
0.002006	4848
0.002009	2280
