version	total
0.000061	12657
0.000115	6748
0.000116	5526
0.000117	20324
0.000144	3069
0.000145	183702
0.000163	56931
