version	total
0.17024	32789
0.17027	147142
0.17029	3610
0.17030	607
