version	total
0.042	75298
1.000000	22817
1.002001	508648
1.002002	316659
