version	total
1.000019	7296
1.000033	15617
1.000036	94091
1.000037	18414
1.000038	49004
