version	total
1.000005	27154
1.002002	8586
1.004002	7626
1.004003	4990
1.004004	140594
1.012004	2569
1.012005	2160
1.014000	2131
1.016002	2014
1.016006	2411
