version	total
0.103004	10151
0.103005	2577
0.103006	1977
