version	total
0.001011	34726
0.001013	210903
