version	total
4.161950	8360
4.201720	17222
