version	total
0.008	18855
0.006007	6040
0.008002	11078
0.008004	11091
0.008005	2248
0.008006	2219
0.008007	1808
0.008008	1435
0.008009	1075
