version	total
2.000002	6045
2.001000	40627
2.003004	180833
2.005004	42897
