version	total
0.000061	10974
0.000115	6544
0.000116	5325
0.000117	19795
0.000144	2886
0.000145	174469
0.000163	20605
