version	total
2.120921	10215
2.150010	95004
