version	total
1.999813	4870
1.999816	5134
1.999829	2215
1.999830	2119
1.999831	2040
1.999832	2032
1.999833	2032
1.999835	2030
1.999836	1968
1.999837	1967
1.999838	1460
1.999839	1245
1.999841	1106
1.999842	1100
2.000000	1218
2.001000	1180
2.001001	1163
2.002000	1108
2.002001	1095
2.003001	707
2.003002	690
2.003003	432
2.003004	146
2.004001	155
2.005001	231
2.005002	232
2.005003	229
