version	total
1.94	169988
1.99	2769
2.000000	2470
2.001000	2008
2.002000	3270
2.002001	2039
2.003000	1325
