version	total
0.094002	2180
0.094003	1609
