version	total
2.120921	10263
2.150010	96347
