version	total
1.000005	27613
1.002002	8610
1.004002	7664
1.004003	5027
1.004004	142331
1.012004	2600
1.012005	2193
1.014000	2164
1.016002	2024
1.016006	2438
