version	total
2.000024	8317
2.000028	2555
2.000029	7875
