version	total
2.005001	19394
2.006003	163371
2.006006	35954
