version	total
0.004010	5579
0.004011	5482
