version	total
1.000005	25925
1.002002	8532
1.004002	7572
1.004003	4928
1.004004	135689
1.012004	2528
1.012005	2117
1.014000	2089
1.016002	1974
1.016006	2307
