version	total
1.003008	6113
1.004000	6357
1.004003	2454
