version	total
0.042	78656
1.000000	22890
1.002001	518619
1.002002	333887
