version	total
2.000002	5939
2.001000	37849
2.003004	172925
2.005004	31448
