version	total
2.000002	6079
2.001000	41387
2.003004	183002
2.005004	45352
