version	total
1.006900	33872
1.007002	150612
1.007003	125896
