version	total
4.161950	8597
4.201720	19202
