version	total
0.100003	5517
0.100005	2263
0.100006	1682
