version	total
0.042	82198
1.000000	22996
1.002001	527090
1.002002	349042
