version	total
0.100052	8225
0.100054	2287
0.100055	1679
