version	total
0.042	75517
1.000000	22819
1.002001	509354
1.002002	317557
