version	total
0.17024	30617
0.17027	139817
0.17029	3488
0.17030	239
