version	total
0.100003	5445
0.100005	2223
0.100006	1638
