version	total
0.17024	33202
0.17027	148325
0.17029	3645
0.17030	687
