version	total
0.008	19414
0.006007	6042
0.008002	11377
0.008004	11368
0.008005	2258
0.008006	2229
0.008007	1818
0.008008	1445
0.008009	1085
