version	total
1.003008	6093
1.004000	6339
1.004003	2438
