version	total
0.000061	12622
0.000115	6743
0.000116	5521
0.000117	20318
0.000144	3064
0.000145	183618
0.000163	56499
