version	total
2.000002	6022
2.001000	39895
2.003004	178858
2.005004	39633
