version	total
1.006900	32513
1.007002	147339
1.007003	110667
