version	total
2.000002	5939
2.001000	37809
2.003004	172803
2.005004	31363
