version	total
1.100602	7484
1.100603	1772
