version	total
2.005001	19571
2.006003	167236
2.006006	44348
