version	total
0.100003	5594
0.100005	2305
0.100006	1724
