version	total
2.005001	19333
2.006003	161522
2.006006	34490
