version	total
1.000019	7111
1.000033	15497
1.000036	92510
1.000037	18323
1.000038	29739
