version	total
1.000005	25807
1.002002	8509
1.004002	7549
1.004003	4905
1.004004	135191
1.012004	2505
1.012005	2094
1.014000	2065
1.016002	1951
1.016006	2282
