version	total
2.120921	10367
2.150010	99129
