version	total
1.000019	7331
1.000033	15639
1.000036	94368
1.000037	18433
1.000038	52983
