version	total
0.042	72494
1.000000	22761
1.002001	500352
1.002002	303158
