version	total
1.94	176994
1.99	2929
2.000000	2599
2.001000	2113
2.002000	3413
2.002001	2144
2.003000	1712
