version	total
1.20141117	5300
1.20190531	2722
