version	total
1.006900	32006
1.007002	145823
1.007003	104936
