version	total
1.000019	6926
1.000033	15391
1.000036	90753
1.000037	18233
1.000038	21556
