version	total
0.004010	5517
0.004011	5400
