version	total
0.000061	10875
0.000115	6538
0.000116	5320
0.000117	19770
0.000144	2882
0.000145	174188
0.000163	19464
