version	total
1.000019	7242
1.000033	15586
1.000036	93612
1.000037	18387
1.000038	41936
