version	total
1.967013	31974
1.967015	143889
