version	total
5.20180120	6580
5.20180626	5360
5.20180820	8846
5.20181130	4827
5.20181218	11225
5.20190420	5294
5.20190524	85340
5.20220120	2515
5.20220220	2581
5.20220313	2428
5.20220320	3193
5.20220420	3436
5.20220527	3176
5.20220620	26009
5.20230220	56
5.20250528	534
5.20250702	324
5.20250720	248
5.20250803	461
5.20250820	1096
