version	total
1.967013	32751
1.967015	147536
