version	total
0.204001	2198
0.204003	2181
0.206003	3332
0.207001	2393
0.207002	2363
0.207003	933
