version	total
0.004010	5710
0.004011	5635
