version	total
1.302052	9689
1.302075	17543
1.302140	5712
1.302141	5013
1.302156	5957
1.302164	9910
1.302188	2636
1.302189	2400
1.302190	7954
