version	total
1.000019	7186
1.000033	15554
1.000036	93126
1.000037	18362
1.000038	36114
