version	total
2.120921	10280
2.150010	96688
