version	total
0.001011	37065
0.001013	225561
