version	total
0.042	78528
1.000000	22886
1.002001	518363
1.002002	333364
