version	total
0.000061	11598
0.000115	6586
0.000116	5366
0.000117	19988
0.000144	2916
0.000145	180188
0.000163	38157
