version	total
1.006900	31809
1.007002	145287
1.007003	100761
