version	total
1.000019	7335
1.000033	15645
1.000036	94377
1.000037	18433
1.000038	53140
