version	total
0.042	76733
1.000000	22833
1.002001	513094
1.002002	323896
