version	total
0.17024	30426
0.17027	139057
0.17029	3484
0.17030	219
