version	total
0.204001	2203
0.204003	2185
0.206003	3361
0.207001	2414
0.207002	2384
0.207003	954
