version	total
4.161950	8590
4.201720	19171
