version	total
0.000061	11304
0.000115	6568
0.000116	5349
0.000117	19905
0.000144	2903
0.000145	176151
0.000163	28004
