version	total
2.000001	35285
2.000006	25274
2.000008	154012
2.002004	33682
