version	total
1.94	173966
1.99	2853
2.000000	2534
2.001000	2057
2.002000	3354
2.002001	2107
2.003000	1543
