version	total
0.17024	32767
0.17027	147097
0.17029	3609
0.17030	606
