version	total
0.100003	5615
0.100005	2324
0.100006	1742
