version	total
0.002005	4929
0.002006	4952
0.002009	5227
