version	total
0.042	75437
1.000000	22818
1.002001	509088
1.002002	317129
