version	total
0.001011	38872
0.001013	238917
