version	total
0.000061	10753
0.000115	6521
0.000116	5303
0.000117	19721
0.000144	2867
0.000145	173464
0.000163	18146
