version	total
2.005001	19469
2.006003	164946
2.006006	39454
