version	total
1.006900	32977
1.007002	148485
1.007003	115796
