version	total
2.000024	8342
2.000028	2568
2.000029	7945
