version	total
1.967013	31587
1.967015	142093
