version	total
1.000019	7122
1.000033	15503
1.000036	92610
1.000037	18328
1.000038	30312
