version	total
0.000061	11664
0.000115	6589
0.000116	5369
0.000117	20003
0.000144	2920
0.000145	180385
0.000163	39586
