version	total
0.004010	5518
0.004011	5402
