version	total
4.161950	8446
4.201720	18014
