version	total
1.003008	5939
1.004000	6186
1.004003	2316
