version	total
2.120921	10253
2.150010	95890
