version	total
5.20180120	6649
5.20180626	5407
5.20180820	8893
5.20181130	4876
5.20181218	11291
5.20190420	5341
5.20190524	85749
5.20220120	2560
5.20220220	2625
5.20220313	2472
5.20220320	3238
5.20220420	3480
5.20220527	3220
5.20220620	26071
5.20230220	106
5.20250528	588
5.20250702	375
5.20250720	299
5.20250803	527
5.20250820	2221
5.20250923	2022
