version	total
0.001011	36659
0.001013	223127
