version	total
0.042	81555
1.000000	22963
1.002001	525633
1.002002	346528
