version	total
2.000002	6054
2.001000	40762
2.003004	181217
2.005004	43531
