version	total
1.967013	34657
1.967015	154243
