version	total
0.008	4965
0.006007	5824
0.008002	3792
0.008004	3655
0.008005	2066
0.008006	2044
0.008007	1630
0.008008	1254
0.008009	867
