version	total
1.000005	25938
1.002002	8534
1.004002	7574
1.004003	4930
1.004004	135776
1.012004	2530
1.012005	2119
1.014000	2091
1.016002	1976
1.016006	2309
