version	total
1.006900	31878
1.007002	145457
1.007003	101515
