version	total
2.000002	6045
2.001000	40609
2.003004	180795
2.005004	42860
