version	total
0.103004	10635
0.103005	2779
0.103006	2329
