version	total
2.000002	6004
2.001000	39293
2.003004	177410
2.005004	36135
