version	total
1.999813	4856
1.999816	5113
1.999829	2207
1.999830	2109
1.999831	2031
1.999832	2022
1.999833	2022
1.999835	2021
1.999836	1958
1.999837	1958
1.999838	1451
1.999839	1236
1.999841	1096
1.999842	1090
2.000000	1159
2.001000	1123
2.001001	1106
2.002000	1072
2.002001	1058
2.003001	699
2.003002	680
2.003003	423
2.003004	135
2.004001	145
2.005001	171
2.005002	173
2.005003	165
