version	total
0.004010	5457
0.004011	5271
