version	total
0.004010	5633
0.004011	5545
