version	total
0.001011	34811
0.001013	211318
