version	total
1.302052	9522
1.302075	16772
1.302140	5607
1.302141	4907
1.302156	5852
1.302164	9588
1.302188	2538
1.302189	2302
1.302190	7228
