version	total
1.100602	7546
1.100603	1822
