version	total
1.967013	32197
1.967015	145074
