version	total
2.000002	5905
2.001000	37165
2.003004	170557
2.005004	29442
