version	total
2.000001	35648
2.000006	25304
2.000008	155111
2.002004	34704
