version	total
1.003008	6052
1.004000	6299
1.004003	2405
