version	total
0.004010	5506
0.004011	5376
