version	total
0.008	15433
0.006007	6010
0.008002	9310
0.008004	9304
0.008005	2185
0.008006	2156
0.008007	1745
0.008008	1372
0.008009	1010
