version	total
2.000024	8175
2.000028	2465
2.000029	7205
