version	total
1.006900	32251
1.007002	146560
1.007003	107331
