version	total
1.302052	9421
1.302075	16152
1.302140	5577
1.302141	4876
1.302156	5819
1.302164	9374
1.302188	2513
1.302189	2277
1.302190	6673
