version	total
0.042	78087
1.000000	22870
1.002001	517196
1.002002	330982
