version	total
2.000002	6078
2.001000	41303
2.003004	182739
2.005004	45114
