version	total
1.302052	9697
1.302075	17590
1.302140	5717
1.302141	5018
1.302156	5962
1.302164	9928
1.302188	2641
1.302189	2405
1.302190	7991
