version	total
1.100602	7586
1.100603	1855
