version	total
2.005001	19658
2.006003	169040
2.006006	46396
