version	total
1.302052	9570
1.302075	16961
1.302140	5635
1.302141	4935
1.302156	5880
1.302164	9669
1.302188	2562
1.302189	2326
1.302190	7407
