version	total
1.100602	7657
1.100603	1916
