version	total
1.967013	32862
1.967015	147934
