version	total
2.005001	19181
2.006003	156664
2.006006	30172
