version	total
0.100003	5616
0.100005	2325
0.100006	1743
