version	total
5.20180120	6546
5.20180626	5341
5.20180820	8826
5.20181130	4809
5.20181218	11205
5.20190420	5275
5.20190524	85017
5.20220120	2497
5.20220220	2564
5.20220313	2410
5.20220320	3174
5.20220420	3418
5.20220527	3158
5.20220620	25967
5.20230220	37
5.20250528	513
5.20250702	303
5.20250720	226
5.20250803	112
