version	total
1.003008	5819
1.004000	6052
1.004003	2258
