version	total
0.103004	10422
0.103005	2667
0.103006	2167
