version	total
0.100003	5568
0.100005	2286
0.100006	1705
