version	total
0.008	17586
0.006007	6029
0.008002	10443
0.008004	10450
0.008005	2221
0.008006	2192
0.008007	1781
0.008008	1408
0.008009	1048
