version	total
1.000019	7255
1.000033	15595
1.000036	93711
1.000037	18397
1.000038	43824
