version	total
0.004010	5616
0.004011	5527
