version	total
1.967013	32156
1.967015	144819
