version	total
2.000001	36796
2.000006	25454
2.000008	158330
2.002004	39328
