version	total
1.003008	6166
1.004000	6409
1.004003	2498
