version	total
0.17024	32093
0.17027	145244
0.17029	3557
0.17030	493
