version	total
1.967013	33085
1.967015	148949
