version	total
0.002005	4882
0.002006	4823
0.002009	2265
