version	total
2.000001	38375
2.000006	25643
2.000008	162237
2.002004	46140
