version	total
0.17024	32697
0.17027	146860
0.17029	3603
0.17030	589
