version	total
1.94	177588
1.99	2948
2.000000	2616
2.001000	2128
2.002000	3424
2.002001	2152
2.003000	1767
