version	total
2.000001	34167
2.000006	25149
2.000008	150470
2.002004	30420
