version	total
0.001011	36837
0.001013	224306
