version	total
4.161950	7724
4.201720	11481
