version	total
1.967013	33779
1.967015	151382
