version	total
0.002005	4951
0.002006	5039
0.002009	9410
