version	total
1.006900	33265
1.007002	149197
1.007003	118791
