version	total
2.005001	19333
2.006003	161568
2.006006	34525
