version	total
0.204001	2201
0.204003	2184
0.206003	3351
0.207001	2406
0.207002	2376
0.207003	946
