version	total
0.001011	36937
0.001013	224847
