version	total
2.000024	8241
2.000028	2504
2.000029	7554
