version	total
2.000002	6007
2.001000	39414
2.003004	177789
2.005004	37202
