version	total
0.000061	10699
0.000115	6504
0.000116	5285
0.000117	19688
0.000144	2850
0.000145	173171
0.000163	17338
