version	total
1.20141117	5320
1.20190531	2735
