version	total
2.005001	19216
2.006003	157554
2.006006	30815
