version	total
1.94	173674
1.99	2847
2.000000	2529
2.001000	2052
2.002000	3352
2.002001	2104
2.003000	1533
