version	total
1.967013	34541
1.967015	153900
