version	total
1.000005	29258
1.002002	8688
1.004002	7836
1.004003	5200
1.004004	147740
1.012004	2763
1.012005	2356
1.014000	2329
1.016002	2076
1.016006	2557
