version	total
1.003008	5823
1.004000	6058
1.004003	2263
