version	total
2.000001	37042
2.000006	25484
2.000008	158873
2.002004	41020
