version	total
0.042	78338
1.000000	22878
1.002001	517898
1.002002	332368
