version	total
1.006900	32855
1.007002	148195
1.007003	114531
