version	total
1.003008	6021
1.004000	6270
1.004003	2381
