version	total
4.161950	8061
4.201720	14359
