version	total
1.006900	32053
1.007002	146056
1.007003	105670
