version	total
0.004010	5507
0.004011	5379
