version	total
2.000002	6035
2.001000	40248
2.003004	179858
2.005004	42222
