version	total
2.000002	6035
2.001000	40283
2.003004	179954
2.005004	42274
