version	total
0.001011	39697
0.001013	243455
