version	total
4.161950	8230
4.201720	15606
