version	total
1.000005	29147
1.002002	8682
1.004002	7820
1.004003	5183
1.004004	147178
1.012004	2747
1.012005	2340
1.014000	2313
1.016002	2070
1.016006	2548
