version	total
0.042	83561
1.000000	23038
1.002001	530253
1.002002	354990
