version	total
0.002005	4956
0.002006	5065
0.002009	11759
