version	total
2.005001	19606
2.006003	167965
2.006006	45254
