version	total
0.042	77908
1.000000	22864
1.002001	516635
1.002002	330050
