version	total
0.008	20225
0.006007	6047
0.008002	11800
0.008004	11778
0.008005	2274
0.008006	2245
0.008007	1835
0.008008	1461
0.008009	1104
