version	total
5.20180120	6607
5.20180626	5378
5.20180820	8864
5.20181130	4845
5.20181218	11243
5.20190420	5312
5.20190524	85472
5.20220120	2531
5.20220220	2596
5.20220313	2443
5.20220320	3209
5.20220420	3451
5.20220527	3191
5.20220620	26031
5.20230220	77
5.20250528	556
5.20250702	346
5.20250720	269
5.20250803	487
5.20250820	2123
5.20250923	84
