version	total
1.967013	31775
1.967015	143031
