version	total
0.008	20579
0.006007	6058
0.008002	11995
0.008004	11965
0.008005	2289
0.008006	2261
0.008007	1849
0.008008	1479
0.008009	1119
