version	total
0.008	19576
0.006007	6045
0.008002	11466
0.008004	11459
0.008005	2262
0.008006	2233
0.008007	1822
0.008008	1449
0.008009	1090
