version	total
1.94	171407
1.99	2786
2.000000	2479
2.001000	2010
2.002000	3309
2.002001	2062
2.003000	1400
