version	total
1.003008	5942
1.004000	6189
1.004003	2319
