version	total
2.000001	38391
2.000006	25646
2.000008	162282
2.002004	46174
