version	total
2.005001	19584
2.006003	167440
2.006006	44503
