version	total
0.103004	10215
0.103005	2597
0.103006	2011
