version	total
1.967013	32216
1.967015	145151
