version	total
2.005001	19373
2.006003	162912
2.006006	35659
