version	total
2.000002	5944
2.001000	37917
2.003004	173110
2.005004	31599
