version	total
2.120921	10275
2.150010	96543
