version	total
0.000061	11814
0.000115	6616
0.000116	5396
0.000117	20050
0.000144	2943
0.000145	180822
0.000163	42605
