version	total
1.20141117	5219
1.20190531	2653
