version	total
1.94	177838
1.99	2964
2.000000	2628
2.001000	2138
2.002000	3433
2.002001	2162
2.003000	1790
