version	total
2.120921	10399
2.150010	100059
