version	total
0.100003	5567
0.100005	2285
0.100006	1704
