version	total
2.000002	5922
2.001000	37469
2.003004	171556
2.005004	30168
