version	total
0.000061	10842
0.000115	6536
0.000116	5318
0.000117	19759
0.000144	2881
0.000145	174082
0.000163	19033
