version	total
0.17024	33003
0.17027	147724
0.17029	3627
0.17030	647
