version	total
1.967013	34480
1.967015	153663
