version	total
0.042	75086
1.000000	22816
1.002001	508326
1.002002	316331
