version	total
0.000061	12375
0.000115	6696
0.000116	5475
0.000117	20252
0.000144	3020
0.000145	182896
0.000163	52367
