version	total
1.000005	27061
1.002002	8583
1.004002	7623
1.004003	4987
1.004004	140300
1.012004	2566
1.012005	2158
1.014000	2129
1.016002	2011
1.016006	2402
