version	total
1.302052	9619
1.302075	17182
1.302140	5668
1.302141	4967
1.302156	5912
1.302164	9774
1.302188	2594
1.302189	2357
1.302190	7626
