version	total
1.967013	31945
1.967015	143731
