version	total
1.94	173370
1.99	2841
2.000000	2523
2.001000	2046
2.002000	3350
2.002001	2104
2.003000	1521
