version	total
2.120921	10226
2.150010	95257
