version	total
0.001011	38541
0.001013	237519
