version	total
1.006900	30603
1.007002	140996
1.007003	88320
