version	total
2.005001	19444
2.006003	164393
2.006006	38383
