version	total
4.161950	7721
4.201720	11460
