version	total
0.094002	2087
0.094003	1492
