version	total
2.120921	10258
2.150010	96088
