version	total
0.103004	10460
0.103005	2689
0.103006	2192
