version	total
1.20141117	5291
1.20190531	2715
