version	total
0.17024	30648
0.17027	139934
0.17029	3490
0.17030	246
