version	total
0.100003	5604
0.100005	2314
0.100006	1733
