version	total
1.006900	33160
1.007002	148853
1.007003	117374
