version	total
0.103004	10526
0.103005	2727
0.103006	2250
