version	total
4.161950	7871
4.201720	12528
