version	total
0.001011	34832
0.001013	211441
