version	total
0.000061	12600
0.000115	6738
0.000116	5516
0.000117	20311
0.000144	3060
0.000145	183559
0.000163	56227
