version	total
2.120921	10350
2.150010	98400
