version	total
1.94	164560
1.99	2694
2.000000	2427
2.001000	1996
2.002000	3141
2.002001	1935
2.003000	1009
