version	total
0.100003	5546
0.100005	2273
0.100006	1693
