version	total
1.006900	31352
1.007002	143791
1.007003	96266
