version	total
1.100602	7521
1.100603	1800
