version	total
2.005001	19254
2.006003	158664
2.006006	31768
