version	total
1.302052	9473
1.302075	16477
1.302140	5593
1.302141	4892
1.302156	5836
1.302164	9500
1.302188	2528
1.302189	2291
1.302190	6970
