version	total
1.100602	7532
1.100603	1809
