version	total
2.000024	8285
2.000028	2535
2.000029	7789
