version	total
1.000019	7271
1.000033	15604
1.000036	93859
1.000037	18406
1.000038	46381
