version	total
0.002005	4987
0.002006	5182
0.002009	17467
