version	total
0.103004	10624
0.103005	2775
0.103006	2323
