version	total
2.000001	34871
2.000006	25242
2.000008	152779
2.002004	32561
