version	total
0.17024	31456
0.17027	143037
0.17029	3513
0.17030	367
