version	total
1.000005	28784
1.002002	8664
1.004002	7770
1.004003	5133
1.004004	145951
1.012004	2699
1.012005	2292
1.014000	2265
1.016002	2055
1.016006	2510
