version	total
1.003008	6038
1.004000	6285
1.004003	2393
