version	total
4.161950	8342
4.201720	16813
