version	total
4.161950	8227
4.201720	15473
