version	total
1.006900	33095
1.007002	148705
1.007003	116810
