version	total
0.001011	39381
0.001013	241608
