version	total
1.100602	7567
1.100603	1841
