version	total
0.103004	10585
0.103005	2756
0.103006	2296
