version	total
0.17024	30867
0.17027	140969
0.17029	3499
0.17030	287
