version	total
2.000001	34613
2.000006	25207
2.000008	151969
2.002004	31634
