version	total
0.042	77209
1.000000	22838
1.002001	514597
1.002002	326919
