version	total
0.000061	11975
0.000115	6643
0.000116	5423
0.000117	20114
0.000144	2970
0.000145	181317
0.000163	45286
