version	total
0.094002	2149
0.094003	1580
