version	total
1.999813	4853
1.999816	5107
1.999829	2204
1.999830	2107
1.999831	2028
1.999832	2020
1.999833	2020
1.999835	2018
1.999836	1956
1.999837	1956
1.999838	1448
1.999839	1234
1.999841	1094
1.999842	1088
2.000000	1144
2.001000	1108
2.001001	1091
2.002000	1059
2.002001	1045
2.003001	698
2.003002	678
2.003003	422
2.003004	133
2.004001	143
2.005001	155
2.005002	157
2.005003	148
