version	total
2.000002	5928
2.001000	37642
2.003004	172231
2.005004	30864
