version	total
4.161950	7946
4.201720	13210
