version	total
1.967013	34214
1.967015	152733
