version	total
0.103004	10595
0.103005	2762
0.103006	2304
