version	total
1.999813	4861
1.999816	5119
1.999829	2209
1.999830	2111
1.999831	2033
1.999832	2024
1.999833	2024
1.999835	2023
1.999836	1960
1.999837	1961
1.999838	1453
1.999839	1238
1.999841	1099
1.999842	1093
2.000000	1167
2.001000	1130
2.001001	1114
2.002000	1079
2.002001	1066
2.003001	701
2.003002	682
2.003003	425
2.003004	137
2.004001	148
2.005001	179
2.005002	181
2.005003	174
