version	total
1.000019	7049
1.000033	15472
1.000036	91852
1.000037	18303
1.000038	26102
