version	total
0.100003	5636
0.100005	2340
0.100006	1758
