version	total
1.100602	7498
1.100603	1783
