version	total
0.001011	36510
0.001013	222234
