version	total
1.999813	4811
1.999816	5041
1.999829	2177
1.999830	2080
1.999831	2001
1.999832	1992
1.999833	1993
1.999835	1991
1.999836	1929
1.999837	1929
1.999838	1421
1.999839	1206
1.999841	1067
1.999842	1061
2.000000	1072
2.001000	1037
2.001001	1019
2.002000	995
2.002001	982
2.003001	669
2.003002	651
2.003003	395
2.003004	105
2.004001	115
2.005001	82
2.005002	83
2.005003	52
