version	total
1.000005	29242
1.002002	8688
1.004002	7835
1.004003	5199
1.004004	147695
1.012004	2762
1.012005	2355
1.014000	2328
1.016002	2076
1.016006	2557
