version	total
1.967013	33979
1.967015	151953
