version	total
0.002005	4964
0.002006	5106
0.002009	13354
