version	total
1.006900	33421
1.007002	149537
1.007003	119973
