version	total
2.000024	8402
2.000028	2606
2.000029	8201
