version	total
1.967013	32376
1.967015	145789
