version	total
0.204001	2201
0.204003	2184
0.206003	3349
0.207001	2404
0.207002	2374
0.207003	944
