version	total
2.000024	8221
2.000028	2492
2.000029	7448
