version	total
0.008	16905
0.006007	6023
0.008002	10081
0.008004	10082
0.008005	2210
0.008006	2181
0.008007	1770
0.008008	1397
0.008009	1037
