version	total
1.006900	33787
1.007002	150453
1.007003	125130
