version	total
0.001011	39521
0.001013	242392
