version	total
0.008	14744
0.006007	6000
0.008002	8965
0.008004	8946
0.008005	2170
0.008006	2141
0.008007	1730
0.008008	1357
0.008009	995
