version	total
1.999813	4780
1.999816	4990
1.999829	2154
1.999830	2057
1.999831	1978
1.999832	1969
1.999833	1972
1.999835	1968
1.999836	1906
1.999837	1906
1.999838	1398
1.999839	1183
1.999841	1044
1.999842	1038
2.000000	1045
2.001000	1009
2.001001	991
2.002000	970
2.002001	958
2.003001	649
2.003002	630
2.003003	375
2.003004	83
2.004001	88
2.005001	52
2.005002	54
