version	total
2.000024	7947
2.000028	2387
2.000029	6016
