version	total
2.005001	19194
2.006003	156922
2.006006	30371
