version	total
1.000005	27250
1.002002	8587
1.004002	7628
1.004003	4992
1.004004	141035
1.012004	2570
1.012005	2162
1.014000	2133
1.016002	2016
1.016006	2420
