version	total
0.17024	33850
0.17027	150551
0.17029	3720
0.17030	850
