version	total
1.003008	6008
1.004000	6258
1.004003	2372
