version	total
1.302052	9691
1.302075	17572
1.302140	5713
1.302141	5014
1.302156	5958
1.302164	9918
1.302188	2637
1.302189	2401
1.302190	7971
