version	total
0.001011	38675
0.001013	238129
