version	total
2.000002	6037
2.001000	40379
2.003004	180230
2.005004	42491
