version	total
2.120921	10298
2.150010	97049
