version	total
0.004010	5713
0.004011	5638
