version	total
2.005001	19241
2.006003	158131
2.006006	31280
