version	total
0.042	81780
1.000000	22974
1.002001	526056
1.002002	347384
