version	total
2.000002	5954
2.001000	38221
2.003004	174042
2.005004	32776
