version	total
0.100003	5542
0.100005	2272
0.100006	1692
