version	total
1.003008	6028
1.004000	6275
1.004003	2384
