version	total
1.003008	5861
1.004000	6103
1.004003	2282
