version	total
2.000002	5984
2.001000	38813
2.003004	175839
2.005004	34419
