version	total
0.000061	11226
0.000115	6564
0.000116	5344
0.000117	19890
0.000144	2900
0.000145	175690
0.000163	26029
