version	total
1.000005	26300
1.002002	8556
1.004002	7596
1.004003	4951
1.004004	137279
1.012004	2545
1.012005	2135
1.014000	2106
1.016002	1991
1.016006	2334
