version	total
2.000002	5855
2.001000	36733
2.003004	169075
2.005004	28550
