version	total
0.17024	33331
0.17027	148722
0.17029	3663
0.17030	717
