version	total
2.000001	35536
2.000006	25295
2.000008	154751
2.002004	34433
