version	total
0.17024	31911
0.17027	144499
0.17029	3537
0.17030	453
