version	total
0.17024	30567
0.17027	139563
0.17029	3488
0.17030	233
