version	total
0.100003	5694
0.100005	2384
0.100006	1804
