version	total
0.042	74259
1.000000	22806
1.002001	505959
1.002002	312279
