version	total
0.17024	31414
0.17027	142895
0.17029	3512
0.17030	363
