version	total
1.100602	7579
1.100603	1848
