version	total
1.006900	31039
1.007002	142596
1.007003	92646
