version	total
2.120921	10414
2.150010	100239
