version	total
2.120921	10436
2.150010	100888
