version	total
2.000024	7997
2.000028	2399
2.000029	6292
