version	total
1.302052	9709
1.302075	17675
1.302140	5728
1.302141	5029
1.302156	5973
1.302164	9959
1.302188	2651
1.302189	2415
1.302190	8067
