version	total
1.000005	28743
1.002002	8662
1.004002	7763
1.004003	5126
1.004004	145781
1.012004	2693
1.012005	2286
1.014000	2259
1.016002	2054
1.016006	2508
