version	total
0.001011	39639
0.001013	243161
