version	total
1.003008	6030
1.004000	6277
1.004003	2386
