version	total
2.000001	35353
2.000006	25279
2.000008	154246
2.002004	33885
