version	total
2.000024	8182
2.000028	2470
2.000029	7238
