version	total
1.94	166034
1.99	2720
2.000000	2442
2.001000	2004
2.002000	3176
2.002001	1971
2.003000	1092
