version	total
1.94	179272
1.99	3017
2.000000	2674
2.001000	2174
2.002000	3476
2.002001	2190
2.003000	1906
