version	total
1.000005	26743
1.002002	8574
1.004002	7614
1.004003	4976
1.004004	139138
1.012004	2559
1.012005	2151
1.014000	2122
1.016002	2005
1.016006	2384
