version	total
2.000001	37956
2.000006	25589
2.000008	161151
2.002004	45050
