version	total
5.20180120	6862
5.20180626	5566
5.20180820	9058
5.20181130	5044
5.20181218	11469
5.20190420	5504
5.20190524	87135
5.20220120	2701
5.20220220	2770
5.20220313	2615
5.20220320	3381
5.20220420	3623
5.20220527	3360
5.20220620	26286
5.20230220	254
5.20250528	746
5.20250702	521
5.20250720	449
5.20250803	704
5.20250820	2371
5.20250923	3241
5.20251022	2651
5.20251120	3166
5.20251220	2301
5.20260119	3344
5.20260220	486
