version	total
0.001011	37285
0.001013	226782
