version	total
4.161950	8392
4.201720	17726
