version	total
1.967013	33182
1.967015	149301
