version	total
1.100602	7335
1.100603	1664
