version	total
0.094002	2186
0.094003	1614
