version	total
0.004010	5556
0.004011	5452
