version	total
1.003008	5835
1.004000	6070
1.004003	2274
