version	total
1.302052	9399
1.302075	16061
1.302140	5570
1.302141	4869
1.302156	5812
1.302164	9329
1.302188	2508
1.302189	2273
1.302190	6594
