version	total
0.001011	36952
0.001013	224945
