version	total
1.100602	7606
1.100603	1871
