version	total
1.999813	4787
1.999816	4999
1.999829	2160
1.999830	2062
1.999831	1983
1.999832	1974
1.999833	1977
1.999835	1973
1.999836	1911
1.999837	1911
1.999838	1403
1.999839	1188
1.999841	1049
1.999842	1043
2.000000	1053
2.001000	1018
2.001001	1000
2.002000	978
2.002001	966
2.003001	652
2.003002	633
2.003003	378
2.003004	86
2.004001	95
2.005001	60
2.005002	62
2.005003	22
