version	total
1.100602	7368
1.100603	1693
