version	total
2.000002	6040
2.001000	40450
2.003004	180401
2.005004	42602
