version	total
0.103004	10077
0.103005	2534
0.103006	1920
