version	total
2.000002	5928
2.001000	37669
2.003004	172362
2.005004	30974
