version	total
2.000024	7923
2.000028	2380
2.000029	5895
