version	total
0.042	76692
1.000000	22832
1.002001	513013
1.002002	323720
