version	total
1.003008	6182
1.004000	6424
1.004003	2513
