version	total
2.000024	8239
2.000028	2503
2.000029	7544
