version	total
1.006900	33782
1.007002	150426
1.007003	125033
