version	total
0.100003	5600
0.100005	2310
0.100006	1729
