version	total
0.100003	5457
0.100005	2234
0.100006	1649
