version	total
0.042	77301
1.000000	22841
1.002001	514861
1.002002	327319
