version	total
2.000002	6004
2.001000	39236
2.003004	177247
2.005004	35716
