version	total
4.161950	8088
4.201720	14620
