version	total
1.100602	7515
1.100603	1795
