version	total
2.005001	19260
2.006003	158906
2.006006	32096
