version	total
0.100052	8174
0.100054	2271
0.100055	1658
