version	total
0.17024	31585
0.17027	143430
0.17029	3516
0.17030	397
