version	total
0.008	14694
0.006007	6000
0.008002	8935
0.008004	8913
0.008005	2169
0.008006	2140
0.008007	1729
0.008008	1356
0.008009	993
