version	total
0.17024	33288
0.17027	148572
0.17029	3657
0.17030	706
