version	total
0.094002	2102
0.094003	1505
