version	total
2.000001	36267
2.000006	25379
2.000008	157053
2.002004	36217
