version	total
1.000019	7014
1.000033	15455
1.000036	91432
1.000037	18286
1.000038	24097
