version	total
0.204001	2199
0.204003	2182
0.206003	3338
0.207001	2397
0.207002	2367
0.207003	937
