version	total
1.302052	9716
1.302075	17704
1.302140	5733
1.302141	5034
1.302156	5978
1.302164	9969
1.302188	2656
1.302189	2420
1.302190	8095
