version	total
0.004010	5545
0.004011	5439
