version	total
0.042	74094
1.000000	22805
1.002001	505458
1.002002	311595
