version	total
2.000024	8404
2.000028	2607
2.000029	8215
