version	total
4.161950	7853
4.201720	12444
