version	total
0.002005	4936
0.002006	4975
0.002009	6301
