version	total
1.000005	26093
1.002002	8546
1.004002	7585
1.004003	4942
1.004004	136423
1.012004	2540
1.012005	2129
1.014000	2101
1.016002	1986
1.016006	2323
