version	total
0.17024	30818
0.17027	140790
0.17029	3494
0.17030	278
