version	total
1.100602	7580
1.100603	1849
