version	total
0.004010	5587
0.004011	5492
