version	total
1.000005	28564
1.002002	8656
1.004002	7747
1.004003	5110
1.004004	145211
1.012004	2677
1.012005	2270
1.014000	2243
1.016002	2050
1.016006	2500
