version	total
2.000001	38266
2.000006	25623
2.000008	161930
2.002004	45826
