version	total
0.004010	5622
0.004011	5533
