version	total
1.94	174464
1.99	2866
2.000000	2545
2.001000	2066
2.002000	3367
2.002001	2116
2.003000	1582
