version	total
4.161950	8134
4.201720	14908
