version	total
1.967013	33796
1.967015	151436
