version	total
5.20180120	6779
5.20180626	5500
5.20180820	8989
5.20181130	4965
5.20181218	11385
5.20190420	5433
5.20190524	86656
5.20220120	2643
5.20220220	2708
5.20220313	2555
5.20220320	3321
5.20220420	3564
5.20220527	3302
5.20220620	26198
5.20230220	190
5.20250528	685
5.20250702	460
5.20250720	383
5.20250803	631
5.20250820	2347
5.20250923	2970
5.20251022	2310
5.20251120	3142
5.20251220	620
