version	total
1.006900	34512
1.007002	152434
1.007003	136404
