version	total
1.003008	6094
1.004000	6340
1.004003	2440
