version	total
0.004010	5591
0.004011	5497
