version	total
2.000002	6040
2.001000	40462
2.003004	180452
2.005004	42631
