version	total
1.000019	7198
1.000033	15560
1.000036	93283
1.000037	18367
1.000038	37882
