version	total
1.003008	5994
1.004000	6244
1.004003	2361
