version	total
2.000024	8193
2.000028	2475
2.000029	7302
