version	total
0.042	81886
1.000000	22979
1.002001	526270
1.002002	347783
