version	total
1.006900	34287
1.007002	151693
1.007003	132006
