version	total
2.000024	8232
2.000028	2498
2.000029	7513
