version	total
1.967013	32286
1.967015	145443
