version	total
2.000024	7928
2.000028	2382
2.000029	5920
