version	total
1.302052	9416
1.302075	16124
1.302140	5575
1.302141	4874
1.302156	5817
1.302164	9361
1.302188	2512
1.302189	2276
1.302190	6650
