version	total
0.004010	5719
0.004011	5645
