version	total
1.000019	7189
1.000033	15554
1.000036	93140
1.000037	18363
1.000038	36194
