version	total
2.000001	36653
2.000006	25431
2.000008	158010
2.002004	38721
