version	total
2.120921	10236
2.150010	95551
