version	total
5.20180120	6561
5.20180626	5346
5.20180820	8832
5.20181130	4815
5.20181218	11211
5.20190420	5280
5.20190524	85199
5.20220120	2503
5.20220220	2569
5.20220313	2416
5.20220320	3181
5.20220420	3424
5.20220527	3164
5.20220620	25986
5.20230220	44
5.20250528	520
5.20250702	311
5.20250720	235
5.20250803	442
5.20250820	487
