version	total
0.004010	5452
0.004011	5264
