version	total
1.999813	4794
1.999816	5012
1.999829	2164
1.999830	2067
1.999831	1988
1.999832	1979
1.999833	1982
1.999835	1978
1.999836	1916
1.999837	1916
1.999838	1408
1.999839	1193
1.999841	1054
1.999842	1048
2.000000	1058
2.001000	1023
2.001001	1005
2.002000	983
2.002001	971
2.003001	656
2.003002	638
2.003003	383
2.003004	93
2.004001	102
2.005001	67
2.005002	69
2.005003	29
