version	total
0.204001	2170
0.204003	2150
0.206003	3185
0.207001	2315
0.207002	2283
0.207003	855
