version	total
0.002005	4880
0.002006	4821
0.002009	2263
