version	total
1.000019	6975
1.000033	15433
1.000036	91069
1.000037	18273
1.000038	22612
