version	total
2.000002	6021
2.001000	39877
2.003004	178806
2.005004	39472
