version	total
2.005001	19414
2.006003	163756
2.006006	36377
