version	total
1.006900	33937
1.007002	150812
1.007003	126885
