version	total
1.100602	7614
1.100603	1879
