version	total
0.094002	2147
0.094003	1578
