version	total
1.006900	31234
1.007002	143402
1.007003	95128
