version	total
0.103004	10079
0.103005	2536
0.103006	1922
