version	total
4.161950	7787
4.201720	11894
