version	total
0.103004	10573
0.103005	2748
0.103006	2287
