version	total
5.20180120	6475
5.20180626	5313
5.20180820	8793
5.20181130	4777
5.20181218	11162
5.20190420	5245
5.20190524	84197
5.20220120	2475
5.20220220	2542
5.20220313	2388
5.20220320	3152
5.20220420	3398
5.20220527	3135
5.20220620	25522
