version	total
5.20180120	6738
5.20180626	5469
5.20180820	8958
5.20181130	4935
5.20181218	11356
5.20190420	5402
5.20190524	86438
5.20220120	2615
5.20220220	2680
5.20220313	2527
5.20220320	3293
5.20220420	3535
5.20220527	3274
5.20220620	26160
5.20230220	162
5.20250528	655
5.20250702	431
5.20250720	354
5.20250803	600
5.20250820	2330
5.20250923	2866
5.20251022	2191
5.20251120	1954
