version	total
1.302052	9489
1.302075	16577
1.302140	5596
1.302141	4895
1.302156	5841
1.302164	9526
1.302188	2531
1.302189	2294
1.302190	7045
