version	total
2.120921	10410
2.150010	100206
