version	total
1.967013	32614
1.967015	146870
