version	total
0.17024	32150
0.17027	145375
0.17029	3564
0.17030	503
