version	total
1.967013	33833
1.967015	151530
