version	total
0.001011	37941
0.001013	232356
