version	total
0.042	83338
1.000000	23031
1.002001	529787
1.002002	353921
