version	total
4.161950	8007
4.201720	13941
