version	total
2.000002	5942
2.001000	37891
2.003004	173044
2.005004	31559
