version	total
2.000002	6056
2.001000	40840
2.003004	181393
2.005004	43674
