version	total
2.000002	6004
2.001000	39262
2.003004	177314
2.005004	35794
