version	total
2.120921	10387
2.150010	99765
