version	total
0.000061	11485
0.000115	6579
0.000116	5360
0.000117	19953
0.000144	2912
0.000145	177184
0.000163	35274
