version	total
2.000001	35324
2.000006	25277
2.000008	154133
2.002004	33813
