version	total
2.005001	19531
2.006003	166090
2.006006	42651
