version	total
1.94	173065
1.99	2830
2.000000	2514
2.001000	2039
2.002000	3343
2.002001	2098
2.003000	1504
