version	total
1.302052	9584
1.302075	17032
1.302140	5646
1.302141	4945
1.302156	5890
1.302164	9698
1.302188	2573
1.302189	2337
1.302190	7481
