version	total
5.20180120	6491
5.20180626	5319
5.20180820	8801
5.20181130	4784
5.20181218	11172
5.20190420	5252
5.20190524	84413
5.20220120	2481
5.20220220	2548
5.20220313	2394
5.20220320	3158
5.20220420	3405
5.20220527	3141
5.20220620	25913
5.20230220	14
5.20250528	16
