version	total
0.042	75636
1.000000	22821
1.002001	509795
1.002002	318323
