version	total
0.002005	4859
0.002006	4798
0.002009	2242
