version	total
0.17024	30879
0.17027	140981
0.17029	3500
0.17030	288
