version	total
1.967013	32911
1.967015	148140
