version	total
0.204001	2149
0.204003	2128
0.206003	3113
0.207001	2282
0.207002	2254
0.207003	826
