version	total
5.20180120	6850
5.20180626	5557
5.20180820	9049
5.20181130	5035
5.20181218	11451
5.20190420	5493
5.20190524	87061
5.20220120	2692
5.20220220	2761
5.20220313	2606
5.20220320	3372
5.20220420	3614
5.20220527	3352
5.20220620	26276
5.20230220	245
5.20250528	736
5.20250702	512
5.20250720	433
5.20250803	691
5.20250820	2369
5.20250923	3191
5.20251022	2591
5.20251120	3155
5.20251220	2297
5.20260119	3105
