version	total
4.161950	8598
4.201720	19237
