version	total
4.161950	8033
4.201720	14146
