version	total
2.005001	19669
2.006003	169316
2.006006	46725
