version	total
1.000019	6982
1.000033	15436
1.000036	91108
1.000037	18274
1.000038	22761
