version	total
5.20180120	6618
5.20180626	5384
5.20180820	8870
5.20181130	4851
5.20181218	11249
5.20190420	5318
5.20190524	85526
5.20220120	2537
5.20220220	2602
5.20220313	2449
5.20220320	3215
5.20220420	3457
5.20220527	3197
5.20220620	26040
5.20230220	83
5.20250528	563
5.20250702	352
5.20250720	275
5.20250803	495
5.20250820	2125
5.20250923	546
