version	total
1.20141117	5187
1.20190531	2629
