version	total
0.004010	5529
0.004011	5420
