version	total
0.008	6682
0.006007	5876
0.008002	4708
0.008004	4580
0.008005	2105
0.008006	2083
0.008007	1669
0.008008	1293
0.008009	907
