version	total
2.000001	38449
2.000006	25654
2.000008	162501
2.002004	46462
