version	total
0.001011	35664
0.001013	216883
