version	total
0.100003	5792
0.100005	2464
0.100006	1883
