version	total
0.000061	12592
0.000115	6737
0.000116	5515
0.000117	20310
0.000144	3059
0.000145	183538
0.000163	56075
