version	total
2.120921	10403
2.150010	100091
