version	total
1.967013	35124
1.967015	156402
