version	total
1.302052	9585
1.302075	17037
1.302140	5647
1.302141	4946
1.302156	5891
1.302164	9702
1.302188	2574
1.302189	2338
1.302190	7484
