version	total
1.302052	9667
1.302075	17437
1.302140	5697
1.302141	4998
1.302156	5942
1.302164	9868
1.302188	2621
1.302189	2385
1.302190	7844
