version	total
0.000061	11171
0.000115	6562
0.000116	5342
0.000117	19869
0.000144	2898
0.000145	175513
0.000163	25424
