version	total
1.003008	6107
1.004000	6353
1.004003	2451
