version	total
1.967013	31666
1.967015	142451
