version	total
2.000001	33847
2.000006	25077
2.000008	149488
2.002004	29825
