version	total
0.000061	11499
0.000115	6581
0.000116	5361
0.000117	19957
0.000144	2912
0.000145	177649
0.000163	35688
