version	total
1.302052	9565
1.302075	16951
1.302140	5632
1.302141	4932
1.302156	5877
1.302164	9661
1.302188	2560
1.302189	2324
1.302190	7394
