version	total
1.967013	34646
1.967015	154215
