version	total
1.94	176011
1.99	2907
2.000000	2580
2.001000	2095
2.002000	3399
2.002001	2138
2.003000	1676
