version	total
0.000061	12825
0.000115	6780
0.000116	5557
0.000117	20373
0.000144	3098
0.000145	184167
0.000163	60395
