version	total
2.000024	8281
2.000028	2532
2.000029	7765
