version	total
0.004010	5684
0.004011	5605
