version	total
0.094002	2113
0.094003	1517
