version	total
2.000001	34517
2.000006	25196
2.000008	151576
2.002004	31320
