version	total
2.000002	6012
2.001000	39663
2.003004	178377
2.005004	38284
