version	total
1.967013	33201
1.967015	149364
