version	total
0.17024	33019
0.17027	147780
0.17029	3629
0.17030	652
