version	total
0.103004	10583
0.103005	2754
0.103006	2294
