version	total
2.000002	5946
2.001000	37988
2.003004	173318
2.005004	31953
