version	total
2.005001	19587
2.006003	167477
2.006006	44527
