version	total
1.006900	30985
1.007002	142392
1.007003	91846
