version	total
2.000024	8086
2.000028	2415
2.000029	6870
