version	total
0.094002	2146
0.094003	1577
