version	total
1.999813	4841
1.999816	5088
1.999829	2196
1.999830	2099
1.999831	2020
1.999832	2011
1.999833	2012
1.999835	2010
1.999836	1948
1.999837	1948
1.999838	1440
1.999839	1226
1.999841	1087
1.999842	1080
2.000000	1097
2.001000	1062
2.001001	1045
2.002000	1019
2.002001	1005
2.003001	689
2.003002	670
2.003003	414
2.003004	125
2.004001	135
2.005001	109
2.005002	110
2.005003	100
