version	total
0.008	20614
0.006007	6072
0.008002	12031
0.008004	12000
0.008005	2321
0.008006	2293
0.008007	1881
0.008008	1514
0.008009	1152
