version	total
2.000001	36447
2.000006	25408
2.000008	157506
2.002004	37623
