version	total
0.103004	10501
0.103005	2711
0.103006	2222
