version	total
5.20180120	6839
5.20180626	5548
5.20180820	9039
5.20181130	5016
5.20181218	11441
5.20190420	5484
5.20190524	86991
5.20220120	2683
5.20220220	2752
5.20220313	2597
5.20220320	3363
5.20220420	3605
5.20220527	3343
5.20220620	26265
5.20230220	236
5.20250528	727
5.20250702	501
5.20250720	424
5.20250803	681
5.20250820	2368
5.20250923	3130
5.20251022	2513
5.20251120	3153
5.20251220	2295
5.20260119	1904
