version	total
2.000024	8343
2.000028	2569
2.000029	7951
