version	total
1.006900	32916
1.007002	148340
1.007003	115064
