version	total
1.000005	28927
1.002002	8670
1.004002	7793
1.004003	5155
1.004004	146409
1.012004	2721
1.012005	2314
1.014000	2287
1.016002	2060
1.016006	2525
