version	total
0.17024	33084
0.17027	148029
0.17029	3634
0.17030	666
