version	total
0.001011	37120
0.001013	225957
