version	total
2.000002	6056
2.001000	40858
2.003004	181449
2.005004	43728
