version	total
0.000061	10791
0.000115	6532
0.000116	5314
0.000117	19744
0.000144	2878
0.000145	173598
0.000163	18548
