version	total
1.100602	7740
1.100603	1986
