version	total
4.161950	8081
4.201720	14519
