version	total
0.042	75533
1.000000	22819
1.002001	509425
1.002002	317651
