version	total
1.003008	6124
1.004000	6369
1.004003	2465
