version	total
1.999813	4794
1.999816	5011
1.999829	2163
1.999830	2066
1.999831	1987
1.999832	1978
1.999833	1981
1.999835	1977
1.999836	1915
1.999837	1915
1.999838	1407
1.999839	1192
1.999841	1053
1.999842	1047
2.000000	1057
2.001000	1022
2.001001	1004
2.002000	982
2.002001	970
2.003001	655
2.003002	637
2.003003	382
2.003004	92
2.004001	101
2.005001	66
2.005002	68
2.005003	28
