version	total
0.004010	5513
0.004011	5393
