version	total
1.94	167053
1.99	2733
2.000000	2448
2.001000	2005
2.002000	3198
2.002001	1989
2.003000	1163
