version	total
0.17024	31578
0.17027	143395
0.17029	3516
0.17030	396
