version	total
0.042	73232
1.000000	22791
1.002001	502669
1.002002	307062
