version	total
0.100052	8371
0.100054	2317
0.100055	1761
