version	total
0.008	9916
0.006007	5928
0.008002	6426
0.008004	6328
0.008005	2126
0.008006	2100
0.008007	1687
0.008008	1312
0.008009	939
