version	total
2.000002	6004
2.001000	39244
2.003004	177271
2.005004	35739
