version	total
5.20180120	6752
5.20180626	5480
5.20180820	8969
5.20181130	4945
5.20181218	11366
5.20190420	5413
5.20190524	86519
5.20220120	2624
5.20220220	2689
5.20220313	2536
5.20220320	3302
5.20220420	3545
5.20220527	3283
5.20220620	26176
5.20230220	171
5.20250528	665
5.20250702	441
5.20250720	363
5.20250803	610
5.20250820	2339
5.20250923	2941
5.20251022	2263
5.20251120	2884
