version	total
2.120921	10446
2.150010	101058
