version	total
0.001011	36132
0.001013	219834
