version	total
1.003008	6009
1.004000	6259
1.004003	2373
