version	total
0.17024	32734
0.17027	146990
0.17029	3607
0.17030	598
