version	total
5.20180120	6517
5.20180626	5329
5.20180820	8813
5.20181130	4796
5.20181218	11187
5.20190420	5263
5.20190524	84760
5.20220120	2489
5.20220220	2556
5.20220313	2402
5.20220320	3165
5.20220420	3410
5.20220527	3150
5.20220620	25940
5.20230220	30
5.20250528	505
5.20250702	88
