version	total
0.103004	10108
0.103005	2557
0.103006	1947
