version	total
1.000005	28055
1.002002	8623
1.004002	7702
1.004003	5065
1.004004	143715
1.012004	2637
1.012005	2230
1.014000	2201
1.016002	2030
1.016006	2460
