version	total
0.17024	33229
0.17027	148432
0.17029	3647
0.17030	692
