version	total
2.005001	19431
2.006003	164079
2.006006	37668
