version	total
0.001011	37702
0.001013	230536
