version	total
0.008	6569
0.006007	5874
0.008002	4649
0.008004	4515
0.008005	2105
0.008006	2083
0.008007	1669
0.008008	1293
0.008009	907
