version	total
0.000061	12221
0.000115	6675
0.000116	5455
0.000117	20209
0.000144	2998
0.000145	182061
0.000163	48739
