version	total
2.000001	36004
2.000006	25339
2.000008	156165
2.002004	35610
