version	total
0.000061	11982
0.000115	6644
0.000116	5424
0.000117	20120
0.000144	2971
0.000145	181337
0.000163	45435
