version	total
1.302052	9557
1.302075	16929
1.302140	5628
1.302141	4928
1.302156	5873
1.302164	9646
1.302188	2556
1.302189	2320
1.302190	7379
