version	total
5.20180120	6795
5.20180626	5512
5.20180820	9002
5.20181130	4979
5.20181218	11400
5.20190420	5447
5.20190524	86747
5.20220120	2655
5.20220220	2720
5.20220313	2567
5.20220320	3333
5.20220420	3576
5.20220527	3314
5.20220620	26218
5.20230220	202
5.20250528	697
5.20250702	472
5.20250720	395
5.20250803	647
5.20250820	2352
5.20250923	3017
5.20251022	2383
5.20251120	3144
5.20251220	1727
