version	total
2.005001	19593
2.006003	167658
2.006006	44907
