version	total
0.204001	2194
0.204003	2177
0.206003	3297
0.207001	2369
0.207002	2339
0.207003	909
