version	total
0.001011	36298
0.001013	220961
