version	total
1.006900	32416
1.007002	147062
1.007003	109348
