version	total
1.000019	7048
1.000033	15470
1.000036	91825
1.000037	18302
1.000038	25987
