version	total
0.17024	31764
0.17027	144038
0.17029	3523
0.17030	424
