version	total
1.302052	9581
1.302075	17015
1.302140	5644
1.302141	4943
1.302156	5888
1.302164	9690
1.302188	2570
1.302189	2334
1.302190	7466
