version	total
2.000024	8101
2.000028	2424
2.000029	6925
