version	total
0.001011	35195
0.001013	213501
