version	total
5.20180120	6495
5.20180626	5321
5.20180820	8803
5.20181130	4787
5.20181218	11175
5.20190420	5253
5.20190524	84428
5.20220120	2483
5.20220220	2550
5.20220313	2396
5.20220320	3160
5.20220420	3407
5.20220527	3143
5.20220620	25916
5.20230220	25
5.20250528	54
