version	total
1.100602	7454
1.100603	1758
