version	total
0.103004	10458
0.103005	2687
0.103006	2190
