version	total
2.000024	8093
2.000028	2419
2.000029	6898
