version	total
0.103004	10717
0.103005	2821
0.103006	2392
