version	total
1.003008	5941
1.004000	6188
1.004003	2318
