version	total
0.042	74886
1.000000	22814
1.002001	507778
1.002002	315450
