version	total
2.000024	8211
2.000028	2487
2.000029	7415
