version	total
1.003008	6092
1.004000	6338
1.004003	2437
