version	total
2.005001	19395
2.006003	163420
2.006006	35985
