version	total
2.000024	8137
2.000028	2445
2.000029	7075
