version	total
1.003008	5859
1.004000	6102
1.004003	2282
