version	total
4.161950	7710
4.201720	11428
