version	total
2.120921	10487
2.150010	102200
