version	total
1.000019	7162
1.000033	15523
1.000036	92874
1.000037	18349
1.000038	32547
