version	total
1.999813	4868
1.999816	5129
1.999829	2214
1.999830	2117
1.999831	2038
1.999832	2029
1.999833	2030
1.999835	2028
1.999836	1966
1.999837	1965
1.999838	1458
1.999839	1243
1.999841	1104
1.999842	1098
2.000000	1204
2.001000	1166
2.001001	1149
2.002000	1106
2.002001	1093
2.003001	706
2.003002	687
2.003003	429
2.003004	143
2.004001	153
2.005001	216
2.005002	218
2.005003	214
