version	total
1.006900	32947
1.007002	148403
1.007003	115437
