version	total
1.006900	34293
1.007002	151708
1.007003	132162
