version	total
1.003008	6040
1.004000	6287
1.004003	2395
