version	total
0.17024	33655
0.17027	149789
0.17029	3698
0.17030	808
