version	total
0.204001	2190
0.204003	2173
0.206003	3271
0.207001	2353
0.207002	2322
0.207003	893
