version	total
1.302052	9315
1.302075	15733
1.302140	5523
1.302141	4823
1.302156	5765
1.302164	9206
1.302188	2467
1.302189	2231
1.302190	6302
