version	total
1.967013	32824
1.967015	147813
