version	total
2.000024	8055
2.000028	2411
2.000029	6738
