version	total
0.042	73544
1.000000	22795
1.002001	503530
1.002002	308552
