version	total
4.161950	8080
4.201720	14503
