version	total
0.103004	10157
0.103005	2579
0.103006	1982
