version	total
1.000005	26061
1.002002	8544
1.004002	7584
1.004003	4940
1.004004	136265
1.012004	2539
1.012005	2128
1.014000	2100
1.016002	1985
1.016006	2321
