version	total
2.005001	19304
2.006003	160379
2.006006	33395
