version	total
5.20180120	6610
5.20180626	5379
5.20180820	8865
5.20181130	4846
5.20181218	11244
5.20190420	5313
5.20190524	85483
5.20220120	2532
5.20220220	2597
5.20220313	2444
5.20220320	3210
5.20220420	3452
5.20220527	3192
5.20220620	26034
5.20230220	78
5.20250528	557
5.20250702	347
5.20250720	270
5.20250803	489
5.20250820	2124
5.20250923	193
