version	total
2.000002	6007
2.001000	39392
2.003004	177751
2.005004	37154
