version	total
2.000002	6050
2.001000	40717
2.003004	181103
2.005004	43317
