version	total
0.008	8812
0.006007	5906
0.008002	5840
0.008004	5722
0.008005	2118
0.008006	2093
0.008007	1680
0.008008	1304
0.008009	922
