version	total
0.008	13511
0.006007	5986
0.008002	8324
0.008004	8277
0.008005	2146
0.008006	2117
0.008007	1706
0.008008	1333
0.008009	969
