version	total
1.967013	32139
1.967015	144732
