version	total
0.000061	12970
0.000115	6801
0.000116	5577
0.000117	20423
0.000144	3117
0.000145	184536
0.000163	63945
