version	total
0.17024	32895
0.17027	147393
0.17029	3618
0.17030	624
