version	total
1.302052	9525
1.302075	16807
1.302140	5608
1.302141	4908
1.302156	5853
1.302164	9602
1.302188	2539
1.302189	2303
1.302190	7263
