version	total
0.103004	10475
0.103005	2696
0.103006	2201
