version	total
2.005001	19315
2.006003	160975
2.006006	34034
