version	total
2.005001	19160
2.006003	156208
2.006006	29977
