version	total
2.000002	6045
2.001000	40623
2.003004	180816
2.005004	42885
