version	total
0.100003	5497
0.100005	2255
0.100006	1670
