version	total
0.000061	11331
0.000115	6570
0.000116	5351
0.000117	19911
0.000144	2904
0.000145	176258
0.000163	29147
