version	total
2.000002	5982
2.001000	38754
2.003004	175700
2.005004	34298
