version	total
0.001011	38311
0.001013	235445
