version	total
0.204001	2195
0.204003	2178
0.206003	3305
0.207001	2374
0.207002	2344
0.207003	914
