version	total
1.302052	9319
1.302075	15749
1.302140	5527
1.302141	4827
1.302156	5769
1.302164	9214
1.302188	2471
1.302189	2235
1.302190	6320
