version	total
0.000061	11700
0.000115	6595
0.000116	5376
0.000117	20014
0.000144	2925
0.000145	180461
0.000163	40217
