version	total
0.042	79642
1.000000	22913
1.002001	521138
1.002002	338703
