version	total
4.161950	8133
4.201720	14872
