version	total
1.006900	33067
1.007002	148618
1.007003	116391
