version	total
1.302052	9659
1.302075	17380
1.302140	5691
1.302141	4992
1.302156	5935
1.302164	9850
1.302188	2615
1.302189	2379
1.302190	7802
