version	total
1.003008	6167
1.004000	6410
1.004003	2499
