version	total
0.094002	2083
0.094003	1487
