version	total
1.006900	32465
1.007002	147230
1.007003	110142
