version	total
1.100602	7504
1.100603	1787
