version	total
5.20180120	6512
5.20180626	5328
5.20180820	8811
5.20181130	4794
5.20181218	11185
5.20190420	5261
5.20190524	84718
5.20220120	2489
5.20220220	2556
5.20220313	2402
5.20220320	3165
5.20220420	3410
5.20220527	3150
5.20220620	25936
5.20230220	30
5.20250528	497
