version	total
0.004010	5533
0.004011	5424
