version	total
0.100003	5614
0.100005	2323
0.100006	1741
