version	total
0.17024	32878
0.17027	147356
0.17029	3617
0.17030	622
