version	total
0.17024	33786
0.17027	150331
0.17029	3714
0.17030	836
