version	total
1.999813	4825
1.999816	5060
1.999829	2184
1.999830	2087
1.999831	2008
1.999832	1999
1.999833	2000
1.999835	1998
1.999836	1936
1.999837	1936
1.999838	1428
1.999839	1214
1.999841	1075
1.999842	1069
2.000000	1079
2.001000	1044
2.001001	1027
2.002000	1003
2.002001	989
2.003001	677
2.003002	658
2.003003	402
2.003004	113
2.004001	123
2.005001	89
2.005002	91
2.005003	72
