version	total
2.000002	5924
2.001000	37516
2.003004	171737
2.005004	30342
