version	total
0.000061	11850
0.000115	6622
0.000116	5403
0.000117	20065
0.000144	2949
0.000145	180900
0.000163	43124
