version	total
0.17024	32484
0.17027	146274
0.17029	3586
0.17030	555
