version	total
0.000061	12886
0.000115	6791
0.000116	5567
0.000117	20398
0.000144	3107
0.000145	184322
0.000163	61813
