version	total
1.967013	34789
1.967015	154741
