version	total
0.002005	4970
0.002006	5127
0.002009	14346
