version	total
1.967013	32980
1.967015	148495
