version	total
1.003008	5953
1.004000	6199
1.004003	2326
