version	total
0.204001	2189
0.204003	2171
0.206003	3254
0.207001	2341
0.207002	2310
0.207003	881
