version	total
0.000061	12074
0.000115	6656
0.000116	5436
0.000117	20162
0.000144	2982
0.000145	181714
0.000163	47038
