version	total
5.20180120	6571
5.20180626	5352
5.20180820	8838
5.20181130	4819
5.20181218	11216
5.20190420	5286
5.20190524	85268
5.20220120	2507
5.20220220	2573
5.20220313	2420
5.20220320	3185
5.20220420	3428
5.20220527	3168
5.20220620	25993
5.20230220	48
5.20250528	526
5.20250702	316
5.20250720	240
5.20250803	450
5.20250820	783
