version	total
2.005001	19240
2.006003	158077
2.006006	31235
