version	total
0.17024	32532
0.17027	146414
0.17029	3591
0.17030	565
