version	total
0.002005	4989
0.002006	5185
0.002009	17494
