version	total
1.003008	5985
1.004000	6235
1.004003	2353
