version	total
0.042	74578
1.000000	22808
1.002001	506968
1.002002	314086
