version	total
2.120921	10324
2.150010	97679
