version	total
0.17024	33753
0.17027	150219
0.17029	3711
0.17030	830
