version	total
0.004010	5568
0.004011	5466
