version	total
0.042	80162
1.000000	22928
1.002001	522361
1.002002	341003
