version	total
0.001011	38339
0.001013	235864
