version	total
0.103004	10618
0.103005	2773
0.103006	2319
