version	total
2.000002	5989
2.001000	38956
2.003004	176336
2.005004	34782
