version	total
1.20141117	5236
1.20190531	2678
