version	total
0.103004	10602
0.103005	2765
0.103006	2308
