version	total
1.20141117	5180
1.20190531	2627
