version	total
1.100602	7444
1.100603	1753
