version	total
0.103004	10707
0.103005	2817
0.103006	2382
