version	total
1.967013	33073
1.967015	148911
