version	total
2.000001	34952
2.000006	25248
2.000008	153049
2.002004	32760
