version	total
1.302052	9425
1.302075	16164
1.302140	5578
1.302141	4877
1.302156	5820
1.302164	9381
1.302188	2515
1.302189	2278
1.302190	6688
