version	total
1.967013	33411
1.967015	150199
