version	total
1.100602	7706
1.100603	1957
