version	total
0.000061	12583
0.000115	6734
0.000116	5512
0.000117	20305
0.000144	3056
0.000145	183495
0.000163	55773
