version	total
2.000002	6042
2.001000	40565
2.003004	180688
2.005004	42765
