version	total
0.103004	10490
0.103005	2706
0.103006	2217
