version	total
0.094002	2155
0.094003	1588
