version	total
2.000002	6070
2.001000	41126
2.003004	182154
2.005004	44517
