version	total
0.001011	36631
0.001013	222964
