version	total
0.000061	10744
0.000115	6519
0.000116	5301
0.000117	19710
0.000144	2865
0.000145	173364
0.000163	18042
