version	total
2.000001	37186
2.000006	25503
2.000008	159189
2.002004	41797
