version	total
2.000001	37504
2.000006	25540
2.000008	160013
2.002004	43893
