version	total
1.000005	28906
1.002002	8670
1.004002	7791
1.004003	5153
1.004004	146338
1.012004	2719
1.012005	2312
1.014000	2285
1.016002	2060
1.016006	2524
