version	total
2.000002	6037
2.001000	40398
2.003004	180264
2.005004	42508
