version	total
0.000061	10674
0.000115	6494
0.000116	5276
0.000117	19672
0.000144	2842
0.000145	173062
0.000163	17134
