version	total
1.94	168017
1.99	2747
2.000000	2457
2.001000	2007
2.002000	3224
2.002001	2006
2.003000	1202
