version	total
2.000024	7896
2.000028	2358
2.000029	5802
