version	total
2.000001	36239
2.000006	25375
2.000008	156956
2.002004	36139
