version	total
5.20180120	6870
5.20180626	5570
5.20180820	9063
5.20181130	5052
5.20181218	11476
5.20190420	5508
5.20190524	87155
5.20220120	2705
5.20220220	2774
5.20220313	2619
5.20220320	3385
5.20220420	3627
5.20220527	3365
5.20220620	26293
5.20230220	259
5.20250528	750
5.20250702	525
5.20250720	453
5.20250803	709
5.20250820	2372
5.20250923	3269
5.20251022	2681
5.20251120	3168
5.20251220	2303
5.20260119	3346
5.20260220	655
