version	total
0.000061	11456
0.000115	6576
0.000116	5357
0.000117	19942
0.000144	2909
0.000145	176919
0.000163	34768
