version	total
0.000061	11056
0.000115	6554
0.000116	5333
0.000117	19835
0.000144	2890
0.000145	174793
0.000163	21811
