version	total
0.001011	38047
0.001013	233008
