version	total
1.006900	32333
1.007002	146775
1.007003	108026
