version	total
0.042	74611
1.000000	22810
1.002001	507061
1.002002	314249
