version	total
0.100003	5723
0.100005	2409
0.100006	1829
