version	total
1.999813	4777
1.999816	4987
1.999829	2151
1.999830	2054
1.999831	1975
1.999832	1966
1.999833	1969
1.999835	1965
1.999836	1903
1.999837	1903
1.999838	1395
1.999839	1180
1.999841	1041
1.999842	1035
2.000000	1041
2.001000	1006
2.001001	988
2.002000	966
2.002001	954
2.003001	647
2.003002	628
2.003003	373
2.003004	81
2.004001	85
2.005001	48
2.005002	50
