version	total
1.003008	6014
1.004000	6264
1.004003	2377
