version	total
2.005001	19474
2.006003	165009
2.006006	39536
