version	total
0.008	15323
0.006007	6010
0.008002	9258
0.008004	9253
0.008005	2183
0.008006	2154
0.008007	1743
0.008008	1370
0.008009	1008
