version	total
2.000002	5950
2.001000	38087
2.003004	173646
2.005004	32229
