version	total
0.042	73387
1.000000	22794
1.002001	503047
1.002002	307841
