version	total
1.302052	9421
1.302075	16146
1.302140	5577
1.302141	4875
1.302156	5818
1.302164	9373
1.302188	2513
1.302189	2277
1.302190	6667
