version	total
1.967013	31796
1.967015	143142
