version	total
1.006900	32327
1.007002	146761
1.007003	107962
