version	total
1.003008	6115
1.004000	6360
1.004003	2456
