version	total
0.002005	4926
0.002006	4937
0.002009	4616
