version	total
4.161950	8358
4.201720	17169
