version	total
0.17024	30237
0.17027	138313
0.17029	3477
0.17030	189
