version	total
0.103004	10106
0.103005	2555
0.103006	1945
