version	total
1.100602	7739
1.100603	1985
