version	total
1.000019	6969
1.000033	15428
1.000036	91019
1.000037	18271
1.000038	22364
