version	total
0.100052	8230
0.100054	2289
0.100055	1682
