version	total
2.000024	7992
2.000028	2396
2.000029	6273
