version	total
1.000005	27885
1.002002	8618
1.004002	7689
1.004003	5052
1.004004	143172
1.012004	2625
1.012005	2218
1.014000	2189
1.016002	2028
1.016006	2449
