version	total
0.001011	36651
0.001013	223074
