version	total
0.001011	36920
0.001013	224709
