version	total
1.967013	33332
1.967015	149848
