version	total
1.006900	31242
1.007002	143448
1.007003	95259
