version	total
0.100003	5721
0.100005	2406
0.100006	1826
