version	total
1.000019	7165
1.000033	15526
1.000036	92923
1.000037	18352
1.000038	33220
