version	total
0.004010	5495
0.004011	5327
