version	total
1.967013	34810
1.967015	154833
