version	total
1.967013	34740
1.967015	154586
