version	total
2.000001	35336
2.000006	25278
2.000008	154196
2.002004	33861
