version	total
1.003008	6016
1.004000	6266
1.004003	2379
