version	total
0.204001	2149
0.204003	2128
0.206003	3109
0.207001	2278
0.207002	2250
0.207003	822
