version	total
0.008	13217
0.006007	5981
0.008002	8172
0.008004	8131
0.008005	2141
0.008006	2112
0.008007	1702
0.008008	1328
0.008009	964
