version	total
0.008	20628
0.006007	6076
0.008002	12043
0.008004	12012
0.008005	2332
0.008006	2304
0.008007	1892
0.008008	1525
0.008009	1163
