version	total
0.103004	10570
0.103005	2744
0.103006	2282
