version	total
0.100003	5497
0.100005	2254
0.100006	1669
