version	total
0.000061	12900
0.000115	6793
0.000116	5569
0.000117	20402
0.000144	3109
0.000145	184388
0.000163	62374
