version	total
2.000002	5963
2.001000	38382
2.003004	174555
2.005004	33269
