version	total
0.000061	12141
0.000115	6663
0.000116	5443
0.000117	20181
0.000144	2989
0.000145	181824
0.000163	47700
