version	total
1.94	170821
1.99	2781
2.000000	2476
2.001000	2009
2.002000	3294
2.002001	2055
2.003000	1381
