version	total
0.008	20511
0.006007	6053
0.008002	11944
0.008004	11919
0.008005	2281
0.008006	2253
0.008007	1842
0.008008	1468
0.008009	1111
