version	total
2.120921	10239
2.150010	95649
