version	total
0.008	10570
0.006007	5942
0.008002	6762
0.008004	6688
0.008005	2129
0.008006	2104
0.008007	1690
0.008008	1316
0.008009	949
