version	total
0.000061	11883
0.000115	6628
0.000116	5409
0.000117	20076
0.000144	2955
0.000145	181030
0.000163	43661
