version	total
1.000019	6989
1.000033	15442
1.000036	91202
1.000037	18280
1.000038	23178
