version	total
2.005001	19115
2.006003	155744
2.006006	29688
