version	total
0.008	15871
0.006007	6013
0.008002	9543
0.008004	9537
0.008005	2193
0.008006	2164
0.008007	1753
0.008008	1380
0.008009	1018
