version	total
2.000024	8140
2.000028	2447
2.000029	7082
