version	total
0.002005	4956
0.002006	5064
0.002009	11515
