version	total
0.002005	4937
0.002006	4979
0.002009	6527
