version	total
2.120921	10334
2.150010	98012
