version	total
0.100003	5691
0.100005	2382
0.100006	1803
