version	total
4.161950	7991
4.201720	13769
