version	total
4.161950	7970
4.201720	13488
