version	total
0.100003	5507
0.100005	2261
0.100006	1677
