version	total
0.103004	10122
0.103005	2567
0.103006	1958
