version	total
0.204001	2201
0.204003	2184
0.206003	3348
0.207001	2403
0.207002	2373
0.207003	943
