version	total
0.004010	5522
0.004011	5411
