version	total
0.204001	2188
0.204003	2170
0.206003	3248
0.207001	2338
0.207002	2307
0.207003	878
