version	total
0.17024	32959
0.17027	147589
0.17029	3624
0.17030	638
