version	total
1.006900	31701
1.007002	144885
1.007003	99724
