version	total
0.000061	10815
0.000115	6535
0.000116	5317
0.000117	19752
0.000144	2880
0.000145	173829
0.000163	18820
