version	total
1.999813	4775
1.999816	4985
1.999829	2149
1.999830	2052
1.999831	1973
1.999832	1964
1.999833	1967
1.999835	1963
1.999836	1901
1.999837	1901
1.999838	1393
1.999839	1178
1.999841	1039
1.999842	1033
2.000000	1037
2.001000	1002
2.001001	984
2.002000	962
2.002001	950
2.003001	645
2.003002	626
2.003003	371
2.003004	79
2.004001	83
2.005001	44
2.005002	45
