version	total
5.20180120	6452
5.20180626	5300
5.20180820	8782
5.20181130	4766
5.20181218	11143
5.20190420	5234
5.20190524	83946
5.20220120	2468
5.20220220	2535
5.20220313	2382
5.20220320	3145
5.20220420	3392
5.20220527	3128
5.20220620	25001
