version	total
2.005001	19349
2.006003	162223
2.006006	35147
