version	total
1.967013	33168
1.967015	149236
