version	total
0.100003	5570
0.100005	2288
0.100006	1707
