version	total
1.302052	9664
1.302075	17400
1.302140	5694
1.302141	4995
1.302156	5939
1.302164	9855
1.302188	2618
1.302189	2382
1.302190	7817
