version	total
0.042	74023
1.000000	22804
1.002001	505213
1.002002	311298
