version	total
2.005001	19242
2.006003	158156
2.006006	31323
