version	total
0.204001	2190
0.204003	2172
0.206003	3265
0.207001	2349
0.207002	2318
0.207003	889
