version	total
0.100003	5662
0.100005	2359
0.100006	1778
