version	total
2.000001	38005
2.000006	25597
2.000008	161258
2.002004	45133
