version	total
0.000061	12395
0.000115	6698
0.000116	5477
0.000117	20256
0.000144	3022
0.000145	182940
0.000163	52936
