version	total
4.161950	8110
4.201720	14776
