version	total
1.302052	9597
1.302075	17082
1.302140	5655
1.302141	4954
1.302156	5899
1.302164	9720
1.302188	2581
1.302189	2345
1.302190	7518
