version	total
1.302052	9807
1.302075	18024
1.302140	5790
1.302141	5091
1.302156	6037
1.302164	10120
1.302188	2703
1.302189	2466
1.302190	8434
