version	total
1.000019	7248
1.000033	15590
1.000036	93662
1.000037	18391
1.000038	42902
