version	total
1.302052	9684
1.302075	17521
1.302140	5709
1.302141	5010
1.302156	5954
1.302164	9906
1.302188	2633
1.302189	2397
1.302190	7924
