version	total
1.100602	7633
1.100603	1895
