version	total
2.000002	5995
2.001000	39043
2.003004	176650
2.005004	34995
