version	total
4.161950	8028
4.201720	14122
