version	total
0.094002	2122
0.094003	1537
