version	total
0.004010	5584
0.004011	5489
