version	total
0.002005	4982
0.002006	5165
0.002009	16764
