version	total
0.17024	30684
0.17027	140084
0.17029	3491
0.17030	251
