version	total
5.20180120	6426
5.20180626	5281
5.20180820	8763
5.20181130	4747
5.20181218	11120
5.20190420	5217
5.20190524	83720
5.20220120	2451
5.20220220	2518
5.20220313	2367
5.20220320	3130
5.20220420	3377
5.20220527	3113
5.20220620	24667
