version	total
5.20180120	6787
5.20180626	5505
5.20180820	8995
5.20181130	4971
5.20181218	11392
5.20190420	5440
5.20190524	86693
5.20220120	2648
5.20220220	2713
5.20220313	2560
5.20220320	3326
5.20220420	3569
5.20220527	3307
5.20220620	26207
5.20230220	195
5.20250528	690
5.20250702	465
5.20250720	388
5.20250803	637
5.20250820	2350
5.20250923	2982
5.20251022	2333
5.20251120	3143
5.20251220	987
