version	total
1.302052	9564
1.302075	16941
1.302140	5631
1.302141	4931
1.302156	5876
1.302164	9657
1.302188	2559
1.302189	2323
1.302190	7389
