version	total
0.094002	2145
0.094003	1576
