version	total
1.000019	7286
1.000033	15610
1.000036	94010
1.000037	18411
1.000038	47940
