version	total
0.008	20622
0.006007	6076
0.008002	12038
0.008004	12007
0.008005	2327
0.008006	2299
0.008007	1887
0.008008	1520
0.008009	1158
