version	total
0.042	74427
1.000000	22806
1.002001	506503
1.002002	313330
