version	total
2.120921	10484
2.150010	102174
