version	total
0.100003	5674
0.100005	2368
0.100006	1789
