version	total
0.17024	33449
0.17027	149103
0.17029	3677
0.17030	753
