version	total
4.161950	7759
4.201720	11625
