version	total
1.94	167728
1.99	2741
2.000000	2452
2.001000	2005
2.002000	3215
2.002001	2001
2.003000	1187
