version	total
0.000061	11215
0.000115	6564
0.000116	5344
0.000117	19888
0.000144	2900
0.000145	175659
0.000163	25897
