version	total
4.161950	8167
4.201720	15115
