version	total
2.000002	5924
2.001000	37539
2.003004	171861
2.005004	30409
