version	total
1.100602	7348
1.100603	1677
