version	total
0.103004	10370
0.103005	2641
0.103006	2127
