version	total
1.006900	30730
1.007002	141493
1.007003	89263
