version	total
0.100003	5685
0.100005	2376
0.100006	1797
