version	total
0.001011	37931
0.001013	231920
