version	total
1.967013	32509
1.967015	146479
