version	total
2.000001	36526
2.000006	25418
2.000008	157700
2.002004	38164
