version	total
0.001011	39674
0.001013	243327
