version	total
0.001011	36882
0.001013	224498
