version	total
1.006900	32229
1.007002	146486
1.007003	107146
