version	total
1.000019	7088
1.000033	15491
1.000036	92265
1.000037	18320
1.000038	28358
