version	total
0.17024	31321
0.17027	142577
0.17029	3510
0.17030	356
