version	total
0.001011	34851
0.001013	211570
