version	total
0.042	78685
1.000000	22891
1.002001	518681
1.002002	334012
