version	total
4.161950	8226
4.201720	15469
