version	total
1.006900	31262
1.007002	143545
1.007003	95533
