version	total
1.20141117	5267
1.20190531	2700
