version	total
0.100003	5695
0.100005	2385
0.100006	1805
