version	total
1.967013	33679
1.967015	151060
