version	total
1.006900	31137
1.007002	143026
1.007003	94007
