version	total
0.100052	8338
0.100054	2307
0.100055	1749
