version	total
1.003008	6178
1.004000	6420
1.004003	2510
