version	total
0.204001	2182
0.204003	2162
0.206003	3221
0.207001	2326
0.207002	2295
0.207003	866
