version	total
1.000005	28488
1.002002	8653
1.004002	7740
1.004003	5103
1.004004	144940
1.012004	2671
1.012005	2264
1.014000	2236
1.016002	2047
1.016006	2493
