version	total
4.161950	8206
4.201720	15288
