version	total
1.302052	9516
1.302075	16726
1.302140	5605
1.302141	4905
1.302156	5850
1.302164	9575
1.302188	2537
1.302189	2300
1.302190	7191
