version	total
2.005001	19420
2.006003	163820
2.006006	36673
