version	total
1.967013	35162
1.967015	156628
