version	total
0.008	10032
0.006007	5932
0.008002	6487
0.008004	6381
0.008005	2127
0.008006	2101
0.008007	1688
0.008008	1313
0.008009	944
