version	total
0.042	72661
1.000000	22774
1.002001	500950
1.002002	304088
