version	total
0.002005	4942
0.002006	5008
0.002009	7517
