version	total
0.000061	12255
0.000115	6679
0.000116	5459
0.000117	20219
0.000144	3003
0.000145	182283
0.000163	49134
