version	total
0.001011	35207
0.001013	213626
