version	total
0.103004	10126
0.103005	2569
0.103006	1961
