version	total
2.000001	36129
2.000006	25361
2.000008	156590
2.002004	35935
