version	total
0.042	72316
1.000000	22749
1.002001	499842
1.002002	302282
