version	total
0.042	73171
1.000000	22790
1.002001	502451
1.002002	306688
