version	total
1.006900	33386
1.007002	149460
1.007003	119670
