version	total
2.120921	10370
2.150010	99183
