version	total
5.20180120	6832
5.20180626	5542
5.20180820	9032
5.20181130	5012
5.20181218	11431
5.20190420	5480
5.20190524	86960
5.20220120	2680
5.20220220	2750
5.20220313	2594
5.20220320	3361
5.20220420	3603
5.20220527	3341
5.20220620	26260
5.20230220	234
5.20250528	724
5.20250702	498
5.20250720	421
5.20250803	678
5.20250820	2368
5.20250923	3130
5.20251022	2511
5.20251120	3152
5.20251220	2295
5.20260119	1582
