version	total
0.103004	10512
0.103005	2719
0.103006	2238
