version	total
4.161950	8295
4.201720	16202
