version	total
1.20141117	5188
1.20190531	2631
