version	total
0.042	78929
1.000000	22897
1.002001	519352
1.002002	335317
