version	total
0.100003	5653
0.100005	2353
0.100006	1772
