version	total
0.008	10774
0.006007	5945
0.008002	6864
0.008004	6788
0.008005	2130
0.008006	2105
0.008007	1691
0.008008	1317
0.008009	950
