version	total
0.042	81901
1.000000	22980
1.002001	526295
1.002002	347839
