version	total
1.000019	7259
1.000033	15597
1.000036	93765
1.000037	18400
1.000038	44596
