version	total
1.94	179669
1.99	3028
2.000000	2684
2.001000	2183
2.002000	3481
2.002001	2196
2.003000	1923
