version	total
0.100003	5671
0.100005	2366
0.100006	1787
