version	total
0.004010	5490
0.004011	5315
