version	total
0.042	73152
1.000000	22789
1.002001	502361
1.002002	306531
