version	total
4.161950	7881
4.201720	12581
