version	total
1.302052	9556
1.302075	16916
1.302140	5627
1.302141	4927
1.302156	5872
1.302164	9639
1.302188	2555
1.302189	2319
1.302190	7370
