version	total
5.20180120	6621
5.20180626	5386
5.20180820	8872
5.20181130	4853
5.20181218	11251
5.20190420	5320
5.20190524	85543
5.20220120	2539
5.20220220	2604
5.20220313	2451
5.20220320	3217
5.20220420	3459
5.20220527	3199
5.20220620	26043
5.20230220	85
5.20250528	565
5.20250702	354
5.20250720	277
5.20250803	498
5.20250820	2139
5.20250923	751
