version	total
1.100602	7721
1.100603	1968
