version	total
5.20180120	6413
5.20180626	5269
5.20180820	8752
5.20181130	4736
5.20181218	11107
5.20190420	5206
5.20190524	83671
5.20220120	2440
5.20220220	2507
5.20220313	2355
5.20220320	3118
5.20220420	3365
5.20220527	3102
5.20220620	24585
