version	total
2.000024	8180
2.000028	2469
2.000029	7237
