version	total
2.120921	10186
2.150010	94618
