version	total
2.000024	8335
2.000028	2563
2.000029	7912
