version	total
0.17024	31039
0.17027	141525
0.17029	3504
0.17030	325
