version	total
2.000002	6054
2.001000	40796
2.003004	181300
2.005004	43604
