version	total
1.000019	7182
1.000033	15552
1.000036	93100
1.000037	18360
1.000038	35848
