version	total
2.000001	34085
2.000006	25136
2.000008	150219
2.002004	30213
