version	total
2.000002	5872
2.001000	36798
2.003004	169333
2.005004	28741
