version	total
1.94	177038
1.99	2931
2.000000	2602
2.001000	2115
2.002000	3415
2.002001	2144
2.003000	1715
