version	total
1.100602	7729
1.100603	1975
