version	total
0.042	79889
1.000000	22921
1.002001	521616
1.002002	339588
