version	total
1.003008	6066
1.004000	6312
1.004003	2417
