version	total
1.003008	6160
1.004000	6403
1.004003	2493
