version	total
2.120921	10420
2.150010	100385
