version	total
2.000024	7989
2.000028	2395
2.000029	6258
