version	total
1.100602	7510
1.100603	1792
