version	total
1.94	169456
1.99	2763
2.000000	2467
2.001000	2008
2.002000	3264
2.002001	2030
2.003000	1303
