version	total
0.042	84122
1.000000	23054
1.002001	531583
1.002002	357591
