version	total
0.17024	32671
0.17027	146745
0.17029	3601
0.17030	586
