version	total
0.17024	31085
0.17027	141698
0.17029	3505
0.17030	331
