version	total
1.003008	6083
1.004000	6330
1.004003	2430
