version	total
4.161950	8612
4.201720	19345
