version	total
0.001011	36791
0.001013	224027
