version	total
1.967013	32492
1.967015	146393
