version	total
5.20180120	6753
5.20180626	5481
5.20180820	8970
5.20181130	4946
5.20181218	11367
5.20190420	5414
5.20190524	86528
5.20220120	2625
5.20220220	2690
5.20220313	2537
5.20220320	3303
5.20220420	3546
5.20220527	3284
5.20220620	26178
5.20230220	172
5.20250528	666
5.20250702	442
5.20250720	364
5.20250803	612
5.20250820	2340
5.20250923	2941
5.20251022	2267
5.20251120	3029
