version	total
0.008	14128
0.006007	5993
0.008002	8639
0.008004	8618
0.008005	2158
0.008006	2129
0.008007	1718
0.008008	1345
0.008009	982
