version	total
0.002005	4966
0.002006	5115
0.002009	13970
