version	total
0.100052	8171
0.100054	2269
0.100055	1656
