version	total
1.999813	4858
1.999816	5115
1.999829	2207
1.999830	2109
1.999831	2031
1.999832	2022
1.999833	2022
1.999835	2021
1.999836	1958
1.999837	1958
1.999838	1451
1.999839	1236
1.999841	1096
1.999842	1091
2.000000	1161
2.001000	1125
2.001001	1108
2.002000	1074
2.002001	1060
2.003001	699
2.003002	680
2.003003	423
2.003004	135
2.004001	145
2.005001	173
2.005002	175
2.005003	168
