version	total
0.094002	2095
0.094003	1500
