version	total
4.161950	8209
4.201720	15310
