version	total
5.20180120	6484
5.20180626	5315
5.20180820	8797
5.20181130	4781
5.20181218	11167
5.20190420	5248
5.20190524	84318
5.20220120	2478
5.20220220	2545
5.20220313	2391
5.20220320	3155
5.20220420	3401
5.20220527	3138
5.20220620	25727
