version	total
1.967013	34035
1.967015	152138
