version	total
0.002005	4912
0.002006	4864
0.002009	2287
