version	total
0.002005	4954
0.002006	5054
0.002009	10913
