version	total
0.008	18747
0.006007	6037
0.008002	11031
0.008004	11041
0.008005	2245
0.008006	2216
0.008007	1805
0.008008	1432
0.008009	1073
