version	total
2.000001	37171
2.000006	25500
2.000008	159162
2.002004	41575
