version	total
0.042	73310
1.000000	22793
1.002001	502789
1.002002	307275
