version	total
1.999813	4806
1.999816	5033
1.999829	2173
1.999830	2076
1.999831	1997
1.999832	1988
1.999833	1990
1.999835	1987
1.999836	1925
1.999837	1925
1.999838	1417
1.999839	1202
1.999841	1063
1.999842	1057
2.000000	1069
2.001000	1033
2.001001	1015
2.002000	992
2.002001	980
2.003001	665
2.003002	647
2.003003	391
2.003004	101
2.004001	111
2.005001	79
2.005002	80
2.005003	50
