version	total
0.008	13117
0.006007	5976
0.008002	8114
0.008004	8074
0.008005	2139
0.008006	2111
0.008007	1700
0.008008	1326
0.008009	962
