version	total
1.000005	27202
1.002002	8587
1.004002	7628
1.004003	4991
1.004004	140788
1.012004	2570
1.012005	2162
1.014000	2133
1.016002	2016
1.016006	2417
