version	total
1.94	173564
1.99	2845
2.000000	2527
2.001000	2050
2.002000	3351
2.002001	2104
2.003000	1526
