version	total
1.100602	7490
1.100603	1776
