version	total
0.004010	5618
0.004011	5529
