version	total
0.042	77866
1.000000	22861
1.002001	516511
1.002002	329866
