version	total
2.000001	37872
2.000006	25578
2.000008	160945
2.002004	44818
