version	total
1.006900	33576
1.007002	149934
1.007003	121575
