version	total
1.006900	31252
1.007002	143500
1.007003	95385
