version	total
2.005001	19572
2.006003	167265
2.006006	44363
