version	total
1.302052	9336
1.302075	15785
1.302140	5540
1.302141	4840
1.302156	5782
1.302164	9238
1.302188	2484
1.302189	2248
1.302190	6361
