version	total
0.001011	38781
0.001013	238491
