version	total
0.100003	5787
0.100005	2460
0.100006	1879
