version	total
2.000024	8061
2.000028	2412
2.000029	6777
