version	total
1.006900	31347
1.007002	143758
1.007003	96128
