version	total
0.042	78192
1.000000	22874
1.002001	517455
1.002002	331439
