version	total
1.302052	9754
1.302075	17810
1.302140	5757
1.302141	5059
1.302156	6004
1.302164	10036
1.302188	2678
1.302189	2441
1.302190	8202
