version	total
0.008	6351
0.006007	5868
0.008002	4522
0.008004	4384
0.008005	2104
0.008006	2082
0.008007	1668
0.008008	1292
0.008009	906
