version	total
0.000061	12496
0.000115	6714
0.000116	5493
0.000117	20281
0.000144	3037
0.000145	183332
0.000163	54515
