version	total
5.20180120	6633
5.20180626	5395
5.20180820	8881
5.20181130	4862
5.20181218	11263
5.20190420	5329
5.20190524	85609
5.20220120	2548
5.20220220	2613
5.20220313	2460
5.20220320	3226
5.20220420	3468
5.20220527	3208
5.20220620	26054
5.20230220	94
5.20250528	574
5.20250702	363
5.20250720	286
5.20250803	512
5.20250820	2176
5.20250923	1295
