version	total
2.000001	36096
2.000006	25355
2.000008	156496
2.002004	35882
