version	total
1.302052	9726
1.302075	17741
1.302140	5741
1.302141	5042
1.302156	5986
1.302164	9985
1.302188	2663
1.302189	2428
1.302190	8127
