version	total
1.000005	27742
1.002002	8615
1.004002	7679
1.004003	5042
1.004004	142759
1.012004	2615
1.012005	2208
1.014000	2179
1.016002	2027
1.016006	2446
