version	total
0.042	73409
1.000000	22795
1.002001	503130
1.002002	307991
