version	total
1.006900	32696
1.007002	147805
1.007003	112772
