version	total
0.000061	11843
0.000115	6621
0.000116	5402
0.000117	20062
0.000144	2948
0.000145	180879
0.000163	43018
