version	total
0.103004	10582
0.103005	2753
0.103006	2293
