version	total
1.94	178215
1.99	2978
2.000000	2640
2.001000	2148
2.002000	3445
2.002001	2170
2.003000	1817
