version	total
1.003008	6007
1.004000	6257
1.004003	2371
