version	total
1.000019	7180
1.000033	15551
1.000036	93053
1.000037	18359
1.000038	35109
