version	total
2.000024	8330
2.000028	2561
2.000029	7907
