version	total
1.967013	33655
1.967015	150978
