version	total
0.17024	31050
0.17027	141540
0.17029	3505
0.17030	326
