version	total
1.302052	9604
1.302075	17101
1.302140	5658
1.302141	4957
1.302156	5902
1.302164	9729
1.302188	2585
1.302189	2348
1.302190	7535
