version	total
2.000001	35830
2.000006	25321
2.000008	155670
2.002004	35240
