version	total
1.100602	7653
1.100603	1913
