version	total
0.100052	8215
0.100054	2285
0.100055	1676
