version	total
1.003008	5912
1.004000	6162
1.004003	2303
