version	total
1.967013	32359
1.967015	145710
