version	total
1.100602	7627
1.100603	1890
