version	total
1.967013	31723
1.967015	142738
