version	total
0.17024	33372
0.17027	148852
0.17029	3668
0.17030	733
