version	total
2.005001	19423
2.006003	163899
2.006006	36824
