version	total
1.000019	7292
1.000033	15615
1.000036	94082
1.000037	18413
1.000038	48930
