version	total
2.000002	6076
2.001000	41250
2.003004	182582
2.005004	44966
