version	total
1.94	177985
1.99	2967
2.000000	2631
2.001000	2141
2.002000	3435
2.002001	2162
2.003000	1799
