version	total
0.042	72907
1.000000	22786
1.002001	501678
1.002002	305230
