version	total
2.000001	37993
2.000006	25593
2.000008	161228
2.002004	45096
