version	total
2.120921	10282
2.150010	96737
