version	total
2.000024	8294
2.000028	2541
2.000029	7817
