version	total
0.103004	10455
0.103005	2684
0.103006	2187
