version	total
2.005001	19255
2.006003	158763
2.006006	31983
