version	total
0.000061	11165
0.000115	6560
0.000116	5340
0.000117	19866
0.000144	2897
0.000145	175494
0.000163	25336
