version	total
1.003008	6004
1.004000	6254
1.004003	2368
