version	total
5.20180120	6563
5.20180626	5347
5.20180820	8833
5.20181130	4816
5.20181218	11213
5.20190420	5281
5.20190524	85226
5.20220120	2505
5.20220220	2571
5.20220313	2418
5.20220320	3183
5.20220420	3426
5.20220527	3166
5.20220620	25989
5.20230220	46
5.20250528	522
5.20250702	313
5.20250720	237
5.20250803	446
5.20250820	593
