version	total
0.042	75831
1.000000	22823
1.002001	510329
1.002002	319172
