version	total
0.100003	5807
0.100005	2478
0.100006	1898
