version	total
1.999813	4882
1.999816	5160
1.999829	2224
1.999830	2129
1.999831	2049
1.999832	2041
1.999833	2042
1.999835	2040
1.999836	1978
1.999837	1977
1.999838	1469
1.999839	1254
1.999841	1116
1.999842	1109
2.000000	1276
2.001000	1238
2.001001	1220
2.002000	1129
2.002001	1116
2.003001	715
2.003002	699
2.003003	440
2.003004	155
2.004001	163
2.005001	288
2.005002	290
2.005003	290
