version	total
1.006900	34040
1.007002	151029
1.007003	128255
