version	total
5.20180120	6701
5.20180626	5443
5.20180820	8929
5.20181130	4909
5.20181218	11327
5.20190420	5377
5.20190524	86190
5.20220120	2590
5.20220220	2655
5.20220313	2502
5.20220320	3268
5.20220420	3510
5.20220527	3249
5.20220620	26124
5.20230220	136
5.20250528	628
5.20250702	406
5.20250720	329
5.20250803	571
5.20250820	2321
5.20250923	2744
5.20251022	1967
