version	total
1.100602	7494
1.100603	1780
