version	total
1.000019	7227
1.000033	15578
1.000036	93458
1.000037	18379
1.000038	40330
