version	total
0.17024	30730
0.17027	140374
0.17029	3492
0.17030	266
