version	total
0.000061	12857
0.000115	6786
0.000116	5562
0.000117	20391
0.000144	3102
0.000145	184255
0.000163	61098
