version	total
0.000061	11636
0.000115	6587
0.000116	5367
0.000117	19998
0.000144	2916
0.000145	180303
0.000163	39061
