version	total
0.100052	8422
0.100054	2329
0.100055	1788
