version	total
0.008	9266
0.006007	5917
0.008002	6076
0.008004	5975
0.008005	2123
0.008006	2097
0.008007	1685
0.008008	1309
0.008009	927
