version	total
0.042	76118
1.000000	22825
1.002001	511211
1.002002	320652
