version	total
0.001011	35740
0.001013	217456
