version	total
0.008	17236
0.006007	6028
0.008002	10263
0.008004	10266
0.008005	2217
0.008006	2188
0.008007	1777
0.008008	1404
0.008009	1044
