version	total
2.000024	8277
2.000028	2530
2.000029	7750
