version	total
1.000019	7291
1.000033	15614
1.000036	94061
1.000037	18412
1.000038	48500
