version	total
2.000024	8152
2.000028	2456
2.000029	7143
