version	total
1.100602	7443
1.100603	1753
