version	total
1.967013	32324
1.967015	145602
