version	total
1.302052	9746
1.302075	17795
1.302140	5753
1.302141	5055
1.302156	5999
1.302164	10026
1.302188	2675
1.302189	2438
1.302190	8191
