version	total
0.103004	10461
0.103005	2690
0.103006	2193
