version	total
0.000061	12344
0.000115	6691
0.000116	5471
0.000117	20246
0.000144	3015
0.000145	182784
0.000163	51211
