version	total
0.100003	5434
0.100005	2213
0.100006	1628
