version	total
0.001011	37226
0.001013	226450
