version	total
2.000024	8021
2.000028	2404
2.000029	6519
