version	total
4.161950	7820
4.201720	12122
