version	total
1.000005	27510
1.002002	8601
1.004002	7648
1.004003	5011
1.004004	141822
1.012004	2587
1.012005	2180
1.014000	2151
1.016002	2022
1.016006	2434
