version	total
0.17024	33699
0.17027	149934
0.17029	3703
0.17030	816
