version	total
1.94	173170
1.99	2832
2.000000	2516
2.001000	2041
2.002000	3343
2.002001	2098
2.003000	1508
