version	total
1.003008	5924
1.004000	6172
1.004003	2306
