version	total
0.001011	36484
0.001013	222015
