version	total
1.000005	28640
1.002002	8659
1.004002	7753
1.004003	5116
1.004004	145492
1.012004	2683
1.012005	2276
1.014000	2249
1.016002	2051
1.016006	2503
