version	total
2.120921	10303
2.150010	97188
