version	total
1.003008	6077
1.004000	6324
1.004003	2425
