version	total
1.967013	34660
1.967015	154264
