version	total
0.100052	8184
0.100054	2278
0.100055	1666
