version	total
1.94	178392
1.99	2985
2.000000	2647
2.001000	2153
2.002000	3449
2.002001	2173
2.003000	1828
