version	total
0.002005	4857
0.002006	4796
0.002009	2240
