version	total
2.000024	8001
2.000028	2399
2.000029	6303
