version	total
0.004010	5573
0.004011	5474
