version	total
0.100052	8190
0.100054	2280
0.100055	1670
