version	total
1.006900	31456
1.007002	144127
1.007003	97361
