version	total
1.967013	34664
1.967015	154272
