version	total
1.302052	9715
1.302075	17695
1.302140	5732
1.302141	5033
1.302156	5977
1.302164	9967
1.302188	2655
1.302189	2419
1.302190	8087
