version	total
2.000001	37923
2.000006	25587
2.000008	161072
2.002004	44995
