version	total
1.000005	27678
1.002002	8612
1.004002	7671
1.004003	5034
1.004004	142588
1.012004	2607
1.012005	2200
1.014000	2171
1.016002	2025
1.016006	2442
