version	total
1.006900	33207
1.007002	149054
1.007003	118030
