version	total
0.042	79775
1.000000	22916
1.002001	521382
1.002002	339162
