version	total
1.100602	7713
1.100603	1961
