version	total
0.100052	8321
0.100054	2303
0.100055	1744
