version	total
0.17024	32682
0.17027	146798
0.17029	3602
0.17030	588
