version	total
0.042	77583
1.000000	22851
1.002001	515693
1.002002	328581
