version	total
1.000005	29336
1.002002	8690
1.004002	7844
1.004003	5208
1.004004	148011
1.012004	2771
1.012005	2364
1.014000	2337
1.016002	2078
1.016006	2560
