version	total
1.999813	4788
1.999816	5001
1.999829	2161
1.999830	2063
1.999831	1984
1.999832	1975
1.999833	1978
1.999835	1974
1.999836	1912
1.999837	1912
1.999838	1404
1.999839	1189
1.999841	1050
1.999842	1044
2.000000	1054
2.001000	1019
2.001001	1001
2.002000	979
2.002001	967
2.003001	653
2.003002	634
2.003003	379
2.003004	87
2.004001	96
2.005001	61
2.005002	63
2.005003	23
