version	total
1.967013	33315
1.967015	149784
