version	total
1.302052	9745
1.302075	17788
1.302140	5752
1.302141	5054
1.302156	5998
1.302164	10018
1.302188	2674
1.302189	2437
1.302190	8180
