version	total
1.000019	7136
1.000033	15512
1.000036	92713
1.000037	18335
1.000038	31007
