version	total
0.008	19521
0.006007	6045
0.008002	11438
0.008004	11428
0.008005	2261
0.008006	2232
0.008007	1821
0.008008	1448
0.008009	1089
