version	total
1.003008	6044
1.004000	6291
1.004003	2398
