version	total
1.20141117	5242
1.20190531	2680
