version	total
1.000005	28179
1.002002	8630
1.004002	7712
1.004003	5075
1.004004	144023
1.012004	2645
1.012005	2238
1.014000	2210
1.016002	2032
1.016006	2465
