version	total
0.100003	5562
0.100005	2282
0.100006	1701
