version	total
0.001011	36540
0.001013	222418
