version	total
1.003008	5865
1.004000	6107
1.004003	2284
