version	total
1.003008	5821
1.004000	6055
1.004003	2261
