version	total
0.004010	5567
0.004011	5465
