version	total
2.005001	19268
2.006003	159127
2.006006	32343
