version	total
0.100052	8382
0.100054	2319
0.100055	1763
