version	total
0.008	8761
0.006007	5906
0.008002	5818
0.008004	5696
0.008005	2118
0.008006	2093
0.008007	1680
0.008008	1304
0.008009	922
