version	total
1.003008	5936
1.004000	6183
1.004003	2313
