version	total
1.94	172598
1.99	2815
2.000000	2502
2.001000	2030
2.002000	3331
2.002001	2084
2.003000	1476
