version	total
2.005001	19245
2.006003	158308
2.006006	31440
