version	total
0.100003	5603
0.100005	2313
0.100006	1732
