version	total
2.005001	19326
2.006003	161350
2.006006	34387
