version	total
0.100003	5666
0.100005	2361
0.100006	1782
