version	total
1.006900	31872
1.007002	145431
1.007003	101235
