version	total
2.005001	19599
2.006003	167733
2.006006	45078
