version	total
0.103004	10385
0.103005	2646
0.103006	2135
