version	total
0.008	14194
0.006007	5993
0.008002	8669
0.008004	8652
0.008005	2159
0.008006	2130
0.008007	1719
0.008008	1346
0.008009	983
