version	total
1.006900	33041
1.007002	148581
1.007003	116225
