version	total
0.100003	5789
0.100005	2462
0.100006	1881
