version	total
0.004010	5628
0.004011	5539
