version	total
5.20180120	6557
5.20180626	5344
5.20180820	8830
5.20181130	4813
5.20181218	11209
5.20190420	5278
5.20190524	85134
5.20220120	2500
5.20220220	2566
5.20220313	2413
5.20220320	3177
5.20220420	3421
5.20220527	3161
5.20220620	25976
5.20230220	41
5.20250528	517
5.20250702	308
5.20250720	229
5.20250803	437
5.20250820	186
