version	total
0.17024	31245
0.17027	142268
0.17029	3508
0.17030	346
