version	total
0.008	20625
0.006007	6076
0.008002	12041
0.008004	12010
0.008005	2330
0.008006	2302
0.008007	1890
0.008008	1523
0.008009	1161
