version	total
0.204001	2148
0.204003	2127
0.206003	3096
0.207001	2269
0.207002	2241
0.207003	813
