version	total
2.005001	19589
2.006003	167524
2.006006	44551
