version	total
4.161950	8319
4.201720	16499
