version	total
1.302052	9534
1.302075	16838
1.302140	5614
1.302141	4914
1.302156	5859
1.302164	9611
1.302188	2544
1.302189	2308
1.302190	7288
