version	total
0.001011	37756
0.001013	230909
