version	total
1.000005	27501
1.002002	8600
1.004002	7646
1.004003	5009
1.004004	141783
1.012004	2585
1.012005	2178
1.014000	2149
1.016002	2021
1.016006	2433
