version	total
0.000061	11414
0.000115	6575
0.000116	5356
0.000117	19935
0.000144	2908
0.000145	176811
0.000163	33231
