version	total
0.204001	2197
0.204003	2180
0.206003	3322
0.207001	2386
0.207002	2356
0.207003	926
