version	total
2.000002	6081
2.001000	41407
2.003004	183055
2.005004	45391
