version	total
4.161950	8357
4.201720	17106
