version	total
1.302052	9595
1.302075	17064
1.302140	5653
1.302141	4952
1.302156	5897
1.302164	9715
1.302188	2579
1.302189	2343
1.302190	7509
