version	total
5.20180120	6791
5.20180626	5508
5.20180820	8998
5.20181130	4974
5.20181218	11395
5.20190420	5443
5.20190524	86710
5.20220120	2651
5.20220220	2716
5.20220313	2563
5.20220320	3329
5.20220420	3572
5.20220527	3310
5.20220620	26210
5.20230220	197
5.20250528	693
5.20250702	468
5.20250720	391
5.20250803	640
5.20250820	2351
5.20250923	2984
5.20251022	2338
5.20251120	3144
5.20251220	1094
