version	total
2.000024	8013
2.000028	2402
2.000029	6423
