version	total
0.002005	5014
0.002006	5239
0.002009	20389
