version	total
1.006900	31380
1.007002	143869
1.007003	96512
