version	total
2.000002	5931
2.001000	37707
2.003004	172489
2.005004	31109
