version	total
0.001011	35640
0.001013	216763
