version	total
0.100003	5531
0.100005	2268
0.100006	1688
