version	total
0.204001	2199
0.204003	2182
0.206003	3339
0.207001	2398
0.207002	2368
0.207003	938
