version	total
1.94	177461
1.99	2941
2.000000	2610
2.001000	2124
2.002000	3421
2.002001	2148
2.003000	1738
