version	total
2.005001	19118
2.006003	155825
2.006006	29742
