version	total
0.008	9207
0.006007	5913
0.008002	6044
0.008004	5943
0.008005	2122
0.008006	2097
0.008007	1684
0.008008	1308
0.008009	926
