version	total
0.17024	32341
0.17027	145877
0.17029	3577
0.17030	530
