version	total
0.001011	36405
0.001013	221685
