version	total
1.94	176590
1.99	2919
2.000000	2590
2.001000	2105
2.002000	3407
2.002001	2141
2.003000	1698
