version	total
1.302052	9509
1.302075	16697
1.302140	5603
1.302141	4903
1.302156	5848
1.302164	9562
1.302188	2536
1.302189	2299
1.302190	7165
