version	total
0.204001	2205
0.204003	2187
0.206003	3383
0.207001	2426
0.207002	2396
0.207003	966
