version	total
1.003008	5872
1.004000	6116
1.004003	2289
