version	total
0.008	15991
0.006007	6013
0.008002	9604
0.008004	9597
0.008005	2195
0.008006	2166
0.008007	1755
0.008008	1382
0.008009	1020
