version	total
0.042	78820
1.000000	22893
1.002001	519074
1.002002	334763
