version	total
1.967013	32176
1.967015	144951
