version	total
0.100052	8309
0.100054	2301
0.100055	1740
