version	total
1.006900	33796
1.007002	150472
1.007003	125196
