version	total
0.000061	11357
0.000115	6573
0.000116	5354
0.000117	19923
0.000144	2905
0.000145	176443
0.000163	31051
