version	total
1.94	177157
1.99	2932
2.000000	2602
2.001000	2117
2.002000	3417
2.002001	2145
2.003000	1720
