version	total
1.003008	6084
1.004000	6331
1.004003	2431
