version	total
1.967013	33446
1.967015	150353
