version	total
2.000001	37108
2.000006	25494
2.000008	159026
2.002004	41212
