version	total
1.000019	6948
1.000033	15408
1.000036	90852
1.000037	18251
1.000038	21901
