version	total
1.20141117	5145
1.20190531	2604
