version	total
1.000019	7065
1.000033	15475
1.000036	92024
1.000037	18309
1.000038	26894
