version	total
0.001011	36336
0.001013	221249
