version	total
2.000024	7887
2.000028	2352
2.000029	5778
