version	total
2.000002	5952
2.001000	38141
2.003004	173791
2.005004	32453
