version	total
2.000024	8201
2.000028	2479
2.000029	7325
