version	total
5.20180120	6614
5.20180626	5382
5.20180820	8868
5.20181130	4849
5.20181218	11248
5.20190420	5316
5.20190524	85502
5.20220120	2535
5.20220220	2600
5.20220313	2447
5.20220320	3213
5.20220420	3455
5.20220527	3195
5.20220620	26038
5.20230220	81
5.20250528	560
5.20250702	350
5.20250720	273
5.20250803	493
5.20250820	2125
5.20250923	359
