version	total
1.967013	32731
1.967015	147382
