version	total
0.100052	8147
0.100054	2248
0.100055	1634
