version	total
0.17024	32862
0.17027	147300
0.17029	3616
0.17030	619
