version	total
2.000001	36402
2.000006	25398
2.000008	157342
2.002004	37264
