version	total
0.100052	8434
0.100054	2331
0.100055	1795
