version	total
1.006900	32502
1.007002	147321
1.007003	110599
