version	total
4.161950	8309
4.201720	16487
