version	total
2.120921	10331
2.150010	97874
