version	total
2.005001	19345
2.006003	161997
2.006006	34905
