version	total
0.042	72961
1.000000	22786
1.002001	501866
1.002002	305564
