version	total
0.042	84026
1.000000	23050
1.002001	531310
1.002002	357091
