version	total
0.17024	32494
0.17027	146309
0.17029	3587
0.17030	558
