version	total
0.103004	10337
0.103005	2630
0.103006	2104
