version	total
1.302052	9580
1.302075	17009
1.302140	5643
1.302141	4942
1.302156	5887
1.302164	9686
1.302188	2569
1.302189	2333
1.302190	7460
