version	total
0.17024	33309
0.17027	148647
0.17029	3661
0.17030	712
