version	total
2.000002	5963
2.001000	38353
2.003004	174475
2.005004	33206
