version	total
2.120921	10301
2.150010	97128
