version	total
1.100602	7419
1.100603	1725
