version	total
1.000005	25854
1.002002	8517
1.004002	7557
1.004003	4913
1.004004	135363
1.012004	2513
1.012005	2102
1.014000	2072
1.016002	1959
1.016006	2291
