version	total
2.000001	37079
2.000006	25490
2.000008	158948
2.002004	41111
