version	total
1.94	174299
1.99	2862
2.000000	2540
2.001000	2062
2.002000	3364
2.002001	2113
2.003000	1576
