version	total
1.000005	26229
1.002002	8552
1.004002	7591
1.004003	4948
1.004004	136927
1.012004	2544
1.012005	2132
1.014000	2104
1.016002	1989
1.016006	2329
