version	total
0.008	20613
0.006007	6071
0.008002	12030
0.008004	11999
0.008005	2320
0.008006	2292
0.008007	1880
0.008008	1513
0.008009	1151
