version	total
1.94	179177
1.99	3012
2.000000	2670
2.001000	2171
2.002000	3472
2.002001	2187
2.003000	1898
