version	total
2.000001	36297
2.000006	25385
2.000008	157118
2.002004	36391
