version	total
0.042	77887
1.000000	22863
1.002001	516566
1.002002	329948
