version	total
0.103004	10408
0.103005	2658
0.103006	2151
