version	total
0.042	80884
1.000000	22946
1.002001	523976
1.002002	343681
