version	total
1.006900	33543
1.007002	149861
1.007003	121222
