version	total
1.20141117	5288
1.20190531	2713
