version	total
0.004010	5536
0.004011	5428
