version	total
4.161950	8265
4.201720	15949
