version	total
0.103004	10581
0.103005	2752
0.103006	2292
