version	total
1.100602	7682
1.100603	1935
