version	total
1.94	166634
1.99	2731
2.000000	2447
2.001000	2005
2.002000	3190
2.002001	1987
2.003000	1130
