version	total
1.967013	32818
1.967015	147785
