version	total
2.005001	19313
2.006003	160903
2.006006	33980
