version	total
1.006900	31628
1.007002	144681
1.007003	99044
