version	total
2.120921	10207
2.150010	94781
