version	total
1.000019	6929
1.000033	15393
1.000036	90775
1.000037	18235
1.000038	21633
