version	total
1.003008	5964
1.004000	6210
1.004003	2334
