version	total
1.000005	27536
1.002002	8603
1.004002	7652
1.004003	5016
1.004004	141953
1.012004	2590
1.012005	2183
1.014000	2154
1.016002	2022
1.016006	2434
