version	total
4.161950	8066
4.201720	14399
