version	total
2.000002	6025
2.001000	40020
2.003004	179240
2.005004	40109
