version	total
2.005001	19398
2.006003	163470
2.006006	36006
