version	total
0.001011	38800
0.001013	238601
