version	total
1.967013	31790
1.967015	143088
