version	total
1.006900	31727
1.007002	144959
1.007003	99910
