version	total
0.000061	12490
0.000115	6713
0.000116	5492
0.000117	20280
0.000144	3036
0.000145	183317
0.000163	54415
