version	total
1.003008	5948
1.004000	6195
1.004003	2323
