version	total
2.000024	7934
2.000028	2383
2.000029	5958
