version	total
0.001011	39654
0.001013	243253
