version	total
0.204001	2197
0.204003	2180
0.206003	3321
0.207001	2385
0.207002	2355
0.207003	925
