version	total
2.000002	5975
2.001000	38594
2.003004	175231
2.005004	33863
