version	total
1.967013	32484
1.967015	146336
