version	total
0.17024	33710
0.17027	150031
0.17029	3705
0.17030	820
