version	total
2.000002	5954
2.001000	38173
2.003004	173898
2.005004	32559
