version	total
1.967013	34121
1.967015	152505
