version	total
2.000002	5930
2.001000	37695
2.003004	172457
2.005004	31077
