version	total
0.042	76903
1.000000	22835
1.002001	513653
1.002002	324918
