version	total
0.094002	2132
0.094003	1564
