version	total
1.003008	5966
1.004000	6213
1.004003	2336
