version	total
1.006900	33007
1.007002	148537
1.007003	115968
