version	total
4.161950	8020
4.201720	14066
