version	total
1.302052	9387
1.302075	16012
1.302140	5566
1.302141	4866
1.302156	5808
1.302164	9311
1.302188	2506
1.302189	2270
1.302190	6539
