version	total
0.000061	11476
0.000115	6578
0.000116	5359
0.000117	19952
0.000144	2910
0.000145	177060
0.000163	35101
