version	total
1.000019	7173
1.000033	15532
1.000036	92992
1.000037	18355
1.000038	34247
