version	total
2.005001	19651
2.006003	168893
2.006006	46308
