version	total
1.967013	31477
1.967015	141582
