version	total
0.17024	32975
0.17027	147640
0.17029	3625
0.17030	640
