version	total
0.004010	5480
0.004011	5295
