version	total
1.967013	35274
1.967015	157071
