version	total
1.003008	5882
1.004000	6123
1.004003	2292
