version	total
1.006900	32349
1.007002	146841
1.007003	108202
