version	total
2.000001	37680
2.000006	25554
2.000008	160445
2.002004	44162
