version	total
1.20141117	5233
1.20190531	2673
