version	total
0.17024	31026
0.17027	141474
0.17029	3503
0.17030	320
