version	total
0.042	76520
1.000000	22830
1.002001	512470
1.002002	322808
