version	total
0.204001	2153
0.204003	2132
0.206003	3135
0.207001	2296
0.207002	2268
0.207003	840
