version	total
0.103004	10580
0.103005	2751
0.103006	2291
