version	total
0.004010	5636
0.004011	5548
