version	total
4.161950	8299
4.201720	16387
