version	total
1.003008	5940
1.004000	6187
1.004003	2317
