version	total
0.000061	12470
0.000115	6711
0.000116	5490
0.000117	20277
0.000144	3034
0.000145	183259
0.000163	54175
