version	total
2.000001	38517
2.000006	25671
2.000008	162711
2.002004	46616
