version	total
0.094002	2128
0.094003	1560
