version	total
0.17024	30688
0.17027	140109
0.17029	3491
0.17030	252
