version	total
1.967013	35094
1.967015	156212
