version	total
2.005001	19668
2.006003	169302
2.006006	46705
