version	total
0.100003	5641
0.100005	2345
0.100006	1764
