version	total
2.005001	19564
2.006003	167000
2.006006	44191
