version	total
5.20180120	6697
5.20180626	5440
5.20180820	8926
5.20181130	4906
5.20181218	11324
5.20190420	5374
5.20190524	86136
5.20220120	2587
5.20220220	2652
5.20220313	2499
5.20220320	3265
5.20220420	3507
5.20220527	3246
5.20220620	26118
5.20230220	133
5.20250528	623
5.20250702	403
5.20250720	326
5.20250803	566
5.20250820	2318
5.20250923	2694
5.20251022	1686
