version	total
2.000002	6066
2.001000	41104
2.003004	182095
2.005004	44425
