version	total
0.100003	5596
0.100005	2307
0.100006	1726
