version	total
0.17024	31559
0.17027	143356
0.17029	3515
0.17030	392
