version	total
1.999813	4869
1.999816	5131
1.999829	2215
1.999830	2118
1.999831	2039
1.999832	2030
1.999833	2031
1.999835	2029
1.999836	1967
1.999837	1966
1.999838	1459
1.999839	1244
1.999841	1105
1.999842	1099
2.000000	1211
2.001000	1173
2.001001	1156
2.002000	1107
2.002001	1094
2.003001	707
2.003002	688
2.003003	430
2.003004	144
2.004001	154
2.005001	223
2.005002	225
2.005003	221
