version	total
1.006900	31819
1.007002	145327
1.007003	100847
