version	total
0.042	84061
1.000000	23051
1.002001	531407
1.002002	357270
