version	total
1.94	173041
1.99	2827
2.000000	2512
2.001000	2038
2.002000	3340
2.002001	2095
2.003000	1500
