version	total
0.100052	8306
0.100054	2300
0.100055	1739
