version	total
0.002005	5026
0.002006	5246
0.002009	20885
