version	total
0.002005	4967
0.002006	5123
0.002009	14188
