version	total
1.000019	6995
1.000033	15444
1.000036	91264
1.000037	18281
1.000038	23419
