version	total
0.002005	4940
0.002006	4994
0.002009	6991
