version	total
1.94	178025
1.99	2968
2.000000	2632
2.001000	2142
2.002000	3436
2.002001	2162
2.003000	1801
