version	total
0.100003	5735
0.100005	2419
0.100006	1839
