version	total
2.000002	5975
2.001000	38588
2.003004	175170
2.005004	33803
