version	total
0.204001	2197
0.204003	2180
0.206003	3319
0.207001	2383
0.207002	2353
0.207003	923
