version	total
0.004010	5727
0.004011	5654
