version	total
0.008	20589
0.006007	6061
0.008002	12005
0.008004	11975
0.008005	2298
0.008006	2270
0.008007	1858
0.008008	1491
0.008009	1129
