version	total
5.20180120	6691
5.20180626	5435
5.20180820	8921
5.20181130	4901
5.20181218	11319
5.20190420	5369
5.20190524	86080
5.20220120	2582
5.20220220	2647
5.20220313	2494
5.20220320	3260
5.20220420	3502
5.20220527	3242
5.20220620	26111
5.20230220	128
5.20250528	615
5.20250702	398
5.20250720	322
5.20250803	559
5.20250820	2315
5.20250923	2539
5.20251022	1260
