version	total
0.001011	36278
0.001013	220885
