version	total
0.100003	5783
0.100005	2457
0.100006	1876
