version	total
1.003008	6125
1.004000	6370
1.004003	2466
