version	total
1.000005	25790
1.002002	8505
1.004002	7545
1.004003	4901
1.004004	135145
1.012004	2502
1.012005	2091
1.014000	2062
1.016002	1948
1.016006	2278
