version	total
0.204001	2215
0.204003	2195
0.206003	3462
0.207001	2446
0.207002	2415
0.207003	985
