version	total
0.001011	35526
0.001013	215605
