version	total
1.967013	32543
1.967015	146630
