version	total
0.000061	12605
0.000115	6739
0.000116	5517
0.000117	20313
0.000144	3061
0.000145	183592
0.000163	56344
