version	total
2.000002	5908
2.001000	37278
2.003004	170886
2.005004	29648
