version	total
4.161950	7819
4.201720	12106
