version	total
1.100602	7522
1.100603	1801
