version	total
2.000001	37623
2.000006	25548
2.000008	160311
2.002004	44094
