version	total
2.000001	37289
2.000006	25516
2.000008	159435
2.002004	42841
