version	total
0.103004	10661
0.103005	2792
0.103006	2345
