version	total
0.042	78954
1.000000	22898
1.002001	519406
1.002002	335432
