version	total
0.008	14326
0.006007	5994
0.008002	8730
0.008004	8714
0.008005	2161
0.008006	2132
0.008007	1721
0.008008	1348
0.008009	985
