version	total
0.001011	39098
0.001013	240202
