version	total
1.006900	30713
1.007002	141456
1.007003	89187
