version	total
2.000001	35928
2.000006	25333
2.000008	155947
2.002004	35461
