version	total
1.967013	32740
1.967015	147454
