version	total
1.967013	33582
1.967015	150735
