version	total
1.302052	9393
1.302075	16046
1.302140	5568
1.302141	4868
1.302156	5810
1.302164	9324
1.302188	2508
1.302189	2273
1.302190	6574
