version	total
1.000005	27667
1.002002	8612
1.004002	7670
1.004003	5033
1.004004	142552
1.012004	2606
1.012005	2199
1.014000	2170
1.016002	2025
1.016006	2442
