version	total
2.005001	19547
2.006003	166505
2.006006	43846
