version	total
0.100052	8353
0.100054	2311
0.100055	1754
