version	total
0.000061	12068
0.000115	6655
0.000116	5435
0.000117	20159
0.000144	2981
0.000145	181697
0.000163	46942
