version	total
1.302052	9477
1.302075	16509
1.302140	5594
1.302141	4893
1.302156	5839
1.302164	9509
1.302188	2529
1.302189	2292
1.302190	6993
