version	total
5.20180120	6475
5.20180626	5313
5.20180820	8793
5.20181130	4778
5.20181218	11163
5.20190420	5245
5.20190524	84210
5.20220120	2476
5.20220220	2543
5.20220313	2389
5.20220320	3153
5.20220420	3399
5.20220527	3136
5.20220620	25544
