version	total
1.006900	31749
1.007002	145092
1.007003	100290
