version	total
1.967013	32345
1.967015	145683
