version	total
0.042	81393
1.000000	22960
1.002001	525243
1.002002	345786
