version	total
0.100003	5752
0.100005	2432
0.100006	1851
