version	total
0.103004	10435
0.103005	2674
0.103006	2174
