version	total
1.006900	31852
1.007002	145392
1.007003	101069
