version	total
1.000019	7114
1.000033	15498
1.000036	92540
1.000037	18325
1.000038	29876
