version	total
2.120921	10355
2.150010	98462
