version	total
1.302052	9827
1.302075	18172
1.302140	5798
1.302141	5099
1.302156	6045
1.302164	10164
1.302188	2709
1.302189	2472
1.302190	8506
