version	total
2.000002	5890
2.001000	36984
2.003004	169979
2.005004	29011
