version	total
2.000001	35505
2.000006	25291
2.000008	154677
2.002004	34364
