version	total
1.000005	28214
1.002002	8633
1.004002	7717
1.004003	5080
1.004004	144134
1.012004	2649
1.012005	2242
1.014000	2214
1.016002	2033
1.016006	2466
