version	total
2.120921	10252
2.150010	95871
