version	total
0.004010	5630
0.004011	5541
