version	total
0.001011	34971
0.001013	212107
