version	total
1.000005	27980
1.002002	8620
1.004002	7696
1.004003	5059
1.004004	143492
1.012004	2631
1.012005	2224
1.014000	2195
1.016002	2029
1.016006	2456
