version	total
5.20180120	6801
5.20180626	5516
5.20180820	9006
5.20181130	4983
5.20181218	11404
5.20190420	5451
5.20190524	86769
5.20220120	2659
5.20220220	2725
5.20220313	2571
5.20220320	3337
5.20220420	3580
5.20220527	3318
5.20220620	26224
5.20230220	206
5.20250528	700
5.20250702	476
5.20250720	399
5.20250803	653
5.20250820	2353
5.20250923	3046
5.20251022	2404
5.20251120	3145
5.20251220	1904
