version	total
2.000001	37015
2.000006	25483
2.000008	158791
2.002004	40894
