version	total
0.103004	10476
0.103005	2697
0.103006	2202
