version	total
1.003008	6159
1.004000	6402
1.004003	2492
