version	total
0.103004	10309
0.103005	2622
0.103006	2090
