version	total
1.006900	33655
1.007002	150149
1.007003	123198
