version	total
0.094002	2150
0.094003	1581
