version	total
0.000061	10786
0.000115	6530
0.000116	5312
0.000117	19742
0.000144	2876
0.000145	173584
0.000163	18495
