version	total
4.161950	8322
4.201720	16544
