version	total
1.003008	5963
1.004000	6209
1.004003	2333
