version	total
2.000002	6047
2.001000	40647
2.003004	180879
2.005004	42929
