version	total
0.17024	33426
0.17027	149029
0.17029	3674
0.17030	748
