version	total
1.000005	29219
1.002002	8688
1.004002	7831
1.004003	5195
1.004004	147542
1.012004	2758
1.012005	2351
1.014000	2324
1.016002	2076
1.016006	2557
