version	total
0.17024	30857
0.17027	140938
0.17029	3499
0.17030	285
