version	total
4.161950	7780
4.201720	11771
