version	total
0.042	78484
1.000000	22885
1.002001	518246
1.002002	333126
