version	total
1.003008	5800
1.004000	6034
1.004003	2242
