version	total
2.120921	10409
2.150010	100182
