version	total
2.005001	19237
2.006003	157978
2.006006	31129
