version	total
1.967013	33483
1.967015	150470
