version	total
1.000005	27781
1.002002	8617
1.004002	7682
1.004003	5045
1.004004	142876
1.012004	2618
1.012005	2211
1.014000	2182
1.016002	2027
1.016006	2446
