version	total
2.120921	10230
2.150010	95360
