version	total
1.003008	6045
1.004000	6292
1.004003	2399
