version	total
4.161950	7977
4.201720	13610
