version	total
1.000019	7119
1.000033	15501
1.000036	92598
1.000037	18327
1.000038	30240
