version	total
2.120921	10291
2.150010	96941
