version	total
0.100003	5648
0.100005	2351
0.100006	1770
