version	total
0.042	79087
1.000000	22899
1.002001	519752
1.002002	336090
