version	total
0.094002	2182
0.094003	1611
