version	total
0.002005	4872
0.002006	4813
0.002009	2255
