version	total
1.003008	6176
1.004000	6418
1.004003	2507
