version	total
1.967013	32316
1.967015	145547
