version	total
0.103004	10691
0.103005	2808
0.103006	2371
