version	total
1.006900	34045
1.007002	151046
1.007003	128350
