version	total
1.006900	34004
1.007002	150951
1.007003	127634
