version	total
2.000001	35564
2.000006	25298
2.000008	154850
2.002004	34509
