version	total
0.204001	2158
0.204003	2137
0.206003	3150
0.207001	2301
0.207002	2273
0.207003	845
