version	total
5.20180120	6852
5.20180626	5559
5.20180820	9051
5.20181130	5037
5.20181218	11453
5.20190420	5497
5.20190524	87078
5.20220120	2694
5.20220220	2763
5.20220313	2608
5.20220320	3374
5.20220420	3616
5.20220527	3354
5.20220620	26278
5.20230220	247
5.20250528	738
5.20250702	514
5.20250720	436
5.20250803	697
5.20250820	2369
5.20250923	3192
5.20251022	2593
5.20251120	3163
5.20251220	2298
5.20260119	3311
5.20260220	3
