version	total
1.000005	28098
1.002002	8625
1.004002	7706
1.004003	5069
1.004004	143787
1.012004	2641
1.012005	2234
1.014000	2205
1.016002	2031
1.016006	2462
