version	total
1.100602	7414
1.100603	1717
