version	total
2.000001	38459
2.000006	25656
2.000008	162527
2.002004	46474
