version	total
1.967013	34147
1.967015	152598
