version	total
2.005001	19581
2.006003	167398
2.006006	44479
