version	total
2.005001	19479
2.006003	165112
2.006006	39929
