version	total
2.000024	8080
2.000028	2414
2.000029	6841
