version	total
2.120921	10336
2.150010	98034
