version	total
1.006900	31229
1.007002	143388
1.007003	95095
