version	total
2.000001	35920
2.000006	25332
2.000008	155918
2.002004	35426
