version	total
0.000061	10923
0.000115	6542
0.000116	5324
0.000117	19782
0.000144	2884
0.000145	174308
0.000163	19881
