version	total
1.000019	7083
1.000033	15487
1.000036	92208
1.000037	18316
1.000038	28077
