version	total
0.004010	5621
0.004011	5532
