version	total
0.103004	10243
0.103005	2606
0.103006	2027
