version	total
1.000005	27637
1.002002	8610
1.004002	7665
1.004003	5028
1.004004	142383
1.012004	2601
1.012005	2194
1.014000	2165
1.016002	2024
1.016006	2440
