version	total
2.000001	35387
2.000006	25281
2.000008	154342
2.002004	34027
