version	total
0.000061	13006
0.000115	6806
0.000116	5582
0.000117	20430
0.000144	3122
0.000145	184591
0.000163	64988
