version	total
5.20180120	6774
5.20180626	5497
5.20180820	8986
5.20181130	4962
5.20181218	11382
5.20190420	5430
5.20190524	86630
5.20220120	2640
5.20220220	2705
5.20220313	2552
5.20220320	3318
5.20220420	3561
5.20220527	3299
5.20220620	26195
5.20230220	187
5.20250528	681
5.20250702	457
5.20250720	380
5.20250803	628
5.20250820	2346
5.20250923	2969
5.20251022	2302
5.20251120	3141
5.20251220	449
