version	total
1.20141117	5201
1.20190531	2637
