version	total
1.967013	34469
1.967015	153650
