version	total
2.000001	37301
2.000006	25519
2.000008	159462
2.002004	43146
