version	total
1.100602	7453
1.100603	1757
