version	total
2.005001	19509
2.006003	165640
2.006006	41282
