version	total
1.000019	6945
1.000033	15406
1.000036	90844
1.000037	18249
1.000038	21873
