version	total
1.000019	7079
1.000033	15486
1.000036	92189
1.000037	18314
1.000038	27961
