version	total
1.000005	28078
1.002002	8624
1.004002	7705
1.004003	5068
1.004004	143771
1.012004	2640
1.012005	2233
1.014000	2204
1.016002	2031
1.016006	2462
