version	total
2.000001	37578
2.000006	25546
2.000008	160195
2.002004	44006
