version	total
2.000024	8207
2.000028	2485
2.000029	7380
