version	total
0.094002	2170
0.094003	1598
