version	total
2.005001	19251
2.006003	158621
2.006006	31694
