version	total
0.008	5411
0.006007	5844
0.008002	4015
0.008004	3874
0.008005	2085
0.008006	2063
0.008007	1649
0.008008	1273
0.008009	887
