version	total
0.008	18698
0.006007	6037
0.008002	11008
0.008004	11017
0.008005	2243
0.008006	2214
0.008007	1803
0.008008	1430
0.008009	1071
