version	total
0.103004	10630
0.103005	2777
0.103006	2326
