version	total
1.94	164623
1.99	2700
2.000000	2432
2.001000	2000
2.002000	3147
2.002001	1942
2.003000	1017
