version	total
0.008	5676
0.006007	5853
0.008002	4165
0.008004	4035
0.008005	2095
0.008006	2073
0.008007	1659
0.008008	1283
0.008009	897
