version	total
1.302052	9445
1.302075	16294
1.302140	5585
1.302141	4884
1.302156	5827
1.302164	9427
1.302188	2522
1.302189	2285
1.302190	6844
