version	total
2.000002	5892
2.001000	36996
2.003004	170000
2.005004	29023
