version	total
2.000024	7909
2.000028	2369
2.000029	5865
