version	total
0.000061	10694
0.000115	6502
0.000116	5283
0.000117	19682
0.000144	2848
0.000145	173132
0.000163	17246
