version	total
2.000002	5973
2.001000	38559
2.003004	175088
2.005004	33729
