version	total
2.005001	19537
2.006003	166196
2.006006	43317
