version	total
2.000002	6054
2.001000	40809
2.003004	181337
2.005004	43638
