version	total
1.000019	7229
1.000033	15579
1.000036	93491
1.000037	18380
1.000038	40777
