version	total
1.302052	9361
1.302075	15864
1.302140	5558
1.302141	4858
1.302156	5800
1.302164	9266
1.302188	2501
1.302189	2265
1.302190	6416
