version	total
0.17024	30404
0.17027	138996
0.17029	3484
0.17030	217
