version	total
1.006900	33804
1.007002	150482
1.007003	125249
