version	total
2.000001	34776
2.000006	25227
2.000008	152510
2.002004	32339
