version	total
0.000061	12551
0.000115	6726
0.000116	5505
0.000117	20294
0.000144	3048
0.000145	183443
0.000163	55328
