version	total
0.204001	2187
0.204003	2169
0.206003	3239
0.207001	2333
0.207002	2302
0.207003	873
