version	total
1.967013	35075
1.967015	156122
