version	total
0.001011	35146
0.001013	213170
