version	total
0.004010	5614
0.004011	5524
