version	total
0.001011	36693
0.001013	223456
