version	total
0.042	79001
1.000000	22899
1.002001	519515
1.002002	335614
