version	total
1.000005	28442
1.002002	8648
1.004002	7735
1.004003	5098
1.004004	144812
1.012004	2666
1.012005	2259
1.014000	2231
1.016002	2043
1.016006	2487
