version	total
1.100602	7491
1.100603	1777
