version	total
1.003008	5902
1.004000	6153
1.004003	2299
