version	total
1.003008	5993
1.004000	6243
1.004003	2360
