version	total
1.302052	9623
1.302075	17188
1.302140	5670
1.302141	4969
1.302156	5914
1.302164	9777
1.302188	2596
1.302189	2359
1.302190	7633
