version	total
1.302052	9666
1.302075	17428
1.302140	5696
1.302141	4997
1.302156	5941
1.302164	9864
1.302188	2620
1.302189	2384
1.302190	7836
