version	total
0.001011	37007
0.001013	225236
