version	total
2.000002	6031
2.001000	40150
2.003004	179586
2.005004	41363
