version	total
4.161950	7831
4.201720	12170
