version	total
0.103004	10715
0.103005	2820
0.103006	2388
