version	total
1.003008	6105
1.004000	6351
1.004003	2448
