version	total
5.20180120	6718
5.20180626	5455
5.20180820	8943
5.20181130	4922
5.20181218	11342
5.20190420	5389
5.20190524	86318
5.20220120	2602
5.20220220	2667
5.20220313	2514
5.20220320	3280
5.20220420	3522
5.20220527	3261
5.20220620	26141
5.20230220	149
5.20250528	641
5.20250702	419
5.20250720	342
5.20250803	586
5.20250820	2329
5.20250923	2782
5.20251022	2081
5.20251120	495
