version	total
1.000005	29155
1.002002	8683
1.004002	7821
1.004003	5184
1.004004	147219
1.012004	2748
1.012005	2341
1.014000	2314
1.016002	2071
1.016006	2549
