version	total
2.000024	8296
2.000028	2542
2.000029	7833
