version	total
2.000002	5987
2.001000	38943
2.003004	176295
2.005004	34767
