version	total
0.204001	2180
0.204003	2160
0.206003	3215
0.207001	2324
0.207002	2293
0.207003	864
