version	total
1.000005	27118
1.002002	8585
1.004002	7625
1.004003	4989
1.004004	140476
1.012004	2568
1.012005	2159
1.014000	2130
1.016002	2013
1.016006	2407
