version	total
2.000001	34346
2.000006	25169
2.000008	151011
2.002004	30831
