version	total
2.120921	10191
2.150010	94631
