version	total
0.008	18373
0.006007	6034
0.008002	10849
0.008004	10848
0.008005	2237
0.008006	2208
0.008007	1797
0.008008	1424
0.008009	1064
