version	total
0.001011	36817
0.001013	224197
