version	total
1.967013	32468
1.967015	146210
