version	total
1.302052	9503
1.302075	16654
1.302140	5601
1.302141	4901
1.302156	5846
1.302164	9551
1.302188	2534
1.302189	2297
1.302190	7125
