version	total
5.20180120	6595
5.20180626	5370
5.20180820	8856
5.20181130	4837
5.20181218	11235
5.20190420	5304
5.20190524	85418
5.20220120	2524
5.20220220	2589
5.20220313	2436
5.20220320	3202
5.20220420	3444
5.20220527	3184
5.20220620	26023
5.20230220	64
5.20250528	542
5.20250702	332
5.20250720	256
5.20250803	473
5.20250820	1738
