version	total
0.100003	5794
0.100005	2466
0.100006	1885
