version	total
0.004010	5594
0.004011	5501
