version	total
2.000002	5969
2.001000	38481
2.003004	174826
2.005004	33571
