version	total
0.17024	32589
0.17027	146505
0.17029	3594
0.17030	572
