version	total
2.120921	10308
2.150010	97322
