version	total
0.000061	12417
0.000115	6702
0.000116	5481
0.000117	20261
0.000144	3026
0.000145	182981
0.000163	53186
