version	total
1.100602	7537
1.100603	1814
