version	total
2.000024	8420
2.000028	2620
2.000029	8302
