version	total
1.302052	9627
1.302075	17223
1.302140	5673
1.302141	4972
1.302156	5917
1.302164	9795
1.302188	2599
1.302189	2362
1.302190	7658
