version	total
0.042	72777
1.000000	22778
1.002001	501186
1.002002	304496
