version	total
2.000001	37421
2.000006	25532
2.000008	159794
2.002004	43721
