version	total
1.967013	32675
1.967015	147140
