version	total
0.17024	30804
0.17027	140721
0.17029	3494
0.17030	277
