version	total
2.000002	6072
2.001000	41153
2.003004	182230
2.005004	44588
