version	total
0.094002	2156
0.094003	1590
