version	total
0.001011	37515
0.001013	229267
