version	total
2.000024	8263
2.000028	2519
2.000029	7678
