version	total
0.001011	36052
0.001013	219389
