version	total
0.103004	10164
0.103005	2580
0.103006	1983
