version	total
0.042	80272
1.000000	22930
1.002001	522558
1.002002	341401
