version	total
1.967013	33605
1.967015	150796
