version	total
0.204001	2172
0.204003	2152
0.206003	3191
0.207001	2317
0.207002	2285
0.207003	857
