version	total
1.967013	32610
1.967015	146848
