version	total
1.967013	33338
1.967015	149884
