version	total
0.001011	37076
0.001013	225655
