version	total
1.000019	7055
1.000033	15473
1.000036	91957
1.000037	18305
1.000038	26577
