version	total
4.161950	8356
4.201720	17063
