version	total
5.20180120	6577
5.20180626	5357
5.20180820	8843
5.20181130	4824
5.20181218	11221
5.20190420	5291
5.20190524	85300
5.20220120	2512
5.20220220	2578
5.20220313	2425
5.20220320	3190
5.20220420	3433
5.20220527	3173
5.20220620	26003
5.20230220	53
5.20250528	531
5.20250702	321
5.20250720	245
5.20250803	457
5.20250820	916
