version	total
0.17024	31349
0.17027	142647
0.17029	3510
0.17030	356
