version	total
1.967013	32393
1.967015	145864
