version	total
1.999813	4861
1.999816	5119
1.999829	2209
1.999830	2111
1.999831	2033
1.999832	2024
1.999833	2025
1.999835	2023
1.999836	1960
1.999837	1961
1.999838	1453
1.999839	1238
1.999841	1099
1.999842	1093
2.000000	1169
2.001000	1132
2.001001	1116
2.002000	1080
2.002001	1067
2.003001	701
2.003002	682
2.003003	425
2.003004	137
2.004001	148
2.005001	181
2.005002	183
2.005003	176
