version	total
1.000005	28378
1.002002	8644
1.004002	7731
1.004003	5094
1.004004	144634
1.012004	2662
1.012005	2255
1.014000	2227
1.016002	2039
1.016006	2480
