version	total
0.100003	5639
0.100005	2343
0.100006	1761
