version	total
1.967013	31652
1.967015	142397
