version	total
0.004010	5637
0.004011	5549
