version	total
2.000024	7955
2.000028	2389
2.000029	6066
