version	total
1.000005	28949
1.002002	8670
1.004002	7795
1.004003	5157
1.004004	146482
1.012004	2722
1.012005	2315
1.014000	2289
1.016002	2060
1.016006	2528
