version	total
0.17024	31110
0.17027	141836
0.17029	3505
0.17030	333
