version	total
1.003008	5817
1.004000	6050
1.004003	2256
