version	total
0.001011	37441
0.001013	228310
