version	total
1.006900	32489
1.007002	147268
1.007003	110375
