version	total
0.008	16511
0.006007	6020
0.008002	9868
0.008004	9878
0.008005	2203
0.008006	2174
0.008007	1763
0.008008	1390
0.008009	1028
