version	total
0.001011	38838
0.001013	238759
