version	total
1.999813	4801
1.999816	5023
1.999829	2168
1.999830	2071
1.999831	1992
1.999832	1983
1.999833	1985
1.999835	1982
1.999836	1920
1.999837	1920
1.999838	1412
1.999839	1197
1.999841	1058
1.999842	1052
2.000000	1062
2.001000	1027
2.001001	1009
2.002000	987
2.002001	975
2.003001	660
2.003002	642
2.003003	386
2.003004	96
2.004001	106
2.005001	72
2.005002	73
2.005003	37
