version	total
0.042	78272
1.000000	22876
1.002001	517709
1.002002	331924
