version	total
1.006900	30527
1.007002	140775
1.007003	87843
