version	total
1.006900	31049
1.007002	142620
1.007003	92699
