version	total
2.005001	19476
2.006003	165069
2.006006	39626
