version	total
2.000002	5924
2.001000	37553
2.003004	171903
2.005004	30427
