version	total
5.20180120	6403
5.20180626	5260
5.20180820	8742
5.20181130	4726
5.20181218	11098
5.20190420	5196
5.20190524	83608
5.20220120	2430
5.20220220	2498
5.20220313	2346
5.20220320	3109
5.20220420	3356
5.20220527	3092
5.20220620	24490
