version	total
1.006900	30562
1.007002	140847
1.007003	88057
