version	total
1.003008	5839
1.004000	6083
1.004003	2275
