version	total
0.094002	2152
0.094003	1583
