version	total
1.006900	30882
1.007002	142051
1.007003	90807
