version	total
0.001011	36733
0.001013	223705
