version	total
1.003008	6063
1.004000	6310
1.004003	2415
