version	total
2.000024	8268
2.000028	2523
2.000029	7695
