version	total
1.006900	33696
1.007002	150276
1.007003	123855
