version	total
2.120921	10285
2.150010	96824
