version	total
0.103004	10409
0.103005	2659
0.103006	2152
