version	total
0.001011	37039
0.001013	225404
