version	total
0.100003	5519
0.100005	2264
0.100006	1685
