version	total
1.003008	5807
1.004000	6041
1.004003	2249
