version	total
1.967013	33003
1.967015	148627
