version	total
0.008	19357
0.006007	6042
0.008002	11350
0.008004	11342
0.008005	2257
0.008006	2228
0.008007	1817
0.008008	1444
0.008009	1084
