version	total
1.000005	28505
1.002002	8654
1.004002	7741
1.004003	5104
1.004004	145001
1.012004	2672
1.012005	2265
1.014000	2237
1.016002	2048
1.016006	2495
