version	total
0.001011	35785
0.001013	217646
