version	total
2.005001	19342
2.006003	161931
2.006006	34816
