version	total
4.161950	7904
4.201720	12877
