version	total
5.20180120	6623
5.20180626	5388
5.20180820	8874
5.20181130	4855
5.20181218	11253
5.20190420	5322
5.20190524	85558
5.20220120	2542
5.20220220	2607
5.20220313	2454
5.20220320	3220
5.20220420	3462
5.20220527	3202
5.20220620	26048
5.20230220	88
5.20250528	568
5.20250702	357
5.20250720	280
5.20250803	502
5.20250820	2143
5.20250923	925
