version	total
0.17024	31129
0.17027	141888
0.17029	3506
0.17030	335
