version	total
0.000061	10927
0.000115	6543
0.000116	5324
0.000117	19782
0.000144	2884
0.000145	174337
0.000163	20059
