version	total
1.000005	27418
1.002002	8597
1.004002	7640
1.004003	5003
1.004004	141536
1.012004	2579
1.012005	2172
1.014000	2143
1.016002	2021
1.016006	2431
