version	total
2.005001	19244
2.006003	158181
2.006006	31338
