version	total
1.006900	30938
1.007002	142207
1.007003	91366
