version	total
1.006900	33529
1.007002	149816
1.007003	121019
