version	total
1.100602	7474
1.100603	1766
