version	total
1.000005	27648
1.002002	8610
1.004002	7666
1.004003	5029
1.004004	142439
1.012004	2602
1.012005	2195
1.014000	2166
1.016002	2024
1.016006	2440
