version	total
0.001011	35294
0.001013	214124
