version	total
0.001011	38628
0.001013	237848
