version	total
0.001011	37900
0.001013	231592
