version	total
1.94	172553
1.99	2814
2.000000	2501
2.001000	2029
2.002000	3330
2.002001	2084
2.003000	1475
