version	total
0.17024	31395
0.17027	142854
0.17029	3511
0.17030	361
