version	total
2.000024	8135
2.000028	2443
2.000029	7061
