version	total
1.000005	27545
1.002002	8605
1.004002	7654
1.004003	5017
1.004004	142014
1.012004	2591
1.012005	2184
1.014000	2155
1.016002	2022
1.016006	2434
