version	total
4.161950	8426
4.201720	17912
