version	total
0.042	75150
1.000000	22816
1.002001	508422
1.002002	316482
