version	total
1.006900	32663
1.007002	147741
1.007003	112532
