version	total
2.120921	10238
2.150010	95582
