version	total
0.001011	36712
0.001013	223624
