version	total
2.005001	19687
2.006003	169583
2.006006	46973
