version	total
5.20180120	6590
5.20180626	5366
5.20180820	8852
5.20181130	4833
5.20181218	11231
5.20190420	5301
5.20190524	85386
5.20220120	2521
5.20220220	2586
5.20220313	2433
5.20220320	3199
5.20220420	3441
5.20220527	3181
5.20220620	26019
5.20230220	61
5.20250528	539
5.20250702	329
5.20250720	253
5.20250803	468
5.20250820	1363
