version	total
1.006900	32169
1.007002	146316
1.007003	106667
