version	total
1.000019	7266
1.000033	15601
1.000036	93812
1.000037	18403
1.000038	45613
