version	total
0.001011	35271
0.001013	214022
