version	total
1.967013	34582
1.967015	153963
