version	total
1.006900	31449
1.007002	144073
1.007003	97269
