version	total
0.008	19097
0.006007	6040
0.008002	11209
0.008004	11215
0.008005	2252
0.008006	2223
0.008007	1812
0.008008	1439
0.008009	1079
