version	total
5.20180120	6858
5.20180626	5563
5.20180820	9055
5.20181130	5041
5.20181218	11466
5.20190420	5501
5.20190524	87103
5.20220120	2698
5.20220220	2767
5.20220313	2612
5.20220320	3378
5.20220420	3620
5.20220527	3357
5.20220620	26282
5.20230220	251
5.20250528	742
5.20250702	518
5.20250720	442
5.20250803	701
5.20250820	2371
5.20250923	3206
5.20251022	2604
5.20251120	3164
5.20251220	2299
5.20260119	3326
5.20260220	205
