version	total
1.006900	33593
1.007002	149968
1.007003	121953
