version	total
0.001011	35314
0.001013	214249
