version	total
0.103004	10110
0.103005	2559
0.103006	1949
