version	total
0.17024	31590
0.17027	143488
0.17029	3516
0.17030	398
