version	total
1.94	179923
1.99	3036
2.000000	2691
2.001000	2189
2.002000	3486
2.002001	2199
2.003000	1935
