version	total
0.103004	10511
0.103005	2718
0.103006	2233
