version	total
1.006900	32114
1.007002	146171
1.007003	106093
