version	total
1.003008	5992
1.004000	6242
1.004003	2359
