version	total
0.042	72940
1.000000	22786
1.002001	501785
1.002002	305449
