version	total
1.302052	9690
1.302075	17553
1.302140	5713
1.302141	5014
1.302156	5958
1.302164	9912
1.302188	2637
1.302189	2401
1.302190	7965
