version	total
0.001011	38740
0.001013	238297
