version	total
2.000002	5971
2.001000	38516
2.003004	174913
2.005004	33617
