version	total
0.100052	8407
0.100054	2327
0.100055	1775
