version	total
1.003008	6116
1.004000	6361
1.004003	2457
