version	total
2.000002	6012
2.001000	39577
2.003004	178165
2.005004	37797
