version	total
0.008	20627
0.006007	6076
0.008002	12042
0.008004	12011
0.008005	2331
0.008006	2303
0.008007	1891
0.008008	1524
0.008009	1162
