version	total
5.20180120	6745
5.20180626	5475
5.20180820	8964
5.20181130	4940
5.20181218	11361
5.20190420	5408
5.20190524	86484
5.20220120	2619
5.20220220	2684
5.20220313	2531
5.20220320	3297
5.20220420	3539
5.20220527	3278
5.20220620	26169
5.20230220	166
5.20250528	660
5.20250702	436
5.20250720	358
5.20250803	605
5.20250820	2335
5.20250923	2918
5.20251022	2247
5.20251120	2434
