version	total
2.000001	34204
2.000006	25153
2.000008	150597
2.002004	30552
