version	total
0.17024	32368
0.17027	145951
0.17029	3579
0.17030	536
