version	total
1.000019	6977
1.000033	15434
1.000036	91084
1.000037	18273
1.000038	22679
