version	total
1.94	174771
1.99	2871
2.000000	2549
2.001000	2071
2.002000	3369
2.002001	2116
2.003000	1596
