version	total
0.008	12139
0.006007	5965
0.008002	7565
0.008004	7502
0.008005	2136
0.008006	2109
0.008007	1697
0.008008	1323
0.008009	959
