version	total
1.999813	4783
1.999816	4994
1.999829	2157
1.999830	2059
1.999831	1980
1.999832	1971
1.999833	1974
1.999835	1970
1.999836	1908
1.999837	1908
1.999838	1400
1.999839	1185
1.999841	1046
1.999842	1040
2.000000	1050
2.001000	1016
2.001001	998
2.002000	975
2.002001	963
2.003001	650
2.003002	631
2.003003	376
2.003004	84
2.004001	92
2.005001	57
2.005002	59
2.005003	9
