version	total
0.17024	31301
0.17027	142470
0.17029	3510
0.17030	354
