version	total
1.100602	7380
1.100603	1695
