version	total
0.008	18000
0.006007	6031
0.008002	10657
0.008004	10661
0.008005	2229
0.008006	2200
0.008007	1789
0.008008	1416
0.008009	1056
