version	total
1.20141117	5207
1.20190531	2641
