version	total
1.000005	28550
1.002002	8655
1.004002	7744
1.004003	5107
1.004004	145150
1.012004	2674
1.012005	2267
1.014000	2240
1.016002	2049
1.016006	2498
