version	total
0.103004	10407
0.103005	2657
0.103006	2150
