version	total
1.967013	31733
1.967015	142804
