version	total
2.000001	35663
2.000006	25306
2.000008	155205
2.002004	34779
