version	total
0.008	9822
0.006007	5926
0.008002	6376
0.008004	6275
0.008005	2125
0.008006	2099
0.008007	1686
0.008008	1311
0.008009	936
