version	total
1.967013	32237
1.967015	145266
