version	total
5.20180120	6662
5.20180626	5416
5.20180820	8902
5.20181130	4883
5.20181218	11298
5.20190420	5350
5.20190524	85895
5.20220120	2567
5.20220220	2632
5.20220313	2479
5.20220320	3245
5.20220420	3487
5.20220527	3227
5.20220620	26086
5.20230220	113
5.20250528	596
5.20250702	382
5.20250720	306
5.20250803	538
5.20250820	2238
5.20250923	2479
5.20251022	375
