version	total
1.000019	7116
1.000033	15499
1.000036	92570
1.000037	18326
1.000038	30034
