version	total
1.967013	33671
1.967015	151015
