version	total
1.003008	5980
1.004000	6230
1.004003	2348
