version	total
2.000002	6014
2.001000	39768
2.003004	178532
2.005004	38744
