version	total
2.000001	36688
2.000006	25436
2.000008	158074
2.002004	38779
