version	total
0.042	82416
1.000000	23001
1.002001	527576
1.002002	350004
