version	total
1.003008	6177
1.004000	6419
1.004003	2509
