version	total
1.006900	33817
1.007002	150514
1.007003	125389
