version	total
2.000001	38561
2.000006	25676
2.000008	162804
2.002004	46724
