version	total
1.302052	9378
1.302075	15957
1.302140	5563
1.302141	4863
1.302156	5805
1.302164	9294
1.302188	2504
1.302189	2268
1.302190	6491
