version	total
0.008	7783
0.006007	5896
0.008002	5308
0.008004	5163
0.008005	2112
0.008006	2090
0.008007	1676
0.008008	1300
0.008009	914
