version	total
1.000005	27657
1.002002	8611
1.004002	7669
1.004003	5032
1.004004	142493
1.012004	2605
1.012005	2198
1.014000	2169
1.016002	2025
1.016006	2442
