version	total
1.967013	33141
1.967015	149124
