version	total
0.000061	11804
0.000115	6615
0.000116	5395
0.000117	20046
0.000144	2942
0.000145	180809
0.000163	42430
