version	total
4.161950	8504
4.201720	18384
