version	total
0.042	81739
1.000000	22970
1.002001	525992
1.002002	347240
