version	total
1.999813	4771
1.999816	4981
1.999829	2143
1.999830	2049
1.999831	1970
1.999832	1961
1.999833	1964
1.999835	1960
1.999836	1896
1.999837	1898
1.999838	1390
1.999839	1175
1.999841	1036
1.999842	1030
2.000000	1033
2.001000	997
2.001001	980
2.002000	958
2.002001	946
2.003001	642
2.003002	625
2.003003	370
2.003004	76
2.004001	79
2.005001	40
2.005002	41
