version	total
1.967013	34832
1.967015	154921
