version	total
0.204001	2151
0.204003	2130
0.206003	3129
0.207001	2294
0.207002	2266
0.207003	838
