version	total
1.000019	7267
1.000033	15602
1.000036	93832
1.000037	18404
1.000038	45836
