version	total
0.001011	35100
0.001013	212880
