version	total
0.103004	10690
0.103005	2807
0.103006	2369
