version	total
1.20141117	5160
1.20190531	2615
