version	total
1.000019	7195
1.000033	15558
1.000036	93237
1.000037	18366
1.000038	37381
