version	total
0.002005	4941
0.002006	5001
0.002009	7161
