version	total
1.003008	6043
1.004000	6290
1.004003	2397
