version	total
0.002005	4964
0.002006	5110
0.002009	13692
