version	total
1.967013	32890
1.967015	148032
