version	total
5.20180120	6407
5.20180626	5264
5.20180820	8746
5.20181130	4730
5.20181218	11102
5.20190420	5200
5.20190524	83636
5.20220120	2434
5.20220220	2501
5.20220313	2350
5.20220320	3113
5.20220420	3360
5.20220527	3096
5.20220620	24535
