version	total
1.100602	7735
1.100603	1982
