version	total
2.005001	19428
2.006003	164045
2.006006	37594
