version	total
0.204001	2147
0.204003	2126
0.206003	3093
0.207001	2266
0.207002	2238
0.207003	810
