version	total
0.001011	37859
0.001013	231444
