version	total
0.100003	5714
0.100005	2401
0.100006	1821
