version	total
1.003008	5894
1.004000	6145
1.004003	2296
