version	total
0.17024	32019
0.17027	144987
0.17029	3549
0.17030	479
