version	total
0.204001	2209
0.204003	2191
0.206003	3413
0.207001	2431
0.207002	2401
0.207003	971
