version	total
1.006900	31116
1.007002	142887
1.007003	93523
