version	total
1.94	176197
1.99	2910
2.000000	2582
2.001000	2098
2.002000	3400
2.002001	2138
2.003000	1683
