version	total
2.120921	10312
2.150010	97393
