version	total
0.008	20610
0.006007	6069
0.008002	12026
0.008004	11996
0.008005	2317
0.008006	2289
0.008007	1877
0.008008	1510
0.008009	1148
