version	total
0.042	73814
1.000000	22799
1.002001	504538
1.002002	310102
