version	total
2.000002	5956
2.001000	38240
2.003004	174114
2.005004	32844
