version	total
2.120921	10476
2.150010	101875
