version	total
0.001011	35126
0.001013	213080
