version	total
0.100052	8425
0.100054	2330
0.100055	1789
