version	total
2.005001	19335
2.006003	161689
2.006006	34640
