version	total
0.094002	2169
0.094003	1597
