version	total
0.100052	8247
0.100054	2294
0.100055	1692
