version	total
2.120921	10407
2.150010	100162
