version	total
0.103004	10553
0.103005	2739
0.103006	2269
