version	total
0.001011	36187
0.001013	220218
