version	total
1.000005	29160
1.002002	8684
1.004002	7822
1.004003	5186
1.004004	147241
1.012004	2750
1.012005	2343
1.014000	2316
1.016002	2073
1.016006	2552
