version	total
0.000061	12289
0.000115	6683
0.000116	5463
0.000117	20228
0.000144	3007
0.000145	182510
0.000163	49624
