version	total
0.042	75931
1.000000	22823
1.002001	510656
1.002002	319701
