version	total
0.042	80602
1.000000	22938
1.002001	523266
1.002002	342503
