version	total
2.000001	37560
2.000006	25544
2.000008	160123
2.002004	43965
