version	total
2.000024	8271
2.000028	2525
2.000029	7709
