version	total
1.100602	7562
1.100603	1837
