version	total
1.20141117	5317
1.20190531	2732
