version	total
1.006900	31069
1.007002	142715
1.007003	92948
