version	total
1.000005	28677
1.002002	8661
1.004002	7757
1.004003	5120
1.004004	145624
1.012004	2686
1.012005	2279
1.014000	2253
1.016002	2053
1.016006	2506
