version	total
0.100003	5522
0.100005	2265
0.100006	1685
