version	total
1.302052	9354
1.302075	15841
1.302140	5554
1.302141	4854
1.302156	5796
1.302164	9261
1.302188	2498
1.302189	2262
1.302190	6401
