version	total
0.004010	5500
0.004011	5340
