version	total
0.008	18162
0.006007	6034
0.008002	10744
0.008004	10749
0.008005	2233
0.008006	2204
0.008007	1793
0.008008	1420
0.008009	1060
