version	total
0.100052	8360
0.100054	2313
0.100055	1757
