version	total
0.17024	33824
0.17027	150473
0.17029	3718
0.17030	842
