version	total
1.000019	6950
1.000033	15410
1.000036	90867
1.000037	18253
1.000038	21946
