version	total
1.000005	29292
1.002002	8689
1.004002	7841
1.004003	5205
1.004004	147861
1.012004	2768
1.012005	2361
1.014000	2334
1.016002	2077
1.016006	2558
