version	total
1.967013	33594
1.967015	150765
