version	total
4.161950	7962
4.201720	13405
