version	total
1.100602	7731
1.100603	1977
