version	total
0.004010	5732
0.004011	5662
