version	total
0.000061	12628
0.000115	6745
0.000116	5523
0.000117	20321
0.000144	3066
0.000145	183627
0.000163	56581
