version	total
2.000024	7921
2.000028	2378
2.000029	5890
