version	total
0.103004	10478
0.103005	2699
0.103006	2204
