version	total
1.006900	31169
1.007002	143167
1.007003	94348
