version	total
2.000001	33863
2.000006	25085
2.000008	149528
2.002004	29868
