version	total
2.120921	10241
2.150010	95714
