version	total
0.094002	2115
0.094003	1521
