version	total
1.100602	7385
1.100603	1697
