version	total
0.002005	4895
0.002006	4837
0.002009	2276
