version	total
1.006900	32590
1.007002	147563
1.007003	111750
