version	total
2.000001	36727
2.000006	25440
2.000008	158168
2.002004	39122
