version	total
0.000061	12635
0.000115	6746
0.000116	5524
0.000117	20322
0.000144	3067
0.000145	183653
0.000163	56713
