version	total
2.005001	19638
2.006003	168729
2.006006	46097
