version	total
5.20180120	6719
5.20180626	5456
5.20180820	8944
5.20181130	4922
5.20181218	11342
5.20190420	5390
5.20190524	86334
5.20220120	2603
5.20220220	2668
5.20220313	2515
5.20220320	3281
5.20220420	3523
5.20220527	3262
5.20220620	26142
5.20230220	150
5.20250528	642
5.20250702	420
5.20250720	343
5.20250803	587
5.20250820	2329
5.20250923	2782
5.20251022	2090
5.20251120	576
