version	total
0.204001	2194
0.204003	2177
0.206003	3299
0.207001	2371
0.207002	2341
0.207003	911
