version	total
2.000002	5971
2.001000	38525
2.003004	174958
2.005004	33639
