version	total
0.103004	10396
0.103005	2651
0.103006	2142
