version	total
0.000061	12331
0.000115	6689
0.000116	5469
0.000117	20241
0.000144	3013
0.000145	182744
0.000163	50903
