version	total
0.17024	33390
0.17027	148922
0.17029	3671
0.17030	738
