version	total
0.042	72702
1.000000	22776
1.002001	501056
1.002002	304340
