version	total
2.000024	8421
2.000028	2621
2.000029	8312
