version	total
5.20180120	6436
5.20180626	5290
5.20180820	8772
5.20181130	4756
5.20181218	11129
5.20190420	5226
5.20190524	83755
5.20220120	2461
5.20220220	2528
5.20220313	2376
5.20220320	3139
5.20220420	3386
5.20220527	3122
5.20220620	24729
