version	total
1.006900	32875
1.007002	148245
1.007003	114665
