version	total
0.100052	8318
0.100054	2302
0.100055	1741
