version	total
1.100602	7590
1.100603	1857
