version	total
4.161950	8589
4.201720	19147
