version	total
0.100052	8163
0.100054	2261
0.100055	1648
