version	total
2.000001	34405
2.000006	25182
2.000008	151243
2.002004	30996
