version	total
2.005001	19226
2.006003	157743
2.006006	30943
