version	total
2.005001	19489
2.006003	165272
2.006006	40628
