version	total
0.004010	5549
0.004011	5444
