version	total
0.17024	33279
0.17027	148546
0.17029	3654
0.17030	701
