version	total
1.100602	7643
1.100603	1904
