version	total
1.000005	28628
1.002002	8658
1.004002	7752
1.004003	5115
1.004004	145461
1.012004	2683
1.012005	2276
1.014000	2248
1.016002	2051
1.016006	2502
