version	total
2.000001	34112
2.000006	25137
2.000008	150309
2.002004	30282
