version	total
1.006900	33863
1.007002	150597
1.007003	125838
