version	total
2.000001	38504
2.000006	25669
2.000008	162659
2.002004	46573
