version	total
0.004010	5651
0.004011	5565
