version	total
0.002005	4927
0.002006	4941
0.002009	4691
