version	total
1.967013	33812
1.967015	151489
