version	total
0.000061	11342
0.000115	6571
0.000116	5353
0.000117	19918
0.000144	2905
0.000145	176313
0.000163	29852
