version	total
1.302052	9767
1.302075	17866
1.302140	5765
1.302141	5067
1.302156	6012
1.302164	10056
1.302188	2684
1.302189	2447
1.302190	8255
