version	total
2.000002	6010
2.001000	39565
2.003004	178143
2.005004	37770
