version	total
0.001011	35727
0.001013	217377
