version	total
0.042	73189
1.000000	22791
1.002001	502510
1.002002	306776
