version	total
1.000019	7056
1.000033	15473
1.000036	91986
1.000037	18306
1.000038	26724
