version	total
0.001011	39569
0.001013	242823
