version	total
4.161950	7855
4.201720	12495
