version	total
1.967013	33064
1.967015	148867
