version	total
0.001011	38088
0.001013	233503
