version	total
1.006900	34368
1.007002	151977
1.007003	133725
