version	total
1.100602	7672
1.100603	1926
