version	total
4.161950	8293
4.201720	16164
