version	total
0.000061	11824
0.000115	6619
0.000116	5399
0.000117	20055
0.000144	2945
0.000145	180841
0.000163	42718
