version	total
2.005001	19448
2.006003	164573
2.006006	38547
