version	total
0.103004	10487
0.103005	2704
0.103006	2210
