version	total
2.000002	5967
2.001000	38441
2.003004	174708
2.005004	33455
