version	total
1.000019	7027
1.000033	15462
1.000036	91609
1.000037	18292
1.000038	25086
