version	total
0.17024	31623
0.17027	143652
0.17029	3517
0.17030	400
