version	total
1.302052	9701
1.302075	17625
1.302140	5721
1.302141	5022
1.302156	5966
1.302164	9942
1.302188	2645
1.302189	2409
1.302190	8026
