version	total
1.967013	34273
1.967015	152951
