version	total
0.000061	12506
0.000115	6717
0.000116	5496
0.000117	20285
0.000144	3040
0.000145	183348
0.000163	54639
