version	total
0.100052	8228
0.100054	2288
0.100055	1680
