version	total
1.100602	7492
1.100603	1778
