version	total
1.20141117	5228
1.20190531	2661
