version	total
0.000061	11097
0.000115	6556
0.000116	5337
0.000117	19847
0.000144	2892
0.000145	175066
0.000163	22592
