version	total
4.161950	8239
4.201720	15696
