version	total
2.000001	36415
2.000006	25403
2.000008	157383
2.002004	37471
