version	total
1.94	178121
1.99	2976
2.000000	2638
2.001000	2146
2.002000	3443
2.002001	2170
2.003000	1813
