version	total
2.000001	34944
2.000006	25248
2.000008	152991
2.002004	32702
