version	total
4.161950	7898
4.201720	12767
