version	total
4.161950	8421
4.201720	17874
