version	total
0.000061	12092
0.000115	6658
0.000116	5438
0.000117	20173
0.000144	2984
0.000145	181756
0.000163	47288
