version	total
1.20141117	5255
1.20190531	2690
