version	total
2.000024	8095
2.000028	2420
2.000029	6902
