version	total
0.17024	30955
0.17027	141248
0.17029	3503
0.17030	297
