version	total
1.999813	4769
1.999816	4978
1.999829	2141
1.999830	2047
1.999831	1968
1.999832	1959
1.999833	1962
1.999835	1958
1.999836	1894
1.999837	1896
1.999838	1388
1.999839	1173
1.999841	1034
1.999842	1028
2.000000	1030
2.001000	994
2.001001	977
2.002000	955
2.002001	943
2.003001	641
2.003002	624
2.003003	369
2.003004	75
2.004001	77
2.005001	37
2.005002	38
