version	total
1.000005	28367
1.002002	8642
1.004002	7729
1.004003	5092
1.004004	144609
1.012004	2660
1.012005	2253
1.014000	2225
1.016002	2038
1.016006	2479
