version	total
1.006900	34070
1.007002	151125
1.007003	128840
