version	total
2.120921	10448
2.150010	101139
