version	total
0.100052	8165
0.100054	2263
0.100055	1650
