version	total
1.000005	27566
1.002002	8605
1.004002	7656
1.004003	5019
1.004004	142107
1.012004	2593
1.012005	2186
1.014000	2157
1.016002	2022
1.016006	2435
