version	total
2.000002	5907
2.001000	37244
2.003004	170774
2.005004	29585
