version	total
2.000001	33837
2.000006	25073
2.000008	149446
2.002004	29785
