version	total
2.000001	36543
2.000006	25420
2.000008	157725
2.002004	38181
