version	total
2.000001	34540
2.000006	25198
2.000008	151655
2.002004	31416
