version	total
1.000019	7239
1.000033	15584
1.000036	93601
1.000037	18385
1.000038	41703
