version	total
0.103004	10606
0.103005	2767
0.103006	2310
