version	total
0.001011	34837
0.001013	211487
