version	total
2.000002	5993
2.001000	38999
2.003004	176536
2.005004	34902
