version	total
2.000002	6031
2.001000	40122
2.003004	179490
2.005004	41053
