version	total
0.17024	31596
0.17027	143526
0.17029	3516
0.17030	398
