version	total
2.000002	5917
2.001000	37378
2.003004	171272
2.005004	29920
