version	total
1.967013	33268
1.967015	149556
