version	total
0.17024	32596
0.17027	146549
0.17029	3595
0.17030	574
