version	total
0.17024	32936
0.17027	147486
0.17029	3622
0.17030	631
