version	total
4.161950	7768
4.201720	11696
