version	total
2.000024	8197
2.000028	2478
2.000029	7310
