version	total
0.103004	10521
0.103005	2724
0.103006	2247
