version	total
1.967013	32586
1.967015	146789
