version	total
1.006900	33726
1.007002	150329
1.007003	124348
