version	total
1.003008	6106
1.004000	6352
1.004003	2449
