version	total
2.000002	5915
2.001000	37327
2.003004	171057
2.005004	29755
