version	total
0.001011	35202
0.001013	213562
