version	total
4.161950	7828
4.201720	12144
