version	total
0.204001	2198
0.204003	2181
0.206003	3328
0.207001	2389
0.207002	2359
0.207003	929
