version	total
2.000002	6014
2.001000	39714
2.003004	178447
2.005004	38400
