version	total
1.006900	34277
1.007002	151671
1.007003	131862
