version	total
2.000001	37309
2.000006	25520
2.000008	159493
2.002004	43168
