version	total
2.005001	19295
2.006003	160248
2.006006	33147
