version	total
0.008	20642
0.006007	6082
0.008002	12057
0.008004	12026
0.008005	2344
0.008006	2316
0.008007	1904
0.008008	1537
0.008009	1177
