version	total
1.006900	33551
1.007002	149877
1.007003	121297
