version	total
1.003008	6057
1.004000	6304
1.004003	2410
