version	total
2.000002	6024
2.001000	39958
2.003004	179066
2.005004	39950
