version	total
0.002005	4981
0.002006	5163
0.002009	16713
