version	total
2.000002	5969
2.001000	38491
2.003004	174872
2.005004	33595
