version	total
1.302052	9596
1.302075	17074
1.302140	5654
1.302141	4953
1.302156	5898
1.302164	9717
1.302188	2580
1.302189	2344
1.302190	7514
