version	total
2.000024	8203
2.000028	2481
2.000029	7351
