version	total
0.042	79432
1.000000	22907
1.002001	520672
1.002002	337894
