version	total
2.000001	34533
2.000006	25197
2.000008	151628
2.002004	31370
