version	total
1.20141117	5214
1.20190531	2647
