version	total
0.204001	2195
0.204003	2178
0.206003	3304
0.207001	2373
0.207002	2343
0.207003	913
