version	total
2.000002	6018
2.001000	39830
2.003004	178686
2.005004	39367
