version	total
1.302052	9710
1.302075	17683
1.302140	5729
1.302141	5030
1.302156	5974
1.302164	9961
1.302188	2652
1.302189	2416
1.302190	8076
