version	total
0.100003	5589
0.100005	2302
0.100006	1721
