version	total
0.008	12342
0.006007	5968
0.008002	7680
0.008004	7619
0.008005	2137
0.008006	2110
0.008007	1698
0.008008	1324
0.008009	960
