version	total
0.100003	5478
0.100005	2248
0.100006	1663
