version	total
1.967013	33126
1.967015	149062
