version	total
1.100602	7389
1.100603	1700
