version	total
0.000061	11992
0.000115	6645
0.000116	5425
0.000117	20123
0.000144	2972
0.000145	181359
0.000163	45566
