version	total
1.94	172264
1.99	2806
2.000000	2495
2.001000	2023
2.002000	3326
2.002001	2080
2.003000	1451
