version	total
2.005001	19331
2.006003	161474
2.006006	34467
