version	total
2.000002	5961
2.001000	38286
2.003004	174295
2.005004	32981
