version	total
1.100602	7715
1.100603	1963
