version	total
1.999813	4793
1.999816	5009
1.999829	2163
1.999830	2065
1.999831	1986
1.999832	1977
1.999833	1980
1.999835	1976
1.999836	1914
1.999837	1914
1.999838	1406
1.999839	1191
1.999841	1052
1.999842	1046
2.000000	1056
2.001000	1021
2.001001	1003
2.002000	981
2.002001	969
2.003001	655
2.003002	636
2.003003	381
2.003004	91
2.004001	100
2.005001	65
2.005002	67
2.005003	27
