version	total
0.002005	4991
0.002006	5192
0.002009	18013
