version	total
0.204001	2191
0.204003	2174
0.206003	3276
0.207001	2356
0.207002	2326
0.207003	896
