version	total
0.094002	2142
0.094003	1573
