version	total
0.100003	5696
0.100005	2386
0.100006	1806
