version	total
1.94	177720
1.99	2955
2.000000	2622
2.001000	2134
2.002000	3427
2.002001	2153
2.003000	1775
