version	total
1.302052	9539
1.302075	16875
1.302140	5618
1.302141	4918
1.302156	5863
1.302164	9620
1.302188	2548
1.302189	2312
1.302190	7320
