version	total
4.161950	8579
4.201720	18996
