version	total
1.000005	26359
1.002002	8559
1.004002	7599
1.004003	4955
1.004004	137481
1.012004	2547
1.012005	2137
1.014000	2109
1.016002	1994
1.016006	2339
