version	total
0.042	78583
1.000000	22887
1.002001	518449
1.002002	333553
