version	total
0.042	72851
1.000000	22786
1.002001	501418
1.002002	304834
