version	total
2.005001	19386
2.006003	163182
2.006006	35859
