version	total
1.20141117	5175
1.20190531	2625
