version	total
2.000001	36838
2.000006	25456
2.000008	158388
2.002004	39412
