version	total
1.94	166453
1.99	2724
2.000000	2444
2.001000	2004
2.002000	3182
2.002001	1977
2.003000	1109
