version	total
0.042	81694
1.000000	22969
1.002001	525874
1.002002	347043
