version	total
0.100003	5501
0.100005	2257
0.100006	1673
