version	total
0.008	20009
0.006007	6047
0.008002	11674
0.008004	11659
0.008005	2269
0.008006	2241
0.008007	1830
0.008008	1456
0.008009	1098
