version	total
1.967013	31940
1.967015	143704
