version	total
2.005001	19339
2.006003	161874
2.006006	34790
