version	total
0.001011	38487
0.001013	237253
