version	total
2.005001	19494
2.006003	165299
2.006006	40650
