version	total
2.120921	10199
2.150010	94726
