version	total
4.161950	7911
4.201720	12956
