version	total
0.002005	4944
0.002006	5016
0.002009	7909
