version	total
5.20180120	6575
5.20180626	5355
5.20180820	8841
5.20181130	4822
5.20181218	11219
5.20190420	5289
5.20190524	85281
5.20220120	2510
5.20220220	2576
5.20220313	2423
5.20220320	3188
5.20220420	3431
5.20220527	3171
5.20220620	25996
5.20230220	51
5.20250528	529
5.20250702	319
5.20250720	243
5.20250803	454
5.20250820	813
