version	total
4.161950	7971
4.201720	13527
