version	total
2.005001	19517
2.006003	165804
2.006006	41470
