version	total
0.000061	12358
0.000115	6695
0.000116	5474
0.000117	20250
0.000144	3019
0.000145	182834
0.000163	51638
