version	total
2.005001	19437
2.006003	164204
2.006006	38169
