version	total
0.042	81630
1.000000	22967
1.002001	525718
1.002002	346710
