version	total
0.100003	5622
0.100005	2329
0.100006	1747
