version	total
0.17024	31800
0.17027	144190
0.17029	3527
0.17030	433
