version	total
2.000002	6007
2.001000	39371
2.003004	177671
2.005004	37049
