version	total
2.005001	19280
2.006003	159442
2.006006	32598
