version	total
1.999813	4823
1.999816	5058
1.999829	2183
1.999830	2086
1.999831	2007
1.999832	1998
1.999833	1999
1.999835	1997
1.999836	1935
1.999837	1935
1.999838	1427
1.999839	1213
1.999841	1074
1.999842	1068
2.000000	1078
2.001000	1043
2.001001	1026
2.002000	1002
2.002001	988
2.003001	676
2.003002	657
2.003003	401
2.003004	112
2.004001	122
2.005001	88
2.005002	90
2.005003	71
