version	total
0.004010	5678
0.004011	5598
