version	total
1.967013	32804
1.967015	147738
