version	total
4.161950	8213
4.201720	15371
