version	total
0.000061	11250
0.000115	6566
0.000116	5346
0.000117	19895
0.000144	2900
0.000145	175872
0.000163	26240
