version	total
2.000002	5901
2.001000	37108
2.003004	170388
2.005004	29304
