version	total
0.042	74368
1.000000	22806
1.002001	506299
1.002002	312977
