version	total
1.006900	34407
1.007002	152139
1.007003	134794
