version	total
0.004010	5475
0.004011	5289
