version	total
1.100602	7593
1.100603	1860
