version	total
0.204001	2204
0.204003	2186
0.206003	3366
0.207001	2419
0.207002	2389
0.207003	959
