version	total
1.302052	9703
1.302075	17635
1.302140	5723
1.302141	5024
1.302156	5968
1.302164	9945
1.302188	2647
1.302189	2411
1.302190	8032
