version	total
1.999813	4881
1.999816	5158
1.999829	2223
1.999830	2128
1.999831	2048
1.999832	2040
1.999833	2041
1.999835	2039
1.999836	1977
1.999837	1976
1.999838	1468
1.999839	1253
1.999841	1115
1.999842	1108
2.000000	1270
2.001000	1232
2.001001	1214
2.002000	1128
2.002001	1115
2.003001	714
2.003002	698
2.003003	439
2.003004	154
2.004001	162
2.005001	282
2.005002	284
2.005003	284
