version	total
1.000005	28814
1.002002	8664
1.004002	7773
1.004003	5136
1.004004	146012
1.012004	2702
1.012005	2294
1.014000	2268
1.016002	2056
1.016006	2513
