version	total
4.161950	8053
4.201720	14252
