version	total
1.302052	9634
1.302075	17271
1.302140	5678
1.302141	4977
1.302156	5922
1.302164	9806
1.302188	2604
1.302189	2367
1.302190	7686
