version	total
2.000024	8045
2.000028	2409
2.000029	6675
