version	total
1.003008	5973
1.004000	6220
1.004003	2342
