version	total
0.001011	34865
0.001013	211695
