version	total
1.006900	31531
1.007002	144419
1.007003	98282
