version	total
1.94	173350
1.99	2836
2.000000	2520
2.001000	2045
2.002000	3346
2.002001	2098
2.003000	1514
