version	total
1.94	173450
1.99	2843
2.000000	2525
2.001000	2048
2.002000	3351
2.002001	2104
2.003000	1523
