version	total
2.005001	19454
2.006003	164638
2.006006	38799
