version	total
2.005001	19179
2.006003	156644
2.006006	30163
