version	total
0.103004	10608
0.103005	2769
0.103006	2311
