version	total
0.100003	5748
0.100005	2429
0.100006	1848
