version	total
0.042	78717
1.000000	22891
1.002001	518810
1.002002	334249
