version	total
2.005001	19134
2.006003	155969
2.006006	29849
