version	total
0.204001	2205
0.204003	2187
0.206003	3374
0.207001	2421
0.207002	2391
0.207003	961
