version	total
0.204001	2215
0.204003	2195
0.206003	3463
0.207001	2447
0.207002	2416
0.207003	986
