version	total
1.003008	5930
1.004000	6177
1.004003	2309
