version	total
0.008	4993
0.006007	5824
0.008002	3806
0.008004	3669
0.008005	2068
0.008006	2046
0.008007	1632
0.008008	1256
0.008009	869
