version	total
0.042	81106
1.000000	22953
1.002001	524580
1.002002	344563
