version	total
4.161950	7742
4.201720	11552
