version	total
0.17024	31271
0.17027	142351
0.17029	3508
0.17030	349
