version	total
1.006900	33684
1.007002	150230
1.007003	123668
