version	total
1.967013	32668
1.967015	147094
