version	total
0.002005	4947
0.002006	5024
0.002009	8643
