version	total
2.000024	8100
2.000028	2423
2.000029	6912
