version	total
2.000002	6071
2.001000	41130
2.003004	182175
2.005004	44536
