version	total
1.006900	30689
1.007002	141360
1.007003	88993
