version	total
0.008	13633
0.006007	5989
0.008002	8392
0.008004	8347
0.008005	2149
0.008006	2120
0.008007	1709
0.008008	1336
0.008009	972
