version	total
2.000024	8209
2.000028	2486
2.000029	7402
