version	total
1.999813	4776
1.999816	4986
1.999829	2150
1.999830	2053
1.999831	1974
1.999832	1965
1.999833	1968
1.999835	1964
1.999836	1902
1.999837	1902
1.999838	1394
1.999839	1179
1.999841	1040
1.999842	1034
2.000000	1039
2.001000	1004
2.001001	986
2.002000	964
2.002001	952
2.003001	646
2.003002	627
2.003003	372
2.003004	80
2.004001	84
2.005001	46
2.005002	48
