version	total
0.100052	8167
0.100054	2265
0.100055	1652
