version	total
0.042	78421
1.000000	22883
1.002001	518053
1.002002	332692
