version	total
1.302052	9574
1.302075	16990
1.302140	5639
1.302141	4938
1.302156	5883
1.302164	9680
1.302188	2565
1.302189	2329
1.302190	7430
