version	total
0.000061	12938
0.000115	6798
0.000116	5574
0.000117	20410
0.000144	3114
0.000145	184474
0.000163	63153
