version	total
1.006900	33138
1.007002	148814
1.007003	117195
