version	total
1.000019	7053
1.000033	15473
1.000036	91939
1.000037	18304
1.000038	26521
