version	total
2.000001	35793
2.000006	25318
2.000008	155571
2.002004	35160
