version	total
1.006900	30725
1.007002	141478
1.007003	89219
