version	total
0.008	20624
0.006007	6076
0.008002	12040
0.008004	12009
0.008005	2329
0.008006	2301
0.008007	1889
0.008008	1522
0.008009	1160
