version	total
1.100602	7394
1.100603	1702
