version	total
0.094002	2175
0.094003	1603
