version	total
0.103004	10374
0.103005	2642
0.103006	2129
