version	total
2.000001	35707
2.000006	25312
2.000008	155376
2.002004	34924
