version	total
1.302052	9537
1.302075	16864
1.302140	5617
1.302141	4917
1.302156	5862
1.302164	9616
1.302188	2547
1.302189	2311
1.302190	7309
