version	total
1.100602	7451
1.100603	1755
