version	total
0.103004	10192
0.103005	2588
0.103006	1996
