version	total
0.000061	11999
0.000115	6648
0.000116	5428
0.000117	20130
0.000144	2974
0.000145	181398
0.000163	45783
