version	total
0.042	74214
1.000000	22805
1.002001	505814
1.002002	312104
