version	total
1.006900	31025
1.007002	142568
1.007003	92598
