version	total
2.120921	10250
2.150010	95843
