version	total
0.008	20638
0.006007	6079
0.008002	12053
0.008004	12022
0.008005	2341
0.008006	2313
0.008007	1901
0.008008	1534
0.008009	1174
