version	total
2.005001	19683
2.006003	169514
2.006006	46914
