version	total
1.006900	32775
1.007002	148016
1.007003	113552
