version	total
4.161950	8441
4.201720	17978
