version	total
2.005001	19212
2.006003	157512
2.006006	30791
