version	total
0.004010	5524
0.004011	5413
