version	total
5.20180120	6663
5.20180626	5417
5.20180820	8903
5.20181130	4884
5.20181218	11300
5.20190420	5351
5.20190524	85910
5.20220120	2568
5.20220220	2633
5.20220313	2480
5.20220320	3246
5.20220420	3488
5.20220527	3228
5.20220620	26088
5.20230220	114
5.20250528	597
5.20250702	383
5.20250720	307
5.20250803	539
5.20250820	2242
5.20250923	2480
5.20251022	465
