version	total
1.000005	27015
1.002002	8581
1.004002	7621
1.004003	4985
1.004004	140167
1.012004	2566
1.012005	2157
1.014000	2128
1.016002	2011
1.016006	2398
