version	total
1.100602	7350
1.100603	1679
