version	total
2.000002	5894
2.001000	37032
2.003004	170116
2.005004	29093
