version	total
0.17024	33684
0.17027	149893
0.17029	3702
0.17030	815
