version	total
1.967013	31915
1.967015	143580
