version	total
1.003008	5851
1.004000	6093
1.004003	2278
