version	total
0.008	9562
0.006007	5921
0.008002	6228
0.008004	6136
0.008005	2124
0.008006	2098
0.008007	1685
0.008008	1310
0.008009	928
