version	total
0.001011	38387
0.001013	236470
