version	total
1.003008	6058
1.004000	6305
1.004003	2411
