version	total
4.161950	8246
4.201720	15765
