version	total
1.967013	32422
1.967015	145946
