version	total
0.042	74860
1.000000	22813
1.002001	507729
1.002002	315372
