version	total
0.001011	35547
0.001013	215823
