version	total
0.000061	10728
0.000115	6515
0.000116	5295
0.000117	19703
0.000144	2861
0.000145	173308
0.000163	17650
