version	total
0.204001	2219
0.204003	2200
0.206003	3498
0.207001	2456
0.207002	2425
0.207003	996
