version	total
1.967013	31542
1.967015	141846
