version	total
0.204001	2150
0.204003	2129
0.206003	3119
0.207001	2287
0.207002	2259
0.207003	831
