version	total
2.000024	8017
2.000028	2403
2.000029	6483
