version	total
1.003008	5919
1.004000	6168
1.004003	2305
