version	total
2.000001	34791
2.000006	25229
2.000008	152524
2.002004	32366
