version	total
0.000061	11766
0.000115	6607
0.000116	5387
0.000117	20031
0.000144	2935
0.000145	180620
0.000163	41500
