version	total
1.000005	27964
1.002002	8620
1.004002	7695
1.004003	5058
1.004004	143445
1.012004	2630
1.012005	2223
1.014000	2194
1.016002	2029
1.016006	2456
