version	total
2.000002	6056
2.001000	40845
2.003004	181420
2.005004	43687
