version	total
0.103004	10391
0.103005	2648
0.103006	2138
