version	total
2.005001	19409
2.006003	163719
2.006006	36219
