version	total
5.20180120	6428
5.20180626	5283
5.20180820	8765
5.20181130	4749
5.20181218	11122
5.20190420	5219
5.20190524	83728
5.20220120	2453
5.20220220	2521
5.20220313	2369
5.20220320	3132
5.20220420	3379
5.20220527	3115
5.20220620	24682
