version	total
0.094002	2185
0.094003	1614
