version	total
4.161950	8275
4.201720	15996
