version	total
2.005001	19261
2.006003	158958
2.006006	32151
