version	total
0.004010	5576
0.004011	5477
