version	total
2.120921	10216
2.150010	95049
