version	total
0.17024	30056
0.17027	137665
0.17029	3444
0.17030	148
