version	total
2.000002	6031
2.001000	40139
2.003004	179539
2.005004	41192
