version	total
1.006900	30999
1.007002	142470
1.007003	92331
