version	total
2.000001	34590
2.000006	25205
2.000008	151872
2.002004	31582
