version	total
2.000001	35048
2.000006	25254
2.000008	153329
2.002004	32887
