version	total
0.000061	10979
0.000115	6545
0.000116	5326
0.000117	19798
0.000144	2886
0.000145	174483
0.000163	20679
