version	total
1.967013	32027
1.967015	144136
