version	total
0.100003	5436
0.100005	2215
0.100006	1630
