version	total
0.001011	37361
0.001013	227445
