version	total
1.967013	32793
1.967015	147703
