version	total
0.000061	12880
0.000115	6790
0.000116	5566
0.000117	20396
0.000144	3106
0.000145	184300
0.000163	61597
