version	total
1.302052	9665
1.302075	17409
1.302140	5695
1.302141	4996
1.302156	5940
1.302164	9858
1.302188	2619
1.302189	2383
1.302190	7828
