version	total
0.001011	37045
0.001013	225443
