version	total
5.20180120	6617
5.20180626	5383
5.20180820	8869
5.20181130	4851
5.20181218	11249
5.20190420	5317
5.20190524	85511
5.20220120	2536
5.20220220	2601
5.20220313	2448
5.20220320	3214
5.20220420	3456
5.20220527	3196
5.20220620	26039
5.20230220	82
5.20250528	562
5.20250702	351
5.20250720	274
5.20250803	494
5.20250820	2125
5.20250923	390
