version	total
1.967013	35181
1.967015	156687
