version	total
1.006900	32681
1.007002	147779
1.007003	112700
