version	total
1.000005	27774
1.002002	8617
1.004002	7681
1.004003	5044
1.004004	142839
1.012004	2617
1.012005	2210
1.014000	2181
1.016002	2027
1.016006	2446
