version	total
1.006900	33176
1.007002	148905
1.007003	117548
