version	total
0.001011	38443
0.001013	237077
