version	total
1.006900	31440
1.007002	144029
1.007003	97162
