version	total
1.967013	34729
1.967015	154552
