version	total
0.17024	31474
0.17027	143064
0.17029	3513
0.17030	370
