version	total
2.005001	19665
2.006003	169243
2.006006	46669
