version	total
2.000002	5989
2.001000	38960
2.003004	176353
2.005004	34794
