version	total
0.17024	31485
0.17027	143102
0.17029	3513
0.17030	371
