version	total
4.161950	8600
4.201720	19255
