version	total
0.004010	5497
0.004011	5334
