version	total
0.204001	2179
0.204003	2158
0.206003	3212
0.207001	2323
0.207002	2292
0.207003	863
