version	total
0.17024	30923
0.17027	141135
0.17029	3502
0.17030	293
