version	total
0.042	79471
1.000000	22907
1.002001	520776
1.002002	338052
