version	total
4.161950	8117
4.201720	14815
