version	total
1.000005	25787
1.002002	8505
1.004002	7543
1.004003	4899
1.004004	135135
1.012004	2500
1.012005	2089
1.014000	2060
1.016002	1948
1.016006	2278
