version	total
0.000061	10949
0.000115	6544
0.000116	5325
0.000117	19791
0.000144	2885
0.000145	174426
0.000163	20381
