version	total
0.008	15652
0.006007	6013
0.008002	9426
0.008004	9416
0.008005	2190
0.008006	2161
0.008007	1750
0.008008	1377
0.008009	1015
