version	total
1.000019	7256
1.000033	15596
1.000036	93730
1.000037	18398
1.000038	44030
