version	total
2.000002	5985
2.001000	38845
2.003004	175974
2.005004	34486
