version	total
2.120921	10397
2.150010	100035
