version	total
1.000019	7109
1.000033	15496
1.000036	92479
1.000037	18323
1.000038	29528
