version	total
0.100052	8348
0.100054	2310
0.100055	1753
