version	total
1.003008	5986
1.004000	6236
1.004003	2354
