version	total
0.008	19301
0.006007	6042
0.008002	11321
0.008004	11316
0.008005	2256
0.008006	2227
0.008007	1816
0.008008	1443
0.008009	1083
