version	total
1.967013	31842
1.967015	143298
