version	total
2.000002	6053
2.001000	40737
2.003004	181148
2.005004	43464
