version	total
1.000019	7056
1.000033	15473
1.000036	91973
1.000037	18305
1.000038	26667
