version	total
1.94	179836
1.99	3031
2.000000	2687
2.001000	2186
2.002000	3482
2.002001	2196
2.003000	1928
