version	total
2.000024	8392
2.000028	2600
2.000029	8174
