version	total
0.001011	39551
0.001013	242726
