version	total
2.005001	19209
2.006003	157464
2.006006	30765
