version	total
2.000024	8415
2.000028	2616
2.000029	8278
