version	total
0.000061	12048
0.000115	6654
0.000116	5434
0.000117	20151
0.000144	2980
0.000145	181631
0.000163	46557
