version	total
1.302052	9535
1.302075	16851
1.302140	5615
1.302141	4915
1.302156	5860
1.302164	9612
1.302188	2545
1.302189	2309
1.302190	7294
