version	total
1.000005	27516
1.002002	8601
1.004002	7649
1.004003	5012
1.004004	141842
1.012004	2588
1.012005	2181
1.014000	2152
1.016002	2022
1.016006	2434
