version	total
5.20180120	6424
5.20180626	5279
5.20180820	8761
5.20181130	4745
5.20181218	11117
5.20190420	5215
5.20190524	83710
5.20220120	2449
5.20220220	2516
5.20220313	2365
5.20220320	3128
5.20220420	3375
5.20220527	3111
5.20220620	24641
