version	total
0.001011	39102
0.001013	240241
