version	total
1.006900	34418
1.007002	152161
1.007003	135039
