version	total
1.006900	31520
1.007002	144387
1.007003	98201
