version	total
0.17024	33031
0.17027	147802
0.17029	3630
0.17030	654
