version	total
1.003008	6096
1.004000	6342
1.004003	2442
