version	total
1.967013	32601
1.967015	146826
