version	total
5.20180120	6740
5.20180626	5471
5.20180820	8960
5.20181130	4937
5.20181218	11359
5.20190420	5404
5.20190524	86450
5.20220120	2617
5.20220220	2682
5.20220313	2529
5.20220320	3295
5.20220420	3537
5.20220527	3276
5.20220620	26164
5.20230220	164
5.20250528	658
5.20250702	434
5.20250720	356
5.20250803	602
5.20250820	2330
5.20250923	2889
5.20251022	2212
5.20251120	2096
