version	total
1.999813	4826
1.999816	5063
1.999829	2185
1.999830	2088
1.999831	2009
1.999832	2000
1.999833	2001
1.999835	1999
1.999836	1937
1.999837	1937
1.999838	1429
1.999839	1215
1.999841	1076
1.999842	1070
2.000000	1080
2.001000	1045
2.001001	1028
2.002000	1004
2.002001	990
2.003001	678
2.003002	659
2.003003	403
2.003004	114
2.004001	124
2.005001	90
2.005002	92
2.005003	73
