version	total
1.006900	33128
1.007002	148785
1.007003	117114
