version	total
1.999813	4760
1.999816	4968
1.999829	2133
1.999830	2038
1.999831	1960
1.999832	1950
1.999833	1953
1.999835	1949
1.999836	1886
1.999837	1887
1.999838	1379
1.999839	1164
1.999841	1025
1.999842	1019
2.000000	1020
2.001000	986
2.001001	968
2.002000	945
2.002001	933
2.003001	636
2.003002	618
2.003003	363
2.003004	70
2.004001	67
2.005001	25
2.005002	26
