version	total
5.20180120	6578
5.20180626	5358
5.20180820	8844
5.20181130	4826
5.20181218	11223
5.20190420	5292
5.20190524	85317
5.20220120	2513
5.20220220	2579
5.20220313	2426
5.20220320	3191
5.20220420	3434
5.20220527	3174
5.20220620	26005
5.20230220	54
5.20250528	532
5.20250702	322
5.20250720	246
5.20250803	459
5.20250820	983
