version	total
2.120921	10235
2.150010	95537
