version	total
1.967013	35204
1.967015	156762
