version	total
1.94	177096
1.99	2932
2.000000	2602
2.001000	2116
2.002000	3416
2.002001	2144
2.003000	1720
