version	total
2.005001	19685
2.006003	169561
2.006006	46953
