version	total
0.100003	5572
0.100005	2290
0.100006	1709
