version	total
1.20141117	5277
1.20190531	2707
