version	total
2.000024	8223
2.000028	2492
2.000029	7456
