version	total
0.100003	5734
0.100005	2418
0.100006	1838
