version	total
0.000061	11934
0.000115	6637
0.000116	5417
0.000117	20096
0.000144	2964
0.000145	181179
0.000163	44496
