version	total
1.302052	9334
1.302075	15781
1.302140	5538
1.302141	4838
1.302156	5780
1.302164	9236
1.302188	2482
1.302189	2246
1.302190	6356
