version	total
2.005001	19249
2.006003	158565
2.006006	31639
