version	total
0.100052	8145
0.100054	2246
0.100055	1632
