version	total
2.120921	10373
2.150010	99382
