version	total
1.003008	6015
1.004000	6265
1.004003	2378
