version	total
0.17024	31370
0.17027	142757
0.17029	3511
0.17030	358
