version	total
0.094002	2118
0.094003	1524
