version	total
1.302052	9422
1.302075	16157
1.302140	5577
1.302141	4876
1.302156	5819
1.302164	9377
1.302188	2513
1.302189	2277
1.302190	6684
