version	total
2.000002	6076
2.001000	41229
2.003004	182467
2.005004	44796
