version	total
2.120921	10305
2.150010	97198
