version	total
0.094002	2138
0.094003	1570
