version	total
1.999813	4756
1.999816	4963
1.999829	2130
1.999830	2035
1.999831	1957
1.999832	1947
1.999833	1950
1.999835	1946
1.999836	1883
1.999837	1884
1.999838	1376
1.999839	1161
1.999841	1022
1.999842	1016
2.000000	1015
2.001000	981
2.001001	963
2.002000	942
2.002001	930
2.003001	634
2.003002	616
2.003003	361
2.003004	69
2.004001	65
2.005001	19
2.005002	20
