version	total
2.005001	19425
2.006003	163951
2.006006	37105
