version	total
0.100003	5439
0.100005	2218
0.100006	1633
