version	total
1.006900	31920
1.007002	145587
1.007003	102589
