version	total
0.008	20119
0.006007	6047
0.008002	11741
0.008004	11717
0.008005	2272
0.008006	2243
0.008007	1833
0.008008	1459
0.008009	1101
