version	total
0.001011	38376
0.001013	236412
