version	total
2.005001	19419
2.006003	163798
2.006006	36647
