version	total
5.20180120	6727
5.20180626	5462
5.20180820	8951
5.20181130	4928
5.20181218	11349
5.20190420	5396
5.20190524	86378
5.20220120	2609
5.20220220	2674
5.20220313	2521
5.20220320	3287
5.20220420	3529
5.20220527	3268
5.20220620	26152
5.20230220	156
5.20250528	648
5.20250702	426
5.20250720	348
5.20250803	593
5.20250820	2330
5.20250923	2823
5.20251022	2142
5.20251120	954
