version	total
0.100003	5731
0.100005	2415
0.100006	1835
