version	total
2.000001	37708
2.000006	25556
2.000008	160533
2.002004	44206
