version	total
0.042	81836
1.000000	22977
1.002001	526161
1.002002	347592
