version	total
2.005001	19639
2.006003	168746
2.006006	46122
