version	total
2.005001	19636
2.006003	168703
2.006006	46055
