version	total
0.100003	5702
0.100005	2391
0.100006	1811
