version	total
1.006900	33459
1.007002	149606
1.007003	120253
