version	total
0.001011	35486
0.001013	215337
