version	total
2.005001	19294
2.006003	160140
2.006006	33053
