version	total
0.100003	5670
0.100005	2365
0.100006	1786
