version	total
0.204001	2157
0.204003	2136
0.206003	3147
0.207001	2300
0.207002	2272
0.207003	844
