version	total
2.000002	6054
2.001000	40750
2.003004	181175
2.005004	43491
