version	total
0.17024	30583
0.17027	139627
0.17029	3488
0.17030	235
