version	total
0.002005	4920
0.002006	4898
0.002009	3280
