version	total
2.005001	19137
2.006003	156014
2.006006	29871
