version	total
5.20180120	6860
5.20180626	5564
5.20180820	9056
5.20181130	5042
5.20181218	11467
5.20190420	5502
5.20190524	87116
5.20220120	2699
5.20220220	2768
5.20220313	2613
5.20220320	3379
5.20220420	3621
5.20220527	3358
5.20220620	26284
5.20230220	252
5.20250528	743
5.20250702	519
5.20250720	443
5.20250803	702
5.20250820	2371
5.20250923	3210
5.20251022	2609
5.20251120	3164
5.20251220	2299
5.20260119	3326
5.20260220	308
