version	total
4.161950	8364
4.201720	17288
