version	total
1.302052	9582
1.302075	17023
1.302140	5645
1.302141	4944
1.302156	5889
1.302164	9694
1.302188	2571
1.302189	2335
1.302190	7475
