version	total
1.967013	32690
1.967015	147181
