version	total
4.161950	8025
4.201720	14081
