version	total
0.042	79835
1.000000	22918
1.002001	521502
1.002002	339377
