version	total
5.20180120	6846
5.20180626	5553
5.20180820	9045
5.20181130	5031
5.20181218	11447
5.20190420	5489
5.20190524	87029
5.20220120	2688
5.20220220	2757
5.20220313	2602
5.20220320	3368
5.20220420	3610
5.20220527	3348
5.20220620	26272
5.20230220	241
5.20250528	732
5.20250702	508
5.20250720	429
5.20250803	686
5.20250820	2369
5.20250923	3176
5.20251022	2565
5.20251120	3155
5.20251220	2296
5.20260119	2659
