version	total
1.302052	9573
1.302075	16983
1.302140	5637
1.302141	4937
1.302156	5882
1.302164	9676
1.302188	2564
1.302189	2328
1.302190	7422
