version	total
1.94	165503
1.99	2713
2.000000	2439
2.001000	2003
2.002000	3169
2.002001	1962
2.003000	1075
