version	total
1.94	176144
1.99	2909
2.000000	2581
2.001000	2097
2.002000	3400
2.002001	2138
2.003000	1680
