version	total
2.005001	19308
2.006003	160654
2.006006	33722
