version	total
0.002005	4980
0.002006	5160
0.002009	16385
