version	total
0.094002	2154
0.094003	1587
