version	total
0.002005	4876
0.002006	4817
0.002009	2259
