version	total
0.002005	5011
0.002006	5233
0.002009	20190
