version	total
4.161950	7891
4.201720	12647
