version	total
2.000002	5977
2.001000	38639
2.003004	175415
2.005004	34013
