version	total
2.000001	34829
2.000006	25232
2.000008	152646
2.002004	32459
