version	total
2.000002	6004
2.001000	39317
2.003004	177501
2.005004	36560
