version	total
0.17024	31385
0.17027	142803
0.17029	3511
0.17030	359
