version	total
4.161950	8494
4.201720	18338
