version	total
0.001011	37638
0.001013	229908
