version	total
0.001011	37822
0.001013	231284
