version	total
0.17024	32045
0.17027	145040
0.17029	3550
0.17030	483
