version	total
4.161950	8118
4.201720	14839
