version	total
0.002005	4911
0.002006	4862
0.002009	2286
