version	total
2.005001	19246
2.006003	158366
2.006006	31474
