version	total
1.94	172218
1.99	2803
2.000000	2492
2.001000	2022
2.002000	3324
2.002001	2077
2.003000	1439
