version	total
0.042	76637
1.000000	22831
1.002001	512853
1.002002	323448
