version	total
2.000024	8310
2.000028	2552
2.000029	7866
