version	total
0.103004	10638
0.103005	2781
0.103006	2332
