version	total
0.100003	5626
0.100005	2333
0.100006	1751
