version	total
0.042	76150
1.000000	22825
1.002001	511300
1.002002	320802
