version	total
0.002005	4979
0.002006	5157
0.002009	16245
