version	total
1.967013	31786
1.967015	143062
