version	total
0.17024	33162
0.17027	148277
0.17029	3641
0.17030	680
