version	total
0.042	80432
1.000000	22933
1.002001	522926
1.002002	341928
