version	total
1.100602	7383
1.100603	1697
