version	total
1.006900	31130
1.007002	142967
1.007003	93869
