version	total
2.000001	35164
2.000006	25262
2.000008	153705
2.002004	33195
