version	total
1.967013	33163
1.967015	149213
