version	total
0.17024	30142
0.17027	137928
0.17029	3462
0.17030	170
