version	total
0.100003	5637
0.100005	2341
0.100006	1759
