version	total
2.120921	10320
2.150010	97603
