version	total
1.003008	6087
1.004000	6333
1.004003	2433
