version	total
1.000019	7335
1.000033	15646
1.000036	94387
1.000037	18433
1.000038	53370
