version	total
0.008	20581
0.006007	6058
0.008002	11997
0.008004	11967
0.008005	2291
0.008006	2263
0.008007	1851
0.008008	1481
0.008009	1121
