version	total
1.100602	7628
1.100603	1891
