version	total
0.008	20412
0.006007	6050
0.008002	11898
0.008004	11863
0.008005	2278
0.008006	2250
0.008007	1839
0.008008	1465
0.008009	1108
