version	total
2.000002	6073
2.001000	41168
2.003004	182279
2.005004	44639
