version	total
1.000005	27819
1.002002	8618
1.004002	7686
1.004003	5049
1.004004	142972
1.012004	2622
1.012005	2215
1.014000	2186
1.016002	2028
1.016006	2448
