version	total
0.008	17119
0.006007	6024
0.008002	10206
0.008004	10205
0.008005	2214
0.008006	2185
0.008007	1774
0.008008	1401
0.008009	1041
