version	total
1.000019	7259
1.000033	15598
1.000036	93774
1.000037	18400
1.000038	44753
