version	total
1.967013	32650
1.967015	147045
