version	total
1.302052	9613
1.302075	17136
1.302140	5664
1.302141	4963
1.302156	5908
1.302164	9751
1.302188	2590
1.302189	2353
1.302190	7575
