version	total
0.000061	11653
0.000115	6589
0.000116	5369
0.000117	20001
0.000144	2919
0.000145	180346
0.000163	39409
