version	total
0.204001	2173
0.204003	2153
0.206003	3197
0.207001	2318
0.207002	2287
0.207003	858
