version	total
4.161950	8429
4.201720	17951
