version	total
0.100003	5489
0.100005	2253
0.100006	1667
