version	total
0.100003	5588
0.100005	2301
0.100006	1720
