version	total
2.005001	19266
2.006003	159052
2.006006	32286
