version	total
4.161950	8602
4.201720	19273
