version	total
0.001011	35923
0.001013	218423
