version	total
1.94	179980
1.99	3037
2.000000	2692
2.001000	2190
2.002000	3486
2.002001	2199
2.003000	1936
