version	total
2.000024	8412
2.000028	2613
2.000029	8244
