version	total
2.000001	34894
2.000006	25245
2.000008	152855
2.002004	32618
