version	total
0.094002	2131
0.094003	1563
