version	total
2.005001	19307
2.006003	160545
2.006006	33569
