version	total
1.000005	26969
1.002002	8580
1.004002	7620
1.004003	4984
1.004004	140007
1.012004	2565
1.012005	2156
1.014000	2127
1.016002	2010
1.016006	2397
