version	total
1.999813	4819
1.999816	5052
1.999829	2181
1.999830	2084
1.999831	2005
1.999832	1996
1.999833	1997
1.999835	1995
1.999836	1933
1.999837	1933
1.999838	1425
1.999839	1211
1.999841	1072
1.999842	1066
2.000000	1076
2.001000	1041
2.001001	1024
2.002000	1000
2.002001	986
2.003001	674
2.003002	655
2.003003	399
2.003004	110
2.004001	120
2.005001	86
2.005002	88
2.005003	69
