version	total
1.000005	28828
1.002002	8664
1.004002	7776
1.004003	5139
1.004004	146063
1.012004	2706
1.012005	2299
1.014000	2272
1.016002	2056
1.016006	2514
