version	total
0.042	82504
1.000000	23004
1.002001	527761
1.002002	350342
