version	total
0.100052	8518
0.100054	2348
0.100055	1828
