version	total
0.204001	2189
0.204003	2171
0.206003	3258
0.207001	2345
0.207002	2314
0.207003	885
