version	total
1.000005	27715
1.002002	8613
1.004002	7674
1.004003	5037
1.004004	142688
1.012004	2611
1.012005	2204
1.014000	2175
1.016002	2026
1.016006	2445
