version	total
0.042	83717
1.000000	23042
1.002001	530633
1.002002	355847
