version	total
1.000005	27701
1.002002	8613
1.004002	7673
1.004003	5036
1.004004	142665
1.012004	2610
1.012005	2203
1.014000	2174
1.016002	2026
1.016006	2444
