version	total
2.000024	8397
2.000028	2602
2.000029	8191
