version	total
0.042	76078
1.000000	22825
1.002001	511117
1.002002	320472
