version	total
2.000002	5969
2.001000	38471
2.003004	174782
2.005004	33535
