version	total
4.161950	8086
4.201720	14582
