version	total
0.002005	4917
0.002006	4874
0.002009	2573
