version	total
4.161950	7998
4.201720	13855
