version	total
1.967013	33861
1.967015	151630
