version	total
4.161950	8012
4.201720	13951
