version	total
1.20141117	5340
1.20190531	2751
