version	total
0.001011	38025
0.001013	232883
