version	total
1.967013	32986
1.967015	148556
