version	total
1.006900	32652
1.007002	147703
1.007003	112402
