version	total
2.000001	35672
2.000006	25307
2.000008	155240
2.002004	34821
