version	total
5.20180120	6728
5.20180626	5463
5.20180820	8952
5.20181130	4929
5.20181218	11350
5.20190420	5397
5.20190524	86382
5.20220120	2610
5.20220220	2675
5.20220313	2522
5.20220320	3288
5.20220420	3530
5.20220527	3269
5.20220620	26153
5.20230220	157
5.20250528	649
5.20250702	427
5.20250720	349
5.20250803	594
5.20250820	2330
5.20250923	2824
5.20251022	2142
5.20251120	971
