version	total
0.001011	37969
0.001013	232538
