version	total
0.004010	5551
0.004011	5446
