version	total
1.003008	6120
1.004000	6365
1.004003	2462
