version	total
1.302052	9456
1.302075	16392
1.302140	5588
1.302141	4887
1.302156	5831
1.302164	9462
1.302188	2524
1.302189	2287
1.302190	6892
