version	total
2.005001	19283
2.006003	159575
2.006006	32709
