version	total
2.120921	10219
2.150010	95112
