version	total
2.000002	5954
2.001000	38186
2.003004	173958
2.005004	32623
