version	total
0.17024	33403
0.17027	148957
0.17029	3672
0.17030	740
