version	total
0.008	9099
0.006007	5912
0.008002	5988
0.008004	5883
0.008005	2120
0.008006	2095
0.008007	1682
0.008008	1306
0.008009	924
