version	total
0.100003	5667
0.100005	2362
0.100006	1783
