version	total
1.000005	27001
1.002002	8581
1.004002	7621
1.004003	4985
1.004004	140095
1.012004	2565
1.012005	2156
1.014000	2127
1.016002	2010
1.016006	2397
