version	total
0.204001	2205
0.204003	2187
0.206003	3382
0.207001	2425
0.207002	2395
0.207003	965
