version	total
1.302052	9494
1.302075	16600
1.302140	5598
1.302141	4898
1.302156	5843
1.302164	9533
1.302188	2532
1.302189	2295
1.302190	7061
