version	total
1.94	179903
1.99	3035
2.000000	2690
2.001000	2188
2.002000	3485
2.002001	2199
2.003000	1934
