version	total
0.008	16450
0.006007	6020
0.008002	9839
0.008004	9849
0.008005	2202
0.008006	2173
0.008007	1762
0.008008	1389
0.008009	1027
