version	total
2.120921	10343
2.150010	98252
