version	total
0.008	18992
0.006007	6040
0.008002	11158
0.008004	11170
0.008005	2251
0.008006	2222
0.008007	1811
0.008008	1438
0.008009	1078
