version	total
0.000061	11589
0.000115	6584
0.000116	5364
0.000117	19985
0.000144	2915
0.000145	180170
0.000163	37957
