version	total
0.002005	4920
0.002006	4893
0.002009	3133
