version	total
2.000024	8188
2.000028	2472
2.000029	7267
