version	total
4.161950	8112
4.201720	14797
