version	total
2.000024	8298
2.000028	2543
2.000029	7839
