version	total
0.100003	5461
0.100005	2238
0.100006	1653
