version	total
0.042	73340
1.000000	22794
1.002001	502902
1.002002	307500
