version	total
2.005001	19642
2.006003	168806
2.006006	46175
