version	total
5.20180120	6725
5.20180626	5460
5.20180820	8949
5.20181130	4926
5.20181218	11347
5.20190420	5394
5.20190524	86371
5.20220120	2607
5.20220220	2672
5.20220313	2519
5.20220320	3285
5.20220420	3527
5.20220527	3266
5.20220620	26149
5.20230220	154
5.20250528	645
5.20250702	424
5.20250720	347
5.20250803	591
5.20250820	2329
5.20250923	2817
5.20251022	2136
5.20251120	926
