version	total
0.17024	31279
0.17027	142386
0.17029	3508
0.17030	349
