version	total
0.100052	8391
0.100054	2322
0.100055	1766
