version	total
2.000024	8004
2.000028	2400
2.000029	6330
