version	total
0.204001	2183
0.204003	2163
0.206003	3224
0.207001	2327
0.207002	2296
0.207003	867
