version	total
0.002005	4878
0.002006	4819
0.002009	2261
