version	total
0.008	14868
0.006007	6003
0.008002	9028
0.008004	9007
0.008005	2173
0.008006	2144
0.008007	1733
0.008008	1360
0.008009	998
