version	total
1.302052	9339
1.302075	15794
1.302140	5542
1.302141	4842
1.302156	5784
1.302164	9240
1.302188	2486
1.302189	2250
1.302190	6368
