version	total
0.17024	30259
0.17027	138381
0.17029	3481
0.17030	196
