version	total
4.161950	8178
4.201720	15162
