version	total
1.006900	33810
1.007002	150496
1.007003	125319
