version	total
0.004010	5685
0.004011	5606
