version	total
5.20180120	6475
5.20180626	5312
5.20180820	8792
5.20181130	4776
5.20181218	11161
5.20190420	5244
5.20190524	84179
5.20220120	2475
5.20220220	2542
5.20220313	2388
5.20220320	3152
5.20220420	3398
5.20220527	3135
5.20220620	25501
