version	total
1.302052	9403
1.302075	16082
1.302140	5571
1.302141	4870
1.302156	5813
1.302164	9342
1.302188	2509
1.302189	2273
1.302190	6614
