version	total
1.006900	32906
1.007002	148312
1.007003	114961
