version	total
0.008	7218
0.006007	5883
0.008002	5002
0.008004	4868
0.008005	2108
0.008006	2086
0.008007	1672
0.008008	1296
0.008009	910
