version	total
0.004010	5648
0.004011	5562
