version	total
0.204001	2192
0.204003	2175
0.206003	3280
0.207001	2357
0.207002	2327
0.207003	897
