version	total
0.004010	5483
0.004011	5298
