version	total
1.006900	30923
1.007002	142159
1.007003	91192
