version	total
2.000024	8381
2.000028	2593
2.000029	8129
