version	total
2.000002	5892
2.001000	37003
2.003004	170022
2.005004	29030
