version	total
1.003008	6001
1.004000	6251
1.004003	2366
