version	total
0.042	82531
1.000000	23007
1.002001	527888
1.002002	350544
