version	total
0.000061	12298
0.000115	6686
0.000116	5466
0.000117	20232
0.000144	3010
0.000145	182559
0.000163	49811
