version	total
0.17024	32757
0.17027	147062
0.17029	3608
0.17030	603
