version	total
2.000024	8212
2.000028	2488
2.000029	7427
