version	total
0.204001	2213
0.204003	2193
0.206003	3437
0.207001	2436
0.207002	2406
0.207003	976
