version	total
0.001011	37257
0.001013	226605
