version	total
1.302052	9688
1.302075	17535
1.302140	5711
1.302141	5012
1.302156	5956
1.302164	9909
1.302188	2635
1.302189	2399
1.302190	7948
