version	total
2.005001	19345
2.006003	162049
2.006006	34964
