version	total
0.17024	30316
0.17027	138642
0.17029	3482
0.17030	201
