version	total
0.042	73079
1.000000	22787
1.002001	502159
1.002002	306094
