version	total
1.000005	28010
1.002002	8622
1.004002	7699
1.004003	5062
1.004004	143588
1.012004	2634
1.012005	2227
1.014000	2198
1.016002	2030
1.016006	2459
