version	total
0.204001	2207
0.204003	2189
0.206003	3399
0.207001	2429
0.207002	2399
0.207003	969
