version	total
1.003008	5905
1.004000	6155
1.004003	2300
