version	total
1.000019	7328
1.000033	15635
1.000036	94343
1.000037	18431
1.000038	52693
