version	total
4.161950	7937
4.201720	13088
