version	total
2.000002	5971
2.001000	38551
2.003004	175050
2.005004	33702
