version	total
0.001011	37344
0.001013	227384
