version	total
0.103004	10477
0.103005	2698
0.103006	2203
