version	total
0.008	14565
0.006007	5997
0.008002	8861
0.008004	8842
0.008005	2166
0.008006	2137
0.008007	1726
0.008008	1353
0.008009	990
