version	total
0.100003	5617
0.100005	2326
0.100006	1744
