version	total
1.006900	33911
1.007002	150742
1.007003	126517
