version	total
2.000001	34876
2.000006	25242
2.000008	152805
2.002004	32576
