version	total
0.100003	5803
0.100005	2474
0.100006	1893
