version	total
1.000019	7257
1.000033	15597
1.000036	93742
1.000037	18399
1.000038	44319
