version	total
0.000061	11052
0.000115	6554
0.000116	5333
0.000117	19833
0.000144	2890
0.000145	174764
0.000163	21687
