version	total
1.000005	27653
1.002002	8611
1.004002	7668
1.004003	5031
1.004004	142459
1.012004	2604
1.012005	2197
1.014000	2168
1.016002	2025
1.016006	2442
