version	total
2.005001	19389
2.006003	163232
2.006006	35881
