version	total
0.103004	10248
0.103005	2608
0.103006	2029
