version	total
0.042	73447
1.000000	22795
1.002001	503240
1.002002	308142
