version	total
0.042	81937
1.000000	22983
1.002001	526391
1.002002	347990
