version	total
0.001011	38138
0.001013	233843
