version	total
0.042	78235
1.000000	22875
1.002001	517614
1.002002	331706
