version	total
1.003008	6172
1.004000	6414
1.004003	2503
