version	total
1.000019	6969
1.000033	15428
1.000036	90950
1.000037	18269
1.000038	22231
