version	total
0.103004	10410
0.103005	2660
0.103006	2153
