version	total
0.204001	2176
0.204003	2156
0.206003	3206
0.207001	2321
0.207002	2290
0.207003	861
