version	total
2.005001	19559
2.006003	166811
2.006006	44077
