version	total
1.000005	26494
1.002002	8563
1.004002	7602
1.004003	4959
1.004004	138173
1.012004	2551
1.012005	2140
1.014000	2113
1.016002	1998
1.016006	2355
