version	total
0.103004	10457
0.103005	2686
0.103006	2189
