version	total
0.002005	5010
0.002006	5228
0.002009	19722
