version	total
1.000005	28718
1.002002	8661
1.004002	7760
1.004003	5123
1.004004	145747
1.012004	2689
1.012005	2282
1.014000	2256
1.016002	2053
1.016006	2507
