version	total
1.000005	29164
1.002002	8685
1.004002	7823
1.004003	5187
1.004004	147257
1.012004	2751
1.012005	2344
1.014000	2317
1.016002	2074
1.016006	2554
