version	total
1.967013	32167
1.967015	144890
