version	total
0.103004	10498
0.103005	2710
0.103006	2222
