version	total
1.967013	34842
1.967015	154956
