version	total
0.004010	5509
0.004011	5384
