version	total
0.002005	4933
0.002006	4963
0.002009	5623
