version	total
2.000002	5905
2.001000	37159
2.003004	170523
2.005004	29415
