version	total
1.20141117	5230
1.20190531	2667
