version	total
2.120921	10404
2.150010	100108
