version	total
0.008	18261
0.006007	6034
0.008002	10795
0.008004	10800
0.008005	2235
0.008006	2206
0.008007	1795
0.008008	1422
0.008009	1062
