version	total
1.006900	33645
1.007002	150136
1.007003	123098
