version	total
5.20180120	6767
5.20180626	5492
5.20180820	8981
5.20181130	4957
5.20181218	11378
5.20190420	5425
5.20190524	86605
5.20220120	2636
5.20220220	2701
5.20220313	2548
5.20220320	3314
5.20220420	3557
5.20220527	3295
5.20220620	26190
5.20230220	183
5.20250528	677
5.20250702	453
5.20250720	375
5.20250803	624
5.20250820	2343
5.20250923	2959
5.20251022	2292
5.20251120	3138
5.20251220	316
