version	total
1.000005	26443
1.002002	8562
1.004002	7601
1.004003	4958
1.004004	137958
1.012004	2549
1.012005	2139
1.014000	2112
1.016002	1996
1.016006	2350
