version	total
0.100052	8395
0.100054	2323
0.100055	1768
