version	total
1.006900	33343
1.007002	149333
1.007003	119306
