version	total
2.120921	10472
2.150010	101730
