version	total
0.204001	2217
0.204003	2198
0.206003	3477
0.207001	2452
0.207002	2421
0.207003	991
