version	total
0.004010	5560
0.004011	5457
