version	total
2.005001	19337
2.006003	161776
2.006006	34714
