version	total
1.000005	28163
1.002002	8628
1.004002	7710
1.004003	5073
1.004004	143968
1.012004	2645
1.012005	2238
1.014000	2209
1.016002	2031
1.016006	2463
