version	total
0.100052	8452
0.100054	2336
0.100055	1804
