version	total
5.20180120	6565
5.20180626	5349
5.20180820	8835
5.20181130	4816
5.20181218	11214
5.20190420	5283
5.20190524	85244
5.20220120	2505
5.20220220	2571
5.20220313	2418
5.20220320	3183
5.20220420	3426
5.20220527	3166
5.20220620	25989
5.20230220	46
5.20250528	523
5.20250702	314
5.20250720	238
5.20250803	448
5.20250820	632
