version	total
0.103004	10258
0.103005	2610
0.103006	2036
