version	total
0.001011	39612
0.001013	242951
