version	total
2.000024	8091
2.000028	2418
2.000029	6891
