version	total
5.20180120	6456
5.20180626	5302
5.20180820	8784
5.20181130	4768
5.20181218	11145
5.20190420	5237
5.20190524	83992
5.20220120	2469
5.20220220	2537
5.20220313	2383
5.20220320	3146
5.20220420	3393
5.20220527	3129
5.20220620	25144
