version	total
2.000002	5921
2.001000	37420
2.003004	171389
2.005004	29992
