version	total
0.042	72548
1.000000	22768
1.002001	500556
1.002002	303483
