version	total
1.967013	32683
1.967015	147163
