version	total
2.000002	6036
2.001000	40292
2.003004	179970
2.005004	42292
