version	total
1.000005	26598
1.002002	8570
1.004002	7610
1.004003	4972
1.004004	138564
1.012004	2557
1.012005	2148
1.014000	2119
1.016002	2002
1.016006	2368
