version	total
0.042	75869
1.000000	22823
1.002001	510454
1.002002	319362
