version	total
0.103004	10299
0.103005	2618
0.103006	2079
