version	total
2.005001	19292
2.006003	160092
2.006006	33009
