version	total
0.17024	31099
0.17027	141792
0.17029	3505
0.17030	331
