version	total
2.005001	19338
2.006003	161818
2.006006	34754
