version	total
0.042	77367
1.000000	22846
1.002001	515089
1.002002	327635
