version	total
0.000061	12086
0.000115	6657
0.000116	5437
0.000117	20166
0.000144	2983
0.000145	181738
0.000163	47189
