version	total
5.20180120	6438
5.20180626	5292
5.20180820	8774
5.20181130	4758
5.20181218	11131
5.20190420	5228
5.20190524	83765
5.20220120	2463
5.20220220	2530
5.20220313	2378
5.20220320	3141
5.20220420	3388
5.20220527	3124
5.20220620	24744
