version	total
2.000002	6050
2.001000	40727
2.003004	181127
2.005004	43395
