version	total
1.100602	7325
1.100603	1655
