version	total
2.000001	37729
2.000006	25560
2.000008	160566
2.002004	44239
