version	total
1.000019	7035
1.000033	15466
1.000036	91678
1.000037	18297
1.000038	25448
