version	total
5.20180120	6449
5.20180626	5299
5.20180820	8781
5.20181130	4765
5.20181218	11142
5.20190420	5233
5.20190524	83926
5.20220120	2467
5.20220220	2534
5.20220313	2381
5.20220320	3144
5.20220420	3391
5.20220527	3127
5.20220620	24966
