version	total
1.94	165124
1.99	2704
2.000000	2435
2.001000	2002
2.002000	3156
2.002001	1949
2.003000	1033
