version	total
1.100602	7659
1.100603	1917
