version	total
0.001011	35613
0.001013	216409
