version	total
1.000005	28267
1.002002	8635
1.004002	7721
1.004003	5084
1.004004	144358
1.012004	2652
1.012005	2245
1.014000	2218
1.016002	2034
1.016006	2470
