version	total
2.005001	19369
2.006003	162804
2.006006	35566
