version	total
0.17024	30951
0.17027	141228
0.17029	3503
0.17030	297
