version	total
0.042	77605
1.000000	22853
1.002001	515758
1.002002	328662
