version	total
2.000002	6000
2.001000	39183
2.003004	177133
2.005004	35290
