version	total
1.967013	32130
1.967015	144671
