version	total
2.005001	19169
2.006003	156352
2.006006	30029
