version	total
0.002005	4896
0.002006	4838
0.002009	2276
