version	total
0.100003	5679
0.100005	2372
0.100006	1793
