version	total
5.20180120	6579
5.20180626	5359
5.20180820	8845
5.20181130	4827
5.20181218	11225
5.20190420	5293
5.20190524	85329
5.20220120	2514
5.20220220	2580
5.20220313	2427
5.20220320	3192
5.20220420	3435
5.20220527	3175
5.20220620	26008
5.20230220	55
5.20250528	533
5.20250702	323
5.20250720	247
5.20250803	460
5.20250820	1041
