version	total
4.161950	8390
4.201720	17685
