version	total
5.20180120	6758
5.20180626	5484
5.20180820	8973
5.20181130	4949
5.20181218	11371
5.20190420	5417
5.20190524	86561
5.20220120	2628
5.20220220	2693
5.20220313	2540
5.20220320	3306
5.20220420	3549
5.20220527	3287
5.20220620	26182
5.20230220	175
5.20250528	669
5.20250702	445
5.20250720	367
5.20250803	615
5.20250820	2341
5.20250923	2941
5.20251022	2271
5.20251120	3137
5.20251220	135
