version	total
1.000005	27578
1.002002	8606
1.004002	7659
1.004003	5022
1.004004	142153
1.012004	2596
1.012005	2189
1.014000	2160
1.016002	2023
1.016006	2437
