version	total
0.000061	10837
0.000115	6536
0.000116	5318
0.000117	19757
0.000144	2881
0.000145	174074
0.000163	19014
