version	total
0.103004	10255
0.103005	2610
0.103006	2032
