version	total
2.000001	34154
2.000006	25148
2.000008	150440
2.002004	30404
