version	total
0.094002	2091
0.094003	1496
