version	total
4.161950	8243
4.201720	15722
