version	total
1.967013	34016
1.967015	152079
