version	total
0.001011	37425
0.001013	228007
