version	total
0.103004	10274
0.103005	2612
0.103006	2051
