version	total
1.94	174506
1.99	2867
2.000000	2545
2.001000	2067
2.002000	3368
2.002001	2116
2.003000	1585
