version	total
0.042	81867
1.000000	22978
1.002001	526228
1.002002	347712
