version	total
1.100602	7388
1.100603	1698
