version	total
4.161950	8068
4.201720	14450
