version	total
2.000001	37098
2.000006	25493
2.000008	158992
2.002004	41158
