version	total
0.004010	5604
0.004011	5513
