version	total
0.001011	37612
0.001013	229809
