version	total
0.008	6119
0.006007	5866
0.008002	4405
0.008004	4270
0.008005	2103
0.008006	2081
0.008007	1667
0.008008	1291
0.008009	905
