version	total
0.204001	2201
0.204003	2184
0.206003	3347
0.207001	2402
0.207002	2372
0.207003	942
