version	total
2.005001	19556
2.006003	166767
2.006006	44050
