version	total
2.000002	6038
2.001000	40434
2.003004	180335
2.005004	42563
