version	total
2.120921	10314
2.150010	97422
