version	total
0.004010	5667
0.004011	5583
