version	total
1.94	180211
1.99	3043
2.000000	2696
2.001000	2194
2.002000	3491
2.002001	2202
2.003000	1945
