version	total
2.000024	8382
2.000028	2594
2.000029	8137
