version	total
5.20180120	6639
5.20180626	5400
5.20180820	8886
5.20181130	4868
5.20181218	11281
5.20190420	5334
5.20190524	85660
5.20220120	2553
5.20220220	2618
5.20220313	2465
5.20220320	3231
5.20220420	3473
5.20220527	3213
5.20220620	26063
5.20230220	99
5.20250528	579
5.20250702	368
5.20250720	292
5.20250803	518
5.20250820	2199
5.20250923	1535
