version	total
4.161950	8606
4.201720	19321
