version	total
2.000002	5863
2.001000	36774
2.003004	169247
2.005004	28676
