version	total
0.17024	32715
0.17027	146936
0.17029	3604
0.17030	594
