version	total
0.103004	10174
0.103005	2584
0.103006	1989
