version	total
1.100602	7610
1.100603	1875
