version	total
0.042	79501
1.000000	22910
1.002001	520827
1.002002	338160
