version	total
1.006900	32567
1.007002	147529
1.007003	111517
