version	total
0.000061	12460
0.000115	6710
0.000116	5489
0.000117	20275
0.000144	3034
0.000145	183226
0.000163	53905
