version	total
0.17024	33732
0.17027	150111
0.17029	3708
0.17030	825
