version	total
0.002005	4973
0.002006	5133
0.002009	14784
