version	total
2.005001	19329
2.006003	161451
2.006006	34455
