version	total
0.103004	10725
0.103005	2823
0.103006	2395
