version	total
0.042	74781
1.000000	22813
1.002001	507559
1.002002	315071
