version	total
0.100052	8363
0.100054	2315
0.100055	1759
