version	total
0.004010	5539
0.004011	5432
