version	total
5.20180120	6562
5.20180626	5347
5.20180820	8833
5.20181130	4816
5.20181218	11212
5.20190420	5281
5.20190524	85215
5.20220120	2504
5.20220220	2570
5.20220313	2417
5.20220320	3182
5.20220420	3425
5.20220527	3165
5.20220620	25988
5.20230220	45
5.20250528	521
5.20250702	312
5.20250720	236
5.20250803	445
5.20250820	553
