version	total
0.042	80332
1.000000	22931
1.002001	522692
1.002002	341581
