version	total
0.008	8288
0.006007	5903
0.008002	5568
0.008004	5455
0.008005	2117
0.008006	2092
0.008007	1679
0.008008	1303
0.008009	920
