version	total
2.000001	38421
2.000006	25652
2.000008	162428
2.002004	46380
