version	total
2.000001	36062
2.000006	25350
2.000008	156382
2.002004	35789
