version	total
1.967013	34492
1.967015	153687
