version	total
2.000001	33755
2.000006	25054
2.000008	149231
2.002004	29627
