version	total
0.100003	5796
0.100005	2468
0.100006	1887
