version	total
0.002005	4874
0.002006	4815
0.002009	2257
