version	total
0.042	74898
1.000000	22814
1.002001	507835
1.002002	315563
