version	total
1.967013	32264
1.967015	145370
