version	total
1.94	167522
1.99	2737
2.000000	2450
2.001000	2005
2.002000	3207
2.002001	1995
2.003000	1180
