version	total
0.008	8122
0.006007	5903
0.008002	5479
0.008004	5363
0.008005	2116
0.008006	2092
0.008007	1679
0.008008	1303
0.008009	920
