version	total
1.000019	7181
1.000033	15551
1.000036	93083
1.000037	18359
1.000038	35723
