version	total
5.20180120	6644
5.20180626	5404
5.20180820	8890
5.20181130	4871
5.20181218	11287
5.20190420	5338
5.20190524	85735
5.20220120	2557
5.20220220	2622
5.20220313	2469
5.20220320	3235
5.20220420	3477
5.20220527	3217
5.20220620	26068
5.20230220	103
5.20250528	585
5.20250702	372
5.20250720	296
5.20250803	523
5.20250820	2213
5.20250923	1963
