version	total
1.100602	7574
1.100603	1846
