version	total
1.000005	29199
1.002002	8687
1.004002	7827
1.004003	5191
1.004004	147403
1.012004	2754
1.012005	2347
1.014000	2320
1.016002	2075
1.016006	2555
