version	total
2.000001	34560
2.000006	25202
2.000008	151708
2.002004	31444
