version	total
1.302052	9708
1.302075	17663
1.302140	5727
1.302141	5028
1.302156	5972
1.302164	9956
1.302188	2650
1.302189	2414
1.302190	8061
