version	total
0.100003	5535
0.100005	2270
0.100006	1690
