version	total
0.103004	10448
0.103005	2681
0.103006	2183
