version	total
1.999813	4820
1.999816	5055
1.999829	2182
1.999830	2085
1.999831	2006
1.999832	1997
1.999833	1998
1.999835	1996
1.999836	1934
1.999837	1934
1.999838	1426
1.999839	1212
1.999841	1073
1.999842	1067
2.000000	1077
2.001000	1042
2.001001	1025
2.002000	1001
2.002001	987
2.003001	675
2.003002	656
2.003003	400
2.003004	111
2.004001	121
2.005001	87
2.005002	89
2.005003	70
