version	total
0.100052	8498
0.100054	2345
0.100055	1818
