version	total
0.001011	35034
0.001013	212475
