version	total
0.000061	12429
0.000115	6704
0.000116	5483
0.000117	20265
0.000144	3028
0.000145	183063
0.000163	53433
