version	total
0.001011	36810
0.001013	224161
