version	total
1.000005	27560
1.002002	8605
1.004002	7655
1.004003	5018
1.004004	142067
1.012004	2592
1.012005	2185
1.014000	2156
1.016002	2022
1.016006	2435
