version	total
0.042	73400
1.000000	22795
1.002001	503091
1.002002	307905
