version	total
2.120921	10364
2.150010	99021
