version	total
1.006900	31868
1.007002	145418
1.007003	101155
