version	total
0.100052	8169
0.100054	2267
0.100055	1654
