version	total
0.100052	8332
0.100054	2306
0.100055	1748
