version	total
2.000001	35636
2.000006	25304
2.000008	155095
2.002004	34677
