version	total
0.001011	38460
0.001013	237141
