version	total
2.000002	6049
2.001000	40658
2.003004	180922
2.005004	42951
