version	total
0.100003	5707
0.100005	2395
0.100006	1815
