version	total
0.001011	36429
0.001013	221794
