version	total
1.100602	7711
1.100603	1960
