version	total
0.204001	2185
0.204003	2167
0.206003	3234
0.207001	2331
0.207002	2300
0.207003	871
