version	total
2.000024	8308
2.000028	2549
2.000029	7858
