version	total
0.001011	36581
0.001013	222637
