version	total
1.967013	32013
1.967015	144106
