version	total
0.17024	32436
0.17027	146153
0.17029	3584
0.17030	548
