version	total
2.005001	19207
2.006003	157407
2.006006	30727
