version	total
1.20141117	5283
1.20190531	2711
