version	total
0.103004	10571
0.103005	2745
0.103006	2283
