version	total
0.001011	36560
0.001013	222571
