version	total
0.17024	33363
0.17027	148832
0.17029	3666
0.17030	729
