version	total
0.100003	5705
0.100005	2393
0.100006	1813
