version	total
0.100052	8150
0.100054	2251
0.100055	1637
