version	total
1.000019	7344
1.000033	15649
1.000036	94494
1.000037	18436
1.000038	54980
