version	total
0.042	75952
1.000000	22824
1.002001	510706
1.002002	319780
