version	total
1.100602	7621
1.100603	1885
