version	total
0.100052	8438
0.100054	2332
0.100055	1798
