version	total
1.302052	9676
1.302075	17486
1.302140	5703
1.302141	5004
1.302156	5948
1.302164	9887
1.302188	2627
1.302189	2391
1.302190	7883
