version	total
0.204001	2165
0.204003	2144
0.206003	3169
0.207001	2309
0.207002	2278
0.207003	851
