version	total
0.000061	12013
0.000115	6649
0.000116	5430
0.000117	20134
0.000144	2976
0.000145	181535
0.000163	45977
