version	total
1.302052	9618
1.302075	17173
1.302140	5667
1.302141	4966
1.302156	5911
1.302164	9771
1.302188	2593
1.302189	2356
1.302190	7617
