version	total
2.000002	5979
2.001000	38655
2.003004	175456
2.005004	34048
