version	total
1.967013	32087
1.967015	144388
