version	total
0.000061	11748
0.000115	6600
0.000116	5381
0.000117	20022
0.000144	2930
0.000145	180577
0.000163	41139
