version	total
2.000024	8124
2.000028	2439
2.000029	7030
