version	total
1.100602	7642
1.100603	1903
