version	total
0.103004	10208
0.103005	2595
0.103006	2006
