version	total
1.20141117	5240
1.20190531	2680
