version	total
0.000061	11559
0.000115	6583
0.000116	5363
0.000117	19975
0.000144	2914
0.000145	179951
0.000163	36888
