version	total
4.161950	8379
4.201720	17510
