version	total
1.20141117	5260
1.20190531	2694
