version	total
2.005001	19238
2.006003	158024
2.006006	31207
