version	total
0.000061	12266
0.000115	6680
0.000116	5460
0.000117	20220
0.000144	3004
0.000145	182369
0.000163	49262
