version	total
0.000061	11058
0.000115	6554
0.000116	5334
0.000117	19837
0.000144	2890
0.000145	174829
0.000163	21993
