version	total
1.000005	26342
1.002002	8559
1.004002	7599
1.004003	4955
1.004004	137428
1.012004	2546
1.012005	2136
1.014000	2108
1.016002	1993
1.016006	2338
