version	total
1.302052	9614
1.302075	17140
1.302140	5665
1.302141	4964
1.302156	5909
1.302164	9756
1.302188	2592
1.302189	2355
1.302190	7584
