version	total
0.17024	30504
0.17027	139301
0.17029	3486
0.17030	226
