version	total
1.20141117	5344
1.20190531	2753
