version	total
1.003008	5975
1.004000	6226
1.004003	2346
