version	total
1.006900	31706
1.007002	144919
1.007003	99816
