version	total
1.000019	7143
1.000033	15515
1.000036	92766
1.000037	18340
1.000038	31674
