version	total
1.006900	32897
1.007002	148288
1.007003	114882
