version	total
1.999813	4796
1.999816	5016
1.999829	2165
1.999830	2068
1.999831	1989
1.999832	1980
1.999833	1982
1.999835	1979
1.999836	1917
1.999837	1917
1.999838	1409
1.999839	1194
1.999841	1055
1.999842	1049
2.000000	1059
2.001000	1024
2.001001	1006
2.002000	984
2.002001	972
2.003001	657
2.003002	639
2.003003	383
2.003004	94
2.004001	103
2.005001	68
2.005002	70
2.005003	30
