version	total
0.100003	5687
0.100005	2378
0.100006	1799
