version	total
2.000002	5963
2.001000	38372
2.003004	174516
2.005004	33249
