version	total
1.94	177654
1.99	2952
2.000000	2619
2.001000	2130
2.002000	3426
2.002001	2153
2.003000	1771
