version	total
0.004010	5547
0.004011	5441
