version	total
1.302052	9606
1.302075	17112
1.302140	5659
1.302141	4958
1.302156	5903
1.302164	9736
1.302188	2586
1.302189	2349
1.302190	7551
