version	total
2.000001	35371
2.000006	25279
2.000008	154279
2.002004	33920
