version	total
5.20180120	6500
5.20180626	5323
5.20180820	8805
5.20181130	4789
5.20181218	11177
5.20190420	5255
5.20190524	84517
5.20220120	2485
5.20220220	2552
5.20220313	2398
5.20220320	3162
5.20220420	3408
5.20220527	3145
5.20220620	25926
5.20230220	28
5.20250528	210
