version	total
2.000001	35811
2.000006	25319
2.000008	155621
2.002004	35192
