version	total
1.000019	7179
1.000033	15547
1.000036	93035
1.000037	18358
1.000038	34984
