version	total
0.042	79862
1.000000	22921
1.002001	521560
1.002002	339480
