version	total
2.120921	10418
2.150010	100341
