version	total
0.008	18811
0.006007	6040
0.008002	11053
0.008004	11073
0.008005	2247
0.008006	2218
0.008007	1807
0.008008	1434
0.008009	1074
