version	total
1.94	176080
1.99	2908
2.000000	2580
2.001000	2096
2.002000	3400
2.002001	2138
2.003000	1677
