version	total
1.000019	6963
1.000033	15422
1.000036	90924
1.000037	18265
1.000038	22154
