version	total
2.000002	5950
2.001000	38100
2.003004	173715
2.005004	32285
