version	total
1.302052	9759
1.302075	17836
1.302140	5761
1.302141	5063
1.302156	6008
1.302164	10044
1.302188	2681
1.302189	2444
1.302190	8228
