version	total
0.042	75599
1.000000	22821
1.002001	509656
1.002002	318099
