version	total
0.042	73506
1.000000	22795
1.002001	503377
1.002002	308353
