version	total
2.000001	33761
2.000006	25056
2.000008	149240
2.002004	29631
