version	total
0.103004	10227
0.103005	2601
0.103006	2018
