version	total
0.204001	2156
0.204003	2135
0.206003	3144
0.207001	2299
0.207002	2271
0.207003	843
