version	total
0.17024	31672
0.17027	143767
0.17029	3518
0.17030	410
