version	total
0.001011	35763
0.001013	217556
