version	total
2.000001	36330
2.000006	25391
2.000008	157183
2.002004	36649
