version	total
0.042	83479
1.000000	23035
1.002001	530091
1.002002	354581
