version	total
0.042	73578
1.000000	22795
1.002001	503648
1.002002	308774
