version	total
1.000019	6957
1.000033	15417
1.000036	90908
1.000037	18260
1.000038	22097
