version	total
1.003008	6174
1.004000	6416
1.004003	2505
