version	total
2.120921	10478
2.150010	101900
