version	total
4.161950	8326
4.201720	16613
