version	total
0.004010	5720
0.004011	5646
