version	total
0.042	76959
1.000000	22836
1.002001	513825
1.002002	325188
