version	total
0.100003	5449
0.100005	2226
0.100006	1641
