version	total
0.008	13570
0.006007	5989
0.008002	8359
0.008004	8315
0.008005	2148
0.008006	2119
0.008007	1708
0.008008	1335
0.008009	971
