version	total
0.001011	38110
0.001013	233715
