version	total
0.042	77748
1.000000	22857
1.002001	516102
1.002002	329127
