version	total
2.000001	36491
2.000006	25415
2.000008	157626
2.002004	38079
