version	total
1.94	171143
1.99	2782
2.000000	2477
2.001000	2009
2.002000	3299
2.002001	2056
2.003000	1386
