version	total
1.20141117	5336
1.20190531	2749
