version	total
2.120921	10201
2.150010	94751
