version	total
1.003008	5984
1.004000	6234
1.004003	2352
