version	total
2.005001	19545
2.006003	166487
2.006006	43826
