version	total
1.967013	31934
1.967015	143654
