version	total
4.161950	8572
4.201720	18933
