version	total
1.000019	7274
1.000033	15606
1.000036	93900
1.000037	18407
1.000038	46991
