version	total
1.003008	6047
1.004000	6294
1.004003	2401
