version	total
1.100602	7332
1.100603	1662
