version	total
1.100602	7544
1.100603	1820
