version	total
2.000002	5915
2.001000	37362
2.003004	171220
2.005004	29835
