version	total
1.003008	5954
1.004000	6200
1.004003	2327
