version	total
0.008	9682
0.006007	5924
0.008002	6292
0.008004	6201
0.008005	2125
0.008006	2099
0.008007	1686
0.008008	1311
0.008009	929
