version	total
1.003008	6175
1.004000	6417
1.004003	2506
