version	total
2.000002	5973
2.001000	38572
2.003004	175124
2.005004	33755
