version	total
1.003008	6067
1.004000	6313
1.004003	2418
