version	total
1.006900	31110
1.007002	142869
1.007003	93474
