version	total
0.008	18309
0.006007	6034
0.008002	10815
0.008004	10821
0.008005	2236
0.008006	2207
0.008007	1796
0.008008	1423
0.008009	1063
