version	total
0.042	83291
1.000000	23030
1.002001	529652
1.002002	353697
