version	total
1.003008	5991
1.004000	6241
1.004003	2358
