version	total
1.302052	9738
1.302075	17770
1.302140	5748
1.302141	5050
1.302156	5994
1.302164	10007
1.302188	2670
1.302189	2434
1.302190	8159
