version	total
4.161950	8442
4.201720	17986
