version	total
1.003008	6000
1.004000	6250
1.004003	2365
