version	total
1.006900	31144
1.007002	143077
1.007003	94111
