version	total
1.94	170593
1.99	2779
2.000000	2475
2.001000	2009
2.002000	3286
2.002001	2052
2.003000	1372
