version	total
2.000001	34044
2.000006	25130
2.000008	150088
2.002004	30151
