version	total
2.000024	8276
2.000028	2529
2.000029	7747
