version	total
0.100003	5798
0.100005	2470
0.100006	1889
