version	total
1.006900	31094
1.007002	142814
1.007003	93276
