version	total
0.000061	12213
0.000115	6674
0.000116	5454
0.000117	20207
0.000144	2997
0.000145	182024
0.000163	48597
