version	total
0.000061	12042
0.000115	6652
0.000116	5432
0.000117	20148
0.000144	2978
0.000145	181615
0.000163	46488
