version	total
0.100003	5698
0.100005	2388
0.100006	1808
