version	total
2.000002	5995
2.001000	39050
2.003004	176681
2.005004	35010
