version	total
1.20141117	5366
1.20190531	2769
