version	total
4.161950	8486
4.201720	18248
