version	total
2.120921	10451
2.150010	101279
