version	total
2.005001	19455
2.006003	164692
2.006006	38958
