version	total
2.120921	10365
2.150010	99060
