version	total
1.100602	7723
1.100603	1970
