version	total
4.161950	8584
4.201720	19002
