version	total
1.302052	9440
1.302075	16249
1.302140	5584
1.302141	4883
1.302156	5826
1.302164	9415
1.302188	2521
1.302189	2282
1.302190	6797
