version	total
1.006900	32144
1.007002	146284
1.007003	106524
