version	total
1.006900	32518
1.007002	147371
1.007003	110744
