version	total
2.005001	19494
2.006003	165330
2.006006	40671
