version	total
0.042	78305
1.000000	22877
1.002001	517813
1.002002	332139
