version	total
2.000001	34855
2.000006	25240
2.000008	152756
2.002004	32547
