version	total
0.17024	30294
0.17027	138583
0.17029	3481
0.17030	199
