version	total
0.094002	2096
0.094003	1501
