version	total
0.100003	5746
0.100005	2427
0.100006	1846
