version	total
1.302052	9533
1.302075	16834
1.302140	5613
1.302141	4913
1.302156	5858
1.302164	9610
1.302188	2543
1.302189	2307
1.302190	7284
