version	total
0.042	81264
1.000000	22956
1.002001	524976
1.002002	345243
