version	total
2.000002	5922
2.001000	37456
2.003004	171499
2.005004	30117
