version	total
1.006900	32738
1.007002	147917
1.007003	113182
