version	total
4.161950	8303
4.201720	16435
