version	total
5.20180120	6754
5.20180626	5482
5.20180820	8971
5.20181130	4947
5.20181218	11368
5.20190420	5415
5.20190524	86538
5.20220120	2626
5.20220220	2691
5.20220313	2538
5.20220320	3304
5.20220420	3547
5.20220527	3285
5.20220620	26179
5.20230220	173
5.20250528	667
5.20250702	443
5.20250720	365
5.20250803	613
5.20250820	2340
5.20250923	2941
5.20251022	2270
5.20251120	3137
5.20251220	33
