version	total
2.000002	6050
2.001000	40671
2.003004	180974
2.005004	42979
