version	total
0.001011	36988
0.001013	225157
