version	total
0.100003	5812
0.100005	2482
0.100006	1902
