version	total
1.006900	32434
1.007002	147119
1.007003	109683
