version	total
0.204001	2193
0.204003	2176
0.206003	3288
0.207001	2363
0.207002	2333
0.207003	903
