version	total
0.17024	31637
0.17027	143686
0.17029	3518
0.17030	406
