version	total
2.000001	34225
2.000006	25156
2.000008	150640
2.002004	30579
