version	total
0.008	13954
0.006007	5989
0.008002	8546
0.008004	8515
0.008005	2154
0.008006	2125
0.008007	1714
0.008008	1341
0.008009	978
