version	total
0.008	20617
0.006007	6073
0.008002	12033
0.008004	12002
0.008005	2323
0.008006	2295
0.008007	1883
0.008008	1516
0.008009	1154
