version	total
1.000019	7278
1.000033	15607
1.000036	93925
1.000037	18408
1.000038	47298
