version	total
1.967013	32038
1.967015	144167
