version	total
0.000061	11791
0.000115	6612
0.000116	5392
0.000117	20042
0.000144	2939
0.000145	180773
0.000163	42286
