version	total
0.008	13444
0.006007	5985
0.008002	8289
0.008004	8246
0.008005	2145
0.008006	2116
0.008007	1705
0.008008	1332
0.008009	968
