version	total
0.004010	5498
0.004011	5336
