version	total
1.302052	9451
1.302075	16363
1.302140	5587
1.302141	4886
1.302156	5829
1.302164	9441
1.302188	2523
1.302189	2286
1.302190	6870
