version	total
0.042	76575
1.000000	22831
1.002001	512673
1.002002	323132
