version	total
0.100052	8239
0.100054	2291
0.100055	1686
