version	total
0.001011	35084
0.001013	212771
