version	total
1.999813	4807
1.999816	5034
1.999829	2174
1.999830	2077
1.999831	1998
1.999832	1989
1.999833	1991
1.999835	1988
1.999836	1926
1.999837	1926
1.999838	1418
1.999839	1203
1.999841	1064
1.999842	1058
2.000000	1069
2.001000	1034
2.001001	1016
2.002000	992
2.002001	980
2.003001	666
2.003002	648
2.003003	392
2.003004	102
2.004001	112
2.005001	79
2.005002	80
2.005003	50
