version	total
0.001011	37563
0.001013	229526
