version	total
0.004010	5644
0.004011	5557
