version	total
1.967013	34425
1.967015	153489
