version	total
2.000024	8417
2.000028	2618
2.000029	8296
