version	total
0.004010	5677
0.004011	5597
