version	total
1.000005	27574
1.002002	8606
1.004002	7658
1.004003	5021
1.004004	142126
1.012004	2595
1.012005	2188
1.014000	2159
1.016002	2023
1.016006	2436
