version	total
0.004010	5724
0.004011	5651
