version	total
2.000002	6054
2.001000	40782
2.003004	181256
2.005004	43570
