version	total
1.94	174808
1.99	2874
2.000000	2551
2.001000	2072
2.002000	3371
2.002001	2119
2.003000	1600
