version	total
1.999813	4870
1.999816	5134
1.999829	2216
1.999830	2120
1.999831	2041
1.999832	2032
1.999833	2033
1.999835	2031
1.999836	1969
1.999837	1968
1.999838	1461
1.999839	1246
1.999841	1107
1.999842	1101
2.000000	1223
2.001000	1186
2.001001	1168
2.002000	1109
2.002001	1096
2.003001	708
2.003002	690
2.003003	432
2.003004	146
2.004001	156
2.005001	235
2.005002	237
2.005003	236
