version	total
0.042	72976
1.000000	22787
1.002001	501916
1.002002	305632
