version	total
1.999813	4815
1.999816	5046
1.999829	2179
1.999830	2082
1.999831	2003
1.999832	1994
1.999833	1995
1.999835	1993
1.999836	1931
1.999837	1931
1.999838	1423
1.999839	1208
1.999841	1069
1.999842	1063
2.000000	1074
2.001000	1039
2.001001	1021
2.002000	997
2.002001	984
2.003001	671
2.003002	653
2.003003	397
2.003004	107
2.004001	117
2.005001	84
2.005002	85
2.005003	67
