version	total
1.000005	29224
1.002002	8688
1.004002	7832
1.004003	5196
1.004004	147557
1.012004	2759
1.012005	2352
1.014000	2325
1.016002	2076
1.016006	2557
