version	total
1.302052	9685
1.302075	17526
1.302140	5710
1.302141	5011
1.302156	5955
1.302164	9907
1.302188	2634
1.302189	2398
1.302190	7938
