version	total
2.005001	19219
2.006003	157600
2.006006	30852
