version	total
0.004010	5465
0.004011	5279
