version	total
0.17024	30702
0.17027	140156
0.17029	3492
0.17030	254
