version	total
0.002005	4919
0.002006	4887
0.002009	3062
