version	total
0.103004	10427
0.103005	2670
0.103006	2169
