version	total
2.005001	19502
2.006003	165432
2.006006	40921
