version	total
2.000001	37885
2.000006	25582
2.000008	160962
2.002004	44895
