version	total
2.000001	37194
2.000006	25504
2.000008	159214
2.002004	41970
