version	total
2.000001	36763
2.000006	25449
2.000008	158263
2.002004	39235
