version	total
0.004010	5661
0.004011	5576
