version	total
2.000001	34029
2.000006	25130
2.000008	150047
2.002004	30125
