version	total
2.000001	34764
2.000006	25226
2.000008	152482
2.002004	32301
