version	total
2.000024	8329
2.000028	2560
2.000029	7900
