version	total
0.001011	37396
0.001013	227714
