version	total
0.001011	36572
0.001013	222599
