version	total
0.002005	4957
0.002006	5071
0.002009	12347
