version	total
5.20180120	6688
5.20180626	5433
5.20180820	8919
5.20181130	4899
5.20181218	11318
5.20190420	5367
5.20190524	86057
5.20220120	2580
5.20220220	2645
5.20220313	2492
5.20220320	3258
5.20220420	3500
5.20220527	3240
5.20220620	26108
5.20230220	126
5.20250528	614
5.20250702	396
5.20250720	320
5.20250803	556
5.20250820	2307
5.20250923	2534
5.20251022	1090
