version	total
0.103004	10285
0.103005	2614
0.103006	2063
