version	total
1.000005	29353
1.002002	8691
1.004002	7847
1.004003	5211
1.004004	148076
1.012004	2775
1.012005	2368
1.014000	2341
1.016002	2080
1.016006	2563
