version	total
0.001011	37664
0.001013	230018
