version	total
2.000001	34721
2.000006	25220
2.000008	152336
2.002004	32153
