version	total
1.006900	30960
1.007002	142289
1.007003	91601
