version	total
2.000024	8018
2.000028	2403
2.000029	6495
