version	total
2.000002	6035
2.001000	40267
2.003004	179908
2.005004	42240
