version	total
0.100003	5681
0.100005	2373
0.100006	1794
