version	total
0.100052	8445
0.100054	2334
0.100055	1802
