version	total
0.008	16628
0.006007	6020
0.008002	9931
0.008004	9935
0.008005	2204
0.008006	2175
0.008007	1764
0.008008	1391
0.008009	1029
