version	total
0.000061	12589
0.000115	6736
0.000116	5514
0.000117	20307
0.000144	3057
0.000145	183514
0.000163	55924
