version	total
2.005001	19284
2.006003	159632
2.006006	32730
