version	total
2.000001	36630
2.000006	25430
2.000008	157960
2.002004	38582
