version	total
1.94	171766
1.99	2791
2.000000	2483
2.001000	2013
2.002000	3317
2.002001	2071
2.003000	1418
