version	total
2.005001	19661
2.006003	169099
2.006006	46500
