version	total
0.204001	2208
0.204003	2189
0.206003	3406
0.207001	2430
0.207002	2400
0.207003	970
