version	total
1.000005	28141
1.002002	8627
1.004002	7709
1.004003	5072
1.004004	143919
1.012004	2644
1.012005	2237
1.014000	2208
1.016002	2031
1.016006	2462
