version	total
2.120921	10197
2.150010	94701
