version	total
1.003008	5972
1.004000	6219
1.004003	2341
