version	total
1.006900	31796
1.007002	145247
1.007003	100669
