version	total
0.103004	10604
0.103005	2766
0.103006	2309
