version	total
0.103004	10524
0.103005	2726
0.103006	2249
