version	total
2.000002	5907
2.001000	37268
2.003004	170831
2.005004	29621
