version	total
1.000005	28041
1.002002	8623
1.004002	7701
1.004003	5064
1.004004	143670
1.012004	2635
1.012005	2228
1.014000	2200
1.016002	2030
1.016006	2460
