version	total
1.967013	35245
1.967015	156968
