version	total
1.94	163893
1.99	2667
2.000000	2402
2.001000	1973
2.002000	3115
2.002001	1909
2.003000	974
