version	total
2.000024	8414
2.000028	2615
2.000029	8271
