version	total
2.005001	19570
2.006003	167145
2.006006	44297
