version	total
1.003008	6037
1.004000	6284
1.004003	2392
