version	total
1.94	177402
1.99	2940
2.000000	2609
2.001000	2123
2.002000	3421
2.002001	2148
2.003000	1736
