version	total
0.004010	5658
0.004011	5573
