version	total
1.100602	7561
1.100603	1835
