version	total
0.103004	10100
0.103005	2549
0.103006	1937
