version	total
2.000001	34236
2.000006	25156
2.000008	150707
2.002004	30620
