version	total
0.204001	2218
0.204003	2199
0.206003	3491
0.207001	2454
0.207002	2423
0.207003	993
