version	total
2.000024	8413
2.000028	2614
2.000029	8264
