version	total
0.008	8064
0.006007	5900
0.008002	5449
0.008004	5329
0.008005	2115
0.008006	2091
0.008007	1678
0.008008	1302
0.008009	919
