version	total
0.204001	2189
0.204003	2171
0.206003	3260
0.207001	2346
0.207002	2315
0.207003	886
