version	total
0.000061	10762
0.000115	6523
0.000116	5305
0.000117	19727
0.000144	2869
0.000145	173492
0.000163	18237
