version	total
1.003008	5937
1.004000	6184
1.004003	2314
