version	total
0.042	81480
1.000000	22962
1.002001	525460
1.002002	346175
