version	total
2.000001	34735
2.000006	25221
2.000008	152394
2.002004	32196
