version	total
1.000019	7324
1.000033	15633
1.000036	94334
1.000037	18429
1.000038	52575
