version	total
0.100003	5632
0.100005	2337
0.100006	1755
