version	total
2.000001	37408
2.000006	25531
2.000008	159770
2.002004	43678
