version	total
1.000019	7112
1.000033	15497
1.000036	92530
1.000037	18323
1.000038	29853
