version	total
0.17024	32301
0.17027	145780
0.17029	3574
0.17030	519
