version	total
1.006900	31279
1.007002	143581
1.007003	95629
