version	total
0.001011	35650
0.001013	216854
