version	total
2.000001	33926
2.000006	25112
2.000008	149758
2.002004	30010
