version	total
2.000002	6045
2.001000	40640
2.003004	180859
2.005004	42923
