version	total
0.204001	2164
0.204003	2143
0.206003	3166
0.207001	2308
0.207002	2277
0.207003	850
