version	total
0.17024	30794
0.17027	140703
0.17029	3493
0.17030	274
