version	total
1.20141117	5216
1.20190531	2651
