version	total
1.94	171904
1.99	2798
2.000000	2488
2.001000	2017
2.002000	3323
2.002001	2077
2.003000	1428
