version	total
1.999813	4845
1.999816	5094
1.999829	2198
1.999830	2101
1.999831	2022
1.999832	2013
1.999833	2014
1.999835	2012
1.999836	1950
1.999837	1950
1.999838	1442
1.999839	1228
1.999841	1089
1.999842	1082
2.000000	1110
2.001000	1075
2.001001	1058
2.002000	1029
2.002001	1015
2.003001	691
2.003002	672
2.003003	416
2.003004	127
2.004001	137
2.005001	122
2.005002	123
2.005003	113
