version	total
1.94	175660
1.99	2896
2.000000	2570
2.001000	2087
2.002000	3390
2.002001	2132
2.003000	1655
