version	total
0.001011	35628
0.001013	216531
