version	total
0.17024	30991
0.17027	141359
0.17029	3503
0.17030	310
