version	total
0.042	79313
1.000000	22904
1.002001	520291
1.002002	337073
