version	total
1.967013	34367
1.967015	153291
