version	total
2.000001	36957
2.000006	25476
2.000008	158637
2.002004	40488
