version	total
2.000024	8102
2.000028	2425
2.000029	6937
