version	total
4.161950	8393
4.201720	17735
