version	total
0.042	74490
1.000000	22807
1.002001	506703
1.002002	313668
