version	total
2.000002	5963
2.001000	38325
2.003004	174399
2.005004	33131
