version	total
1.100602	7616
1.100603	1881
