version	total
2.005001	19178
2.006003	156601
2.006006	30150
