version	total
0.17024	31256
0.17027	142314
0.17029	3508
0.17030	349
