version	total
2.005001	19514
2.006003	165752
2.006006	41418
