version	total
0.17024	32645
0.17027	146665
0.17029	3599
0.17030	581
