version	total
0.100003	5701
0.100005	2390
0.100006	1810
