version	total
0.103004	10456
0.103005	2685
0.103006	2188
