version	total
1.100602	7730
1.100603	1976
