version	total
0.001011	34903
0.001013	211915
