version	total
0.004010	5626
0.004011	5537
