version	total
0.000061	12997
0.000115	6805
0.000116	5581
0.000117	20429
0.000144	3121
0.000145	184580
0.000163	64789
