version	total
2.000024	8250
2.000028	2510
2.000029	7589
