version	total
1.302052	9658
1.302075	17372
1.302140	5690
1.302141	4991
1.302156	5934
1.302164	9847
1.302188	2614
1.302189	2378
1.302190	7788
