version	total
0.002005	4948
0.002006	5026
0.002009	8699
