version	total
5.20180120	6629
5.20180626	5392
5.20180820	8878
5.20181130	4859
5.20181218	11258
5.20190420	5326
5.20190524	85569
5.20220120	2545
5.20220220	2610
5.20220313	2457
5.20220320	3223
5.20220420	3465
5.20220527	3205
5.20220620	26051
5.20230220	91
5.20250528	571
5.20250702	360
5.20250720	283
5.20250803	506
5.20250820	2144
5.20250923	1002
