version	total
0.004010	5571
0.004011	5470
