version	total
0.000061	10941
0.000115	6544
0.000116	5325
0.000117	19789
0.000144	2885
0.000145	174409
0.000163	20260
