version	total
0.17024	30777
0.17027	140615
0.17029	3493
0.17030	271
