version	total
0.17024	33105
0.17027	148066
0.17029	3636
0.17030	671
