version	total
2.000024	8083
2.000028	2414
2.000029	6866
