version	total
0.001011	38647
0.001013	237929
