version	total
1.006900	34461
1.007002	152300
1.007003	135659
