version	total
0.008	7321
0.006007	5886
0.008002	5055
0.008004	4923
0.008005	2109
0.008006	2087
0.008007	1673
0.008008	1297
0.008009	911
