version	total
0.042	77991
1.000000	22868
1.002001	516957
1.002002	330572
