version	total
2.000002	5874
2.001000	36813
2.003004	169418
2.005004	28770
