version	total
1.000005	25917
1.002002	8530
1.004002	7570
1.004003	4926
1.004004	135631
1.012004	2526
1.012005	2115
1.014000	2087
1.016002	1972
1.016006	2305
