version	total
1.000005	29271
1.002002	8689
1.004002	7839
1.004003	5203
1.004004	147791
1.012004	2766
1.012005	2359
1.014000	2332
1.016002	2077
1.016006	2558
