version	total
2.000001	36614
2.000006	25424
2.000008	157891
2.002004	38334
