version	total
1.302052	9594
1.302075	17061
1.302140	5652
1.302141	4951
1.302156	5896
1.302164	9713
1.302188	2578
1.302189	2342
1.302190	7502
