version	total
2.005001	19568
2.006003	167091
2.006006	44265
