version	total
1.003008	5810
1.004000	6044
1.004003	2250
