version	total
0.002005	4983
0.002006	5169
0.002009	17022
