version	total
2.120921	10286
2.150010	96849
