version	total
0.000061	11080
0.000115	6555
0.000116	5336
0.000117	19843
0.000144	2891
0.000145	174925
0.000163	22320
