version	total
2.000001	37909
2.000006	25586
2.000008	161027
2.002004	44961
