version	total
1.100602	7652
1.100603	1912
