version	total
1.94	171520
1.99	2788
2.000000	2480
2.001000	2010
2.002000	3312
2.002001	2065
2.003000	1407
