version	total
1.006900	33441
1.007002	149556
1.007003	120096
