version	total
2.000002	5930
2.001000	37683
2.003004	172413
2.005004	31020
