version	total
2.000001	38305
2.000006	25629
2.000008	162031
2.002004	45936
