version	total
0.042	74719
1.000000	22813
1.002001	507329
1.002002	314737
