version	total
0.103004	10418
0.103005	2664
0.103006	2163
