version	total
0.100052	8331
0.100054	2305
0.100055	1747
