version	total
5.20180120	6723
5.20180626	5458
5.20180820	8946
5.20181130	4924
5.20181218	11344
5.20190420	5392
5.20190524	86359
5.20220120	2605
5.20220220	2670
5.20220313	2517
5.20220320	3283
5.20220420	3525
5.20220527	3264
5.20220620	26146
5.20230220	152
5.20250528	643
5.20250702	421
5.20250720	344
5.20250803	588
5.20250820	2329
5.20250923	2784
5.20251022	2101
5.20251120	749
