version	total
0.103004	10132
0.103005	2571
0.103006	1965
