version	total
0.001011	34752
0.001013	211010
