version	total
1.006900	31085
1.007002	142768
1.007003	93116
