version	total
1.000005	27299
1.002002	8589
1.004002	7630
1.004003	4993
1.004004	141145
1.012004	2571
1.012005	2163
1.014000	2134
1.016002	2017
1.016006	2424
