version	total
1.003008	6035
1.004000	6283
1.004003	2391
