version	total
0.000061	11464
0.000115	6576
0.000116	5357
0.000117	19946
0.000144	2909
0.000145	176945
0.000163	34884
