version	total
2.000002	6030
2.001000	40102
2.003004	179429
2.005004	40866
