version	total
0.17024	30971
0.17027	141294
0.17029	3503
0.17030	300
