version	total
0.008	5171
0.006007	5831
0.008002	3889
0.008004	3749
0.008005	2075
0.008006	2053
0.008007	1639
0.008008	1263
0.008009	876
