version	total
0.000061	12247
0.000115	6679
0.000116	5459
0.000117	20215
0.000144	3003
0.000145	182184
0.000163	49007
