version	total
2.000024	8033
2.000028	2406
2.000029	6605
