version	total
1.003008	5952
1.004000	6198
1.004003	2325
