version	total
0.004010	5656
0.004011	5572
