version	total
0.000061	12933
0.000115	6797
0.000116	5573
0.000117	20409
0.000144	3113
0.000145	184462
0.000163	62967
