version	total
5.20180120	6416
5.20180626	5272
5.20180820	8754
5.20181130	4738
5.20181218	11110
5.20190420	5208
5.20190524	83682
5.20220120	2442
5.20220220	2509
5.20220313	2357
5.20220320	3120
5.20220420	3366
5.20220527	3104
5.20220620	24601
