version	total
2.000002	6021
2.001000	39845
2.003004	178720
2.005004	39390
