version	total
0.002005	4940
0.002006	4989
0.002009	6869
