version	total
0.008	20587
0.006007	6061
0.008002	12003
0.008004	11973
0.008005	2296
0.008006	2268
0.008007	1856
0.008008	1486
0.008009	1127
