version	total
1.100602	7358
1.100603	1686
