version	total
1.100602	7387
1.100603	1698
