version	total
1.100602	7670
1.100603	1925
