version	total
2.000002	6081
2.001000	41398
2.003004	183025
2.005004	45372
