version	total
0.17024	30243
0.17027	138340
0.17029	3479
0.17030	191
