version	total
0.103004	10082
0.103005	2539
0.103006	1925
