version	total
2.000001	35291
2.000006	25274
2.000008	154056
2.002004	33735
