version	total
4.161950	7860
4.201720	12507
