version	total
0.008	17184
0.006007	6025
0.008002	10235
0.008004	10236
0.008005	2215
0.008006	2186
0.008007	1775
0.008008	1402
0.008009	1042
