version	total
5.20180120	6851
5.20180626	5558
5.20180820	9050
5.20181130	5036
5.20181218	11452
5.20190420	5494
5.20190524	87069
5.20220120	2693
5.20220220	2762
5.20220313	2607
5.20220320	3373
5.20220420	3615
5.20220527	3353
5.20220620	26277
5.20230220	246
5.20250528	737
5.20250702	513
5.20250720	434
5.20250803	693
5.20250820	2369
5.20250923	3192
5.20251022	2591
5.20251120	3162
5.20251220	2298
5.20260119	3198
