version	total
0.042	79269
1.000000	22904
1.002001	520140
1.002002	336820
