version	total
0.042	73748
1.000000	22798
1.002001	504270
1.002002	309680
