version	total
2.000002	5915
2.001000	37344
2.003004	171146
2.005004	29799
