version	total
0.042	82068
1.000000	22989
1.002001	526772
1.002002	348577
