version	total
1.302052	9678
1.302075	17502
1.302140	5705
1.302141	5006
1.302156	5950
1.302164	9894
1.302188	2629
1.302189	2393
1.302190	7900
