version	total
1.006900	32388
1.007002	146982
1.007003	108956
