version	total
1.94	175181
1.99	2887
2.000000	2561
2.001000	2079
2.002000	3381
2.002001	2128
2.003000	1622
