version	total
1.000019	7200
1.000033	15561
1.000036	93297
1.000037	18367
1.000038	38003
