version	total
2.000002	6000
2.001000	39152
2.003004	176997
2.005004	35188
