version	total
0.008	9315
0.006007	5917
0.008002	6105
0.008004	6004
0.008005	2123
0.008006	2097
0.008007	1685
0.008008	1309
0.008009	927
