version	total
4.161950	8366
4.201720	17313
