version	total
0.17024	33176
0.17027	148298
0.17029	3642
0.17030	683
