version	total
1.20141117	5334
1.20190531	2746
