version	total
1.100602	7557
1.100603	1832
