version	total
1.999813	4865
1.999816	5125
1.999829	2212
1.999830	2115
1.999831	2036
1.999832	2027
1.999833	2028
1.999835	2026
1.999836	1964
1.999837	1964
1.999838	1456
1.999839	1241
1.999841	1102
1.999842	1096
2.000000	1188
2.001000	1151
2.001001	1135
2.002000	1098
2.002001	1085
2.003001	705
2.003002	685
2.003003	427
2.003004	141
2.004001	151
2.005001	200
2.005002	202
2.005003	198
