version	total
2.000024	8105
2.000028	2427
2.000029	6950
