version	total
4.161950	8153
4.201720	15041
