version	total
0.100003	5605
0.100005	2316
0.100006	1735
