version	total
0.042	72883
1.000000	22786
1.002001	501576
1.002002	305047
