version	total
0.042	72805
1.000000	22781
1.002001	501229
1.002002	304569
