version	total
2.000024	8106
2.000028	2428
2.000029	6956
