version	total
0.004010	5679
0.004011	5599
