version	total
0.002005	4955
0.002006	5061
0.002009	11325
