version	total
1.003008	5914
1.004000	6163
1.004003	2303
