version	total
1.006900	30868
1.007002	141988
1.007003	90623
