version	total
2.000002	5954
2.001000	38200
2.003004	174004
2.005004	32685
