version	total
1.967013	31481
1.967015	141590
