version	total
4.161950	8387
4.201720	17655
