version	total
1.302052	9365
1.302075	15892
1.302140	5559
1.302141	4859
1.302156	5801
1.302164	9275
1.302188	2502
1.302189	2266
1.302190	6436
