version	total
0.004010	5538
0.004011	5431
