version	total
0.204001	2187
0.204003	2169
0.206003	3238
0.207001	2332
0.207002	2301
0.207003	872
