version	total
1.302052	9578
1.302075	16996
1.302140	5641
1.302141	4940
1.302156	5885
1.302164	9683
1.302188	2567
1.302189	2331
1.302190	7436
