version	total
0.002005	4965
0.002006	5112
0.002009	13731
