version	total
4.161950	8577
4.201720	18977
