version	total
2.000001	33818
2.000006	25068
2.000008	149387
2.002004	29755
