version	total
4.161950	7775
4.201720	11759
