version	total
2.000024	8034
2.000028	2406
2.000029	6619
