version	total
0.000061	12572
0.000115	6730
0.000116	5509
0.000117	20300
0.000144	3053
0.000145	183480
0.000163	55604
