version	total
2.000001	34260
2.000006	25160
2.000008	150799
2.002004	30686
