version	total
0.000061	11731
0.000115	6599
0.000116	5380
0.000117	20019
0.000144	2929
0.000145	180538
0.000163	40816
