version	total
1.20141117	5322
1.20190531	2737
