version	total
2.005001	19406
2.006003	163636
2.006006	36139
