version	total
1.967013	35227
1.967015	156932
