version	total
1.999813	4855
1.999816	5110
1.999829	2206
1.999830	2108
1.999831	2030
1.999832	2021
1.999833	2021
1.999835	2020
1.999836	1957
1.999837	1957
1.999838	1450
1.999839	1235
1.999841	1095
1.999842	1089
2.000000	1153
2.001000	1117
2.001001	1100
2.002000	1067
2.002001	1053
2.003001	699
2.003002	679
2.003003	423
2.003004	134
2.004001	144
2.005001	165
2.005002	167
2.005003	158
