version	total
1.967013	34771
1.967015	154700
