version	total
2.005001	19316
2.006003	161066
2.006006	34110
