version	total
0.17024	32845
0.17027	147254
0.17029	3615
0.17030	617
