version	total
2.000024	8087
2.000028	2415
2.000029	6872
