version	total
2.005001	19326
2.006003	161317
2.006006	34339
