version	total
1.967013	32573
1.967015	146747
