version	total
2.000024	8416
2.000028	2617
2.000029	8286
