version	total
0.000061	11324
0.000115	6570
0.000116	5351
0.000117	19910
0.000144	2904
0.000145	176233
0.000163	28767
