version	total
0.002005	4932
0.002006	4960
0.002009	5465
