version	total
1.100602	7594
1.100603	1861
