version	total
1.967013	33958
1.967015	151891
