version	total
1.003008	6076
1.004000	6323
1.004003	2424
