version	total
1.000019	7019
1.000033	15457
1.000036	91457
1.000037	18287
1.000038	24226
