version	total
1.967013	34354
1.967015	153240
