version	total
0.002005	4957
0.002006	5068
0.002009	11915
