version	total
0.103004	10292
0.103005	2615
0.103006	2073
