version	total
0.204001	2188
0.204003	2170
0.206003	3249
0.207001	2339
0.207002	2308
0.207003	879
