version	total
0.008	9457
0.006007	5920
0.008002	6182
0.008004	6087
0.008005	2124
0.008006	2098
0.008007	1685
0.008008	1310
0.008009	928
