version	total
0.001011	37595
0.001013	229723
