version	total
0.008	18064
0.006007	6034
0.008002	10690
0.008004	10694
0.008005	2231
0.008006	2202
0.008007	1791
0.008008	1418
0.008009	1058
