version	total
0.103004	10612
0.103005	2771
0.103006	2313
