version	total
2.000002	6078
2.001000	41313
2.003004	182754
2.005004	45132
