version	total
0.17024	32906
0.17027	147433
0.17029	3619
0.17030	627
