version	total
0.002005	4947
0.002006	5023
0.002009	8517
