version	total
2.000024	8254
2.000028	2513
2.000029	7623
