version	total
2.000001	35226
2.000006	25272
2.000008	153825
2.002004	33424
