version	total
0.004010	5641
0.004011	5553
