version	total
1.000019	7190
1.000033	15555
1.000036	93186
1.000037	18363
1.000038	36735
