version	total
0.004010	5652
0.004011	5566
