version	total
1.100602	7425
1.100603	1734
