version	total
1.20141117	5227
1.20190531	2660
