version	total
0.100003	5677
0.100005	2370
0.100006	1791
