version	total
2.000001	34289
2.000006	25162
2.000008	150847
2.002004	30734
