version	total
2.005001	19320
2.006003	161152
2.006006	34160
