version	total
1.302052	9831
1.302075	18177
1.302140	5799
1.302141	5100
1.302156	6046
1.302164	10167
1.302188	2710
1.302189	2473
1.302190	8512
