version	total
1.20141117	5271
1.20190531	2702
