version	total
1.967013	34303
1.967015	153018
