version	total
0.000061	11439
0.000115	6575
0.000116	5356
0.000117	19938
0.000144	2908
0.000145	176862
0.000163	33755
