version	total
0.100003	5453
0.100005	2230
0.100006	1645
