version	total
1.003008	6169
1.004000	6412
1.004003	2501
