version	total
0.042	73205
1.000000	22791
1.002001	502556
1.002002	306860
