version	total
1.000005	28345
1.002002	8640
1.004002	7727
1.004003	5090
1.004004	144575
1.012004	2659
1.012005	2252
1.014000	2224
1.016002	2037
1.016006	2477
