version	total
1.006900	30849
1.007002	141907
1.007003	90381
