version	total
0.103004	10486
0.103005	2703
0.103006	2209
