version	total
0.008	15093
0.006007	6004
0.008002	9148
0.008004	9131
0.008005	2177
0.008006	2148
0.008007	1737
0.008008	1364
0.008009	1002
