version	total
2.000002	5912
2.001000	37294
2.003004	170928
2.005004	29680
