version	total
1.94	164227
1.99	2686
2.000000	2419
2.001000	1988
2.002000	3134
2.002001	1928
2.003000	998
