version	total
0.042	82116
1.000000	22990
1.002001	526914
1.002002	348729
