version	total
2.000002	5952
2.001000	38116
2.003004	173757
2.005004	32332
