version	total
0.094002	2107
0.094003	1511
