version	total
1.967013	33612
1.967015	150850
