version	total
1.999813	4847
1.999816	5097
1.999829	2199
1.999830	2102
1.999831	2023
1.999832	2014
1.999833	2015
1.999835	2013
1.999836	1951
1.999837	1951
1.999838	1443
1.999839	1229
1.999841	1089
1.999842	1083
2.000000	1114
2.001000	1079
2.001001	1062
2.002000	1033
2.002001	1019
2.003001	692
2.003002	673
2.003003	417
2.003004	128
2.004001	138
2.005001	126
2.005002	128
2.005003	119
