version	total
0.008	9773
0.006007	5925
0.008002	6346
0.008004	6251
0.008005	2125
0.008006	2099
0.008007	1686
0.008008	1311
0.008009	930
