version	total
2.000024	8341
2.000028	2567
2.000029	7936
