version	total
0.042	73893
1.000000	22802
1.002001	504768
1.002002	310508
