version	total
1.967013	34192
1.967015	152679
