version	total
0.17024	31618
0.17027	143625
0.17029	3516
0.17030	399
