version	total
0.204001	2204
0.204003	2186
0.206003	3364
0.207001	2417
0.207002	2387
0.207003	957
