version	total
0.17024	32507
0.17027	146359
0.17029	3588
0.17030	561
