version	total
0.001011	37196
0.001013	226363
