version	total
1.000005	28454
1.002002	8649
1.004002	7736
1.004003	5099
1.004004	144853
1.012004	2667
1.012005	2260
1.014000	2232
1.016002	2044
1.016006	2490
