version	total
0.094002	2171
0.094003	1599
