version	total
1.100602	7528
1.100603	1807
