version	total
1.006900	31377
1.007002	143848
1.007003	96443
