version	total
0.204001	2168
0.204003	2147
0.206003	3177
0.207001	2312
0.207002	2280
0.207003	853
