version	total
2.000002	5984
2.001000	38830
2.003004	175905
2.005004	34452
