version	total
1.94	175702
1.99	2897
2.000000	2571
2.001000	2088
2.002000	3392
2.002001	2132
2.003000	1659
