version	total
1.302052	9670
1.302075	17456
1.302140	5699
1.302141	5000
1.302156	5944
1.302164	9878
1.302188	2623
1.302189	2387
1.302190	7860
