version	total
5.20180120	6708
5.20180626	5448
5.20180820	8934
5.20181130	4914
5.20181218	11332
5.20190420	5382
5.20190524	86245
5.20220120	2595
5.20220220	2660
5.20220313	2507
5.20220320	3273
5.20220420	3515
5.20220527	3254
5.20220620	26131
5.20230220	141
5.20250528	633
5.20250702	411
5.20250720	334
5.20250803	576
5.20250820	2326
5.20250923	2753
5.20251022	2050
5.20251120	104
