version	total
0.042	76396
1.000000	22829
1.002001	511949
1.002002	321806
