version	total
0.008	13328
0.006007	5984
0.008002	8229
0.008004	8185
0.008005	2143
0.008006	2114
0.008007	1703
0.008008	1330
0.008009	966
