version	total
2.000024	8064
2.000028	2413
2.000029	6789
