version	total
1.000019	7027
1.000033	15462
1.000036	91616
1.000037	18294
1.000038	25149
