version	total
0.002005	4966
0.002006	5118
0.002009	14145
