version	total
0.002005	4998
0.002006	5218
0.002009	19235
