version	total
2.000024	8154
2.000028	2458
2.000029	7158
