version	total
0.002005	4935
0.002006	4970
0.002009	5988
