version	total
0.001011	38149
0.001013	233896
