version	total
0.008	5290
0.006007	5838
0.008002	3958
0.008004	3809
0.008005	2080
0.008006	2058
0.008007	1644
0.008008	1268
0.008009	881
