version	total
1.003008	5843
1.004000	6087
1.004003	2277
