version	total
2.000002	6009
2.001000	39443
2.003004	177862
2.005004	37254
