version	total
0.008	20063
0.006007	6047
0.008002	11712
0.008004	11689
0.008005	2270
0.008006	2242
0.008007	1831
0.008008	1458
0.008009	1099
