version	total
0.004010	5460
0.004011	5273
