version	total
0.17024	32553
0.17027	146429
0.17029	3592
0.17030	566
