version	total
0.008	20632
0.006007	6079
0.008002	12047
0.008004	12016
0.008005	2335
0.008006	2307
0.008007	1895
0.008008	1528
0.008009	1166
