version	total
1.94	171694
1.99	2790
2.000000	2482
2.001000	2012
2.002000	3317
2.002001	2070
2.003000	1415
