version	total
2.000001	34361
2.000006	25172
2.000008	151049
2.002004	30865
