version	total
0.100052	8246
0.100054	2293
0.100055	1691
