version	total
1.20141117	5326
1.20190531	2741
