version	total
4.161950	8427
4.201720	17935
