version	total
0.042	79545
1.000000	22911
1.002001	520881
1.002002	338267
