version	total
2.000024	8036
2.000028	2407
2.000029	6622
