version	total
0.001011	35845
0.001013	218027
