version	total
0.103004	10596
0.103005	2763
0.103006	2305
