version	total
1.967013	33402
1.967015	150141
