version	total
4.161950	8229
4.201720	15534
