version	total
0.17024	30659
0.17027	139984
0.17029	3490
0.17030	248
