version	total
1.003008	5884
1.004000	6127
1.004003	2293
