version	total
5.20180120	6736
5.20180626	5467
5.20180820	8956
5.20181130	4933
5.20181218	11354
5.20190420	5400
5.20190524	86416
5.20220120	2613
5.20220220	2678
5.20220313	2525
5.20220320	3291
5.20220420	3533
5.20220527	3272
5.20220620	26158
5.20230220	160
5.20250528	654
5.20250702	430
5.20250720	352
5.20250803	598
5.20250820	2330
5.20250923	2834
5.20251022	2155
5.20251120	1609
