version	total
0.008	13813
0.006007	5989
0.008002	8480
0.008004	8443
0.008005	2152
0.008006	2123
0.008007	1712
0.008008	1339
0.008009	976
