version	total
0.008	15483
0.006007	6010
0.008002	9335
0.008004	9329
0.008005	2186
0.008006	2157
0.008007	1746
0.008008	1373
0.008009	1011
