version	total
1.000005	26508
1.002002	8563
1.004002	7602
1.004003	4959
1.004004	138227
1.012004	2551
1.012005	2142
1.014000	2114
1.016002	1999
1.016006	2355
