version	total
0.002005	4922
0.002006	4920
0.002009	3761
