version	total
1.302052	9465
1.302075	16424
1.302140	5589
1.302141	4888
1.302156	5832
1.302164	9478
1.302188	2526
1.302189	2289
1.302190	6927
