version	total
1.000005	27424
1.002002	8597
1.004002	7641
1.004003	5004
1.004004	141559
1.012004	2580
1.012005	2173
1.014000	2144
1.016002	2021
1.016006	2431
