version	total
0.042	74000
1.000000	22804
1.002001	505115
1.002002	311109
