version	total
0.042	83587
1.000000	23039
1.002001	530297
1.002002	355080
