version	total
0.002005	4953
0.002006	5048
0.002009	10084
