version	total
1.006900	31502
1.007002	144308
1.007003	98011
