version	total
2.000024	8206
2.000028	2484
2.000029	7373
