version	total
1.20141117	5308
1.20190531	2728
