version	total
2.005001	19440
2.006003	164323
2.006006	38321
