version	total
0.042	81157
1.000000	22954
1.002001	524719
1.002002	344777
