version	total
0.103004	10497
0.103005	2709
0.103006	2221
