version	total
1.006900	33190
1.007002	148972
1.007003	117786
