version	total
0.17024	32428
0.17027	146131
0.17029	3582
0.17030	546
