version	total
0.002005	4987
0.002006	5177
0.002009	17221
