version	total
1.967013	32282
1.967015	145416
