version	total
2.000002	6006
2.001000	39331
2.003004	177537
2.005004	36617
