version	total
0.17024	32279
0.17027	145716
0.17029	3573
0.17030	517
