version	total
1.000019	7021
1.000033	15458
1.000036	91478
1.000037	18287
1.000038	24327
