version	total
2.000024	7880
2.000028	2346
2.000029	5757
