version	total
1.000005	26688
1.002002	8572
1.004002	7612
1.004003	4974
1.004004	138918
1.012004	2558
1.012005	2149
1.014000	2120
1.016002	2003
1.016006	2374
