version	total
2.000024	8178
2.000028	2467
2.000029	7222
