version	total
2.000001	38398
2.000006	25648
2.000008	162325
2.002004	46261
