version	total
0.100003	5590
0.100005	2303
0.100006	1722
