version	total
1.302052	9326
1.302075	15768
1.302140	5533
1.302141	4833
1.302156	5775
1.302164	9226
1.302188	2477
1.302189	2240
1.302190	6341
