version	total
0.100052	8442
0.100054	2333
0.100055	1800
