version	total
0.004010	5729
0.004011	5658
