version	total
0.004010	5613
0.004011	5523
