version	total
4.161950	8468
4.201720	18131
