version	total
1.000005	27984
1.002002	8621
1.004002	7698
1.004003	5061
1.004004	143512
1.012004	2633
1.012005	2226
1.014000	2197
1.016002	2030
1.016006	2457
