version	total
0.001011	38899
0.001013	239007
