version	total
1.000005	28326
1.002002	8639
1.004002	7726
1.004003	5089
1.004004	144532
1.012004	2658
1.012005	2251
1.014000	2223
1.016002	2036
1.016006	2475
