version	total
1.003008	5949
1.004000	6196
1.004003	2324
