version	total
0.001011	37245
0.001013	226565
