version	total
0.042	76299
1.000000	22826
1.002001	511729
1.002002	321450
