version	total
4.161950	8279
4.201720	16073
