version	total
5.20180120	6855
5.20180626	5561
5.20180820	9053
5.20181130	5039
5.20181218	11455
5.20190420	5499
5.20190524	87087
5.20220120	2696
5.20220220	2765
5.20220313	2610
5.20220320	3376
5.20220420	3618
5.20220527	3355
5.20220620	26280
5.20230220	249
5.20250528	740
5.20250702	516
5.20250720	439
5.20250803	699
5.20250820	2370
5.20250923	3203
5.20251022	2603
5.20251120	3164
5.20251220	2299
5.20260119	3312
5.20260220	65
