version	total
0.17024	33875
0.17027	150643
0.17029	3725
0.17030	858
