version	total
0.17024	32237
0.17027	145601
0.17029	3571
0.17030	513
