version	total
0.204001	2148
0.204003	2127
0.206003	3099
0.207001	2271
0.207002	2243
0.207003	815
