version	total
0.004010	5575
0.004011	5476
