version	total
2.005001	19276
2.006003	159272
2.006006	32487
