version	total
0.002005	4864
0.002006	4803
0.002009	2247
