version	total
2.000024	8265
2.000028	2521
2.000029	7694
