version	total
0.001011	39598
0.001013	242924
