version	total
0.001011	35713
0.001013	217268
