version	total
1.302052	9503
1.302075	16635
1.302140	5601
1.302141	4901
1.302156	5846
1.302164	9547
1.302188	2533
1.302189	2296
1.302190	7116
