version	total
2.000001	37755
2.000006	25562
2.000008	160621
2.002004	44287
