version	total
4.161950	8215
4.201720	15408
