version	total
1.003008	6126
1.004000	6371
1.004003	2467
