version	total
0.17024	30928
0.17027	141165
0.17029	3502
0.17030	295
