version	total
0.002005	4999
0.002006	5219
0.002009	19313
