version	total
0.204001	2187
0.204003	2169
0.206003	3240
0.207001	2334
0.207002	2303
0.207003	874
