version	total
0.042	80079
1.000000	22924
1.002001	522156
1.002002	340642
