version	total
0.008	20609
0.006007	6069
0.008002	12025
0.008004	11995
0.008005	2316
0.008006	2288
0.008007	1876
0.008008	1509
0.008009	1147
