version	total
4.161950	8003
4.201720	13911
