version	total
1.006900	31609
1.007002	144653
1.007003	98942
