version	total
1.94	174964
1.99	2877
2.000000	2555
2.001000	2075
2.002000	3373
2.002001	2119
2.003000	1609
