version	total
2.120921	10217
2.150010	95077
