version	total
2.000001	38436
2.000006	25653
2.000008	162469
2.002004	46434
