version	total
1.003008	6035
1.004000	6282
1.004003	2390
