version	total
1.006900	30578
1.007002	140923
1.007003	88218
