version	total
1.000005	27730
1.002002	8615
1.004002	7678
1.004003	5041
1.004004	142725
1.012004	2614
1.012005	2207
1.014000	2178
1.016002	2027
1.016006	2446
