version	total
2.000024	7966
2.000028	2392
2.000029	6112
