version	total
0.042	72825
1.000000	22783
1.002001	501281
1.002002	304638
