version	total
0.002005	4969
0.002006	5126
0.002009	14269
