version	total
0.000061	12523
0.000115	6719
0.000116	5498
0.000117	20287
0.000144	3042
0.000145	183381
0.000163	54887
