version	total
0.004010	5531
0.004011	5422
