version	total
1.999813	4765
1.999816	4973
1.999829	2138
1.999830	2043
1.999831	1965
1.999832	1955
1.999833	1958
1.999835	1954
1.999836	1891
1.999837	1892
1.999838	1384
1.999839	1169
1.999841	1030
1.999842	1024
2.000000	1025
2.001000	990
2.001001	972
2.002000	950
2.002001	938
2.003001	639
2.003002	621
2.003003	366
2.003004	73
2.004001	72
2.005001	30
2.005002	31
