version	total
1.000019	7163
1.000033	15524
1.000036	92891
1.000037	18350
1.000038	32722
