version	total
0.000061	12385
0.000115	6697
0.000116	5476
0.000117	20254
0.000144	3021
0.000145	182915
0.000163	52824
