version	total
0.17024	31749
0.17027	143988
0.17029	3522
0.17030	422
