version	total
2.000001	37487
2.000006	25538
2.000008	159966
2.002004	43859
