version	total
2.000002	6010
2.001000	39471
2.003004	177942
2.005004	37321
