version	total
0.042	76663
1.000000	22832
1.002001	512933
1.002002	323604
