version	total
0.100003	5708
0.100005	2396
0.100006	1816
