version	total
0.17024	30638
0.17027	139880
0.17029	3490
0.17030	244
