version	total
0.042	75499
1.000000	22818
1.002001	509310
1.002002	317468
