version	total
0.042	81758
1.000000	22971
1.002001	526030
1.002002	347330
