version	total
0.000061	11145
0.000115	6557
0.000116	5338
0.000117	19859
0.000144	2893
0.000145	175366
0.000163	24390
