version	total
1.94	173874
1.99	2852
2.000000	2533
2.001000	2056
2.002000	3354
2.002001	2107
2.003000	1541
