version	total
0.000061	11422
0.000115	6575
0.000116	5356
0.000117	19936
0.000144	2908
0.000145	176822
0.000163	33463
