version	total
4.161950	7748
4.201720	11588
