version	total
1.967013	34060
1.967015	152269
