version	total
0.002005	4934
0.002006	4966
0.002009	5845
