version	total
0.000061	10986
0.000115	6546
0.000116	5327
0.000117	19802
0.000144	2887
0.000145	174496
0.000163	20748
