version	total
0.042	77249
1.000000	22840
1.002001	514721
1.002002	327129
