version	total
0.000061	11504
0.000115	6581
0.000116	5361
0.000117	19958
0.000144	2912
0.000145	177885
0.000163	35859
