version	total
1.302052	9592
1.302075	17047
1.302140	5650
1.302141	4949
1.302156	5894
1.302164	9708
1.302188	2576
1.302189	2340
1.302190	7487
