version	total
1.967013	34674
1.967015	154302
