version	total
2.000024	8119
2.000028	2436
2.000029	7021
