version	total
0.17024	30330
0.17027	138702
0.17029	3482
0.17030	206
