version	total
5.20180120	6630
5.20180626	5393
5.20180820	8879
5.20181130	4860
5.20181218	11259
5.20190420	5327
5.20190524	85578
5.20220120	2546
5.20220220	2611
5.20220313	2458
5.20220320	3224
5.20220420	3466
5.20220527	3206
5.20220620	26052
5.20230220	92
5.20250528	572
5.20250702	361
5.20250720	284
5.20250803	508
5.20250820	2166
5.20250923	1113
