version	total
0.103004	10447
0.103005	2680
0.103006	2182
