version	total
2.000024	8114
2.000028	2433
2.000029	6986
