version	total
1.006900	30953
1.007002	142271
1.007003	91544
