version	total
4.161950	8280
4.201720	16094
