version	total
0.103004	10523
0.103005	2725
0.103006	2248
