version	total
0.204001	2159
0.204003	2138
0.206003	3153
0.207001	2302
0.207002	2274
0.207003	846
