version	total
0.004010	5655
0.004011	5571
