version	total
2.005001	19216
2.006003	157533
2.006006	30798
