version	total
0.000061	11195
0.000115	6563
0.000116	5343
0.000117	19884
0.000144	2899
0.000145	175613
0.000163	25767
