version	total
2.000001	34701
2.000006	25217
2.000008	152261
2.002004	32086
