version	total
0.008	11360
0.006007	5952
0.008002	7168
0.008004	7094
0.008005	2132
0.008006	2106
0.008007	1693
0.008008	1319
0.008009	953
