version	total
1.000005	28481
1.002002	8652
1.004002	7739
1.004003	5102
1.004004	144910
1.012004	2670
1.012005	2263
1.014000	2235
1.016002	2046
1.016006	2492
