version	total
0.17024	32463
0.17027	146227
0.17029	3585
0.17030	553
