version	total
2.000024	8176
2.000028	2466
2.000029	7212
