version	total
2.000002	5858
2.001000	36749
2.003004	169145
2.005004	28603
