version	total
0.008	6873
0.006007	5878
0.008002	4806
0.008004	4680
0.008005	2106
0.008006	2084
0.008007	1670
0.008008	1294
0.008009	908
