version	total
1.967013	35087
1.967015	156167
