version	total
0.100003	5602
0.100005	2312
0.100006	1731
