version	total
0.103004	10324
0.103005	2626
0.103006	2098
