version	total
0.001011	38914
0.001013	239092
