version	total
0.17024	31981
0.17027	144799
0.17029	3545
0.17030	471
