version	total
1.967013	32775
1.967015	147644
