version	total
0.004010	5494
0.004011	5323
