version	total
1.000019	7208
1.000033	15566
1.000036	93354
1.000037	18372
1.000038	39166
