version	total
0.001011	35212
0.001013	213657
