version	total
4.161950	8405
4.201720	17769
