version	total
2.000024	8148
2.000028	2454
2.000029	7138
