version	total
1.967013	34267
1.967015	152902
