version	total
5.20180120	6405
5.20180626	5262
5.20180820	8744
5.20181130	4728
5.20181218	11100
5.20190420	5198
5.20190524	83626
5.20220120	2433
5.20220220	2500
5.20220313	2348
5.20220320	3111
5.20220420	3358
5.20220527	3094
5.20220620	24514
