version	total
2.000002	6054
2.001000	40831
2.003004	181375
2.005004	43667
