version	total
0.002005	4934
0.002006	4964
0.002009	5764
