version	total
2.000001	36284
2.000006	25380
2.000008	157087
2.002004	36249
