version	total
0.17024	33296
0.17027	148589
0.17029	3658
0.17030	707
