version	total
0.008	19946
0.006007	6047
0.008002	11644
0.008004	11635
0.008005	2268
0.008006	2239
0.008007	1829
0.008008	1455
0.008009	1097
