version	total
2.000001	33779
2.000006	25060
2.000008	149288
2.002004	29671
