version	total
1.000005	29345
1.002002	8690
1.004002	7845
1.004003	5209
1.004004	148054
1.012004	2773
1.012005	2366
1.014000	2339
1.016002	2079
1.016006	2561
