version	total
1.003008	6005
1.004000	6255
1.004003	2369
