version	total
0.008	18594
0.006007	6037
0.008002	10960
0.008004	10964
0.008005	2242
0.008006	2213
0.008007	1802
0.008008	1429
0.008009	1069
