version	total
0.17024	30396
0.17027	138955
0.17029	3484
0.17030	217
