version	total
0.008	18638
0.006007	6037
0.008002	10982
0.008004	10991
0.008005	2242
0.008006	2213
0.008007	1802
0.008008	1429
0.008009	1070
