version	total
1.302052	9474
1.302075	16500
1.302140	5593
1.302141	4892
1.302156	5838
1.302164	9505
1.302188	2528
1.302189	2291
1.302190	6987
