version	total
0.004010	5709
0.004011	5634
