version	total
4.161950	7733
4.201720	11507
