version	total
2.000002	6012
2.001000	39642
2.003004	178325
2.005004	38206
