version	total
2.000024	8386
2.000028	2596
2.000029	8144
