version	total
0.001011	38068
0.001013	233237
