version	total
0.000061	11305
0.000115	6568
0.000116	5349
0.000117	19906
0.000144	2903
0.000145	176178
0.000163	28252
