version	total
1.94	177932
1.99	2966
2.000000	2630
2.001000	2140
2.002000	3434
2.002001	2162
2.003000	1794
