version	total
0.001011	36501
0.001013	222055
