version	total
1.100602	7405
1.100603	1712
