version	total
0.042	82174
1.000000	22994
1.002001	527038
1.002002	348960
