version	total
0.094002	2111
0.094003	1516
