version	total
1.000005	27400
1.002002	8593
1.004002	7636
1.004003	4999
1.004004	141448
1.012004	2576
1.012005	2169
1.014000	2140
1.016002	2020
1.016006	2429
