version	total
0.001011	39411
0.001013	241805
