version	total
0.094002	2086
0.094003	1490
