version	total
2.000024	8073
2.000028	2413
2.000029	6831
