version	total
1.100602	7722
1.100603	1969
