version	total
1.000019	6993
1.000033	15442
1.000036	91240
1.000037	18281
1.000038	23294
