version	total
1.100602	7705
1.100603	1955
