version	total
0.000061	12125
0.000115	6662
0.000116	5442
0.000117	20178
0.000144	2988
0.000145	181804
0.000163	47547
