version	total
0.100003	5720
0.100005	2405
0.100006	1825
