version	total
0.002005	4913
0.002006	4866
0.002009	2288
