version	total
1.006900	31774
1.007002	145153
1.007003	100499
