version	total
2.000024	8142
2.000028	2449
2.000029	7105
