version	total
1.302052	9734
1.302075	17765
1.302140	5746
1.302141	5048
1.302156	5992
1.302164	10002
1.302188	2669
1.302189	2433
1.302190	8154
