version	total
1.94	170420
1.99	2777
2.000000	2474
2.001000	2009
2.002000	3279
2.002001	2049
2.003000	1350
