version	total
1.302052	9571
1.302075	16970
1.302140	5636
1.302141	4936
1.302156	5881
1.302164	9672
1.302188	2563
1.302189	2327
1.302190	7414
