version	total
0.204001	2192
0.204003	2175
0.206003	3281
0.207001	2358
0.207002	2328
0.207003	898
