version	total
0.001011	37793
0.001013	231158
