version	total
1.967013	33289
1.967015	149668
