version	total
0.042	78159
1.000000	22873
1.002001	517384
1.002002	331321
