version	total
0.000061	11400
0.000115	6574
0.000116	5355
0.000117	19931
0.000144	2907
0.000145	176654
0.000163	32316
