version	total
0.004010	5596
0.004011	5503
