version	total
1.967013	34007
1.967015	152042
