version	total
1.20141117	5211
1.20190531	2644
