version	total
5.20180120	6638
5.20180626	5399
5.20180820	8885
5.20181130	4866
5.20181218	11279
5.20190420	5333
5.20190524	85652
5.20220120	2552
5.20220220	2617
5.20220313	2464
5.20220320	3230
5.20220420	3472
5.20220527	3212
5.20220620	26061
5.20230220	98
5.20250528	578
5.20250702	367
5.20250720	291
5.20250803	517
5.20250820	2199
5.20250923	1499
