version	total
0.008	5464
0.006007	5846
0.008002	4043
0.008004	3905
0.008005	2087
0.008006	2065
0.008007	1651
0.008008	1275
0.008009	889
