version	total
1.100602	7367
1.100603	1693
