version	total
1.94	176741
1.99	2925
2.000000	2596
2.001000	2109
2.002000	3411
2.002001	2144
2.003000	1705
