version	total
0.100003	5495
0.100005	2254
0.100006	1669
