version	total
1.006900	32757
1.007002	147983
1.007003	113360
