version	total
4.161950	8443
4.201720	17996
