version	total
5.20180120	6833
5.20180626	5543
5.20180820	9035
5.20181130	5013
5.20181218	11432
5.20190420	5481
5.20190524	86966
5.20220120	2681
5.20220220	2750
5.20220313	2596
5.20220320	3362
5.20220420	3604
5.20220527	3342
5.20220620	26262
5.20230220	235
5.20250528	725
5.20250702	499
5.20250720	422
5.20250803	679
5.20250820	2368
5.20250923	3130
5.20251022	2511
5.20251120	3152
5.20251220	2295
5.20260119	1675
