version	total
0.17024	30885
0.17027	141002
0.17029	3500
0.17030	290
