version	total
2.005001	19510
2.006003	165657
2.006006	41313
