version	total
2.000001	38384
2.000006	25645
2.000008	162266
2.002004	46160
