version	total
0.17024	31905
0.17027	144483
0.17029	3536
0.17030	451
