version	total
0.17024	30748
0.17027	140455
0.17029	3493
0.17030	268
