version	total
0.000061	12436
0.000115	6706
0.000116	5485
0.000117	20269
0.000144	3030
0.000145	183155
0.000163	53535
