version	total
2.120921	10270
2.150010	96444
