version	total
2.000001	37718
2.000006	25559
2.000008	160545
2.002004	44215
