version	total
0.001011	39479
0.001013	242224
