version	total
0.204001	2151
0.204003	2130
0.206003	3126
0.207001	2290
0.207002	2262
0.207003	834
