version	total
4.161950	7912
4.201720	12972
