version	total
2.005001	19569
2.006003	167109
2.006006	44280
