version	total
0.103004	10603
0.103005	2766
0.103006	2309
