version	total
0.008	20583
0.006007	6058
0.008002	11999
0.008004	11969
0.008005	2293
0.008006	2265
0.008007	1853
0.008008	1483
0.008009	1123
