version	total
0.002005	4937
0.002006	4982
0.002009	6717
