version	total
2.000002	5995
2.001000	39072
2.003004	176746
2.005004	35046
