version	total
0.042	83380
1.000000	23033
1.002001	529884
1.002002	354105
