version	total
0.001011	35462
0.001013	215238
