version	total
2.005001	19433
2.006003	164161
2.006006	37769
