version	total
0.001011	37369
0.001013	227493
