version	total
1.94	164128
1.99	2678
2.000000	2412
2.001000	1982
2.002000	3126
2.002001	1920
2.003000	987
