version	total
0.001011	35403
0.001013	214917
