version	total
1.94	180166
1.99	3040
2.000000	2694
2.001000	2193
2.002000	3489
2.002001	2199
2.003000	1942
