version	total
1.000019	7339
1.000033	15647
1.000036	94414
1.000037	18434
1.000038	54045
