version	total
0.100003	5505
0.100005	2259
0.100006	1675
