version	total
1.20141117	5234
1.20190531	2676
