version	total
0.17024	32128
0.17027	145338
0.17029	3561
0.17030	499
