version	total
0.17024	30455
0.17027	139160
0.17029	3485
0.17030	223
