version	total
1.000019	7250
1.000033	15591
1.000036	93676
1.000037	18392
1.000038	43142
