version	total
1.967013	33457
1.967015	150402
