version	total
4.161950	8148
4.201720	15016
