version	total
5.20180120	6659
5.20180626	5413
5.20180820	8899
5.20181130	4881
5.20181218	11296
5.20190420	5347
5.20190524	85844
5.20220120	2564
5.20220220	2629
5.20220313	2476
5.20220320	3242
5.20220420	3484
5.20220527	3224
5.20220620	26080
5.20230220	110
5.20250528	593
5.20250702	379
5.20250720	303
5.20250803	534
5.20250820	2236
5.20250923	2457
