version	total
2.000001	37541
2.000006	25544
2.000008	160076
2.002004	43935
