version	total
1.000019	7093
1.000033	15493
1.000036	92355
1.000037	18321
1.000038	28707
