version	total
1.302052	9460
1.302075	16414
1.302140	5588
1.302141	4887
1.302156	5831
1.302164	9474
1.302188	2525
1.302189	2288
1.302190	6919
