version	total
0.100003	5514
0.100005	2263
0.100006	1680
