version	total
0.204001	2210
0.204003	2191
0.206003	3418
0.207001	2432
0.207002	2402
0.207003	972
