version	total
0.000061	12673
0.000115	6752
0.000116	5530
0.000117	20329
0.000144	3073
0.000145	183761
0.000163	57271
