version	total
1.006900	31671
1.007002	144804
1.007003	99469
