version	total
2.005001	19248
2.006003	158454
2.006006	31528
