version	total
2.120921	10267
2.150010	96369
