version	total
1.000019	7017
1.000033	15455
1.000036	91453
1.000037	18286
1.000038	24203
