version	total
0.100003	5784
0.100005	2458
0.100006	1877
