version	total
0.002005	4951
0.002006	5041
0.002009	9679
