version	total
1.003008	5957
1.004000	6203
1.004003	2329
