version	total
1.000019	7125
1.000033	15505
1.000036	92620
1.000037	18330
1.000038	30351
