version	total
2.005001	19318
2.006003	161112
2.006006	34129
