version	total
1.94	179874
1.99	3032
2.000000	2688
2.001000	2187
2.002000	3483
2.002001	2196
2.003000	1930
