version	total
2.000001	34441
2.000006	25185
2.000008	151353
2.002004	31126
