version	total
1.20141117	5346
1.20190531	2755
