version	total
0.100003	5801
0.100005	2472
0.100006	1891
