version	total
0.17024	32139
0.17027	145354
0.17029	3563
0.17030	501
