version	total
1.999813	4803
1.999816	5027
1.999829	2170
1.999830	2073
1.999831	1994
1.999832	1985
1.999833	1987
1.999835	1984
1.999836	1922
1.999837	1922
1.999838	1414
1.999839	1199
1.999841	1060
1.999842	1054
2.000000	1064
2.001000	1029
2.001001	1011
2.002000	989
2.002001	977
2.003001	662
2.003002	644
2.003003	388
2.003004	98
2.004001	108
2.005001	74
2.005002	75
2.005003	43
