version	total
4.161950	8260
4.201720	15824
