version	total
2.000024	8338
2.000028	2565
2.000029	7919
