version	total
1.967013	33468
1.967015	150435
