version	total
0.000061	12159
0.000115	6666
0.000116	5446
0.000117	20187
0.000144	2992
0.000145	181904
0.000163	47960
