version	total
1.94	176402
1.99	2916
2.000000	2588
2.001000	2102
2.002000	3406
2.002001	2141
2.003000	1692
