version	total
1.000019	6959
1.000033	15419
1.000036	90914
1.000037	18262
1.000038	22136
