version	total
5.20180120	6720
5.20180626	5457
5.20180820	8945
5.20181130	4923
5.20181218	11343
5.20190420	5391
5.20190524	86346
5.20220120	2604
5.20220220	2669
5.20220313	2516
5.20220320	3282
5.20220420	3524
5.20220527	3263
5.20220620	26144
5.20230220	151
5.20250528	643
5.20250702	421
5.20250720	344
5.20250803	588
5.20250820	2329
5.20250923	2782
5.20251022	2098
5.20251120	651
