version	total
1.302052	9552
1.302075	16908
1.302140	5625
1.302141	4925
1.302156	5870
1.302164	9636
1.302188	2554
1.302189	2318
1.302190	7359
