version	total
0.042	80486
1.000000	22936
1.002001	523030
1.002002	342094
