version	total
1.000019	7154
1.000033	15520
1.000036	92836
1.000037	18346
1.000038	32185
