version	total
1.003008	6074
1.004000	6322
1.004003	2423
