version	total
2.005001	19247
2.006003	158417
2.006006	31506
