version	total
0.100003	5669
0.100005	2364
0.100006	1785
