version	total
0.004010	5650
0.004011	5564
