version	total
4.161950	8035
4.201720	14164
