version	total
0.204001	2146
0.204003	2125
0.206003	3086
0.207001	2259
0.207002	2231
0.207003	803
