version	total
4.161950	8181
4.201720	15192
