version	total
0.17024	31997
0.17027	144859
0.17029	3546
0.17030	473
