version	total
2.000024	8225
2.000028	2494
2.000029	7468
