version	total
1.302052	9473
1.302075	16467
1.302140	5593
1.302141	4892
1.302156	5836
1.302164	9496
1.302188	2527
1.302189	2290
1.302190	6959
