version	total
0.204001	2196
0.204003	2179
0.206003	3314
0.207001	2381
0.207002	2351
0.207003	921
