version	total
1.000019	7145
1.000033	15516
1.000036	92784
1.000037	18341
1.000038	31748
