version	total
5.20180120	6455
5.20180626	5301
5.20180820	8783
5.20181130	4767
5.20181218	11144
5.20190420	5237
5.20190524	83968
5.20220120	2468
5.20220220	2535
5.20220313	2382
5.20220320	3145
5.20220420	3392
5.20220527	3128
5.20220620	25069
