version	total
0.100003	5755
0.100005	2435
0.100006	1854
