version	total
0.17024	33856
0.17027	150595
0.17029	3722
0.17030	852
