version	total
1.20141117	5173
1.20190531	2623
