version	total
0.100003	5690
0.100005	2381
0.100006	1802
