version	total
5.20180120	6496
5.20180626	5322
5.20180820	8803
5.20181130	4788
5.20181218	11176
5.20190420	5254
5.20190524	84455
5.20220120	2484
5.20220220	2551
5.20220313	2397
5.20220320	3161
5.20220420	3407
5.20220527	3144
5.20220620	25922
5.20230220	27
5.20250528	87
