version	total
2.000001	38253
2.000006	25622
2.000008	161890
2.002004	45775
