version	total
0.042	79986
1.000000	22923
1.002001	521845
1.002002	340052
