version	total
0.204001	2162
0.204003	2141
0.206003	3162
0.207001	2306
0.207002	2276
0.207003	849
