version	total
0.17024	31725
0.17027	143950
0.17029	3521
0.17030	420
