version	total
0.100052	8210
0.100054	2284
0.100055	1674
