version	total
0.001011	36370
0.001013	221455
