version	total
0.000061	12003
0.000115	6649
0.000116	5429
0.000117	20132
0.000144	2976
0.000145	181504
0.000163	45878
