version	total
0.042	80680
1.000000	22940
1.002001	523480
1.002002	342901
