version	total
1.999813	4773
1.999816	4983
1.999829	2145
1.999830	2050
1.999831	1971
1.999832	1962
1.999833	1965
1.999835	1961
1.999836	1897
1.999837	1899
1.999838	1391
1.999839	1176
1.999841	1037
1.999842	1031
2.000000	1035
2.001000	998
2.001001	981
2.002000	960
2.002001	948
2.003001	643
2.003002	626
2.003003	371
2.003004	77
2.004001	81
2.005001	42
2.005002	43
