version	total
0.042	77155
1.000000	22838
1.002001	514493
1.002002	326728
