version	total
0.100003	5689
0.100005	2380
0.100006	1801
