version	total
1.003008	6012
1.004000	6262
1.004003	2375
