version	total
4.161950	7901
4.201720	12846
