version	total
1.967013	31630
1.967015	142344
