version	total
2.000001	36390
2.000006	25396
2.000008	157306
2.002004	37012
