version	total
0.094002	2167
0.094003	1596
