version	total
2.000001	37531
2.000006	25543
2.000008	160056
2.002004	43917
