version	total
1.000019	6991
1.000033	15442
1.000036	91222
1.000037	18280
1.000038	23242
