version	total
0.042	80743
1.000000	22943
1.002001	523647
1.002002	343197
