version	total
2.000001	33979
2.000006	25115
2.000008	149849
2.002004	30036
