version	total
0.100003	5724
0.100005	2410
0.100006	1830
