version	total
0.042	83192
1.000000	23026
1.002001	529425
1.002002	353360
