version	total
5.20180120	6669
5.20180626	5422
5.20180820	8908
5.20181130	4889
5.20181218	11305
5.20190420	5356
5.20190524	85961
5.20220120	2573
5.20220220	2638
5.20220313	2485
5.20220320	3251
5.20220420	3493
5.20220527	3233
5.20220620	26094
5.20230220	119
5.20250528	604
5.20250702	388
5.20250720	313
5.20250803	546
5.20250820	2261
5.20250923	2487
5.20251022	692
