version	total
2.005001	19402
2.006003	163544
2.006006	36073
