version	total
0.001011	39528
0.001013	242521
