version	total
1.94	170247
1.99	2773
2.000000	2472
2.001000	2009
2.002000	3276
2.002001	2043
2.003000	1338
