version	total
0.008	11649
0.006007	5958
0.008002	7311
0.008004	7234
0.008005	2134
0.008006	2107
0.008007	1695
0.008008	1321
0.008009	956
