version	total
1.000005	28136
1.002002	8626
1.004002	7708
1.004003	5071
1.004004	143869
1.012004	2643
1.012005	2236
1.014000	2207
1.016002	2031
1.016006	2462
