version	total
0.100003	5678
0.100005	2371
0.100006	1792
