version	total
0.042	76447
1.000000	22830
1.002001	512187
1.002002	322283
