version	total
0.008	16734
0.006007	6020
0.008002	9986
0.008004	9990
0.008005	2206
0.008006	2177
0.008007	1766
0.008008	1393
0.008009	1032
