version	total
0.204001	2203
0.204003	2185
0.206003	3362
0.207001	2415
0.207002	2385
0.207003	955
