version	total
2.120921	10383
2.150010	99729
