version	total
1.302052	9727
1.302075	17748
1.302140	5741
1.302141	5043
1.302156	5987
1.302164	9989
1.302188	2663
1.302189	2428
1.302190	8135
