version	total
1.967013	35097
1.967015	156275
