version	total
1.003008	6018
1.004000	6268
1.004003	2380
