version	total
0.002005	4905
0.002006	4852
0.002009	2282
