version	total
0.17024	32011
0.17027	144929
0.17029	3548
0.17030	477
