version	total
0.001011	39034
0.001013	239965
