version	total
0.17024	31341
0.17027	142609
0.17029	3510
0.17030	356
