version	total
0.001011	35508
0.001013	215516
