version	total
0.000061	12453
0.000115	6708
0.000116	5487
0.000117	20273
0.000144	3032
0.000145	183213
0.000163	53810
