version	total
0.008	11065
0.006007	5951
0.008002	7026
0.008004	6948
0.008005	2132
0.008006	2106
0.008007	1693
0.008008	1319
0.008009	952
