version	total
1.003008	5989
1.004000	6239
1.004003	2356
