version	total
2.000001	35576
2.000006	25300
2.000008	154875
2.002004	34522
