version	total
0.001011	39684
0.001013	243408
