version	total
1.967013	33692
1.967015	151086
