version	total
5.20180120	6465
5.20180626	5305
5.20180820	8788
5.20181130	4771
5.20181218	11153
5.20190420	5240
5.20190524	84083
5.20220120	2473
5.20220220	2541
5.20220313	2386
5.20220320	3150
5.20220420	3396
5.20220527	3133
5.20220620	25313
