version	total
0.001011	36674
0.001013	223362
