version	total
0.204001	2202
0.204003	2184
0.206003	3352
0.207001	2407
0.207002	2377
0.207003	947
