version	total
1.003008	6061
1.004000	6308
1.004003	2413
