version	total
0.042	74043
1.000000	22805
1.002001	505277
1.002002	311372
