version	total
1.94	176954
1.99	2928
2.000000	2598
2.001000	2112
2.002000	3412
2.002001	2144
2.003000	1711
