version	total
0.001011	36504
0.001013	222144
