version	total
0.103004	10446
0.103005	2679
0.103006	2181
