version	total
2.000001	35237
2.000006	25273
2.000008	153877
2.002004	33469
