version	total
1.94	170343
1.99	2775
2.000000	2473
2.001000	2009
2.002000	3278
2.002001	2046
2.003000	1344
