version	total
1.000019	7341
1.000033	15647
1.000036	94435
1.000037	18434
1.000038	54454
