version	total
1.000019	7095
1.000033	15494
1.000036	92377
1.000037	18322
1.000038	28806
