version	total
0.204001	2218
0.204003	2199
0.206003	3493
0.207001	2455
0.207002	2424
0.207003	995
