version	total
0.001011	38857
0.001013	238850
