version	total
0.042	82154
1.000000	22991
1.002001	526984
1.002002	348881
