version	total
1.000019	7337
1.000033	15646
1.000036	94408
1.000037	18433
1.000038	53916
