version	total
1.999813	4875
1.999816	5145
1.999829	2220
1.999830	2124
1.999831	2044
1.999832	2036
1.999833	2037
1.999835	2035
1.999836	1973
1.999837	1972
1.999838	1464
1.999839	1249
1.999841	1111
1.999842	1104
2.000000	1238
2.001000	1201
2.001001	1183
2.002000	1113
2.002001	1101
2.003001	711
2.003002	694
2.003003	436
2.003004	150
2.004001	159
2.005001	250
2.005002	252
2.005003	251
