version	total
0.008	13751
0.006007	5989
0.008002	8448
0.008004	8409
0.008005	2151
0.008006	2122
0.008007	1711
0.008008	1338
0.008009	975
