version	total
1.000005	26803
1.002002	8576
1.004002	7616
1.004003	4979
1.004004	139392
1.012004	2561
1.012005	2152
1.014000	2123
1.016002	2006
1.016006	2385
