version	total
1.000019	7133
1.000033	15511
1.000036	92704
1.000037	18335
1.000038	30905
