version	total
1.302052	9700
1.302075	17617
1.302140	5720
1.302141	5021
1.302156	5965
1.302164	9939
1.302188	2644
1.302189	2408
1.302190	8023
