version	total
1.94	177364
1.99	2939
2.000000	2608
2.001000	2122
2.002000	3420
2.002001	2148
2.003000	1734
