version	total
1.006900	31153
1.007002	143112
1.007003	94217
