version	total
0.000061	11260
0.000115	6566
0.000116	5346
0.000117	19896
0.000144	2901
0.000145	175904
0.000163	26713
