version	total
2.000024	8287
2.000028	2536
2.000029	7795
