version	total
1.302052	9396
1.302075	16051
1.302140	5569
1.302141	4869
1.302156	5811
1.302164	9327
1.302188	2508
1.302189	2273
1.302190	6585
