version	total
1.000019	7323
1.000033	15632
1.000036	94328
1.000037	18428
1.000038	52399
