version	total
2.000002	6050
2.001000	40703
2.003004	181061
2.005004	43201
