version	total
4.161950	7902
4.201720	12866
