version	total
0.17024	31712
0.17027	143912
0.17029	3520
0.17030	418
