version	total
1.003008	6091
1.004000	6337
1.004003	2436
