version	total
0.100052	8282
0.100054	2299
0.100055	1716
