version	total
0.094002	2089
0.094003	1494
