version	total
5.20180120	6798
5.20180626	5514
5.20180820	9004
5.20181130	4981
5.20181218	11402
5.20190420	5449
5.20190524	86752
5.20220120	2657
5.20220220	2722
5.20220313	2569
5.20220320	3335
5.20220420	3578
5.20220527	3316
5.20220620	26221
5.20230220	204
5.20250528	699
5.20250702	474
5.20250720	397
5.20250803	649
5.20250820	2353
5.20250923	3033
5.20251022	2398
5.20251120	3145
5.20251220	1771
