version	total
2.000001	34652
2.000006	25210
2.000008	152121
2.002004	31798
