version	total
1.967013	34763
1.967015	154642
