version	total
1.302052	9769
1.302075	17872
1.302140	5766
1.302141	5068
1.302156	6013
1.302164	10057
1.302188	2685
1.302189	2448
1.302190	8262
