version	total
4.161950	8406
4.201720	17797
