version	total
2.120921	10246
2.150010	95728
