version	total
0.103004	10459
0.103005	2688
0.103006	2191
