version	total
1.000005	25884
1.002002	8526
1.004002	7566
1.004003	4922
1.004004	135482
1.012004	2522
1.012005	2111
1.014000	2083
1.016002	1968
1.016006	2300
