version	total
2.000002	5892
2.001000	37015
2.003004	170068
2.005004	29057
