version	total
2.000002	5958
2.001000	38271
2.003004	174240
2.005004	32956
