version	total
2.000002	6010
2.001000	39544
2.003004	178088
2.005004	37644
