version	total
2.000002	5979
2.001000	38677
2.003004	175510
2.005004	34099
