version	total
2.000002	5980
2.001000	38695
2.003004	175544
2.005004	34144
