version	total
1.003008	5887
1.004000	6134
1.004003	2294
