version	total
1.100602	7382
1.100603	1696
