version	total
0.204001	2181
0.204003	2161
0.206003	3218
0.207001	2325
0.207002	2294
0.207003	865
