version	total
0.002005	4903
0.002006	4850
0.002009	2281
