version	total
1.000005	26381
1.002002	8560
1.004002	7600
1.004003	4956
1.004004	137579
1.012004	2548
1.012005	2138
1.014000	2110
1.016002	1995
1.016006	2342
