version	total
1.967013	32004
1.967015	144053
