version	total
0.000061	12464
0.000115	6710
0.000116	5489
0.000117	20276
0.000144	3034
0.000145	183246
0.000163	54034
