version	total
0.042	76549
1.000000	22831
1.002001	512565
1.002002	322978
