version	total
0.100052	8329
0.100054	2305
0.100055	1747
