version	total
0.008	14444
0.006007	5997
0.008002	8796
0.008004	8777
0.008005	2164
0.008006	2135
0.008007	1724
0.008008	1351
0.008009	988
