version	total
2.000002	5969
2.001000	38451
2.003004	174754
2.005004	33485
