version	total
4.161950	8384
4.201720	17591
