version	total
0.001011	38603
0.001013	237788
