version	total
2.000002	6076
2.001000	41241
2.003004	182527
2.005004	44898
