version	total
0.001011	36471
0.001013	221955
