version	total
0.001011	38227
0.001013	234373
