version	total
0.100003	5512
0.100005	2262
0.100006	1678
