version	total
1.94	175773
1.99	2898
2.000000	2572
2.001000	2089
2.002000	3392
2.002001	2132
2.003000	1661
