version	total
0.008	15811
0.006007	6013
0.008002	9516
0.008004	9504
0.008005	2192
0.008006	2163
0.008007	1752
0.008008	1379
0.008009	1017
