version	total
1.302052	9725
1.302075	17737
1.302140	5740
1.302141	5041
1.302156	5984
1.302164	9982
1.302188	2662
1.302189	2426
1.302190	8124
