version	total
0.042	83269
1.000000	23029
1.002001	529600
1.002002	353601
