version	total
2.005001	19442
2.006003	164363
2.006006	38368
