version	total
2.000001	37652
2.000006	25552
2.000008	160358
2.002004	44120
