version	total
2.005001	19554
2.006003	166715
2.006006	44019
