version	total
0.004010	5516
0.004011	5397
