version	total
2.000001	37944
2.000006	25588
2.000008	161112
2.002004	45020
