version	total
1.000019	7301
1.000033	15620
1.000036	94170
1.000037	18417
1.000038	50107
