version	total
2.000002	6000
2.001000	39157
2.003004	177032
2.005004	35212
