version	total
0.001011	39709
0.001013	243503
