version	total
0.17024	30342
0.17027	138751
0.17029	3482
0.17030	209
