version	total
4.161950	8588
4.201720	19122
