version	total
4.161950	8276
4.201720	16002
