version	total
2.000024	7972
2.000028	2392
2.000029	6124
