version	total
1.003008	6118
1.004000	6363
1.004003	2459
