version	total
1.94	172371
1.99	2808
2.000000	2497
2.001000	2025
2.002000	3327
2.002001	2081
2.003000	1465
