version	total
2.000002	5922
2.001000	37477
2.003004	171583
2.005004	30211
