version	total
4.161950	8147
4.201720	15013
