version	total
0.004010	5620
0.004011	5531
