version	total
1.006900	34337
1.007002	151894
1.007003	133210
