version	total
0.002005	4928
0.002006	4945
0.002009	5013
