version	total
1.967013	34132
1.967015	152543
