version	total
0.204001	2204
0.204003	2186
0.206003	3369
0.207001	2420
0.207002	2390
0.207003	960
