version	total
1.94	179441
1.99	3021
2.000000	2678
2.001000	2178
2.002000	3479
2.002001	2193
2.003000	1914
