version	total
0.17024	30223
0.17027	138291
0.17029	3474
0.17030	186
