version	total
0.17024	30462
0.17027	139177
0.17029	3486
0.17030	225
