version	total
2.000002	6021
2.001000	39856
2.003004	178752
2.005004	39412
