version	total
0.042	79359
1.000000	22905
1.002001	520427
1.002002	337353
