version	total
0.100003	5625
0.100005	2332
0.100006	1750
