version	total
2.120921	10483
2.150010	102128
