version	total
1.100602	7518
1.100603	1798
