version	total
1.967013	35139
1.967015	156533
