version	total
0.204001	2198
0.204003	2181
0.206003	3329
0.207001	2390
0.207002	2360
0.207003	930
