version	total
5.20180120	6763
5.20180626	5487
5.20180820	8976
5.20181130	4953
5.20181218	11374
5.20190420	5420
5.20190524	86574
5.20220120	2631
5.20220220	2696
5.20220313	2543
5.20220320	3309
5.20220420	3552
5.20220527	3290
5.20220620	26185
5.20230220	178
5.20250528	672
5.20250702	448
5.20250720	370
5.20250803	618
5.20250820	2342
5.20250923	2951
5.20251022	2282
5.20251120	3138
5.20251220	186
