version	total
0.042	81913
1.000000	22981
1.002001	526339
1.002002	347927
