version	total
1.20141117	5329
1.20190531	2742
