version	total
0.17024	31695
0.17027	143848
0.17029	3518
0.17030	414
