version	total
5.20180120	6525
5.20180626	5331
5.20180820	8815
5.20181130	4799
5.20181218	11190
5.20190420	5265
5.20190524	84843
5.20220120	2491
5.20220220	2558
5.20220313	2404
5.20220320	3167
5.20220420	3412
5.20220527	3152
5.20220620	25946
5.20230220	32
5.20250528	507
5.20250702	252
