version	total
2.000001	36932
2.000006	25470
2.000008	158584
2.002004	40447
