version	total
1.967013	34379
1.967015	153336
