version	total
4.161950	8140
4.201720	14989
