version	total
0.094002	2184
0.094003	1613
