version	total
1.302052	9706
1.302075	17644
1.302140	5725
1.302141	5026
1.302156	5970
1.302164	9949
1.302188	2649
1.302189	2413
1.302190	8043
