version	total
1.999813	4873
1.999816	5138
1.999829	2217
1.999830	2121
1.999831	2042
1.999832	2033
1.999833	2034
1.999835	2032
1.999836	1970
1.999837	1969
1.999838	1462
1.999839	1247
1.999841	1108
1.999842	1102
2.000000	1227
2.001000	1190
2.001001	1172
2.002000	1110
2.002001	1097
2.003001	709
2.003002	691
2.003003	433
2.003004	147
2.004001	157
2.005001	239
2.005002	241
2.005003	240
