version	total
0.000061	11033
0.000115	6552
0.000116	5331
0.000117	19826
0.000144	2889
0.000145	174683
0.000163	21467
