version	total
1.003008	6071
1.004000	6317
1.004003	2420
