version	total
1.967013	31511
1.967015	141687
