version	total
1.000019	7251
1.000033	15592
1.000036	93689
1.000037	18394
1.000038	43425
