version	total
0.002005	4930
0.002006	4954
0.002009	5291
