version	total
0.204001	2216
0.204003	2196
0.206003	3467
0.207001	2449
0.207002	2418
0.207003	987
