version	total
0.000061	11787
0.000115	6611
0.000116	5391
0.000117	20039
0.000144	2938
0.000145	180758
0.000163	42138
