version	total
1.302052	9526
1.302075	16822
1.302140	5609
1.302141	4909
1.302156	5854
1.302164	9603
1.302188	2540
1.302189	2304
1.302190	7275
