version	total
0.17024	31820
0.17027	144272
0.17029	3529
0.17030	438
