version	total
2.120921	10318
2.150010	97581
