version	total
0.042	81808
1.000000	22976
1.002001	526086
1.002002	347464
