version	total
1.100602	7428
1.100603	1737
