version	total
0.001011	36066
0.001013	219478
