version	total
4.161950	8166
4.201720	15093
