version	total
1.967013	32050
1.967015	144227
