version	total
0.17024	32176
0.17027	145447
0.17029	3566
0.17030	505
