version	total
1.000005	28803
1.002002	8664
1.004002	7772
1.004003	5135
1.004004	145989
1.012004	2700
1.012005	2293
1.014000	2267
1.016002	2056
1.016006	2513
