version	total
1.94	173224
1.99	2833
2.000000	2517
2.001000	2042
2.002000	3344
2.002001	2098
2.003000	1509
