version	total
0.100052	8361
0.100054	2314
0.100055	1758
