version	total
0.001011	38806
0.001013	238631
