version	total
0.000061	12565
0.000115	6729
0.000116	5508
0.000117	20299
0.000144	3051
0.000145	183473
0.000163	55549
