version	total
5.20180120	6695
5.20180626	5439
5.20180820	8925
5.20181130	4905
5.20181218	11323
5.20190420	5373
5.20190524	86112
5.20220120	2586
5.20220220	2651
5.20220313	2498
5.20220320	3264
5.20220420	3506
5.20220527	3245
5.20220620	26117
5.20230220	132
5.20250528	622
5.20250702	402
5.20250720	325
5.20250803	565
5.20250820	2318
5.20250923	2640
5.20251022	1527
