version	total
2.000001	35133
2.000006	25261
2.000008	153590
2.002004	33102
