version	total
1.006900	31191
1.007002	143254
1.007003	94668
