version	total
2.000002	5954
2.001000	38228
2.003004	174090
2.005004	32833
