version	total
2.005001	19610
2.006003	168022
2.006006	45308
