version	total
1.000019	6932
1.000033	15395
1.000036	90789
1.000037	18237
1.000038	21676
