version	total
0.002005	4945
0.002006	5020
0.002009	8103
