version	total
0.17024	32327
0.17027	145853
0.17029	3576
0.17030	527
