version	total
0.042	80133
1.000000	22928
1.002001	522319
1.002002	340904
