version	total
0.17024	31967
0.17027	144750
0.17029	3542
0.17030	467
