version	total
4.161950	8059
4.201720	14292
