version	total
0.004010	5588
0.004011	5493
