version	total
5.20180120	6737
5.20180626	5468
5.20180820	8957
5.20181130	4934
5.20181218	11355
5.20190420	5401
5.20190524	86432
5.20220120	2614
5.20220220	2679
5.20220313	2526
5.20220320	3292
5.20220420	3534
5.20220527	3273
5.20220620	26159
5.20230220	161
5.20250528	655
5.20250702	431
5.20250720	353
5.20250803	599
5.20250820	2330
5.20250923	2864
5.20251022	2187
5.20251120	1783
