version	total
1.94	167863
1.99	2745
2.000000	2456
2.001000	2007
2.002000	3219
2.002001	2005
2.003000	1196
