version	total
0.17024	30546
0.17027	139472
0.17029	3487
0.17030	230
