version	total
1.000019	7043
1.000033	15468
1.000036	91767
1.000037	18301
1.000038	25758
