version	total
5.20180120	6843
5.20180626	5551
5.20180820	9043
5.20181130	5026
5.20181218	11445
5.20190420	5487
5.20190524	87023
5.20220120	2686
5.20220220	2755
5.20220313	2600
5.20220320	3366
5.20220420	3608
5.20220527	3346
5.20220620	26270
5.20230220	239
5.20250528	730
5.20250702	506
5.20250720	427
5.20250803	684
5.20250820	2368
5.20250923	3163
5.20251022	2551
5.20251120	3154
5.20251220	2295
5.20260119	2561
