version	total
1.000005	28111
1.002002	8625
1.004002	7707
1.004003	5070
1.004004	143825
1.012004	2642
1.012005	2235
1.014000	2206
1.016002	2031
1.016006	2462
