version	total
2.005001	19504
2.006003	165584
2.006006	41231
