version	total
1.003008	5983
1.004000	6233
1.004003	2351
