version	total
0.001011	36927
0.001013	224778
