version	total
2.000001	34243
2.000006	25157
2.000008	150726
2.002004	30636
