version	total
0.004010	5595
0.004011	5502
