version	total
5.20180120	6692
5.20180626	5436
5.20180820	8922
5.20181130	4902
5.20181218	11320
5.20190420	5370
5.20190524	86098
5.20220120	2583
5.20220220	2648
5.20220313	2495
5.20220320	3261
5.20220420	3503
5.20220527	3243
5.20220620	26113
5.20230220	129
5.20250528	618
5.20250702	398
5.20250720	322
5.20250803	560
5.20250820	2316
5.20250923	2597
5.20251022	1374
