version	total
0.103004	10660
0.103005	2790
0.103006	2345
