version	total
2.120921	10326
2.150010	97802
