version	total
0.100003	5711
0.100005	2398
0.100006	1818
