version	total
0.17024	30277
0.17027	138524
0.17029	3481
0.17030	196
