version	total
0.000061	12667
0.000115	6750
0.000116	5528
0.000117	20327
0.000144	3071
0.000145	183754
0.000163	57181
