version	total
0.008	16834
0.006007	6023
0.008002	10049
0.008004	10048
0.008005	2209
0.008006	2180
0.008007	1769
0.008008	1396
0.008009	1034
