version	total
5.20180120	6751
5.20180626	5479
5.20180820	8968
5.20181130	4944
5.20181218	11365
5.20190420	5412
5.20190524	86509
5.20220120	2623
5.20220220	2688
5.20220313	2535
5.20220320	3301
5.20220420	3544
5.20220527	3282
5.20220620	26175
5.20230220	170
5.20250528	664
5.20250702	440
5.20250720	362
5.20250803	609
5.20250820	2338
5.20250923	2941
5.20251022	2263
5.20251120	2811
