version	total
0.042	72324
1.000000	22751
1.002001	499859
1.002002	302339
