version	total
2.000002	6029
2.001000	40083
2.003004	179382
2.005004	40712
