version	total
5.20180120	6847
5.20180626	5554
5.20180820	9046
5.20181130	5032
5.20181218	11448
5.20190420	5490
5.20190524	87034
5.20220120	2689
5.20220220	2758
5.20220313	2603
5.20220320	3369
5.20220420	3611
5.20220527	3349
5.20220620	26273
5.20230220	242
5.20250528	733
5.20250702	509
5.20250720	430
5.20250803	687
5.20250820	2369
5.20250923	3176
5.20251022	2565
5.20251120	3155
5.20251220	2296
5.20260119	2705
