version	total
2.005001	19391
2.006003	163296
2.006006	35924
