version	total
0.000061	12982
0.000115	6802
0.000116	5578
0.000117	20425
0.000144	3118
0.000145	184557
0.000163	64258
