version	total
1.003008	6155
1.004000	6398
1.004003	2489
