version	total
1.000005	26262
1.002002	8554
1.004002	7593
1.004003	4950
1.004004	137082
1.012004	2544
1.012005	2134
1.014000	2105
1.016002	1990
1.016006	2332
