version	total
1.000019	7288
1.000033	15611
1.000036	94023
1.000037	18411
1.000038	47984
