version	total
0.001011	37163
0.001013	226145
