version	total
4.161950	8496
4.201720	18353
