version	total
1.006900	32136
1.007002	146250
1.007003	106387
