version	total
0.002005	5000
0.002006	5221
0.002009	19342
