version	total
0.103004	10395
0.103005	2650
0.103006	2141
