version	total
5.20180120	6744
5.20180626	5474
5.20180820	8963
5.20181130	4939
5.20181218	11360
5.20190420	5407
5.20190524	86474
5.20220120	2618
5.20220220	2683
5.20220313	2530
5.20220320	3296
5.20220420	3538
5.20220527	3277
5.20220620	26168
5.20230220	165
5.20250528	659
5.20250702	435
5.20250720	357
5.20250803	604
5.20250820	2332
5.20250923	2918
5.20251022	2244
5.20251120	2346
