version	total
4.161950	8464
4.201720	18108
