version	total
2.000001	35469
2.000006	25289
2.000008	154568
2.002004	34218
