version	total
1.003008	6157
1.004000	6400
1.004003	2490
