version	total
0.042	75054
1.000000	22816
1.002001	508230
1.002002	316139
