version	total
1.302052	9720
1.302075	17724
1.302140	5736
1.302141	5037
1.302156	5981
1.302164	9978
1.302188	2659
1.302189	2423
1.302190	8115
