version	total
0.000061	12339
0.000115	6690
0.000116	5470
0.000117	20245
0.000144	3014
0.000145	182766
0.000163	51091
