version	total
0.001011	35959
0.001013	218659
