version	total
2.000024	8394
2.000028	2601
2.000029	8183
