version	total
1.006900	34450
1.007002	152240
1.007003	135452
