version	total
2.000024	8204
2.000028	2482
2.000029	7370
