version	total
2.000002	5886
2.001000	36915
2.003004	169684
2.005004	28885
