version	total
0.000061	10881
0.000115	6538
0.000116	5321
0.000117	19775
0.000144	2882
0.000145	174203
0.000163	19535
