version	total
5.20180120	6667
5.20180626	5420
5.20180820	8906
5.20181130	4887
5.20181218	11303
5.20190420	5354
5.20190524	85935
5.20220120	2571
5.20220220	2636
5.20220313	2483
5.20220320	3249
5.20220420	3491
5.20220527	3231
5.20220620	26091
5.20230220	117
5.20250528	601
5.20250702	386
5.20250720	310
5.20250803	544
5.20250820	2254
5.20250923	2482
5.20251022	554
