version	total
5.20180120	6689
5.20180626	5434
5.20180820	8920
5.20181130	4901
5.20181218	11319
5.20190420	5368
5.20190524	86067
5.20220120	2582
5.20220220	2647
5.20220313	2494
5.20220320	3260
5.20220420	3502
5.20220527	3242
5.20220620	26110
5.20230220	128
5.20250528	615
5.20250702	397
5.20250720	321
5.20250803	558
5.20250820	2312
5.20250923	2534
5.20251022	1154
