version	total
0.008	20276
0.006007	6047
0.008002	11828
0.008004	11799
0.008005	2275
0.008006	2247
0.008007	1836
0.008008	1462
0.008009	1105
