version	total
4.161950	8400
4.201720	17745
