version	total
0.100003	5715
0.100005	2402
0.100006	1822
