version	total
0.042	74460
1.000000	22807
1.002001	506596
1.002002	313493
