version	total
1.006900	34361
1.007002	151966
1.007003	133641
