version	total
1.003008	5854
1.004000	6096
1.004003	2280
