version	total
0.001011	36170
0.001013	220055
