version	total
1.94	175016
1.99	2878
2.000000	2556
2.001000	2076
2.002000	3374
2.002001	2119
2.003000	1610
