version	total
0.001011	35436
0.001013	215005
