version	total
1.302052	9730
1.302075	17758
1.302140	5744
1.302141	5046
1.302156	5990
1.302164	9996
1.302188	2667
1.302189	2431
1.302190	8150
