version	total
2.000002	6007
2.001000	39341
2.003004	177571
2.005004	36642
