version	total
0.17024	30452
0.17027	139125
0.17029	3485
0.17030	221
