version	total
4.161950	8253
4.201720	15812
