version	total
1.967013	33908
1.967015	151737
