version	total
1.006900	30615
1.007002	141046
1.007003	88461
