version	total
0.001011	35044
0.001013	212533
