version	total
0.042	72998
1.000000	22787
1.002001	501966
1.002002	305692
