version	total
0.004010	5676
0.004011	5596
