version	total
0.17024	33269
0.17027	148523
0.17029	3653
0.17030	700
