version	total
0.000061	11725
0.000115	6598
0.000116	5379
0.000117	20018
0.000144	2928
0.000145	180513
0.000163	40676
