version	total
0.042	76479
1.000000	22830
1.002001	512278
1.002002	322472
