version	total
0.002005	4956
0.002006	5066
0.002009	11868
