version	total
1.94	173104
1.99	2831
2.000000	2515
2.001000	2040
2.002000	3343
2.002001	2098
2.003000	1506
