version	total
0.042	80941
1.000000	22946
1.002001	524089
1.002002	343873
