version	total
1.999813	4837
1.999816	5082
1.999829	2193
1.999830	2096
1.999831	2017
1.999832	2008
1.999833	2009
1.999835	2007
1.999836	1945
1.999837	1945
1.999838	1437
1.999839	1223
1.999841	1084
1.999842	1077
2.000000	1086
2.001000	1052
2.001001	1035
2.002000	1012
2.002001	998
2.003001	686
2.003002	667
2.003003	411
2.003004	122
2.004001	132
2.005001	98
2.005002	99
2.005003	88
