version	total
2.120921	10272
2.150010	96521
