version	total
0.042	79042
1.000000	22899
1.002001	519637
1.002002	335860
