version	total
0.042	81219
1.000000	22955
1.002001	524866
1.002002	345044
