version	total
0.204001	2151
0.204003	2130
0.206003	3128
0.207001	2292
0.207002	2264
0.207003	836
