version	total
0.004010	5666
0.004011	5581
