version	total
1.003008	5852
1.004000	6094
1.004003	2279
