version	total
0.100003	5524
0.100005	2266
0.100006	1686
