version	total
1.999813	4813
1.999816	5044
1.999829	2178
1.999830	2081
1.999831	2002
1.999832	1993
1.999833	1994
1.999835	1992
1.999836	1930
1.999837	1930
1.999838	1422
1.999839	1207
1.999841	1068
1.999842	1062
2.000000	1073
2.001000	1038
2.001001	1020
2.002000	996
2.002001	983
2.003001	670
2.003002	652
2.003003	396
2.003004	106
2.004001	116
2.005001	83
2.005002	84
2.005003	66
