version	total
5.20180120	6755
5.20180626	5483
5.20180820	8972
5.20181130	4948
5.20181218	11370
5.20190420	5416
5.20190524	86552
5.20220120	2627
5.20220220	2692
5.20220313	2539
5.20220320	3305
5.20220420	3548
5.20220527	3286
5.20220620	26181
5.20230220	174
5.20250528	667
5.20250702	444
5.20250720	366
5.20250803	614
5.20250820	2341
5.20250923	2941
5.20251022	2271
5.20251120	3137
5.20251220	103
