version	total
0.100003	5499
0.100005	2256
0.100006	1671
