version	total
1.967013	31870
1.967015	143439
