version	total
1.000005	27606
1.002002	8610
1.004002	7663
1.004003	5026
1.004004	142278
1.012004	2599
1.012005	2192
1.014000	2163
1.016002	2024
1.016006	2438
