version	total
0.17024	33648
0.17027	149752
0.17029	3697
0.17030	807
