version	total
0.103004	10548
0.103005	2736
0.103006	2262
