version	total
2.000001	36040
2.000006	25343
2.000008	156271
2.002004	35708
