version	total
0.042	77446
1.000000	22848
1.002001	515352
1.002002	328038
