version	total
2.000002	5987
2.001000	38887
2.003004	176151
2.005004	34615
