version	total
5.20180120	6781
5.20180626	5502
5.20180820	8991
5.20181130	4967
5.20181218	11389
5.20190420	5435
5.20190524	86677
5.20220120	2645
5.20220220	2710
5.20220313	2557
5.20220320	3323
5.20220420	3566
5.20220527	3304
5.20220620	26200
5.20230220	192
5.20250528	687
5.20250702	462
5.20250720	385
5.20250803	633
5.20250820	2348
5.20250923	2971
5.20251022	2319
5.20251120	3142
5.20251220	887
