version	total
0.103004	10302
0.103005	2620
0.103006	2087
