version	total
4.161950	8413
4.201720	17863
