version	total
1.302052	9714
1.302075	17688
1.302140	5731
1.302141	5032
1.302156	5976
1.302164	9964
1.302188	2654
1.302189	2418
1.302190	8082
