version	total
4.161950	8076
4.201720	14478
