version	total
0.001011	36075
0.001013	219548
