version	total
0.002005	4990
0.002006	5189
0.002009	17781
