version	total
0.100052	8356
0.100054	2312
0.100055	1755
