version	total
0.002005	4923
0.002006	4922
0.002009	3836
