version	total
2.000024	7957
2.000028	2390
2.000029	6094
