version	total
0.100052	8156
0.100054	2256
0.100055	1643
