version	total
0.17024	31894
0.17027	144444
0.17029	3534
0.17030	448
