version	total
0.004010	5598
0.004011	5506
