version	total
1.94	163943
1.99	2669
2.000000	2404
2.001000	1975
2.002000	3117
2.002001	1911
2.003000	978
