version	total
0.001011	35537
0.001013	215738
