version	total
4.161950	8284
4.201720	16145
