version	total
0.001011	35699
0.001013	217149
