version	total
0.000061	11967
0.000115	6642
0.000116	5422
0.000117	20110
0.000144	2969
0.000145	181283
0.000163	45141
