version	total
2.000024	8109
2.000028	2430
2.000029	6960
