version	total
4.161950	8330
4.201720	16724
