version	total
1.967013	32924
1.967015	148182
