version	total
2.005001	19195
2.006003	156985
2.006006	30395
