version	total
2.000002	5963
2.001000	38335
2.003004	174432
2.005004	33174
