version	total
2.000001	35092
2.000006	25258
2.000008	153456
2.002004	32977
