version	total
1.967013	34705
1.967015	154458
