version	total
0.17024	30753
0.17027	140473
0.17029	3493
0.17030	268
