version	total
0.100003	5597
0.100005	2308
0.100006	1727
