version	total
1.000005	27483
1.002002	8599
1.004002	7645
1.004003	5008
1.004004	141746
1.012004	2584
1.012005	2177
1.014000	2148
1.016002	2021
1.016006	2433
