version	total
2.000024	8304
2.000028	2545
2.000029	7842
