version	total
2.000001	33994
2.000006	25119
2.000008	149870
2.002004	30047
