version	total
0.100003	5573
0.100005	2291
0.100006	1710
