version	total
0.001011	36311
0.001013	221057
