version	total
0.008	15375
0.006007	6010
0.008002	9285
0.008004	9281
0.008005	2184
0.008006	2155
0.008007	1744
0.008008	1371
0.008009	1009
