version	total
1.006900	31301
1.007002	143621
1.007003	95783
