version	total
0.008	17402
0.006007	6029
0.008002	10356
0.008004	10359
0.008005	2219
0.008006	2190
0.008007	1779
0.008008	1406
0.008009	1046
