version	total
0.042	73614
1.000000	22797
1.002001	503791
1.002002	309003
