version	total
2.120921	10193
2.150010	94644
