version	total
1.999813	4815
1.999816	5046
1.999829	2180
1.999830	2082
1.999831	2003
1.999832	1994
1.999833	1995
1.999835	1993
1.999836	1931
1.999837	1931
1.999838	1423
1.999839	1209
1.999841	1070
1.999842	1064
2.000000	1074
2.001000	1039
2.001001	1022
2.002000	998
2.002001	984
2.003001	672
2.003002	653
2.003003	397
2.003004	108
2.004001	118
2.005001	84
2.005002	86
2.005003	67
