version	total
1.100602	7649
1.100603	1908
