version	total
1.94	166396
1.99	2722
2.000000	2443
2.001000	2004
2.002000	3180
2.002001	1974
2.003000	1105
