version	total
0.17024	31700
0.17027	143873
0.17029	3518
0.17030	415
