version	total
2.000002	5998
2.001000	39142
2.003004	176973
2.005004	35173
