version	total
1.006900	32990
1.007002	148514
1.007003	115900
