version	total
0.000061	12119
0.000115	6661
0.000116	5441
0.000117	20176
0.000144	2987
0.000145	181778
0.000163	47416
