version	total
1.94	175545
1.99	2892
2.000000	2567
2.001000	2085
2.002000	3387
2.002001	2129
2.003000	1632
