version	total
0.103004	10075
0.103005	2532
0.103006	1918
