version	total
2.000002	5998
2.001000	39103
2.003004	176851
2.005004	35109
