version	total
1.006900	32120
1.007002	146198
1.007003	106206
