version	total
2.005001	19472
2.006003	164985
2.006006	39514
