version	total
1.006900	33988
1.007002	150916
1.007003	127416
