version	total
0.103004	10417
0.103005	2663
0.103006	2159
