version	total
2.000001	35312
2.000006	25276
2.000008	154097
2.002004	33759
