version	total
0.002005	4971
0.002006	5130
0.002009	14663
