version	total
1.94	178456
1.99	2987
2.000000	2649
2.001000	2154
2.002000	3450
2.002001	2174
2.003000	1832
