version	total
0.204001	2205
0.204003	2187
0.206003	3379
0.207001	2423
0.207002	2393
0.207003	963
