version	total
1.94	174100
1.99	2858
2.000000	2538
2.001000	2060
2.002000	3359
2.002001	2110
2.003000	1569
