version	total
1.94	174372
1.99	2862
2.000000	2542
2.001000	2064
2.002000	3365
2.002001	2113
2.003000	1576
