version	total
0.100052	8483
0.100054	2344
0.100055	1817
