version	total
5.20180120	6729
5.20180626	5464
5.20180820	8953
5.20181130	4930
5.20181218	11351
5.20190420	5398
5.20190524	86393
5.20220120	2611
5.20220220	2676
5.20220313	2523
5.20220320	3289
5.20220420	3531
5.20220527	3270
5.20220620	26155
5.20230220	158
5.20250528	652
5.20250702	428
5.20250720	350
5.20250803	595
5.20250820	2330
5.20250923	2833
5.20251022	2149
5.20251120	1071
