version	total
2.000001	38339
2.000006	25638
2.000008	162117
2.002004	46074
