version	total
0.17024	33382
0.17027	148880
0.17029	3670
0.17030	735
