version	total
2.000001	36075
2.000006	25352
2.000008	156439
2.002004	35821
