version	total
1.000019	7127
1.000033	15506
1.000036	92657
1.000037	18331
1.000038	30675
