version	total
0.002005	4941
0.002006	5003
0.002009	7253
