version	total
0.042	78028
1.000000	22869
1.002001	517092
1.002002	330791
