version	total
0.042	81332
1.000000	22958
1.002001	525094
1.002002	345502
