version	total
0.001011	37264
0.001013	226675
