version	total
2.000001	35381
2.000006	25281
2.000008	154308
2.002004	34006
