version	total
0.001011	38989
0.001013	239762
