version	total
0.17024	30831
0.17027	140845
0.17029	3495
0.17030	280
