version	total
1.967013	34344
1.967015	153185
