version	total
2.120921	10389
2.150010	99852
