version	total
1.000019	7268
1.000033	15603
1.000036	93848
1.000037	18405
1.000038	46198
