version	total
2.120921	10479
2.150010	102021
