version	total
1.006900	33481
1.007002	149669
1.007003	120434
