version	total
0.17024	31933
0.17027	144607
0.17029	3539
0.17030	457
