version	total
1.94	171563
1.99	2789
2.000000	2481
2.001000	2011
2.002000	3313
2.002001	2066
2.003000	1409
