version	total
2.005001	19306
2.006003	160492
2.006006	33511
