version	total
2.000001	35600
2.000006	25302
2.000008	154979
2.002004	34577
