version	total
0.000061	11206
0.000115	6563
0.000116	5343
0.000117	19886
0.000144	2899
0.000145	175648
0.000163	25843
