version	total
0.008	7100
0.006007	5881
0.008002	4930
0.008004	4794
0.008005	2107
0.008006	2085
0.008007	1671
0.008008	1295
0.008009	909
