version	total
4.161950	8343
4.201720	16839
