version	total
2.000024	8349
2.000028	2572
2.000029	7968
