version	total
1.000019	7282
1.000033	15608
1.000036	93956
1.000037	18408
1.000038	47550
