version	total
1.999813	4810
1.999816	5039
1.999829	2176
1.999830	2079
1.999831	2000
1.999832	1991
1.999833	1992
1.999835	1990
1.999836	1928
1.999837	1928
1.999838	1420
1.999839	1205
1.999841	1066
1.999842	1060
2.000000	1071
2.001000	1036
2.001001	1018
2.002000	994
2.002001	981
2.003001	668
2.003002	650
2.003003	394
2.003004	104
2.004001	114
2.005001	81
2.005002	82
2.005003	51
