version	total
0.17024	31629
0.17027	143666
0.17029	3517
0.17030	402
