version	total
1.94	164150
1.99	2682
2.000000	2415
2.001000	1984
2.002000	3129
2.002001	1924
2.003000	994
