version	total
0.204001	2195
0.204003	2178
0.206003	3303
0.207001	2372
0.207002	2342
0.207003	912
