version	total
0.004010	5707
0.004011	5632
