version	total
0.094002	2114
0.094003	1518
