version	total
1.000005	28537
1.002002	8655
1.004002	7743
1.004003	5106
1.004004	145110
1.012004	2673
1.012005	2266
1.014000	2239
1.016002	2049
1.016006	2497
