version	total
2.005001	19174
2.006003	156401
2.006006	30063
