version	total
1.003008	5892
1.004000	6143
1.004003	2296
