version	total
2.005001	19184
2.006003	156773
2.006006	30246
