version	total
1.94	168830
1.99	2755
2.000000	2462
2.001000	2007
2.002000	3252
2.002001	2017
2.003000	1264
