version	total
0.103004	10102
0.103005	2551
0.103006	1939
