version	total
0.000061	11871
0.000115	6626
0.000116	5407
0.000117	20073
0.000144	2953
0.000145	180959
0.000163	43405
