version	total
1.302052	9808
1.302075	18038
1.302140	5791
1.302141	5092
1.302156	6038
1.302164	10124
1.302188	2704
1.302189	2467
1.302190	8438
