version	total
1.000019	7291
1.000033	15612
1.000036	94039
1.000037	18411
1.000038	48105
