version	total
4.161950	8575
4.201720	18955
