version	total
1.94	167674
1.99	2739
2.000000	2451
2.001000	2005
2.002000	3212
2.002001	1998
2.003000	1184
