version	total
2.000024	8184
2.000028	2472
2.000029	7244
