version	total
0.103004	10594
0.103005	2761
0.103006	2303
