version	total
0.000061	11009
0.000115	6547
0.000116	5328
0.000117	19813
0.000144	2887
0.000145	174587
0.000163	21045
