version	total
0.002005	4887
0.002006	4829
0.002009	2270
