version	total
1.94	175217
1.99	2888
2.000000	2562
2.001000	2079
2.002000	3381
2.002001	2128
2.003000	1624
