version	total
0.001011	38273
0.001013	234975
