version	total
1.000005	28560
1.002002	8655
1.004002	7745
1.004003	5108
1.004004	145194
1.012004	2675
1.012005	2268
1.014000	2241
1.016002	2049
1.016006	2499
