version	total
1.000019	7223
1.000033	15576
1.000036	93419
1.000037	18377
1.000038	39662
