version	total
1.94	172903
1.99	2825
2.000000	2510
2.001000	2036
2.002000	3338
2.002001	2095
2.003000	1496
