version	total
4.161950	8377
4.201720	17479
