version	total
1.967013	34229
1.967015	152788
