version	total
2.005001	19294
2.006003	160182
2.006006	33094
