version	total
1.003008	5825
1.004000	6059
1.004003	2264
