version	total
2.005001	19381
2.006003	163092
2.006006	35776
