version	total
0.042	76870
1.000000	22833
1.002001	513515
1.002002	324635
