version	total
1.967013	33745
1.967015	151264
