version	total
0.100003	5486
0.100005	2252
0.100006	1666
