version	total
1.000019	7090
1.000033	15492
1.000036	92307
1.000037	18320
1.000038	28559
