version	total
2.005001	19370
2.006003	162848
2.006006	35630
