version	total
1.967013	31960
1.967015	143810
