version	total
2.005001	19635
2.006003	168661
2.006006	46006
