version	total
1.000019	7231
1.000033	15580
1.000036	93501
1.000037	18381
1.000038	40831
