version	total
0.042	77074
1.000000	22836
1.002001	514128
1.002002	325935
