version	total
1.100602	7719
1.100603	1966
