version	total
1.302052	9802
1.302075	18005
1.302140	5786
1.302141	5087
1.302156	6033
1.302164	10110
1.302188	2699
1.302189	2462
1.302190	8420
