version	total
1.302052	9369
1.302075	15923
1.302140	5560
1.302141	4860
1.302156	5802
1.302164	9282
1.302188	2503
1.302189	2267
1.302190	6465
