version	total
0.001011	35865
0.001013	218180
