version	total
2.120921	10442
2.150010	101019
