version	total
1.000019	6935
1.000033	15398
1.000036	90809
1.000037	18240
1.000038	21746
