version	total
1.006900	32302
1.007002	146693
1.007003	107792
