version	total
2.000024	8260
2.000028	2517
2.000029	7659
