version	total
0.103004	10112
0.103005	2561
0.103006	1951
