version	total
1.967013	32108
1.967015	144476
