version	total
4.161950	8481
4.201720	18234
