version	total
0.094002	2117
0.094003	1523
