version	total
0.17024	31425
0.17027	142925
0.17029	3512
0.17030	363
