version	total
2.005001	19378
2.006003	163031
2.006006	35740
