version	total
1.000019	7036
1.000033	15466
1.000036	91687
1.000037	18297
1.000038	25467
