version	total
0.100003	5485
0.100005	2251
0.100006	1666
