version	total
2.005001	19191
2.006003	156876
2.006006	30338
