version	total
0.17024	31525
0.17027	143232
0.17029	3514
0.17030	381
