version	total
0.17024	33318
0.17027	148690
0.17029	3662
0.17030	715
