version	total
0.008	5789
0.006007	5860
0.008002	4223
0.008004	4099
0.008005	2100
0.008006	2078
0.008007	1664
0.008008	1288
0.008009	902
