version	total
5.20180120	6527
5.20180626	5332
5.20180820	8816
5.20181130	4800
5.20181218	11191
5.20190420	5266
5.20190524	84859
5.20220120	2492
5.20220220	2559
5.20220313	2405
5.20220320	3168
5.20220420	3413
5.20220527	3153
5.20220620	25947
5.20230220	33
5.20250528	508
5.20250702	278
