version	total
5.20180120	6698
5.20180626	5441
5.20180820	8927
5.20181130	4907
5.20181218	11325
5.20190420	5375
5.20190524	86146
5.20220120	2588
5.20220220	2653
5.20220313	2500
5.20220320	3266
5.20220420	3508
5.20220527	3247
5.20220620	26121
5.20230220	134
5.20250528	624
5.20250702	404
5.20250720	327
5.20250803	569
5.20250820	2318
5.20250923	2727
5.20251022	1786
