version	total
0.100003	5548
0.100005	2274
0.100006	1694
