version	total
2.000001	35514
2.000006	25295
2.000008	154718
2.002004	34390
