version	total
4.161950	7825
4.201720	12134
