version	total
1.006900	32784
1.007002	148044
1.007003	113746
