version	total
0.100052	8448
0.100054	2335
0.100055	1803
