version	total
1.003008	5874
1.004000	6118
1.004003	2290
