version	total
2.000001	36871
2.000006	25460
2.000008	158438
2.002004	39710
