version	total
0.008	13884
0.006007	5989
0.008002	8513
0.008004	8476
0.008005	2153
0.008006	2124
0.008007	1713
0.008008	1340
0.008009	977
