version	total
1.967013	31548
1.967015	141888
