version	total
2.000024	8400
2.000028	2604
2.000029	8194
