version	total
0.17024	30174
0.17027	138069
0.17029	3468
0.17030	179
