version	total
0.17024	31494
0.17027	143142
0.17029	3513
0.17030	373
