version	total
1.006900	33451
1.007002	149580
1.007003	120170
