version	total
0.002005	4954
0.002006	5052
0.002009	10625
