version	total
1.003008	5927
1.004000	6175
1.004003	2308
