version	total
2.120921	10203
2.150010	94769
