version	total
0.103004	10509
0.103005	2716
0.103006	2231
