version	total
2.000024	8307
2.000028	2548
2.000029	7855
