version	total
0.004010	5715
0.004011	5641
