version	total
0.042	74661
1.000000	22812
1.002001	507164
1.002002	314491
