version	total
0.001011	36149
0.001013	219961
