version	total
0.042	82243
1.000000	22997
1.002001	527189
1.002002	349215
