version	total
0.042	81995
1.000000	22987
1.002001	526563
1.002002	348232
