version	total
1.967013	33215
1.967015	149410
