version	total
0.204001	2183
0.204003	2164
0.206003	3226
0.207001	2328
0.207002	2297
0.207003	868
