version	total
2.005001	19408
2.006003	163679
2.006006	36183
