version	total
0.001011	36901
0.001013	224602
