version	total
5.20180120	6557
5.20180626	5344
5.20180820	8830
5.20181130	4813
5.20181218	11209
5.20190420	5278
5.20190524	85142
5.20220120	2501
5.20220220	2567
5.20220313	2414
5.20220320	3178
5.20220420	3422
5.20220527	3162
5.20220620	25977
5.20230220	42
5.20250528	518
5.20250702	309
5.20250720	230
5.20250803	438
5.20250820	208
