version	total
2.005001	19198
2.006003	157083
2.006006	30501
