version	total
2.000002	6031
2.001000	40174
2.003004	179625
2.005004	41535
