version	total
1.003008	6173
1.004000	6415
1.004003	2504
