version	total
2.005001	19167
2.006003	156322
2.006006	30018
