version	total
0.17024	31118
0.17027	141862
0.17029	3505
0.17030	334
