version	total
1.000005	28835
1.002002	8666
1.004002	7780
1.004003	5143
1.004004	146114
1.012004	2709
1.012005	2302
1.014000	2275
1.016002	2057
1.016006	2515
