version	total
1.000005	26559
1.002002	8567
1.004002	7607
1.004003	4968
1.004004	138413
1.012004	2556
1.012005	2147
1.014000	2119
1.016002	2002
1.016006	2364
