version	total
0.103004	10639
0.103005	2782
0.103006	2333
