version	total
0.103004	10514
0.103005	2721
0.103006	2243
