version	total
1.302052	9344
1.302075	15817
1.302140	5546
1.302141	4846
1.302156	5788
1.302164	9249
1.302188	2490
1.302189	2254
1.302190	6384
