version	total
2.000002	5876
2.001000	36830
2.003004	169480
2.005004	28805
