version	total
1.006900	33225
1.007002	149102
1.007003	118300
