version	total
0.004010	5668
0.004011	5585
