version	total
2.000001	37442
2.000006	25533
2.000008	159842
2.002004	43775
