version	total
4.161950	8470
4.201720	18182
