version	total
1.006900	30632
1.007002	141131
1.007003	88571
