version	total
1.302052	9609
1.302075	17131
1.302140	5662
1.302141	4961
1.302156	5906
1.302164	9747
1.302188	2589
1.302189	2352
1.302190	7572
