version	total
2.120921	10178
2.150010	94534
