version	total
0.204001	2211
0.204003	2192
0.206003	3424
0.207001	2434
0.207002	2404
0.207003	974
