version	total
1.94	169313
1.99	2763
2.000000	2466
2.001000	2008
2.002000	3261
2.002001	2029
2.003000	1303
