version	total
0.004010	5578
0.004011	5479
