version	total
0.042	74141
1.000000	22805
1.002001	505595
1.002002	311776
