version	total
1.003008	6090
1.004000	6336
1.004003	2435
