version	total
1.000005	27722
1.002002	8615
1.004002	7677
1.004003	5040
1.004004	142704
1.012004	2613
1.012005	2206
1.014000	2177
1.016002	2027
1.016006	2446
