version	total
1.006900	31060
1.007002	142672
1.007003	92805
