version	total
1.967013	33920
1.967015	151786
