version	total
0.004010	5448
0.004011	5260
