version	total
2.000024	7936
2.000028	2384
2.000029	5966
