version	total
0.100052	8206
0.100054	2282
0.100055	1672
