version	total
1.967013	32429
1.967015	146004
