version	total
2.000002	6004
2.001000	39303
2.003004	177458
2.005004	36378
