version	total
1.302052	9518
1.302075	16759
1.302140	5606
1.302141	4906
1.302156	5851
1.302164	9582
1.302188	2537
1.302189	2300
1.302190	7208
