version	total
2.005001	19110
2.006003	155706
2.006006	29661
