version	total
0.042	82461
1.000000	23004
1.002001	527665
1.002002	350177
