version	total
1.003008	5965
1.004000	6211
1.004003	2335
