version	total
1.000005	28777
1.002002	8662
1.004002	7766
1.004003	5129
1.004004	145923
1.012004	2695
1.012005	2288
1.014000	2262
1.016002	2054
1.016006	2509
