version	total
0.001011	38262
0.001013	234784
