version	total
4.161950	7883
4.201720	12606
