version	total
0.001011	38182
0.001013	234101
