version	total
0.000061	10915
0.000115	6541
0.000116	5323
0.000117	19780
0.000144	2883
0.000145	174282
0.000163	19803
