version	total
2.000001	34483
2.000006	25192
2.000008	151461
2.002004	31186
