version	total
0.17024	31442
0.17027	142968
0.17029	3513
0.17030	365
