version	total
4.161950	7708
4.201720	11400
