version	total
2.000002	6012
2.001000	39633
2.003004	178285
2.005004	38158
