version	total
0.000061	11553
0.000115	6583
0.000116	5363
0.000117	19975
0.000144	2914
0.000145	179939
0.000163	36784
