version	total
2.000002	6045
2.001000	40597
2.003004	180769
2.005004	42831
