version	total
0.004010	5708
0.004011	5633
