version	total
1.94	164404
1.99	2690
2.000000	2423
2.001000	1992
2.002000	3138
2.002001	1932
2.003000	1005
