version	total
1.003008	5958
1.004000	6204
1.004003	2330
