version	total
1.94	164177
1.99	2684
2.000000	2417
2.001000	1986
2.002000	3131
2.002001	1926
2.003000	995
