version	total
2.000002	6045
2.001000	40631
2.003004	180840
2.005004	42903
