version	total
0.001011	37386
0.001013	227583
