version	total
1.94	177218
1.99	2933
2.000000	2603
2.001000	2118
2.002000	3417
2.002001	2145
2.003000	1722
