version	total
0.008	17717
0.006007	6031
0.008002	10513
0.008004	10521
0.008005	2224
0.008006	2195
0.008007	1784
0.008008	1411
0.008009	1051
