version	total
0.17024	32320
0.17027	145812
0.17029	3575
0.17030	521
