version	total
1.967013	34827
1.967015	154894
