version	total
2.000002	6078
2.001000	41343
2.003004	182875
2.005004	45222
