version	total
0.000061	12814
0.000115	6777
0.000116	5555
0.000117	20370
0.000144	3095
0.000145	184146
0.000163	60231
