version	total
1.94	177880
1.99	2965
2.000000	2629
2.001000	2139
2.002000	3433
2.002001	2162
2.003000	1791
