version	total
1.000019	7025
1.000033	15459
1.000036	91548
1.000037	18290
1.000038	24642
