version	total
1.94	178329
1.99	2983
2.000000	2644
2.001000	2151
2.002000	3448
2.002001	2173
2.003000	1826
