version	total
0.001011	34789
0.001013	211220
