version	total
5.20180120	6601
5.20180626	5374
5.20180820	8860
5.20181130	4841
5.20181218	11240
5.20190420	5308
5.20190524	85451
5.20220120	2528
5.20220220	2593
5.20220313	2440
5.20220320	3206
5.20220420	3448
5.20220527	3188
5.20220620	26027
5.20230220	74
5.20250528	553
5.20250702	343
5.20250720	266
5.20250803	484
5.20250820	1985
