version	total
1.967013	34697
1.967015	154416
