version	total
1.000005	26541
1.002002	8564
1.004002	7605
1.004003	4966
1.004004	138370
1.012004	2555
1.012005	2146
1.014000	2118
1.016002	2000
1.016006	2361
