version	total
1.302052	9803
1.302075	18012
1.302140	5787
1.302141	5088
1.302156	6034
1.302164	10113
1.302188	2700
1.302189	2463
1.302190	8426
