version	total
1.000019	7014
1.000033	15454
1.000036	91420
1.000037	18285
1.000038	24044
