version	total
4.161950	7849
4.201720	12317
