version	total
1.000005	26526
1.002002	8564
1.004002	7603
1.004003	4964
1.004004	138328
1.012004	2553
1.012005	2144
1.014000	2116
1.016002	2000
1.016006	2359
