version	total
0.001011	39470
0.001013	242125
