version	total
1.967013	33870
1.967015	151677
