version	total
1.006900	31683
1.007002	144851
1.007003	99595
