version	total
0.004010	5463
0.004011	5277
