version	total
0.17024	33833
0.17027	150519
0.17029	3719
0.17030	846
