version	total
0.042	78401
1.000000	22882
1.002001	518011
1.002002	332612
