version	total
0.100003	5742
0.100005	2423
0.100006	1843
