version	total
0.008	7434
0.006007	5889
0.008002	5119
0.008004	4980
0.008005	2110
0.008006	2088
0.008007	1674
0.008008	1298
0.008009	912
