version	total
4.161950	8082
4.201720	14541
