version	total
2.005001	19388
2.006003	163200
2.006006	35869
