version	total
0.17024	30610
0.17027	139773
0.17029	3488
0.17030	237
