version	total
0.001011	38862
0.001013	238872
