version	total
1.94	176895
1.99	2927
2.000000	2598
2.001000	2111
2.002000	3412
2.002001	2144
2.003000	1710
