version	total
2.005001	19290
2.006003	159967
2.006006	32894
