version	total
2.000002	5954
2.001000	38155
2.003004	173813
2.005004	32481
