version	total
0.000061	11576
0.000115	6584
0.000116	5364
0.000117	19980
0.000144	2915
0.000145	180007
0.000163	37318
