version	total
0.103004	10607
0.103005	2768
0.103006	2311
