version	total
2.000001	37764
2.000006	25564
2.000008	160650
2.002004	44306
