version	total
2.000002	5924
2.001000	37528
2.003004	171807
2.005004	30380
