version	total
0.17024	30940
0.17027	141204
0.17029	3502
0.17030	295
