version	total
2.005001	19558
2.006003	166803
2.006006	44067
