version	total
1.000019	6985
1.000033	15438
1.000036	91171
1.000037	18279
1.000038	23090
