version	total
0.094002	2161
0.094003	1594
