version	total
0.008	16780
0.006007	6020
0.008002	10018
0.008004	10016
0.008005	2207
0.008006	2178
0.008007	1767
0.008008	1394
0.008009	1033
