version	total
5.20180120	6489
5.20180626	5317
5.20180820	8799
5.20181130	4783
5.20181218	11171
5.20190420	5250
5.20190524	84399
5.20220120	2480
5.20220220	2547
5.20220313	2393
5.20220320	3157
5.20220420	3404
5.20220527	3140
5.20220620	25897
