version	total
5.20180120	6588
5.20180626	5365
5.20180820	8851
5.20181130	4832
5.20181218	11231
5.20190420	5299
5.20190524	85370
5.20220120	2519
5.20220220	2585
5.20220313	2432
5.20220320	3197
5.20220420	3440
5.20220527	3180
5.20220620	26016
5.20230220	60
5.20250528	538
5.20250702	328
5.20250720	252
5.20250803	466
5.20250820	1210
