version	total
0.17024	33706
0.17027	149972
0.17029	3704
0.17030	818
