version	total
1.20141117	5289
1.20190531	2713
