version	total
1.94	172662
1.99	2819
2.000000	2505
2.001000	2032
2.002000	3333
2.002001	2088
2.003000	1484
