version	total
2.005001	19535
2.006003	166167
2.006006	43010
