version	total
5.20180120	6622
5.20180626	5387
5.20180820	8873
5.20181130	4854
5.20181218	11252
5.20190420	5321
5.20190524	85550
5.20220120	2541
5.20220220	2606
5.20220313	2453
5.20220320	3219
5.20220420	3461
5.20220527	3201
5.20220620	26047
5.20230220	87
5.20250528	567
5.20250702	356
5.20250720	279
5.20250803	501
5.20250820	2141
5.20250923	859
