version	total
1.20141117	5155
1.20190531	2611
