version	total
0.17024	31959
0.17027	144710
0.17029	3541
0.17030	464
