version	total
0.001011	37091
0.001013	225766
