version	total
0.204001	2212
0.204003	2192
0.206003	3429
0.207001	2435
0.207002	2405
0.207003	975
