version	total
0.042	83431
1.000000	23034
1.002001	529968
1.002002	354340
