version	total
1.000019	7147
1.000033	15517
1.000036	92805
1.000037	18342
1.000038	31958
