version	total
0.001011	39538
0.001013	242641
