version	total
2.000001	37896
2.000006	25584
2.000008	160990
2.002004	44927
