version	total
2.000002	6009
2.001000	39450
2.003004	177890
2.005004	37282
