version	total
1.000019	7040
1.000033	15467
1.000036	91749
1.000037	18300
1.000038	25712
