version	total
0.094002	2157
0.094003	1592
