version	total
0.008	18488
0.006007	6037
0.008002	10905
0.008004	10908
0.008005	2240
0.008006	2211
0.008007	1800
0.008008	1427
0.008009	1067
