version	total
0.204001	2175
0.204003	2155
0.206003	3203
0.207001	2320
0.207002	2289
0.207003	860
