version	total
0.17024	31687
0.17027	143815
0.17029	3518
0.17030	412
