version	total
0.103004	10346
0.103005	2633
0.103006	2108
