version	total
2.000024	8346
2.000028	2570
2.000029	7962
