version	total
1.20141117	5294
1.20190531	2716
