version	total
2.000001	34626
2.000006	25208
2.000008	152027
2.002004	31657
