version	total
2.120921	10424
2.150010	100471
