version	total
2.000002	5947
2.001000	37997
2.003004	173379
2.005004	31984
