version	total
5.20180120	6709
5.20180626	5449
5.20180820	8935
5.20181130	4915
5.20181218	11333
5.20190420	5383
5.20190524	86257
5.20220120	2596
5.20220220	2661
5.20220313	2508
5.20220320	3274
5.20220420	3516
5.20220527	3255
5.20220620	26132
5.20230220	142
5.20250528	634
5.20250702	412
5.20250720	335
5.20250803	577
5.20250820	2326
5.20250923	2753
5.20251022	2055
5.20251120	178
