version	total
0.002005	4893
0.002006	4835
0.002009	2275
