version	total
0.002005	4975
0.002006	5142
0.002009	15239
