version	total
0.008	19150
0.006007	6040
0.008002	11229
0.008004	11240
0.008005	2254
0.008006	2225
0.008007	1814
0.008008	1441
0.008009	1081
