version	total
0.002005	5025
0.002006	5242
0.002009	20795
