version	total
2.000024	8110
2.000028	2431
2.000029	6962
