version	total
5.20180120	6782
5.20180626	5503
5.20180820	8992
5.20181130	4968
5.20181218	11390
5.20190420	5437
5.20190524	86685
5.20220120	2646
5.20220220	2711
5.20220313	2558
5.20220320	3324
5.20220420	3567
5.20220527	3305
5.20220620	26205
5.20230220	193
5.20250528	688
5.20250702	463
5.20250720	386
5.20250803	635
5.20250820	2348
5.20250923	2976
5.20251022	2324
5.20251120	3142
5.20251220	971
