version	total
0.000061	10982
0.000115	6546
0.000116	5327
0.000117	19802
0.000144	2886
0.000145	174492
0.000163	20709
