version	total
2.000024	8352
2.000028	2575
2.000029	7987
