version	total
1.100602	7400
1.100603	1708
