version	total
0.004010	5505
0.004011	5359
