version	total
1.006900	32531
1.007002	147426
1.007003	110985
