version	total
1.003008	5833
1.004000	6069
1.004003	2273
