version	total
2.120921	10333
2.150010	97948
