version	total
0.204001	2196
0.204003	2179
0.206003	3313
0.207001	2380
0.207002	2350
0.207003	920
