version	total
0.001011	34820
0.001013	211403
