version	total
0.001011	34770
0.001013	211094
