version	total
0.001011	35932
0.001013	218531
