version	total
2.005001	19607
2.006003	167991
2.006006	45269
