version	total
0.008	20170
0.006007	6047
0.008002	11776
0.008004	11752
0.008005	2273
0.008006	2244
0.008007	1834
0.008008	1460
0.008009	1103
