version	total
0.001011	35140
0.001013	213132
