version	total
1.967013	31674
1.967015	142552
