version	total
1.94	172495
1.99	2813
2.000000	2500
2.001000	2028
2.002000	3329
2.002001	2084
2.003000	1470
