version	total
0.000061	12561
0.000115	6728
0.000116	5507
0.000117	20298
0.000144	3050
0.000145	183464
0.000163	55487
