version	total
2.000002	5991
2.001000	38974
2.003004	176427
2.005004	34830
