version	total
0.17024	31353
0.17027	142678
0.17029	3510
0.17030	356
