version	total
1.000019	6971
1.000033	15430
1.000036	91029
1.000037	18272
1.000038	22420
