version	total
1.100602	7598
1.100603	1864
