version	total
2.000024	7912
2.000028	2371
2.000029	5871
