version	total
0.17024	31875
0.17027	144408
0.17029	3533
0.17030	447
