version	total
2.000001	38275
2.000006	25625
2.000008	161950
2.002004	45864
