version	total
1.967013	34204
1.967015	152707
