version	total
1.302052	9413
1.302075	16099
1.302140	5574
1.302141	4872
1.302156	5816
1.302164	9351
1.302188	2511
1.302189	2275
1.302190	6626
