version	total
2.000002	5904
2.001000	37130
2.003004	170448
2.005004	29370
