version	total
0.001011	37472
0.001013	228658
