version	total
0.008	13164
0.006007	5981
0.008002	8145
0.008004	8103
0.008005	2141
0.008006	2112
0.008007	1702
0.008008	1328
0.008009	964
