version	total
0.002005	4966
0.002006	5114
0.002009	13785
