version	total
1.003008	6082
1.004000	6329
1.004003	2429
