version	total
1.000005	27413
1.002002	8595
1.004002	7638
1.004003	5001
1.004004	141512
1.012004	2577
1.012005	2170
1.014000	2141
1.016002	2020
1.016006	2430
