version	total
1.100602	7665
1.100603	1922
