version	total
1.000005	26002
1.002002	8542
1.004002	7582
1.004003	4938
1.004004	136056
1.012004	2537
1.012005	2126
1.014000	2098
1.016002	1983
1.016006	2318
