version	total
0.004010	5555
0.004011	5451
