version	total
2.000001	34183
2.000006	25151
2.000008	150536
2.002004	30480
