version	total
1.003008	5870
1.004000	6114
1.004003	2287
