version	total
2.000001	34128
2.000006	25142
2.000008	150354
2.002004	30336
