version	total
5.20180120	6547
5.20180626	5341
5.20180820	8826
5.20181130	4809
5.20181218	11205
5.20190420	5275
5.20190524	85054
5.20220120	2498
5.20220220	2565
5.20220313	2411
5.20220320	3175
5.20220420	3419
5.20220527	3159
5.20220620	25970
5.20230220	38
5.20250528	514
5.20250702	304
5.20250720	227
5.20250803	188
