version	total
0.204001	2192
0.204003	2175
0.206003	3283
0.207001	2360
0.207002	2330
0.207003	900
