version	total
0.008	12290
0.006007	5968
0.008002	7653
0.008004	7589
0.008005	2137
0.008006	2110
0.008007	1698
0.008008	1324
0.008009	960
