version	total
0.17024	32211
0.17027	145524
0.17029	3568
0.17030	510
