version	total
2.000001	37667
2.000006	25553
2.000008	160396
2.002004	44134
