version	total
0.000061	12662
0.000115	6749
0.000116	5527
0.000117	20325
0.000144	3070
0.000145	183720
0.000163	57028
