version	total
2.000001	34966
2.000006	25250
2.000008	153106
2.002004	32785
