version	total
4.161950	8440
4.201720	17969
