version	total
2.000002	6025
2.001000	39990
2.003004	179136
2.005004	40016
