version	total
1.999813	4786
1.999816	4997
1.999829	2159
1.999830	2061
1.999831	1982
1.999832	1973
1.999833	1976
1.999835	1972
1.999836	1910
1.999837	1910
1.999838	1402
1.999839	1187
1.999841	1048
1.999842	1042
2.000000	1052
2.001000	1017
2.001001	999
2.002000	977
2.002001	965
2.003001	651
2.003002	632
2.003003	377
2.003004	85
2.004001	94
2.005001	59
2.005002	61
2.005003	21
