version	total
4.161950	7939
4.201720	13141
