version	total
1.302052	9433
1.302075	16234
1.302140	5581
1.302141	4880
1.302156	5823
1.302164	9406
1.302188	2519
1.302189	2281
1.302190	6777
