version	total
1.000005	27748
1.002002	8616
1.004002	7680
1.004003	5043
1.004004	142799
1.012004	2616
1.012005	2209
1.014000	2180
1.016002	2027
1.016006	2446
