version	total
0.002005	4966
0.002006	5117
0.002009	14063
