version	total
1.967013	35038
1.967015	155963
