version	total
0.004010	5601
0.004011	5510
