version	total
2.005001	19466
2.006003	164890
2.006006	39382
