version	total
0.204001	2195
0.204003	2178
0.206003	3309
0.207001	2378
0.207002	2348
0.207003	918
