version	total
1.302052	9341
1.302075	15804
1.302140	5544
1.302141	4844
1.302156	5786
1.302164	9243
1.302188	2488
1.302189	2252
1.302190	6377
