version	total
1.000005	28420
1.002002	8647
1.004002	7734
1.004003	5097
1.004004	144768
1.012004	2665
1.012005	2258
1.014000	2230
1.016002	2042
1.016006	2485
