version	total
1.94	175146
1.99	2882
2.000000	2559
2.001000	2078
2.002000	3377
2.002001	2122
2.003000	1616
