version	total
1.94	179621
1.99	3027
2.000000	2683
2.001000	2182
2.002000	3481
2.002001	2196
2.003000	1922
