version	total
1.006900	32188
1.007002	146357
1.007003	106812
