version	total
0.042	73779
1.000000	22798
1.002001	504412
1.002002	309928
