version	total
4.161950	8233
4.201720	15689
