version	total
0.042	79587
1.000000	22912
1.002001	520995
1.002002	338479
