version	total
2.005001	19582
2.006003	167419
2.006006	44496
