version	total
1.000019	7074
1.000033	15478
1.000036	92103
1.000037	18311
1.000038	27388
