version	total
0.100003	5465
0.100005	2241
0.100006	1656
