version	total
1.100602	7501
1.100603	1785
