version	total
1.006900	33674
1.007002	150180
1.007003	123470
