version	total
1.100602	7535
1.100603	1812
