version	total
0.17024	33041
0.17027	147848
0.17029	3631
0.17030	657
