version	total
0.094002	2105
0.094003	1508
