version	total
2.000001	36206
2.000006	25370
2.000008	156839
2.002004	36049
