version	total
0.001011	39405
0.001013	241761
