version	total
1.000019	7010
1.000033	15452
1.000036	91377
1.000037	18284
1.000038	23852
