version	total
0.100003	5646
0.100005	2349
0.100006	1768
