version	total
2.000001	36471
2.000006	25413
2.000008	157552
2.002004	37982
