version	total
1.94	179399
1.99	3018
2.000000	2676
2.001000	2176
2.002000	3476
2.002001	2190
2.003000	1909
