version	total
4.161950	8490
4.201720	18269
