version	total
0.001011	35849
0.001013	218078
