version	total
0.004010	5488
0.004011	5308
