version	total
1.302052	9599
1.302075	17093
1.302140	5656
1.302141	4955
1.302156	5900
1.302164	9724
1.302188	2583
1.302189	2346
1.302190	7524
