version	total
2.005001	19189
2.006003	156820
2.006006	30300
