version	total
2.000001	35943
2.000006	25334
2.000008	156010
2.002004	35495
