version	total
2.005001	19577
2.006003	167325
2.006006	44414
