version	total
2.005001	19299
2.006003	160289
2.006006	33210
