version	total
5.20180120	6799
5.20180626	5515
5.20180820	9005
5.20181130	4982
5.20181218	11403
5.20190420	5450
5.20190524	86762
5.20220120	2658
5.20220220	2724
5.20220313	2570
5.20220320	3336
5.20220420	3579
5.20220527	3317
5.20220620	26222
5.20230220	205
5.20250528	700
5.20250702	475
5.20250720	398
5.20250803	650
5.20250820	2353
5.20250923	3033
5.20251022	2398
5.20251120	3145
5.20251220	1834
