version	total
1.94	165907
1.99	2717
2.000000	2441
2.001000	2003
2.002000	3174
2.002001	1968
2.003000	1085
