version	total
1.006900	31100
1.007002	142844
1.007003	93405
