version	total
0.002005	4948
0.002006	5027
0.002009	8738
