version	total
1.302052	9607
1.302075	17121
1.302140	5660
1.302141	4959
1.302156	5904
1.302164	9742
1.302188	2587
1.302189	2350
1.302190	7558
