version	total
1.100602	7607
1.100603	1872
