version	total
0.100003	5577
0.100005	2294
0.100006	1713
