version	total
1.94	169045
1.99	2759
2.000000	2464
2.001000	2008
2.002000	3257
2.002001	2023
2.003000	1288
