version	total
2.000002	5884
2.001000	36909
2.003004	169657
2.005004	28874
