version	total
5.20180120	6762
5.20180626	5486
5.20180820	8975
5.20181130	4952
5.20181218	11372
5.20190420	5419
5.20190524	86568
5.20220120	2630
5.20220220	2695
5.20220313	2542
5.20220320	3308
5.20220420	3551
5.20220527	3289
5.20220620	26184
5.20230220	177
5.20250528	671
5.20250702	447
5.20250720	369
5.20250803	617
5.20250820	2342
5.20250923	2951
5.20251022	2282
5.20251120	3138
5.20251220	162
