version	total
1.003008	5997
1.004000	6246
1.004003	2362
