version	total
1.999813	4880
1.999816	5155
1.999829	2222
1.999830	2127
1.999831	2047
1.999832	2039
1.999833	2040
1.999835	2038
1.999836	1976
1.999837	1975
1.999838	1467
1.999839	1252
1.999841	1114
1.999842	1107
2.000000	1264
2.001000	1226
2.001001	1208
2.002000	1123
2.002001	1111
2.003001	714
2.003002	697
2.003003	438
2.003004	153
2.004001	161
2.005001	276
2.005002	278
2.005003	278
