version	total
2.000002	6050
2.001000	40684
2.003004	181015
2.005004	43102
