version	total
2.000001	35699
2.000006	25312
2.000008	155346
2.002004	34875
