version	total
1.20141117	5314
1.20190531	2730
