version	total
0.002005	4961
0.002006	5093
0.002009	13100
