version	total
4.161950	8087
4.201720	14602
