version	total
1.94	167780
1.99	2742
2.000000	2453
2.001000	2007
2.002000	3216
2.002001	2001
2.003000	1189
