version	total
2.005001	19183
2.006003	156683
2.006006	30180
