version	total
0.002005	4956
0.002006	5062
0.002009	11419
