version	total
1.94	164029
1.99	2672
2.000000	2407
2.001000	1978
2.002000	3120
2.002001	1914
2.003000	981
