version	total
0.17024	30769
0.17027	140571
0.17029	3493
0.17030	271
