version	total
2.000024	8321
2.000028	2556
2.000029	7882
