version	total
1.006900	33498
1.007002	149725
1.007003	120597
