version	total
0.000061	10680
0.000115	6496
0.000116	5278
0.000117	19674
0.000144	2844
0.000145	173084
0.000163	17167
