version	total
0.004010	5603
0.004011	5512
