version	total
0.000061	11942
0.000115	6638
0.000116	5418
0.000117	20101
0.000144	2965
0.000145	181202
0.000163	44625
