version	total
1.000019	7118
1.000033	15500
1.000036	92587
1.000037	18326
1.000038	30114
