version	total
1.000019	7081
1.000033	15487
1.000036	92200
1.000037	18315
1.000038	28029
