version	total
0.001011	35670
0.001013	216934
