version	total
0.000061	11159
0.000115	6559
0.000116	5339
0.000117	19863
0.000144	2896
0.000145	175465
0.000163	25146
