version	total
1.000019	7001
1.000033	15448
1.000036	91346
1.000037	18282
1.000038	23713
