version	total
4.161950	7899
4.201720	12796
