version	total
0.001011	34723
0.001013	210889
