version	total
5.20180120	6550
5.20180626	5342
5.20180820	8827
5.20181130	4810
5.20181218	11206
5.20190420	5276
5.20190524	85072
5.20220120	2499
5.20220220	2566
5.20220313	2412
5.20220320	3176
5.20220420	3420
5.20220527	3160
5.20220620	25972
5.20230220	39
5.20250528	515
5.20250702	305
5.20250720	228
5.20250803	271
