version	total
2.005001	19664
2.006003	169198
2.006006	46615
