version	total
2.005001	19196
2.006003	157026
2.006006	30435
