version	total
0.002005	4953
0.002006	5049
0.002009	10187
