version	total
0.004010	5610
0.004011	5520
