version	total
4.161950	8331
4.201720	16753
