version	total
1.967013	35264
1.967015	157039
