version	total
4.161950	7834
4.201720	12239
