version	total
1.000019	7075
1.000033	15479
1.000036	92132
1.000037	18312
1.000038	27616
