version	total
1.302052	9806
1.302075	18019
1.302140	5789
1.302141	5090
1.302156	6036
1.302164	10119
1.302188	2702
1.302189	2465
1.302190	8431
