version	total
0.002005	4892
0.002006	4833
0.002009	2274
