version	total
0.000061	11697
0.000115	6593
0.000116	5374
0.000117	20012
0.000144	2923
0.000145	180454
0.000163	40106
