version	total
1.006900	31767
1.007002	145121
1.007003	100415
