version	total
2.005001	19249
2.006003	158520
2.006006	31545
