version	total
1.967013	33843
1.967015	151573
