version	total
2.000002	5947
2.001000	38031
2.003004	173492
2.005004	32090
