version	total
2.000001	35913
2.000006	25330
2.000008	155893
2.002004	35393
