version	total
1.302052	9487
1.302075	16560
1.302140	5596
1.302141	4895
1.302156	5841
1.302164	9521
1.302188	2531
1.302189	2294
1.302190	7034
