version	total
5.20180120	6724
5.20180626	5459
5.20180820	8947
5.20181130	4925
5.20181218	11345
5.20190420	5393
5.20190524	86365
5.20220120	2606
5.20220220	2671
5.20220313	2518
5.20220320	3284
5.20220420	3526
5.20220527	3265
5.20220620	26148
5.20230220	153
5.20250528	644
5.20250702	422
5.20250720	345
5.20250803	590
5.20250820	2329
5.20250923	2797
5.20251022	2114
5.20251120	834
