version	total
1.000019	6971
1.000033	15432
1.000036	91059
1.000037	18272
1.000038	22538
