version	total
2.005001	19523
2.006003	165942
2.006006	42107
