version	total
1.94	165559
1.99	2715
2.000000	2440
2.001000	2003
2.002000	3170
2.002001	1965
2.003000	1078
