version	total
0.004010	5619
0.004011	5530
