version	total
0.000061	11272
0.000115	6567
0.000116	5347
0.000117	19900
0.000144	2902
0.000145	175965
0.000163	27013
