version	total
1.006900	30814
1.007002	141810
1.007003	90148
