version	total
1.94	179349
1.99	3017
2.000000	2675
2.001000	2175
2.002000	3476
2.002001	2190
2.003000	1907
