version	total
1.967013	32248
1.967015	145316
