version	total
0.004010	5609
0.004011	5519
