version	total
1.006900	34427
1.007002	152186
1.007003	135149
