version	total
5.20180120	6660
5.20180626	5414
5.20180820	8900
5.20181130	4881
5.20181218	11296
5.20190420	5348
5.20190524	85855
5.20220120	2565
5.20220220	2630
5.20220313	2477
5.20220320	3243
5.20220420	3485
5.20220527	3225
5.20220620	26082
5.20230220	111
5.20250528	594
5.20250702	380
5.20250720	304
5.20250803	535
5.20250820	2236
5.20250923	2478
5.20251022	30
