version	total
0.000061	12685
0.000115	6754
0.000116	5532
0.000117	20333
0.000144	3075
0.000145	183791
0.000163	57577
