version	total
5.20180120	6422
5.20180626	5277
5.20180820	8759
5.20181130	4743
5.20181218	11115
5.20190420	5213
5.20190524	83697
5.20220120	2446
5.20220220	2515
5.20220313	2363
5.20220320	3126
5.20220420	3372
5.20220527	3109
5.20220620	24619
