version	total
1.000005	28735
1.002002	8662
1.004002	7762
1.004003	5125
1.004004	145767
1.012004	2692
1.012005	2285
1.014000	2258
1.016002	2054
1.016006	2508
