version	total
0.204001	2149
0.204003	2128
0.206003	3115
0.207001	2284
0.207002	2256
0.207003	828
