version	total
0.100003	5583
0.100005	2297
0.100006	1716
