version	total
1.967013	34508
1.967015	153736
