version	total
0.100003	5658
0.100005	2355
0.100006	1774
