version	total
0.100052	8468
0.100054	2341
0.100055	1809
