version	total
1.003008	6055
1.004000	6302
1.004003	2408
