version	total
1.006900	31178
1.007002	143198
1.007003	94503
