version	total
2.120921	10184
2.150010	94596
