version	total
0.103004	10584
0.103005	2755
0.103006	2295
