version	total
0.042	77485
1.000000	22849
1.002001	515480
1.002002	328247
