version	total
1.003008	5931
1.004000	6178
1.004003	2310
