version	total
0.100003	5722
0.100005	2407
0.100006	1828
