version	total
5.20180120	6771
5.20180626	5495
5.20180820	8984
5.20181130	4960
5.20181218	11381
5.20190420	5428
5.20190524	86617
5.20220120	2639
5.20220220	2704
5.20220313	2551
5.20220320	3317
5.20220420	3560
5.20220527	3298
5.20220620	26193
5.20230220	186
5.20250528	680
5.20250702	456
5.20250720	379
5.20250803	627
5.20250820	2346
5.20250923	2968
5.20251022	2302
5.20251120	3139
5.20251220	417
