version	total
1.302052	9674
1.302075	17465
1.302140	5701
1.302141	5002
1.302156	5946
1.302164	9881
1.302188	2625
1.302189	2389
1.302190	7867
