version	total
2.000024	7885
2.000028	2350
2.000029	5768
