version	total
0.17024	31569
0.17027	143384
0.17029	3515
0.17030	393
