version	total
2.000024	8306
2.000028	2547
2.000029	7852
