version	total
0.000061	11924
0.000115	6636
0.000116	5416
0.000117	20094
0.000144	2963
0.000145	181165
0.000163	44378
