version	total
2.000024	8235
2.000028	2500
2.000029	7521
