version	total
5.20180120	6567
5.20180626	5350
5.20180820	8836
5.20181130	4818
5.20181218	11215
5.20190420	5284
5.20190524	85256
5.20220120	2506
5.20220220	2572
5.20220313	2419
5.20220320	3184
5.20220420	3427
5.20220527	3167
5.20220620	25992
5.20230220	47
5.20250528	524
5.20250702	315
5.20250720	239
5.20250803	449
5.20250820	741
