version	total
0.001011	39505
0.001013	242312
