version	total
1.967013	32271
1.967015	145403
