version	total
2.005001	19543
2.006003	166435
2.006006	43797
