version	total
1.94	180116
1.99	3040
2.000000	2694
2.001000	2192
2.002000	3487
2.002001	2199
2.003000	1939
