version	total
0.000061	11740
0.000115	6600
0.000116	5381
0.000117	20021
0.000144	2930
0.000145	180557
0.000163	40948
