version	total
2.120921	10341
2.150010	98137
