version	total
0.001011	39017
0.001013	239896
