version	total
1.967013	32559
1.967015	146677
