version	total
2.005001	19541
2.006003	166340
2.006006	43690
