version	total
0.001011	35114
0.001013	212988
