version	total
2.000002	5993
2.001000	39030
2.003004	176629
2.005004	34983
