version	total
2.005001	19333
2.006003	161608
2.006006	34556
