version	total
0.103004	10120
0.103005	2565
0.103006	1956
