version	total
0.17024	31840
0.17027	144316
0.17029	3531
0.17030	442
