version	total
1.302052	9369
1.302075	15910
1.302140	5560
1.302141	4860
1.302156	5802
1.302164	9279
1.302188	2502
1.302189	2266
1.302190	6451
