version	total
0.042	79122
1.000000	22900
1.002001	519884
1.002002	336308
