version	total
2.000001	34232
2.000006	25156
2.000008	150664
2.002004	30594
