version	total
2.005001	19177
2.006003	156495
2.006006	30092
