version	total
0.002005	5013
0.002006	5237
0.002009	20323
