version	total
1.20141117	5166
1.20190531	2618
