version	total
1.967013	32638
1.967015	146985
