version	total
2.000001	37741
2.000006	25561
2.000008	160593
2.002004	44260
