version	total
0.000061	11621
0.000115	6587
0.000116	5367
0.000117	19995
0.000144	2916
0.000145	180230
0.000163	38646
