version	total
0.094002	2141
0.094003	1572
