version	total
0.17024	31944
0.17027	144661
0.17029	3540
0.17030	458
