version	total
2.000024	8411
2.000028	2612
2.000029	8236
