version	total
1.302052	9652
1.302075	17344
1.302140	5687
1.302141	4988
1.302156	5931
1.302164	9838
1.302188	2611
1.302189	2375
1.302190	7760
