version	total
1.967013	34822
1.967015	154874
