version	total
1.006900	31740
1.007002	145050
1.007003	100208
