version	total
2.000001	37397
2.000006	25527
2.000008	159751
2.002004	43658
