version	total
1.967013	35051
1.967015	156032
