version	total
1.20141117	5245
1.20190531	2682
