version	total
1.000019	6997
1.000033	15446
1.000036	91277
1.000037	18282
1.000038	23461
