version	total
1.967013	32203
1.967015	145112
