version	total
0.100052	8254
0.100054	2296
0.100055	1695
