version	total
0.100003	5485
0.100005	2250
0.100006	1665
