version	total
0.042	76709
1.000000	22833
1.002001	513041
1.002002	323812
