version	total
1.000019	6997
1.000033	15446
1.000036	91271
1.000037	18281
1.000038	23431
