version	total
0.004010	5704
0.004011	5628
