version	total
0.042	74982
1.000000	22815
1.002001	508081
1.002002	315949
