version	total
0.008	17339
0.006007	6028
0.008002	10325
0.008004	10324
0.008005	2218
0.008006	2189
0.008007	1778
0.008008	1405
0.008009	1045
