version	total
2.005001	19433
2.006003	164112
2.006006	37706
