version	total
0.042	76166
1.000000	22826
1.002001	511351
1.002002	320885
