version	total
0.001011	36771
0.001013	223912
