version	total
1.967013	31608
1.967015	142173
