version	total
1.000019	7347
1.000033	15659
1.000036	94547
1.000037	18437
1.000038	55516
