version	total
1.999813	4802
1.999816	5025
1.999829	2169
1.999830	2072
1.999831	1993
1.999832	1984
1.999833	1986
1.999835	1983
1.999836	1921
1.999837	1921
1.999838	1413
1.999839	1198
1.999841	1059
1.999842	1053
2.000000	1063
2.001000	1028
2.001001	1010
2.002000	988
2.002001	976
2.003001	661
2.003002	643
2.003003	387
2.003004	97
2.004001	107
2.005001	73
2.005002	74
2.005003	39
