version	total
0.001011	36095
0.001013	219642
