version	total
0.042	80456
1.000000	22935
1.002001	522972
1.002002	342002
