version	total
4.161950	7845
4.201720	12292
