version	total
2.000024	8179
2.000028	2468
2.000029	7226
