version	total
0.042	75564
1.000000	22820
1.002001	509550
1.002002	317890
