version	total
5.20180120	6640
5.20180626	5401
5.20180820	8887
5.20181130	4868
5.20181218	11285
5.20190420	5335
5.20190524	85686
5.20220120	2554
5.20220220	2619
5.20220313	2466
5.20220320	3232
5.20220420	3474
5.20220527	3214
5.20220620	26065
5.20230220	100
5.20250528	582
5.20250702	369
5.20250720	293
5.20250803	519
5.20250820	2213
5.20250923	1711
