version	total
2.000024	8328
2.000028	2559
2.000029	7897
