version	total
0.17024	33437
0.17027	149061
0.17029	3675
0.17030	750
