version	total
1.100602	7569
1.100603	1842
