version	total
0.002005	4984
0.002006	5172
0.002009	17064
