version	total
1.003008	5846
1.004000	6089
1.004003	2277
