version	total
0.100003	5624
0.100005	2331
0.100006	1749
