version	total
1.302052	9696
1.302075	17585
1.302140	5716
1.302141	5017
1.302156	5961
1.302164	9923
1.302188	2640
1.302189	2404
1.302190	7979
