version	total
0.000061	11441
0.000115	6576
0.000116	5357
0.000117	19939
0.000144	2908
0.000145	176873
0.000163	33991
