version	total
1.94	175274
1.99	2888
2.000000	2562
2.001000	2081
2.002000	3383
2.002001	2128
2.003000	1624
