version	total
0.004010	5611
0.004011	5521
