version	total
0.002005	4901
0.002006	4845
0.002009	2278
