version	total
2.000001	34748
2.000006	25223
2.000008	152442
2.002004	32244
