version	total
0.000061	11834
0.000115	6620
0.000116	5401
0.000117	20057
0.000144	2946
0.000145	180861
0.000163	42891
