version	total
1.006900	33565
1.007002	149897
1.007003	121360
