version	total
1.100602	7375
1.100603	1694
