version	total
1.967013	33761
1.967015	151334
