version	total
0.103004	10249
0.103005	2608
0.103006	2029
