version	total
1.302052	9608
1.302075	17130
1.302140	5661
1.302141	4960
1.302156	5905
1.302164	9745
1.302188	2588
1.302189	2351
1.302190	7568
