version	total
0.001011	38584
0.001013	237734
