version	total
2.005001	19152
2.006003	156152
2.006006	29944
