version	total
0.004010	5546
0.004011	5440
