version	total
0.042	76920
1.000000	22835
1.002001	513688
1.002002	325005
