version	total
2.000001	36438
2.000006	25408
2.000008	157449
2.002004	37571
