version	total
0.204001	2197
0.204003	2180
0.206003	3320
0.207001	2384
0.207002	2354
0.207003	924
