version	total
0.042	76531
1.000000	22831
1.002001	512518
1.002002	322876
