version	total
1.302052	9707
1.302075	17652
1.302140	5726
1.302141	5027
1.302156	5971
1.302164	9952
1.302188	2649
1.302189	2413
1.302190	8051
