version	total
5.20180120	6780
5.20180626	5501
5.20180820	8990
5.20181130	4966
5.20181218	11388
5.20190420	5434
5.20190524	86667
5.20220120	2644
5.20220220	2709
5.20220313	2556
5.20220320	3322
5.20220420	3565
5.20220527	3303
5.20220620	26199
5.20230220	191
5.20250528	686
5.20250702	461
5.20250720	384
5.20250803	632
5.20250820	2347
5.20250923	2971
5.20251022	2315
5.20251120	3142
5.20251220	761
