version	total
1.006900	30656
1.007002	141177
1.007003	88634
