version	total
1.20141117	5266
1.20190531	2698
