version	total
1.967013	33787
1.967015	151405
