version	total
0.004010	5525
0.004011	5414
