version	total
0.17024	33222
0.17027	148402
0.17029	3647
0.17030	691
