version	total
1.100602	7674
1.100603	1928
