version	total
2.000001	36775
2.000006	25451
2.000008	158301
2.002004	39307
