version	total
0.001011	37780
0.001013	231066
