version	total
1.302052	9699
1.302075	17609
1.302140	5719
1.302141	5020
1.302156	5964
1.302164	9935
1.302188	2643
1.302189	2407
1.302190	8015
