version	total
1.000019	6938
1.000033	15400
1.000036	90822
1.000037	18242
1.000038	21800
