version	total
0.001011	35568
0.001013	216028
