version	total
2.000024	8050
2.000028	2410
2.000029	6696
