version	total
1.000005	28242
1.002002	8635
1.004002	7719
1.004003	5082
1.004004	144243
1.012004	2650
1.012005	2243
1.014000	2216
1.016002	2034
1.016006	2468
