version	total
0.001011	35756
0.001013	217502
