version	total
0.002005	4889
0.002006	4831
0.002009	2272
