version	total
2.000024	8217
2.000028	2490
2.000029	7442
