version	total
2.000001	35303
2.000006	25275
2.000008	154078
2.002004	33745
