version	total
4.161950	7967
4.201720	13470
