version	total
0.001011	37485
0.001013	228728
