version	total
0.001011	37719
0.001013	230585
