version	total
0.004010	5617
0.004011	5528
