version	total
1.967013	32094
1.967015	144422
