version	total
1.302052	9639
1.302075	17316
1.302140	5683
1.302141	4982
1.302156	5927
1.302164	9828
1.302188	2608
1.302189	2371
1.302190	7749
