version	total
4.161950	7986
4.201720	13735
