version	total
0.042	75788
1.000000	22823
1.002001	510213
1.002002	318972
