version	total
1.000019	7071
1.000033	15478
1.000036	92071
1.000037	18311
1.000038	27247
