version	total
2.000024	7932
2.000028	2383
2.000029	5948
