version	total
0.042	79695
1.000000	22914
1.002001	521260
1.002002	338932
