version	total
4.161950	8006
4.201720	13927
