version	total
1.006900	34436
1.007002	152198
1.007003	135268
