version	total
0.204001	2163
0.204003	2142
0.206003	3165
0.207001	2308
0.207002	2277
0.207003	850
