version	total
1.003008	5848
1.004000	6091
1.004003	2278
