version	total
1.302052	9519
1.302075	16766
1.302140	5606
1.302141	4906
1.302156	5851
1.302164	9585
1.302188	2537
1.302189	2300
1.302190	7224
