version	total
0.001011	37682
0.001013	230349
