version	total
0.204001	2200
0.204003	2183
0.206003	3343
0.207001	2401
0.207002	2371
0.207003	941
