version	total
0.042	77350
1.000000	22845
1.002001	515026
1.002002	327558
