version	total
1.006900	31641
1.007002	144697
1.007003	99084
