version	total
2.000002	5926
2.001000	37564
2.003004	171943
2.005004	30440
