version	total
0.008	20633
0.006007	6079
0.008002	12048
0.008004	12017
0.008005	2336
0.008006	2308
0.008007	1896
0.008008	1529
0.008009	1167
