version	total
0.001011	37457
0.001013	228569
