version	total
1.000019	7079
1.000033	15481
1.000036	92146
1.000037	18314
1.000038	27659
