version	total
1.302052	9679
1.302075	17509
1.302140	5706
1.302141	5007
1.302156	5951
1.302164	9896
1.302188	2630
1.302189	2394
1.302190	7913
