version	total
5.20180120	6491
5.20180626	5319
5.20180820	8801
5.20181130	4785
5.20181218	11173
5.20190420	5252
5.20190524	84423
5.20220120	2482
5.20220220	2549
5.20220313	2395
5.20220320	3159
5.20220420	3406
5.20220527	3142
5.20220620	25914
5.20230220	24
5.20250528	38
