version	total
1.006900	32047
1.007002	146041
1.007003	105617
