version	total
1.967013	31836
1.967015	143276
