version	total
2.120921	10255
2.150010	95902
