version	total
1.94	177306
1.99	2935
2.000000	2605
2.001000	2120
2.002000	3418
2.002001	2145
2.003000	1728
