version	total
2.000024	8170
2.000028	2464
2.000029	7200
