version	total
2.000001	35112
2.000006	25259
2.000008	153513
2.002004	33032
