version	total
1.000005	27594
1.002002	8607
1.004002	7660
1.004003	5023
1.004004	142216
1.012004	2597
1.012005	2190
1.014000	2161
1.016002	2023
1.016006	2437
