version	total
2.000002	5965
2.001000	38401
2.003004	174596
2.005004	33305
