version	total
1.006900	31583
1.007002	144562
1.007003	98715
