version	total
2.000024	8340
2.000028	2566
2.000029	7926
