version	total
1.94	175946
1.99	2906
2.000000	2579
2.001000	2094
2.002000	3398
2.002001	2138
2.003000	1675
