version	total
5.20180120	6747
5.20180626	5477
5.20180820	8966
5.20181130	4942
5.20181218	11363
5.20190420	5410
5.20190524	86500
5.20220120	2621
5.20220220	2686
5.20220313	2533
5.20220320	3299
5.20220420	3542
5.20220527	3280
5.20220620	26172
5.20230220	168
5.20250528	661
5.20250702	438
5.20250720	360
5.20250803	607
5.20250820	2337
5.20250923	2932
5.20251022	2257
5.20251120	2736
