version	total
0.100003	5797
0.100005	2469
0.100006	1888
