version	total
2.000024	8058
2.000028	2412
2.000029	6756
