version	total
1.000019	7048
1.000033	15471
1.000036	91838
1.000037	18302
1.000038	26055
