version	total
0.008	13385
0.006007	5985
0.008002	8262
0.008004	8224
0.008005	2144
0.008006	2115
0.008007	1704
0.008008	1331
0.008009	967
