version	total
2.000002	6042
2.001000	40527
2.003004	180555
2.005004	42709
