version	total
1.000005	29237
1.002002	8688
1.004002	7834
1.004003	5198
1.004004	147651
1.012004	2761
1.012005	2354
1.014000	2327
1.016002	2076
1.016006	2557
