version	total
2.000024	8166
2.000028	2461
2.000029	7185
