version	total
1.20141117	5147
1.20190531	2605
