version	total
0.008	17466
0.006007	6029
0.008002	10387
0.008004	10395
0.008005	2220
0.008006	2191
0.008007	1780
0.008008	1407
0.008009	1047
