version	total
2.000024	8246
2.000028	2508
2.000029	7574
