version	total
1.003008	5998
1.004000	6248
1.004003	2364
