version	total
0.004010	5671
0.004011	5588
