version	total
2.005001	19591
2.006003	167566
2.006006	44687
