version	total
0.042	81362
1.000000	22959
1.002001	525143
1.002002	345601
