version	total
1.94	176470
1.99	2917
2.000000	2588
2.001000	2103
2.002000	3406
2.002001	2141
2.003000	1693
