version	total
1.000005	27335
1.002002	8591
1.004002	7632
1.004003	4995
1.004004	141262
1.012004	2572
1.012005	2165
1.014000	2136
1.016002	2019
1.016006	2428
