version	total
1.000005	26905
1.002002	8578
1.004002	7618
1.004003	4982
1.004004	139745
1.012004	2563
1.012005	2154
1.014000	2125
1.016002	2008
1.016006	2391
