version	total
0.008	20634
0.006007	6079
0.008002	12049
0.008004	12018
0.008005	2337
0.008006	2309
0.008007	1897
0.008008	1530
0.008009	1168
