version	total
4.161950	8502
4.201720	18362
