version	total
0.001011	38475
0.001013	237219
