version	total
1.003008	5907
1.004000	6156
1.004003	2300
