version	total
0.094002	2092
0.094003	1497
