version	total
1.302052	9546
1.302075	16892
1.302140	5621
1.302141	4921
1.302156	5866
1.302164	9629
1.302188	2551
1.302189	2315
1.302190	7333
