version	total
4.161950	7713
4.201720	11443
