version	total
0.004010	5726
0.004011	5653
