version	total
1.006900	32960
1.007002	148438
1.007003	115598
