version	total
0.002005	4944
0.002006	5014
0.002009	7755
