version	total
1.006900	32235
1.007002	146502
1.007003	107195
