version	total
1.967013	34329
1.967015	153123
