version	total
1.967013	32062
1.967015	144278
