version	total
1.967013	33262
1.967015	149536
