version	total
0.001011	38946
0.001013	239376
