version	total
0.094002	2124
0.094003	1540
