version	total
1.94	168511
1.99	2751
2.000000	2459
2.001000	2007
2.002000	3237
2.002001	2012
2.003000	1240
