version	total
0.002005	4974
0.002006	5139
0.002009	15066
