version	total
1.000005	29191
1.002002	8686
1.004002	7825
1.004003	5189
1.004004	147365
1.012004	2753
1.012005	2346
1.014000	2319
1.016002	2075
1.016006	2555
