version	total
1.006900	31210
1.007002	143344
1.007003	94950
