version	total
1.003008	6119
1.004000	6364
1.004003	2461
