version	total
0.100003	5606
0.100005	2317
0.100006	1736
