version	total
4.161950	8244
4.201720	15740
