version	total
4.161950	8157
4.201720	15068
