version	total
1.100602	7386
1.100603	1697
