version	total
1.000005	26517
1.002002	8563
1.004002	7602
1.004003	4963
1.004004	138276
1.012004	2552
1.012005	2143
1.014000	2115
1.016002	1999
1.016006	2357
