version	total
1.94	175416
1.99	2890
2.000000	2565
2.001000	2083
2.002000	3385
2.002001	2129
2.003000	1627
