version	total
2.000001	37345
2.000006	25523
2.000008	159623
2.002004	43536
