version	total
0.002005	4922
0.002006	4917
0.002009	3558
