version	total
0.094002	2166
0.094003	1595
