version	total
1.999813	4818
1.999816	5050
1.999829	2180
1.999830	2083
1.999831	2004
1.999832	1995
1.999833	1996
1.999835	1994
1.999836	1932
1.999837	1932
1.999838	1424
1.999839	1210
1.999841	1071
1.999842	1065
2.000000	1075
2.001000	1040
2.001001	1023
2.002000	999
2.002001	985
2.003001	673
2.003002	654
2.003003	398
2.003004	109
2.004001	119
2.005001	85
2.005002	87
2.005003	68
