version	total
0.002005	4921
0.002006	4913
0.002009	3486
