version	total
0.008	8182
0.006007	5903
0.008002	5508
0.008004	5397
0.008005	2116
0.008006	2092
0.008007	1679
0.008008	1303
0.008009	920
