version	total
0.042	73699
1.000000	22798
1.002001	504093
1.002002	309464
