version	total
0.094002	2176
0.094003	1604
