version	total
2.000001	35206
2.000006	25271
2.000008	153765
2.002004	33363
