version	total
2.005001	19204
2.006003	157278
2.006006	30639
