version	total
0.103004	10654
0.103005	2788
0.103006	2342
