version	total
2.000002	5987
2.001000	38922
2.003004	176253
2.005004	34696
