version	total
1.967013	33555
1.967015	150642
