version	total
5.20180120	6739
5.20180626	5470
5.20180820	8959
5.20181130	4936
5.20181218	11357
5.20190420	5403
5.20190524	86444
5.20220120	2616
5.20220220	2681
5.20220313	2528
5.20220320	3294
5.20220420	3536
5.20220527	3275
5.20220620	26161
5.20230220	163
5.20250528	657
5.20250702	433
5.20250720	355
5.20250803	601
5.20250820	2330
5.20250923	2889
5.20251022	2212
5.20251120	2053
