version	total
1.94	175822
1.99	2899
2.000000	2574
2.001000	2090
2.002000	3393
2.002001	2132
2.003000	1662
