version	total
1.100602	7407
1.100603	1714
