version	total
0.17024	31538
0.17027	143284
0.17029	3514
0.17030	385
