version	total
0.100003	5560
0.100005	2280
0.100006	1699
