version	total
1.000019	7083
1.000033	15488
1.000036	92217
1.000037	18316
1.000038	28139
