version	total
2.005001	19600
2.006003	167783
2.006006	45109
