version	total
0.004010	5446
0.004011	5258
