version	total
2.120921	10306
2.150010	97259
