version	total
0.100003	5579
0.100005	2295
0.100006	1714
