version	total
1.006900	30907
1.007002	142100
1.007003	90952
