version	total
0.042	74676
1.000000	22812
1.002001	507204
1.002002	314575
