version	total
1.000019	7106
1.000033	15496
1.000036	92469
1.000037	18323
1.000038	29431
