version	total
0.17024	32634
0.17027	146636
0.17029	3597
0.17030	579
