version	total
2.005001	19526
2.006003	165987
2.006006	42282
