version	total
2.000002	6037
2.001000	40419
2.003004	180291
2.005004	42536
