version	total
2.000002	5907
2.001000	37221
2.003004	170707
2.005004	29548
