version	total
2.005001	19551
2.006003	166633
2.006006	43972
