version	total
1.100602	7724
1.100603	1971
