version	total
5.20180120	6672
5.20180626	5424
5.20180820	8910
5.20181130	4891
5.20181218	11308
5.20190420	5358
5.20190524	85986
5.20220120	2575
5.20220220	2640
5.20220313	2487
5.20220320	3253
5.20220420	3495
5.20220527	3235
5.20220620	26098
5.20230220	121
5.20250528	608
5.20250702	390
5.20250720	315
5.20250803	549
5.20250820	2287
5.20250923	2487
5.20251022	849
