version	total
1.967013	32900
1.967015	148080
