version	total
1.003008	5890
1.004000	6141
1.004003	2295
