version	total
0.042	80832
1.000000	22945
1.002001	523830
1.002002	343479
