version	total
2.120921	10316
2.150010	97527
