version	total
0.204001	2191
0.204003	2174
0.206003	3275
0.207001	2355
0.207002	2324
0.207003	895
