version	total
1.94	164953
1.99	2702
2.000000	2434
2.001000	2002
2.002000	3153
2.002001	1946
2.003000	1029
