version	total
0.100052	8505
0.100054	2347
0.100055	1825
