version	total
0.17024	31498
0.17027	143160
0.17029	3513
0.17030	376
