version	total
1.100602	7624
1.100603	1888
