version	total
1.006900	31287
1.007002	143607
1.007003	95710
