version	total
0.100052	8161
0.100054	2259
0.100055	1646
