version	total
0.008	6458
0.006007	5871
0.008002	4583
0.008004	4451
0.008005	2104
0.008006	2082
0.008007	1668
0.008008	1292
0.008009	906
