version	total
0.008	5052
0.006007	5826
0.008002	3837
0.008004	3691
0.008005	2070
0.008006	2048
0.008007	1634
0.008008	1258
0.008009	871
