version	total
0.17024	30304
0.17027	138621
0.17029	3481
0.17030	200
