version	total
0.001011	36027
0.001013	219221
