version	total
2.000001	34553
2.000006	25201
2.000008	151680
2.002004	31430
