version	total
0.17024	32516
0.17027	146388
0.17029	3589
0.17030	563
