version	total
0.103004	10488
0.103005	2705
0.103006	2211
