version	total
1.000005	27869
1.002002	8618
1.004002	7688
1.004003	5051
1.004004	143138
1.012004	2624
1.012005	2217
1.014000	2188
1.016002	2028
1.016006	2449
