version	total
1.999813	4779
1.999816	4989
1.999829	2153
1.999830	2056
1.999831	1977
1.999832	1968
1.999833	1971
1.999835	1967
1.999836	1905
1.999837	1905
1.999838	1397
1.999839	1182
1.999841	1043
1.999842	1037
2.000000	1043
2.001000	1008
2.001001	990
2.002000	968
2.002001	956
2.003001	648
2.003002	629
2.003003	374
2.003004	82
2.004001	87
2.005001	50
2.005002	52
