version	total
1.302052	9633
1.302075	17254
1.302140	5677
1.302141	4976
1.302156	5921
1.302164	9805
1.302188	2603
1.302189	2366
1.302190	7683
