version	total
0.000061	12820
0.000115	6779
0.000116	5556
0.000117	20372
0.000144	3097
0.000145	184156
0.000163	60310
