version	total
1.003008	5982
1.004000	6232
1.004003	2350
