version	total
0.042	82029
1.000000	22988
1.002001	526655
1.002002	348404
