version	total
2.000002	5907
2.001000	37173
2.003004	170578
2.005004	29459
