version	total
1.999813	4860
1.999816	5118
1.999829	2208
1.999830	2110
1.999831	2032
1.999832	2023
1.999833	2023
1.999835	2022
1.999836	1959
1.999837	1960
1.999838	1452
1.999839	1237
1.999841	1098
1.999842	1092
2.000000	1165
2.001000	1128
2.001001	1112
2.002000	1077
2.002001	1063
2.003001	700
2.003002	681
2.003003	424
2.003004	136
2.004001	147
2.005001	177
2.005002	179
2.005003	172
