version	total
2.000002	6014
2.001000	39733
2.003004	178490
2.005004	38453
