version	total
2.000001	33874
2.000006	25088
2.000008	149573
2.002004	29894
