version	total
0.000061	11473
0.000115	6578
0.000116	5359
0.000117	19950
0.000144	2909
0.000145	177017
0.000163	35007
