version	total
2.000024	8309
2.000028	2551
2.000029	7860
