version	total
0.042	74270
1.000000	22806
1.002001	506009
1.002002	312324
