version	total
1.100602	7346
1.100603	1675
