version	total
1.94	174067
1.99	2855
2.000000	2536
2.001000	2059
2.002000	3357
2.002001	2107
2.003000	1565
