version	total
2.005001	19576
2.006003	167300
2.006006	44392
