version	total
1.999813	4880
1.999816	5157
1.999829	2223
1.999830	2128
1.999831	2048
1.999832	2040
1.999833	2041
1.999835	2039
1.999836	1977
1.999837	1976
1.999838	1468
1.999839	1253
1.999841	1115
1.999842	1108
2.000000	1267
2.001000	1229
2.001001	1211
2.002000	1126
2.002001	1113
2.003001	714
2.003002	698
2.003003	439
2.003004	154
2.004001	162
2.005001	279
2.005002	281
2.005003	281
