version	total
0.001011	34889
0.001013	211814
