version	total
1.967013	32870
1.967015	147983
