version	total
2.005001	19548
2.006003	166532
2.006006	43882
