version	total
1.302052	9362
1.302075	15879
1.302140	5558
1.302141	4858
1.302156	5800
1.302164	9270
1.302188	2501
1.302189	2265
1.302190	6430
