version	total
2.000024	8156
2.000028	2460
2.000029	7176
