version	total
1.302052	9757
1.302075	17819
1.302140	5759
1.302141	5061
1.302156	6006
1.302164	10039
1.302188	2680
1.302189	2443
1.302190	8211
