version	total
1.000005	28986
1.002002	8671
1.004002	7801
1.004003	5163
1.004004	146617
1.012004	2729
1.012005	2322
1.014000	2295
1.016002	2061
1.016006	2529
