version	total
2.000002	5982
2.001000	38769
2.003004	175735
2.005004	34337
