version	total
2.000001	36359
2.000006	25394
2.000008	157254
2.002004	36795
