version	total
1.302052	9645
1.302075	17333
1.302140	5685
1.302141	4984
1.302156	5929
1.302164	9833
1.302188	2609
1.302189	2372
1.302190	7754
