version	total
0.17024	30557
0.17027	139514
0.17029	3488
0.17030	232
