version	total
2.005001	19457
2.006003	164715
2.006006	38988
