version	total
1.000005	25951
1.002002	8537
1.004002	7577
1.004003	4933
1.004004	135799
1.012004	2533
1.012005	2122
1.014000	2094
1.016002	1979
1.016006	2312
