version	total
1.000019	7284
1.000033	15609
1.000036	94006
1.000037	18410
1.000038	47912
