version	total
5.20180120	6849
5.20180626	5556
5.20180820	9048
5.20181130	5034
5.20181218	11450
5.20190420	5492
5.20190524	87050
5.20220120	2691
5.20220220	2760
5.20220313	2605
5.20220320	3371
5.20220420	3613
5.20220527	3351
5.20220620	26275
5.20230220	244
5.20250528	735
5.20250702	511
5.20250720	432
5.20250803	690
5.20250820	2369
5.20250923	3176
5.20251022	2574
5.20251120	3155
5.20251220	2296
5.20260119	2933
