version	total
1.003008	5841
1.004000	6085
1.004003	2276
