version	total
1.000019	7203
1.000033	15563
1.000036	93327
1.000037	18369
1.000038	38266
