version	total
2.005001	19513
2.006003	165713
2.006006	41356
