version	total
0.004010	5515
0.004011	5396
