version	total
0.17024	31135
0.17027	141913
0.17029	3506
0.17030	335
