version	total
0.001011	36270
0.001013	220797
