version	total
1.006900	30970
1.007002	142334
1.007003	91696
