version	total
0.17024	30080
0.17027	137720
0.17029	3449
0.17030	154
