version	total
1.006900	33887
1.007002	150679
1.007003	126165
