version	total
1.000005	28868
1.002002	8667
1.004002	7784
1.004003	5147
1.004004	146223
1.012004	2713
1.012005	2306
1.014000	2279
1.016002	2058
1.016006	2519
