version	total
0.103004	10449
0.103005	2682
0.103006	2184
