version	total
2.000002	5975
2.001000	38604
2.003004	175265
2.005004	33904
