version	total
2.005001	19310
2.006003	160717
2.006006	33783
