version	total
1.000019	7329
1.000033	15636
1.000036	94351
1.000037	18432
1.000038	52806
