version	total
2.120921	10220
2.150010	95141
