version	total
0.103004	10290
0.103005	2615
0.103006	2073
