version	total
1.999813	4804
1.999816	5029
1.999829	2171
1.999830	2074
1.999831	1995
1.999832	1986
1.999833	1988
1.999835	1985
1.999836	1923
1.999837	1923
1.999838	1415
1.999839	1200
1.999841	1061
1.999842	1055
2.000000	1065
2.001000	1030
2.001001	1012
2.002000	990
2.002001	978
2.003001	663
2.003002	645
2.003003	389
2.003004	99
2.004001	109
2.005001	75
2.005002	76
2.005003	44
