version	total
0.17024	31294
0.17027	142431
0.17029	3510
0.17030	352
