version	total
4.161950	7980
4.201720	13630
