version	total
0.100003	5455
0.100005	2232
0.100006	1647
