version	total
1.000005	28879
1.002002	8667
1.004002	7785
1.004003	5148
1.004004	146267
1.012004	2714
1.012005	2307
1.014000	2280
1.016002	2058
1.016006	2522
