version	total
1.20141117	5310
1.20190531	2730
