version	total
0.008	17881
0.006007	6031
0.008002	10602
0.008004	10605
0.008005	2227
0.008006	2198
0.008007	1787
0.008008	1414
0.008009	1054
