version	total
0.004010	5563
0.004011	5461
