version	total
1.006900	31123
1.007002	142938
1.007003	93678
