version	total
4.161950	8452
4.201720	18023
