version	total
0.001011	39436
0.001013	241929
