version	total
1.006900	31538
1.007002	144441
1.007003	98364
