version	total
1.100602	7460
1.100603	1761
