version	total
2.000001	34580
2.000006	25203
2.000008	151810
2.002004	31552
