version	total
2.005001	19285
2.006003	159649
2.006006	32752
