version	total
2.120921	10388
2.150010	99819
