version	total
1.100602	7681
1.100603	1934
