version	total
2.005001	19534
2.006003	166128
2.006006	42817
