version	total
2.000001	35451
2.000006	25286
2.000008	154523
2.002004	34179
