version	total
0.008	6752
0.006007	5878
0.008002	4740
0.008004	4616
0.008005	2106
0.008006	2084
0.008007	1670
0.008008	1294
0.008009	908
