version	total
0.004010	5643
0.004011	5556
