version	total
2.000024	8261
2.000028	2518
2.000029	7672
