version	total
0.204001	2204
0.204003	2186
0.206003	3365
0.207001	2418
0.207002	2388
0.207003	958
