version	total
0.008	16052
0.006007	6014
0.008002	9631
0.008004	9627
0.008005	2196
0.008006	2167
0.008007	1756
0.008008	1383
0.008009	1021
