version	total
2.120921	10347
2.150010	98304
