version	total
1.000005	28855
1.002002	8667
1.004002	7783
1.004003	5146
1.004004	146187
1.012004	2712
1.012005	2305
1.014000	2278
1.016002	2058
1.016006	2517
