version	total
0.008	15153
0.006007	6006
0.008002	9176
0.008004	9162
0.008005	2179
0.008006	2150
0.008007	1739
0.008008	1366
0.008009	1004
