version	total
0.042	81303
1.000000	22956
1.002001	525053
1.002002	345405
