version	total
0.17024	31309
0.17027	142529
0.17029	3510
0.17030	355
