version	total
1.302052	9747
1.302075	17803
1.302140	5754
1.302141	5056
1.302156	6001
1.302164	10031
1.302188	2676
1.302189	2439
1.302190	8194
