version	total
1.000005	28768
1.002002	8662
1.004002	7765
1.004003	5128
1.004004	145896
1.012004	2695
1.012005	2288
1.014000	2261
1.016002	2054
1.016006	2509
