version	total
1.94	177012
1.99	2930
2.000000	2600
2.001000	2114
2.002000	3415
2.002001	2144
2.003000	1713
