version	total
1.006900	31971
1.007002	145735
1.007003	104646
