version	total
1.999813	4758
1.999816	4966
1.999829	2131
1.999830	2036
1.999831	1958
1.999832	1948
1.999833	1951
1.999835	1947
1.999836	1884
1.999837	1885
1.999838	1377
1.999839	1162
1.999841	1023
1.999842	1017
2.000000	1018
2.001000	983
2.001001	965
2.002000	943
2.002001	931
2.003001	635
2.003002	617
2.003003	362
2.003004	69
2.004001	65
2.005001	22
2.005002	23
