version	total
1.000005	27891
1.002002	8618
1.004002	7690
1.004003	5053
1.004004	143211
1.012004	2626
1.012005	2219
1.014000	2190
1.016002	2028
1.016006	2450
