version	total
0.000061	10775
0.000115	6527
0.000116	5309
0.000117	19738
0.000144	2873
0.000145	173569
0.000163	18448
