version	total
1.006900	31306
1.007002	143640
1.007003	95820
