version	total
1.967013	33053
1.967015	148796
