version	total
0.100003	5650
0.100005	2352
0.100006	1771
