version	total
0.100003	5601
0.100005	2311
0.100006	1730
