version	total
1.000019	7185
1.000033	15554
1.000036	93116
1.000037	18361
1.000038	36038
