version	total
1.20141117	5304
1.20190531	2724
