version	total
1.999813	4840
1.999816	5086
1.999829	2195
1.999830	2098
1.999831	2019
1.999832	2010
1.999833	2011
1.999835	2009
1.999836	1947
1.999837	1947
1.999838	1439
1.999839	1225
1.999841	1086
1.999842	1079
2.000000	1091
2.001000	1056
2.001001	1039
2.002000	1015
2.002001	1001
2.003001	688
2.003002	669
2.003003	413
2.003004	124
2.004001	134
2.005001	103
2.005002	104
2.005003	93
