version	total
2.005001	19233
2.006003	157926
2.006006	31093
