version	total
5.20180120	6707
5.20180626	5447
5.20180820	8933
5.20181130	4913
5.20181218	11331
5.20190420	5381
5.20190524	86231
5.20220120	2594
5.20220220	2659
5.20220313	2506
5.20220320	3272
5.20220420	3514
5.20220527	3253
5.20220620	26130
5.20230220	140
5.20250528	632
5.20250702	410
5.20250720	333
5.20250803	575
5.20250820	2323
5.20250923	2753
5.20251022	2041
5.20251120	29
