version	total
1.302052	9629
1.302075	17243
1.302140	5675
1.302141	4974
1.302156	5919
1.302164	9802
1.302188	2601
1.302189	2364
1.302190	7678
