version	total
1.967013	32947
1.967015	148267
