version	total
2.005001	19228
2.006003	157874
2.006006	31066
