version	total
5.20180120	6848
5.20180626	5555
5.20180820	9047
5.20181130	5033
5.20181218	11449
5.20190420	5491
5.20190524	87041
5.20220120	2690
5.20220220	2759
5.20220313	2604
5.20220320	3370
5.20220420	3612
5.20220527	3350
5.20220620	26274
5.20230220	243
5.20250528	734
5.20250702	510
5.20250720	431
5.20250803	688
5.20250820	2369
5.20250923	3176
5.20251022	2565
5.20251120	3155
5.20251220	2296
5.20260119	2815
