version	total
2.000001	36123
2.000006	25360
2.000008	156558
2.002004	35918
