version	total
1.967013	31742
1.967015	142862
