version	total
1.000005	29363
1.002002	8691
1.004002	7848
1.004003	5212
1.004004	148105
1.012004	2776
1.012005	2369
1.014000	2342
1.016002	2080
1.016006	2564
