version	total
2.000002	6078
2.001000	41331
2.003004	182815
2.005004	45166
