version	total
0.094002	2172
0.094003	1601
