version	total
0.204001	2189
0.204003	2171
0.206003	3255
0.207001	2342
0.207002	2311
0.207003	882
