version	total
0.204001	2200
0.204003	2183
0.206003	3341
0.207001	2400
0.207002	2370
0.207003	940
