version	total
1.006900	34385
1.007002	152053
1.007003	134249
