version	total
2.000001	34835
2.000006	25238
2.000008	152688
2.002004	32487
