version	total
1.999813	4836
1.999816	5079
1.999829	2191
1.999830	2094
1.999831	2015
1.999832	2006
1.999833	2007
1.999835	2005
1.999836	1943
1.999837	1943
1.999838	1435
1.999839	1221
1.999841	1082
1.999842	1075
2.000000	1084
2.001000	1050
2.001001	1034
2.002000	1010
2.002001	996
2.003001	684
2.003002	665
2.003003	409
2.003004	120
2.004001	130
2.005001	96
2.005002	97
2.005003	82
