version	total
0.042	82445
1.000000	23003
1.002001	527618
1.002002	350091
