version	total
0.100052	8455
0.100054	2338
0.100055	1806
