version	total
1.006900	33842
1.007002	150556
1.007003	125628
