version	total
1.000019	7176
1.000033	15546
1.000036	93017
1.000037	18356
1.000038	34839
