version	total
1.000019	7157
1.000033	15521
1.000036	92860
1.000037	18347
1.000038	32464
