version	total
2.120921	10474
2.150010	101765
