version	total
2.000002	5926
2.001000	37568
2.003004	171966
2.005004	30446
