version	total
1.003008	6054
1.004000	6301
1.004003	2407
