version	total
0.042	78380
1.000000	22879
1.002001	517981
1.002002	332539
