version	total
0.042	76344
1.000000	22828
1.002001	511833
1.002002	321608
