version	total
2.005001	19201
2.006003	157215
2.006006	30591
