version	total
1.20141117	5253
1.20190531	2688
