version	total
0.100052	8179
0.100054	2274
0.100055	1661
