version	total
0.17024	33663
0.17027	149812
0.17029	3700
0.17030	812
