version	total
0.000061	12848
0.000115	6784
0.000116	5560
0.000117	20385
0.000144	3100
0.000145	184209
0.000163	60708
