version	total
2.005001	19366
2.006003	162699
2.006006	35493
