version	total
0.008	11006
0.006007	5948
0.008002	6994
0.008004	6916
0.008005	2131
0.008006	2105
0.008007	1692
0.008008	1318
0.008009	951
