version	total
1.006900	33409
1.007002	149498
1.007003	119818
