version	total
0.000061	11703
0.000115	6596
0.000116	5377
0.000117	20015
0.000144	2926
0.000145	180471
0.000163	40321
