version	total
0.001011	35055
0.001013	212566
