version	total
4.161950	8101
4.201720	14670
