version	total
2.000001	34841
2.000006	25240
2.000008	152727
2.002004	32526
