version	total
1.006900	31555
1.007002	144484
1.007003	98468
