version	total
1.100602	7447
1.100603	1754
