version	total
0.042	77113
1.000000	22837
1.002001	514338
1.002002	326146
