version	total
1.999813	4869
1.999816	5133
1.999829	2215
1.999830	2119
1.999831	2040
1.999832	2031
1.999833	2032
1.999835	2030
1.999836	1968
1.999837	1967
1.999838	1460
1.999839	1245
1.999841	1106
1.999842	1100
2.000000	1216
2.001000	1178
2.001001	1161
2.002000	1108
2.002001	1095
2.003001	707
2.003002	689
2.003003	431
2.003004	145
2.004001	155
2.005001	228
2.005002	230
2.005003	227
