version	total
0.103004	10485
0.103005	2702
0.103006	2208
