version	total
1.967013	34104
1.967015	152447
