version	total
1.94	167813
1.99	2743
2.000000	2455
2.001000	2007
2.002000	3218
2.002001	2002
2.003000	1190
