version	total
4.161950	8362
4.201720	17258
