version	total
1.000019	7266
1.000033	15600
1.000036	93802
1.000037	18402
1.000038	45293
