version	total
1.000005	27690
1.002002	8613
1.004002	7672
1.004003	5035
1.004004	142632
1.012004	2608
1.012005	2201
1.014000	2172
1.016002	2025
1.016006	2443
