version	total
2.000001	37812
2.000006	25573
2.000008	160787
2.002004	44378
