version	total
1.100602	7373
1.100603	1694
