version	total
0.008	18432
0.006007	6037
0.008002	10879
0.008004	10882
0.008005	2239
0.008006	2210
0.008007	1799
0.008008	1426
0.008009	1066
