version	total
1.967013	31683
1.967015	142602
