version	total
2.000002	5921
2.001000	37394
2.003004	171301
2.005004	29933
