version	total
2.000002	5900
2.001000	37092
2.003004	170314
2.005004	29239
