version	total
0.042	76766
1.000000	22833
1.002001	513198
1.002002	324086
