version	total
0.100003	5483
0.100005	2249
0.100006	1664
