version	total
4.161950	8292
4.201720	16154
