version	total
5.20180120	6643
5.20180626	5403
5.20180820	8889
5.20181130	4870
5.20181218	11286
5.20190420	5337
5.20190524	85724
5.20220120	2556
5.20220220	2621
5.20220313	2468
5.20220320	3234
5.20220420	3476
5.20220527	3216
5.20220620	26067
5.20230220	102
5.20250528	584
5.20250702	371
5.20250720	295
5.20250803	522
5.20250820	2213
5.20250923	1868
