version	total
0.17024	31514
0.17027	143186
0.17029	3514
0.17030	378
