version	total
1.302052	9500
1.302075	16629
1.302140	5600
1.302141	4900
1.302156	5845
1.302164	9543
1.302188	2533
1.302189	2296
1.302190	7098
