version	total
0.100003	5726
0.100005	2412
0.100006	1832
