version	total
1.003008	5916
1.004000	6165
1.004003	2304
