version	total
1.003008	5868
1.004000	6111
1.004003	2286
