version	total
0.004010	5712
0.004011	5637
