version	total
1.999813	4876
1.999816	5148
1.999829	2221
1.999830	2125
1.999831	2045
1.999832	2037
1.999833	2038
1.999835	2036
1.999836	1974
1.999837	1973
1.999838	1465
1.999839	1250
1.999841	1112
1.999842	1105
2.000000	1244
2.001000	1207
2.001001	1189
2.002000	1114
2.002001	1102
2.003001	712
2.003002	695
2.003003	437
2.003004	151
2.004001	160
2.005001	256
2.005002	258
2.005003	257
