version	total
0.094002	2178
0.094003	1606
