version	total
0.100003	5479
0.100005	2248
0.100006	1663
