version	total
1.006900	33924
1.007002	150786
1.007003	126740
