version	total
0.001011	38522
0.001013	237420
