version	total
0.100052	8377
0.100054	2318
0.100055	1762
