version	total
2.000001	35656
2.000006	25305
2.000008	155149
2.002004	34723
