version	total
0.000061	12281
0.000115	6683
0.000116	5463
0.000117	20227
0.000144	3007
0.000145	182453
0.000163	49525
