version	total
2.000002	5846
2.001000	36688
2.003004	168982
2.005004	28474
