version	total
0.008	12029
0.006007	5963
0.008002	7511
0.008004	7439
0.008005	2135
0.008006	2108
0.008007	1696
0.008008	1322
0.008009	958
