version	total
5.20180120	6713
5.20180626	5451
5.20180820	8937
5.20181130	4917
5.20181218	11335
5.20190420	5385
5.20190524	86281
5.20220120	2598
5.20220220	2663
5.20220313	2510
5.20220320	3276
5.20220420	3518
5.20220527	3257
5.20220620	26136
5.20230220	145
5.20250528	637
5.20250702	415
5.20250720	338
5.20250803	580
5.20250820	2328
5.20250923	2766
5.20251022	2069
5.20251120	297
