version	total
0.042	84153
1.000000	23055
1.002001	531652
1.002002	357707
