version	total
0.042	83633
1.000000	23040
1.002001	530404
1.002002	355342
