version	total
1.000019	7170
1.000033	15530
1.000036	92979
1.000037	18354
1.000038	33926
