version	total
2.000024	8238
2.000028	2502
2.000029	7537
