version	total
1.967013	32101
1.967015	144452
