version	total
1.100602	7545
1.100603	1821
