version	total
0.103004	10203
0.103005	2594
0.103006	2003
