version	total
2.000024	8269
2.000028	2524
2.000029	7699
