version	total
1.302052	9355
1.302075	15845
1.302140	5555
1.302141	4855
1.302156	5797
1.302164	9262
1.302188	2499
1.302189	2263
1.302190	6405
