version	total
1.100602	7550
1.100603	1825
