version	total
0.103004	10698
0.103005	2811
0.103006	2375
