version	total
0.100052	8136
0.100054	2243
0.100055	1628
