version	total
0.094002	2133
0.094003	1565
