version	total
0.008	14922
0.006007	6003
0.008002	9064
0.008004	9043
0.008005	2174
0.008006	2145
0.008007	1734
0.008008	1361
0.008009	999
