version	total
1.006900	31217
1.007002	143368
1.007003	95046
