version	total
0.094002	2148
0.094003	1579
