version	total
0.004010	5552
0.004011	5447
