version	total
0.004010	5624
0.004011	5535
