version	total
1.100602	7536
1.100603	1813
