version	total
0.103004	10382
0.103005	2644
0.103006	2132
