version	total
1.006900	30547
1.007002	140813
1.007003	87942
