version	total
2.000024	8122
2.000028	2438
2.000029	7025
