version	total
0.100003	5713
0.100005	2400
0.100006	1820
