version	total
0.204001	2194
0.204003	2177
0.206003	3295
0.207001	2367
0.207002	2337
0.207003	907
