version	total
1.000005	26133
1.002002	8548
1.004002	7587
1.004003	4944
1.004004	136565
1.012004	2541
1.012005	2130
1.014000	2102
1.016002	1987
1.016006	2325
