version	total
2.005001	19580
2.006003	167388
2.006006	44471
