version	total
0.000061	11856
0.000115	6624
0.000116	5405
0.000117	20069
0.000144	2951
0.000145	180914
0.000163	43187
