version	total
0.100003	5580
0.100005	2296
0.100006	1715
