version	total
0.103004	10549
0.103005	2737
0.103006	2263
