version	total
1.000019	7254
1.000033	15594
1.000036	93704
1.000037	18396
1.000038	43773
