version	total
2.005001	19123
2.006003	155888
2.006006	29771
