version	total
5.20180120	6459
5.20180626	5303
5.20180820	8785
5.20181130	4769
5.20181218	11149
5.20190420	5238
5.20190524	84024
5.20220120	2470
5.20220220	2538
5.20220313	2384
5.20220320	3147
5.20220420	3394
5.20220527	3130
5.20220620	25177
