version	total
1.302052	9540
1.302075	16884
1.302140	5619
1.302141	4919
1.302156	5864
1.302164	9625
1.302188	2549
1.302189	2313
1.302190	7326
