version	total
0.17024	33793
0.17027	150354
0.17029	3715
0.17030	838
