version	total
1.100602	7551
1.100603	1825
