version	total
0.204001	2174
0.204003	2154
0.206003	3200
0.207001	2319
0.207002	2288
0.207003	859
