version	total
1.100602	7617
1.100603	1882
