version	total
0.008	11298
0.006007	5951
0.008002	7141
0.008004	7069
0.008005	2132
0.008006	2106
0.008007	1693
0.008008	1319
0.008009	953
