version	total
0.042	74819
1.000000	22813
1.002001	507659
1.002002	315237
