version	total
1.003008	5927
1.004000	6176
1.004003	2309
