version	total
0.042	74399
1.000000	22806
1.002001	506423
1.002002	313181
