version	total
0.008	16677
0.006007	6020
0.008002	9957
0.008004	9961
0.008005	2205
0.008006	2176
0.008007	1765
0.008008	1392
0.008009	1031
