version	total
1.000019	6941
1.000033	15403
1.000036	90836
1.000037	18246
1.000038	21850
