version	total
1.94	168631
1.99	2753
2.000000	2460
2.001000	2007
2.002000	3244
2.002001	2015
2.003000	1258
