version	total
0.001011	38168
0.001013	234004
