version	total
1.967013	32078
1.967015	144337
