version	total
2.000001	35716
2.000006	25314
2.000008	155391
2.002004	34928
