version	total
0.004010	5606
0.004011	5515
