version	total
1.000019	7197
1.000033	15559
1.000036	93264
1.000037	18367
1.000038	37734
