version	total
4.161950	8258
4.201720	15816
