version	total
1.967013	34623
1.967015	154149
