version	total
0.002005	4926
0.002006	4934
0.002009	4453
