version	total
2.000001	35978
2.000006	25337
2.000008	156114
2.002004	35585
