version	total
1.302052	9636
1.302075	17299
1.302140	5680
1.302141	4979
1.302156	5924
1.302164	9816
1.302188	2606
1.302189	2369
1.302190	7731
