version	total
4.161950	7702
4.201720	11369
