version	total
0.001011	39514
0.001013	242363
