version	total
1.302052	9529
1.302075	16831
1.302140	5611
1.302141	4911
1.302156	5856
1.302164	9606
1.302188	2541
1.302189	2305
1.302190	7282
