version	total
2.120921	10391
2.150010	99915
