version	total
0.042	77043
1.000000	22836
1.002001	514040
1.002002	325726
