version	total
0.004010	5683
0.004011	5604
