version	total
5.20180120	6521
5.20180626	5331
5.20180820	8815
5.20181130	4798
5.20181218	11189
5.20190420	5265
5.20190524	84784
5.20220120	2490
5.20220220	2557
5.20220313	2403
5.20220320	3166
5.20220420	3411
5.20220527	3151
5.20220620	25942
5.20230220	31
5.20250528	505
5.20250702	136
