version	total
1.003008	6117
1.004000	6362
1.004003	2458
