version	total
5.20180120	6401
5.20180626	5258
5.20180820	8740
5.20181130	4724
5.20181218	11096
5.20190420	5194
5.20190524	83603
5.20220120	2429
5.20220220	2496
5.20220313	2344
5.20220320	3107
5.20220420	3354
5.20220527	3090
5.20220620	24482
