version	total
1.003008	5813
1.004000	6046
1.004003	2253
