version	total
2.000001	36149
2.000006	25363
2.000008	156662
2.002004	35970
