version	total
1.20141117	5150
1.20190531	2607
