version	total
4.161950	7737
4.201720	11528
