version	total
0.001011	35333
0.001013	214400
