version	total
0.002005	4991
0.002006	5194
0.002009	18076
