version	total
2.005001	19518
2.006003	165853
2.006006	41567
