version	total
0.103004	10491
0.103005	2707
0.103006	2218
