version	total
5.20180120	6583
5.20180626	5362
5.20180820	8848
5.20181130	4829
5.20181218	11228
5.20190420	5296
5.20190524	85354
5.20220120	2517
5.20220220	2583
5.20220313	2430
5.20220320	3195
5.20220420	3438
5.20220527	3178
5.20220620	26011
5.20230220	58
5.20250528	536
5.20250702	326
5.20250720	250
5.20250803	463
5.20250820	1118
