version	total
0.002005	4904
0.002006	4851
0.002009	2281
