version	total
0.008	17775
0.006007	6031
0.008002	10540
0.008004	10552
0.008005	2225
0.008006	2196
0.008007	1785
0.008008	1412
0.008009	1052
