version	total
1.999813	4848
1.999816	5100
1.999829	2201
1.999830	2104
1.999831	2025
1.999832	2016
1.999833	2017
1.999835	2015
1.999836	1953
1.999837	1953
1.999838	1445
1.999839	1231
1.999841	1091
1.999842	1085
2.000000	1125
2.001000	1090
2.001001	1073
2.002000	1043
2.002001	1029
2.003001	694
2.003002	675
2.003003	419
2.003004	130
2.004001	140
2.005001	137
2.005002	139
2.005003	130
