version	total
1.006900	30518
1.007002	140741
1.007003	87711
