version	total
2.000024	7937
2.000028	2384
2.000029	5975
