version	total
1.967013	33322
1.967015	149833
