version	total
2.000002	5980
2.001000	38714
2.003004	175596
2.005004	34201
