version	total
0.004010	5558
0.004011	5454
