version	total
2.000001	36740
2.000006	25443
2.000008	158209
2.002004	39164
