version	total
1.006900	31646
1.007002	144716
1.007003	99127
