version	total
1.000019	7070
1.000033	15478
1.000036	92064
1.000037	18310
1.000038	27194
