version	total
2.000024	8259
2.000028	2516
2.000029	7646
