version	total
2.000002	6037
2.001000	40408
2.003004	180271
2.005004	42516
