version	total
2.000024	8153
2.000028	2457
2.000029	7145
