version	total
4.161950	8019
4.201720	14044
