version	total
2.005001	19336
2.006003	161724
2.006006	34655
