version	total
2.000001	34918
2.000006	25245
2.000008	152920
2.002004	32651
