version	total
4.161950	7772
4.201720	11741
