version	total
0.004010	5669
0.004011	5586
