version	total
5.20180120	6410
5.20180626	5267
5.20180820	8749
5.20181130	4733
5.20181218	11105
5.20190420	5203
5.20190524	83656
5.20220120	2437
5.20220220	2505
5.20220313	2353
5.20220320	3116
5.20220420	3363
5.20220527	3099
5.20220620	24556
