version	total
0.100052	8152
0.100054	2254
0.100055	1639
