version	total
1.967013	31846
1.967015	143337
