version	total
0.100052	8279
0.100054	2298
0.100055	1714
