version	total
2.000001	35187
2.000006	25266
2.000008	153739
2.002004	33243
