version	total
2.000002	5950
2.001000	38070
2.003004	173602
2.005004	32178
