version	total
2.000002	6022
2.001000	39946
2.003004	179048
2.005004	39933
