version	total
2.000001	37467
2.000006	25535
2.000008	159898
2.002004	43818
