version	total
1.000019	7349
1.000033	15660
1.000036	94565
1.000037	18439
1.000038	55715
