version	total
0.042	80214
1.000000	22929
1.002001	522449
1.002002	341206
