version	total
0.100003	5467
0.100005	2243
0.100006	1658
