version	total
1.000005	28961
1.002002	8670
1.004002	7796
1.004003	5158
1.004004	146515
1.012004	2724
1.012005	2317
1.014000	2290
1.016002	2060
1.016006	2528
