version	total
0.100003	5795
0.100005	2467
0.100006	1886
