version	total
2.000002	5971
2.001000	38502
2.003004	174888
2.005004	33604
