version	total
0.004010	5582
0.004011	5486
