version	total
1.967013	33156
1.967015	149187
