version	total
0.002005	4971
0.002006	5128
0.002009	14519
