version	total
0.000061	11593
0.000115	6586
0.000116	5366
0.000117	19987
0.000144	2915
0.000145	180176
0.000163	38056
