version	total
5.20180120	6742
5.20180626	5472
5.20180820	8961
5.20181130	4939
5.20181218	11360
5.20190420	5405
5.20190524	86457
5.20220120	2618
5.20220220	2683
5.20220313	2530
5.20220320	3296
5.20220420	3538
5.20220527	3277
5.20220620	26168
5.20230220	165
5.20250528	658
5.20250702	434
5.20250720	356
5.20250803	603
5.20250820	2331
5.20250923	2918
5.20251022	2241
5.20251120	2230
