version	total
1.302052	9488
1.302075	16567
1.302140	5596
1.302141	4895
1.302156	5841
1.302164	9523
1.302188	2531
1.302189	2294
1.302190	7037
