version	total
1.999813	4874
1.999816	5143
1.999829	2219
1.999830	2123
1.999831	2044
1.999832	2035
1.999833	2036
1.999835	2034
1.999836	1972
1.999837	1971
1.999838	1464
1.999839	1249
1.999841	1110
1.999842	1104
2.000000	1234
2.001000	1197
2.001001	1179
2.002000	1113
2.002001	1100
2.003001	710
2.003002	693
2.003003	435
2.003004	149
2.004001	159
2.005001	246
2.005002	248
2.005003	247
