version	total
0.004010	5521
0.004011	5409
