version	total
5.20180120	6766
5.20180626	5491
5.20180820	8980
5.20181130	4956
5.20181218	11377
5.20190420	5424
5.20190524	86598
5.20220120	2635
5.20220220	2699
5.20220313	2547
5.20220320	3313
5.20220420	3556
5.20220527	3294
5.20220620	26189
5.20230220	182
5.20250528	676
5.20250702	452
5.20250720	374
5.20250803	622
5.20250820	2343
5.20250923	2959
5.20251022	2292
5.20251120	3138
5.20251220	296
