version	total
0.103004	10479
0.103005	2700
0.103006	2205
