version	total
0.100003	5473
0.100005	2247
0.100006	1661
