version	total
4.161950	8095
4.201720	14623
