version	total
1.100602	7365
1.100603	1692
