version	total
2.000002	6036
2.001000	40306
2.003004	179995
2.005004	42324
