version	total
0.042	83887
1.000000	23047
1.002001	530984
1.002002	356412
