version	total
2.005001	19566
2.006003	167067
2.006006	44251
