version	total
4.161950	7900
4.201720	12821
