version	total
0.008	19248
0.006007	6041
0.008002	11292
0.008004	11290
0.008005	2255
0.008006	2226
0.008007	1815
0.008008	1442
0.008009	1082
