version	total
1.302052	9317
1.302075	15743
1.302140	5525
1.302141	4825
1.302156	5767
1.302164	9209
1.302188	2469
1.302189	2233
1.302190	6313
