version	total
0.001011	37026
0.001013	225352
