version	total
0.000061	11026
0.000115	6552
0.000116	5331
0.000117	19821
0.000144	2889
0.000145	174650
0.000163	21278
