version	total
2.000001	37327
2.000006	25521
2.000008	159561
2.002004	43320
