version	total
0.17024	30209
0.17027	138199
0.17029	3472
0.17030	184
