version	total
0.042	74327
1.000000	22806
1.002001	506196
1.002002	312740
