version	total
1.100602	7511
1.100603	1793
