version	total
2.000001	37988
2.000006	25592
2.000008	161208
2.002004	45085
