version	total
1.006900	33637
1.007002	150127
1.007003	122908
