version	total
0.008	6401
0.006007	5870
0.008002	4553
0.008004	4419
0.008005	2104
0.008006	2082
0.008007	1668
0.008008	1292
0.008009	906
