version	total
2.000002	5979
2.001000	38647
2.003004	175434
2.005004	34019
