version	total
0.17024	30390
0.17027	138930
0.17029	3484
0.17030	215
