version	total
1.100602	7663
1.100603	1920
