version	total
1.000005	29267
1.002002	8688
1.004002	7837
1.004003	5201
1.004004	147769
1.012004	2764
1.012005	2357
1.014000	2330
1.016002	2076
1.016006	2557
