version	total
0.042	73037
1.000000	22787
1.002001	502063
1.002002	305902
