version	total
2.000024	8387
2.000028	2597
2.000029	8146
