version	total
1.000019	7068
1.000033	15477
1.000036	92060
1.000037	18310
1.000038	27159
