version	total
1.006900	33283
1.007002	149243
1.007003	118976
