version	total
2.000002	6073
2.001000	41185
2.003004	182312
2.005004	44706
