version	total
2.000002	6004
2.001000	39267
2.003004	177355
2.005004	35887
