version	total
1.006900	32360
1.007002	146877
1.007003	108473
