version	total
1.20141117	5209
1.20190531	2643
