version	total
1.003008	6104
1.004000	6349
1.004003	2446
