version	total
0.004010	5639
0.004011	5551
