version	total
0.000061	12924
0.000115	6795
0.000116	5571
0.000117	20407
0.000144	3111
0.000145	184446
0.000163	62803
