version	total
2.005001	19565
2.006003	167041
2.006006	44222
