version	total
1.302052	9563
1.302075	16936
1.302140	5630
1.302141	4930
1.302156	5875
1.302164	9652
1.302188	2558
1.302189	2322
1.302190	7384
