version	total
2.000002	6025
2.001000	39970
2.003004	179087
2.005004	39977
