version	total
0.004010	5566
0.004011	5464
