version	total
1.100602	7464
1.100603	1762
