version	total
0.17024	32617
0.17027	146591
0.17029	3596
0.17030	577
