version	total
0.17024	31067
0.17027	141617
0.17029	3505
0.17030	329
