version	total
1.100602	7629
1.100603	1892
