version	total
0.042	73602
1.000000	22796
1.002001	503749
1.002002	308930
