version	total
4.161950	8169
4.201720	15146
