version	total
0.001011	35557
0.001013	215930
