version	total
2.000002	5937
2.001000	37770
2.003004	172666
2.005004	31266
