version	total
0.204001	2154
0.204003	2133
0.206003	3138
0.207001	2297
0.207002	2269
0.207003	841
