version	total
0.008	15934
0.006007	6013
0.008002	9569
0.008004	9567
0.008005	2194
0.008006	2165
0.008007	1754
0.008008	1381
0.008009	1019
