version	total
0.008	5353
0.006007	5842
0.008002	3982
0.008004	3838
0.008005	2083
0.008006	2061
0.008007	1647
0.008008	1271
0.008009	885
