version	total
1.000005	25859
1.002002	8519
1.004002	7559
1.004003	4915
1.004004	135402
1.012004	2515
1.012005	2104
1.014000	2074
1.016002	1961
1.016006	2293
