version	total
1.100602	7599
1.100603	1865
