version	total
1.000005	26710
1.002002	8573
1.004002	7613
1.004003	4975
1.004004	138988
1.012004	2559
1.012005	2151
1.014000	2122
1.016002	2005
1.016006	2380
