version	total
1.003008	6163
1.004000	6406
1.004003	2495
