version	total
0.000061	11087
0.000115	6555
0.000116	5336
0.000117	19844
0.000144	2891
0.000145	175020
0.000163	22387
