version	total
1.000019	7077
1.000033	15480
1.000036	92139
1.000037	18313
1.000038	27637
