version	total
1.94	177271
1.99	2934
2.000000	2604
2.001000	2119
2.002000	3417
2.002001	2145
2.003000	1726
