version	total
1.999813	4782
1.999816	4993
1.999829	2156
1.999830	2058
1.999831	1979
1.999832	1970
1.999833	1973
1.999835	1969
1.999836	1907
1.999837	1907
1.999838	1399
1.999839	1184
1.999841	1045
1.999842	1039
2.000000	1048
2.001000	1014
2.001001	996
2.002000	973
2.002001	961
2.003001	650
2.003002	631
2.003003	376
2.003004	84
2.004001	91
2.005001	55
2.005002	57
