version	total
1.999813	4866
1.999816	5127
1.999829	2213
1.999830	2116
1.999831	2037
1.999832	2028
1.999833	2029
1.999835	2027
1.999836	1965
1.999837	1964
1.999838	1457
1.999839	1242
1.999841	1103
1.999842	1097
2.000000	1199
2.001000	1162
2.001001	1145
2.002000	1102
2.002001	1089
2.003001	705
2.003002	686
2.003003	428
2.003004	142
2.004001	152
2.005001	211
2.005002	213
2.005003	209
