version	total
0.042	76373
1.000000	22828
1.002001	511898
1.002002	321740
