version	total
1.006900	32718
1.007002	147874
1.007003	112992
