version	total
1.006900	33233
1.007002	149122
1.007003	118373
