version	total
4.161950	8462
4.201720	18056
