version	total
2.005001	19507
2.006003	165620
2.006006	41270
