version	total
0.000061	11912
0.000115	6634
0.000116	5414
0.000117	20091
0.000144	2961
0.000145	181107
0.000163	44114
