version	total
1.006900	31482
1.007002	144217
1.007003	97711
