version	total
4.161950	8558
4.201720	18869
