version	total
2.000001	37861
2.000006	25577
2.000008	160917
2.002004	44732
