version	total
0.000061	12368
0.000115	6696
0.000116	5475
0.000117	20251
0.000144	3020
0.000145	182864
0.000163	51910
