version	total
0.008	17006
0.006007	6023
0.008002	10141
0.008004	10150
0.008005	2212
0.008006	2183
0.008007	1772
0.008008	1399
0.008009	1039
