version	total
0.008	16331
0.006007	6017
0.008002	9773
0.008004	9782
0.008005	2199
0.008006	2170
0.008007	1759
0.008008	1386
0.008009	1024
