version	total
0.17024	31223
0.17027	142182
0.17029	3508
0.17030	343
