version	total
0.042	76275
1.000000	22826
1.002001	511629
1.002002	321306
