version	total
1.967013	34602
1.967015	154056
