version	total
1.94	177792
1.99	2961
2.000000	2626
2.001000	2136
2.002000	3430
2.002001	2159
2.003000	1784
