version	total
1.100602	7608
1.100603	1873
