version	total
0.204001	2146
0.204003	2125
0.206003	3090
0.207001	2263
0.207002	2235
0.207003	807
