version	total
5.20180120	6714
5.20180626	5452
5.20180820	8938
5.20181130	4918
5.20181218	11336
5.20190420	5386
5.20190524	86294
5.20220120	2599
5.20220220	2664
5.20220313	2511
5.20220320	3277
5.20220420	3519
5.20220527	3258
5.20220620	26138
5.20230220	146
5.20250528	638
5.20250702	416
5.20250720	339
5.20250803	582
5.20250820	2328
5.20250923	2766
5.20251022	2069
5.20251120	426
