version	total
0.094002	2119
0.094003	1525
