version	total
1.302052	9743
1.302075	17777
1.302140	5751
1.302141	5053
1.302156	5997
1.302164	10013
1.302188	2673
1.302189	2436
1.302190	8170
