version	total
5.20180120	6448
5.20180626	5298
5.20180820	8780
5.20181130	4764
5.20181218	11141
5.20190420	5232
5.20190524	83911
5.20220120	2467
5.20220220	2534
5.20220313	2381
5.20220320	3144
5.20220420	3391
5.20220527	3127
5.20220620	24942
