version	total
0.094002	2101
0.094003	1504
