version	total
1.006900	33962
1.007002	150855
1.007003	126987
