version	total
2.120921	10346
2.150010	98271
