version	total
1.967013	33235
1.967015	149459
