version	total
0.008	18944
0.006007	6040
0.008002	11133
0.008004	11149
0.008005	2250
0.008006	2221
0.008007	1810
0.008008	1437
0.008009	1077
