version	total
0.004010	5559
0.004011	5456
