version	total
1.100602	7571
1.100603	1844
