version	total
2.000001	36232
2.000006	25374
2.000008	156920
2.002004	36117
