version	total
0.204001	2197
0.204003	2180
0.206003	3324
0.207001	2388
0.207002	2358
0.207003	928
