version	total
0.001011	39054
0.001013	240036
