version	total
1.999813	4884
1.999816	5164
1.999829	2226
1.999830	2131
1.999831	2051
1.999832	2043
1.999833	2044
1.999835	2042
1.999836	1980
1.999837	1979
1.999838	1471
1.999839	1256
1.999841	1118
1.999842	1111
2.000000	1291
2.001000	1253
2.001001	1235
2.002000	1133
2.002001	1120
2.003001	716
2.003002	701
2.003003	442
2.003004	157
2.004001	165
2.005001	303
2.005002	305
2.005003	308
