version	total
0.001011	38885
0.001013	238943
