version	total
0.001011	39584
0.001013	242880
