version	total
1.000005	28667
1.002002	8660
1.004002	7756
1.004003	5119
1.004004	145561
1.012004	2686
1.012005	2279
1.014000	2252
1.016002	2052
1.016006	2505
