version	total
4.161950	8340
4.201720	16777
