version	total
0.002005	4980
0.002006	5161
0.002009	16576
