version	total
1.000005	28843
1.002002	8667
1.004002	7782
1.004003	5145
1.004004	146157
1.012004	2710
1.012005	2303
1.014000	2276
1.016002	2057
1.016006	2516
