version	total
0.17024	30161
0.17027	137988
0.17029	3466
0.17030	176
