version	total
0.103004	10234
0.103005	2604
0.103006	2024
