version	total
5.20180120	6471
5.20180626	5309
5.20180820	8790
5.20181130	4773
5.20181218	11157
5.20190420	5242
5.20190524	84150
5.20220120	2473
5.20220220	2541
5.20220313	2386
5.20220320	3150
5.20220420	3396
5.20220527	3133
5.20220620	25455
