version	total
1.999813	4809
1.999816	5037
1.999829	2175
1.999830	2078
1.999831	1999
1.999832	1990
1.999833	1992
1.999835	1989
1.999836	1927
1.999837	1927
1.999838	1419
1.999839	1204
1.999841	1065
1.999842	1059
2.000000	1070
2.001000	1035
2.001001	1017
2.002000	993
2.002001	981
2.003001	667
2.003002	649
2.003003	393
2.003004	103
2.004001	113
2.005001	80
2.005002	81
2.005003	51
