version	total
0.17024	32395
0.17027	146030
0.17029	3579
0.17030	539
