version	total
1.100602	7470
1.100603	1765
