version	total
1.94	177689
1.99	2954
2.000000	2621
2.001000	2132
2.002000	3427
2.002001	2153
2.003000	1774
