version	total
1.003008	5916
1.004000	6164
1.004003	2303
