version	total
0.204001	2189
0.204003	2171
0.206003	3257
0.207001	2344
0.207002	2313
0.207003	884
