version	total
1.967013	34610
1.967015	154101
