version	total
5.20180120	6676
5.20180626	5426
5.20180820	8912
5.20181130	4893
5.20181218	11311
5.20190420	5360
5.20190524	86010
5.20220120	2576
5.20220220	2641
5.20220313	2488
5.20220320	3254
5.20220420	3496
5.20220527	3236
5.20220620	26100
5.20230220	122
5.20250528	610
5.20250702	392
5.20250720	316
5.20250803	550
5.20250820	2293
5.20250923	2492
5.20251022	895
