version	total
2.000002	5890
2.001000	36955
2.003004	169878
2.005004	28968
