version	total
1.006900	31656
1.007002	144758
1.007003	99248
