version	total
5.20180120	6861
5.20180626	5565
5.20180820	9057
5.20181130	5044
5.20181218	11469
5.20190420	5503
5.20190524	87124
5.20220120	2700
5.20220220	2769
5.20220313	2614
5.20220320	3381
5.20220420	3623
5.20220527	3360
5.20220620	26286
5.20230220	254
5.20250528	745
5.20250702	520
5.20250720	445
5.20250803	703
5.20250820	2371
5.20250923	3217
5.20251022	2617
5.20251120	3166
5.20251220	2301
5.20260119	3343
5.20260220	403
