version	total
1.94	178165
1.99	2977
2.000000	2639
2.001000	2147
2.002000	3444
2.002001	2170
2.003000	1814
