version	total
0.042	77404
1.000000	22847
1.002001	515217
1.002002	327870
