version	total
0.001011	36863
0.001013	224384
