version	total
2.005001	19309
2.006003	160675
2.006006	33735
