version	total
1.000019	7216
1.000033	15572
1.000036	93396
1.000037	18374
1.000038	39578
