version	total
2.000024	8141
2.000028	2448
2.000029	7087
