version	total
1.006900	30739
1.007002	141534
1.007003	89351
