version	total
2.000024	8401
2.000028	2605
2.000029	8197
