version	total
1.967013	34574
1.967015	153951
