version	total
2.000024	8143
2.000028	2450
2.000029	7119
