version	total
0.002005	4990
0.002006	5188
0.002009	17709
