version	total
1.302052	9702
1.302075	17629
1.302140	5722
1.302141	5023
1.302156	5967
1.302164	9943
1.302188	2646
1.302189	2410
1.302190	8029
