version	total
2.000002	5987
2.001000	38899
2.003004	176202
2.005004	34672
