version	total
0.100003	5630
0.100005	2336
0.100006	1754
