version	total
1.94	177675
1.99	2953
2.000000	2620
2.001000	2131
2.002000	3427
2.002001	2153
2.003000	1773
