version	total
0.008	18108
0.006007	6034
0.008002	10712
0.008004	10726
0.008005	2232
0.008006	2203
0.008007	1792
0.008008	1419
0.008009	1059
