version	total
0.100003	5556
0.100005	2277
0.100006	1696
