version	total
2.000001	34602
2.000006	25206
2.000008	151933
2.002004	31613
