version	total
2.000002	5982
2.001000	38797
2.003004	175778
2.005004	34380
