version	total
2.000024	8215
2.000028	2489
2.000029	7435
