version	total
0.002005	4963
0.002006	5099
0.002009	13192
