version	total
2.000002	6042
2.001000	40582
2.003004	180736
2.005004	42794
