version	total
2.005001	19560
2.006003	166833
2.006006	44096
