version	total
1.302052	9432
1.302075	16226
1.302140	5580
1.302141	4879
1.302156	5822
1.302164	9403
1.302188	2518
1.302189	2280
1.302190	6773
