version	total
5.20180120	6576
5.20180626	5356
5.20180820	8842
5.20181130	4824
5.20181218	11221
5.20190420	5290
5.20190524	85293
5.20220120	2511
5.20220220	2577
5.20220313	2424
5.20220320	3189
5.20220420	3432
5.20220527	3172
5.20220620	25998
5.20230220	52
5.20250528	530
5.20250702	320
5.20250720	244
5.20250803	456
5.20250820	864
