version	total
1.302052	9329
1.302075	15774
1.302140	5535
1.302141	4835
1.302156	5777
1.302164	9231
1.302188	2479
1.302189	2243
1.302190	6348
