version	total
4.161950	8205
4.201720	15274
