version	total
2.000024	8278
2.000028	2531
2.000029	7754
