version	total
1.302052	9551
1.302075	16906
1.302140	5624
1.302141	4924
1.302156	5869
1.302164	9634
1.302188	2553
1.302189	2317
1.302190	7348
