version	total
5.20180120	6696
5.20180626	5439
5.20180820	8925
5.20181130	4906
5.20181218	11324
5.20190420	5373
5.20190524	86122
5.20220120	2587
5.20220220	2652
5.20220313	2499
5.20220320	3265
5.20220420	3507
5.20220527	3246
5.20220620	26118
5.20230220	133
5.20250528	622
5.20250702	402
5.20250720	325
5.20250803	565
5.20250820	2318
5.20250923	2640
5.20251022	1549
