version	total
0.100003	5432
0.100005	2211
0.100006	1626
