version	total
1.94	177551
1.99	2944
2.000000	2612
2.001000	2126
2.002000	3422
2.002001	2148
2.003000	1761
