version	total
0.004010	5503
0.004011	5344
