version	total
0.100003	5533
0.100005	2269
0.100006	1689
