version	total
1.003008	6095
1.004000	6341
1.004003	2441
