version	total
2.005001	19655
2.006003	168955
2.006006	46341
