version	total
1.967013	33420
1.967015	150222
