version	total
2.005001	19603
2.006003	167907
2.006006	45219
