version	total
0.204001	2203
0.204003	2185
0.206003	3356
0.207001	2409
0.207002	2379
0.207003	949
