version	total
1.999813	4796
1.999816	5017
1.999829	2166
1.999830	2069
1.999831	1990
1.999832	1981
1.999833	1983
1.999835	1980
1.999836	1918
1.999837	1918
1.999838	1410
1.999839	1195
1.999841	1056
1.999842	1050
2.000000	1060
2.001000	1025
2.001001	1007
2.002000	985
2.002001	973
2.003001	658
2.003002	640
2.003003	384
2.003004	95
2.004001	104
2.005001	69
2.005002	71
2.005003	31
