version	total
1.967013	31857
1.967015	143376
