version	total
2.000002	6014
2.001000	39780
2.003004	178574
2.005004	39111
