version	total
1.006900	33027
1.007002	148547
1.007003	116028
