version	total
2.005001	19275
2.006003	159206
2.006006	32416
