version	total
0.103004	10331
0.103005	2628
0.103006	2101
