version	total
1.000005	25821
1.002002	8511
1.004002	7551
1.004003	4907
1.004004	135230
1.012004	2507
1.012005	2096
1.014000	2067
1.016002	1953
1.016006	2285
