version	total
2.000024	8405
2.000028	2608
2.000029	8221
