version	total
0.001011	35177
0.001013	213415
