version	total
0.17024	32448
0.17027	146186
0.17029	3585
0.17030	552
