version	total
0.001011	35153
0.001013	213279
