version	total
1.000005	28029
1.002002	8622
1.004002	7700
1.004003	5063
1.004004	143628
1.012004	2635
1.012005	2228
1.014000	2199
1.016002	2030
1.016006	2459
