version	total
0.004010	5467
0.004011	5281
