version	total
2.000001	34638
2.000006	25208
2.000008	152068
2.002004	31745
