version	total
2.005001	19463
2.006003	164844
2.006006	39337
