version	total
0.042	80535
1.000000	22937
1.002001	523146
1.002002	342291
