version	total
1.006900	32601
1.007002	147585
1.007003	111816
