version	total
2.000001	34707
2.000006	25218
2.000008	152286
2.002004	32109
