version	total
2.000002	5949
2.001000	38046
2.003004	173521
2.005004	32107
