version	total
2.000001	38574
2.000006	25677
2.000008	162834
2.002004	46739
