version	total
0.17024	30126
0.17027	137876
0.17029	3457
0.17030	163
