version	total
2.000001	34669
2.000006	25213
2.000008	152158
2.002004	31871
