version	total
4.161950	8045
4.201720	14180
