version	total
1.006900	31337
1.007002	143717
1.007003	96048
