version	total
0.042	78763
1.000000	22892
1.002001	518925
1.002002	334518
