version	total
0.042	80391
1.000000	22932
1.002001	522815
1.002002	341788
