version	total
2.120921	10481
2.150010	102032
