version	total
1.003008	6123
1.004000	6368
1.004003	2464
