version	total
2.005001	19245
2.006003	158260
2.006006	31413
