version	total
1.94	175879
1.99	2902
2.000000	2575
2.001000	2092
2.002000	3395
2.002001	2135
2.003000	1668
