version	total
0.100052	8431
0.100054	2330
0.100055	1794
