version	total
1.003008	6039
1.004000	6286
1.004003	2394
