version	total
1.94	174026
1.99	2854
2.000000	2535
2.001000	2058
2.002000	3355
2.002001	2107
2.003000	1563
