version	total
0.001011	35061
0.001013	212599
