version	total
2.000002	5890
2.001000	36940
2.003004	169835
2.005004	28940
