version	total
2.005001	19201
2.006003	157227
2.006006	30605
