version	total
4.161950	8137
4.201720	14938
