version	total
0.103004	10318
0.103005	2624
0.103006	2095
