version	total
1.999813	4831
1.999816	5071
1.999829	2188
1.999830	2091
1.999831	2012
1.999832	2003
1.999833	2004
1.999835	2002
1.999836	1940
1.999837	1940
1.999838	1432
1.999839	1218
1.999841	1079
1.999842	1073
2.000000	1082
2.001000	1047
2.001001	1031
2.002000	1007
2.002001	993
2.003001	681
2.003002	662
2.003003	406
2.003004	117
2.004001	127
2.005001	93
2.005002	95
2.005003	77
