version	total
1.967013	32450
1.967015	146100
