version	total
2.000001	37772
2.000006	25565
2.000008	160677
2.002004	44323
