version	total
2.000002	5975
2.001000	38619
2.003004	175322
2.005004	33938
