version	total
0.008	15207
0.006007	6006
0.008002	9203
0.008004	9189
0.008005	2180
0.008006	2151
0.008007	1740
0.008008	1367
0.008009	1005
