version	total
2.000024	7929
2.000028	2382
2.000029	5934
