version	total
1.000019	7031
1.000033	15464
1.000036	91668
1.000037	18296
1.000038	25406
