version	total
1.006900	32281
1.007002	146645
1.007003	107640
