version	total
1.006900	34325
1.007002	151807
1.007003	132577
