version	total
0.100003	5576
0.100005	2293
0.100006	1712
