version	total
1.006900	32929
1.007002	148370
1.007003	115238
