version	total
1.000005	25866
1.002002	8522
1.004002	7562
1.004003	4918
1.004004	135419
1.012004	2518
1.012005	2107
1.014000	2077
1.016002	1964
1.016006	2296
