version	total
1.302052	9741
1.302075	17775
1.302140	5750
1.302141	5052
1.302156	5996
1.302164	10011
1.302188	2671
1.302189	2435
1.302190	8164
