version	total
4.161950	8073
4.201720	14464
