version	total
0.000061	11168
0.000115	6562
0.000116	5342
0.000117	19868
0.000144	2898
0.000145	175502
0.000163	25391
