version	total
0.001011	36389
0.001013	221592
