version	total
1.967013	34048
1.967015	152196
