version	total
0.002005	4982
0.002006	5166
0.002009	16834
