version	total
1.006900	34271
1.007002	151636
1.007003	131658
