version	total
1.94	176250
1.99	2911
2.000000	2583
2.001000	2099
2.002000	3400
2.002001	2138
2.003000	1684
