version	total
1.100602	7534
1.100603	1811
