version	total
0.204001	2171
0.204003	2151
0.206003	3188
0.207001	2316
0.207002	2284
0.207003	856
