version	total
0.000061	11628
0.000115	6587
0.000116	5367
0.000117	19997
0.000144	2916
0.000145	180264
0.000163	38744
