version	total
0.17024	32349
0.17027	145904
0.17029	3579
0.17030	535
