version	total
2.000002	5890
2.001000	36929
2.003004	169738
2.005004	28916
