version	total
2.000024	8291
2.000028	2538
2.000029	7798
