version	total
0.042	72530
1.000000	22766
1.002001	500486
1.002002	303391
