version	total
0.001011	35592
0.001013	216178
