version	total
1.967013	34074
1.967015	152358
