version	total
2.120921	10232
2.150010	95500
