version	total
1.003008	5970
1.004000	6217
1.004003	2339
