version	total
1.967013	33251
1.967015	149499
