version	total
0.17024	33445
0.17027	149077
0.17029	3676
0.17030	752
