version	total
1.000005	28753
1.002002	8662
1.004002	7764
1.004003	5127
1.004004	145812
1.012004	2694
1.012005	2287
1.014000	2260
1.016002	2054
1.016006	2509
