version	total
2.000002	5907
2.001000	37191
2.003004	170651
2.005004	29505
