version	total
2.000001	37364
2.000006	25523
2.000008	159663
2.002004	43612
