version	total
1.94	176323
1.99	2915
2.000000	2587
2.001000	2101
2.002000	3403
2.002001	2141
2.003000	1689
