version	total
2.000001	35622
2.000006	25304
2.000008	155052
2.002004	34643
