version	total
1.999813	4829
1.999816	5068
1.999829	2187
1.999830	2090
1.999831	2011
1.999832	2002
1.999833	2003
1.999835	2001
1.999836	1939
1.999837	1939
1.999838	1431
1.999839	1217
1.999841	1078
1.999842	1072
2.000000	1081
2.001000	1046
2.001001	1030
2.002000	1006
2.002001	992
2.003001	680
2.003002	661
2.003003	405
2.003004	116
2.004001	126
2.005001	92
2.005002	94
2.005003	76
