version	total
0.103004	10364
0.103005	2639
0.103006	2124
