version	total
4.161950	8506
4.201720	18412
