version	total
2.005001	19415
2.006003	163780
2.006006	36590
