version	total
1.006900	33327
1.007002	149309
1.007003	119251
