version	total
2.000002	6007
2.001000	39425
2.003004	177834
2.005004	37240
