version	total
1.003008	5933
1.004000	6180
1.004003	2311
