version	total
0.002005	4926
0.002006	4931
0.002009	4292
