version	total
1.94	169231
1.99	2761
2.000000	2465
2.001000	2008
2.002000	3259
2.002001	2026
2.003000	1298
