version	total
0.204001	2198
0.204003	2181
0.206003	3334
0.207001	2395
0.207002	2365
0.207003	935
