version	total
0.100052	8465
0.100054	2340
0.100055	1808
