version	total
1.000019	7079
1.000033	15485
1.000036	92170
1.000037	18314
1.000038	27818
