version	total
2.000024	8295
2.000028	2541
2.000029	7825
