version	total
0.100052	8257
0.100054	2297
0.100055	1696
