version	total
0.001011	35306
0.001013	214219
