version	total
5.20180120	6734
5.20180626	5466
5.20180820	8955
5.20181130	4932
5.20181218	11352
5.20190420	5399
5.20190524	86404
5.20220120	2612
5.20220220	2677
5.20220313	2524
5.20220320	3290
5.20220420	3532
5.20220527	3271
5.20220620	26157
5.20230220	159
5.20250528	653
5.20250702	429
5.20250720	351
5.20250803	596
5.20250820	2330
5.20250923	2834
5.20251022	2155
5.20251120	1320
