version	total
0.100003	5753
0.100005	2433
0.100006	1852
