version	total
0.008	5570
0.006007	5850
0.008002	4104
0.008004	3965
0.008005	2091
0.008006	2069
0.008007	1655
0.008008	1279
0.008009	893
