version	total
1.006900	33216
1.007002	149082
1.007003	118250
