version	total
0.17024	31552
0.17027	143321
0.17029	3514
0.17030	390
