version	total
2.000002	5860
2.001000	36768
2.003004	169204
2.005004	28633
