version	total
0.008	8004
0.006007	5900
0.008002	5422
0.008004	5290
0.008005	2114
0.008006	2091
0.008007	1678
0.008008	1302
0.008009	918
