version	total
1.006900	33368
1.007002	149405
1.007003	119484
