version	total
1.000019	6988
1.000033	15439
1.000036	91186
1.000037	18280
1.000038	23109
