version	total
2.120921	10287
2.150010	96893
