version	total
0.204001	2197
0.204003	2180
0.206003	3323
0.207001	2387
0.207002	2357
0.207003	927
