version	total
1.967013	34752
1.967015	154611
