version	total
1.999813	4850
1.999816	5103
1.999829	2202
1.999830	2105
1.999831	2026
1.999832	2017
1.999833	2018
1.999835	2016
1.999836	1954
1.999837	1954
1.999838	1446
1.999839	1232
1.999841	1092
1.999842	1086
2.000000	1134
2.001000	1098
2.001001	1081
2.002000	1050
2.002001	1036
2.003001	696
2.003002	676
2.003003	420
2.003004	131
2.004001	141
2.005001	145
2.005002	147
2.005003	138
