version	total
1.94	165253
1.99	2706
2.000000	2436
2.001000	2002
2.002000	3159
2.002001	1952
2.003000	1040
