version	total
2.005001	19538
2.006003	166225
2.006006	43335
