version	total
1.000019	6955
1.000033	15415
1.000036	90893
1.000037	18258
1.000038	22048
