version	total
2.005001	19680
2.006003	169426
2.006006	46823
