version	total
1.100602	7553
1.100603	1827
