version	total
1.000019	6979
1.000033	15435
1.000036	91098
1.000037	18273
1.000038	22738
