version	total
2.000001	36820
2.000006	25455
2.000008	158345
2.002004	39362
