version	total
2.000001	34068
2.000006	25132
2.000008	150184
2.002004	30190
