version	total
1.100602	7566
1.100603	1840
