version	total
2.005001	19106
2.006003	155662
2.006006	29624
