version	total
1.100602	7615
1.100603	1880
