version	total
0.002005	4924
0.002006	4924
0.002009	4072
