version	total
0.100003	5430
0.100005	2209
0.100006	1624
