version	total
0.042	76402
1.000000	22829
1.002001	511993
1.002002	321918
