version	total
1.94	176695
1.99	2924
2.000000	2594
2.001000	2108
2.002000	3409
2.002001	2144
2.003000	1704
