version	total
0.042	80038
1.000000	22923
1.002001	521987
1.002002	340371
