version	total
0.100052	8514
0.100054	2347
0.100055	1826
