version	total
0.100003	5779
0.100005	2454
0.100006	1873
