version	total
2.000002	5937
2.001000	37789
2.003004	172745
2.005004	31335
