version	total
0.204001	2166
0.204003	2145
0.206003	3172
0.207001	2311
0.207002	2279
0.207003	852
