version	total
4.161950	7922
4.201720	13031
