version	total
1.003008	6181
1.004000	6423
1.004003	2512
