version	total
4.161950	8067
4.201720	14412
