version	total
2.000001	36322
2.000006	25390
2.000008	157156
2.002004	36619
