version	total
4.161950	8194
4.201720	15225
