version	total
4.161950	8611
4.201720	19335
