version	total
2.005001	19349
2.006003	162248
2.006006	35161
