version	total
1.967013	31755
1.967015	142924
