version	total
2.000024	8088
2.000028	2416
2.000029	6875
