version	total
0.001011	38331
0.001013	235649
