version	total
2.000002	5975
2.001000	38581
2.003004	175138
2.005004	33784
