version	total
0.001011	35013
0.001013	212400
