version	total
1.006900	32036
1.007002	146004
1.007003	105477
