version	total
2.000001	33889
2.000006	25098
2.000008	149651
2.002004	29930
