version	total
1.302052	9348
1.302075	15829
1.302140	5550
1.302141	4850
1.302156	5792
1.302164	9255
1.302188	2494
1.302189	2258
1.302190	6394
