version	total
0.094002	2104
0.094003	1507
