version	total
1.000019	7000
1.000033	15447
1.000036	91310
1.000037	18282
1.000038	23581
