version	total
1.006900	31390
1.007002	143914
1.007003	96660
