version	total
5.20180120	6420
5.20180626	5275
5.20180820	8757
5.20181130	4741
5.20181218	11113
5.20190420	5211
5.20190524	83690
5.20220120	2445
5.20220220	2513
5.20220313	2361
5.20220320	3124
5.20220420	3370
5.20220527	3107
5.20220620	24610
