version	total
0.008	9146
0.006007	5912
0.008002	6014
0.008004	5914
0.008005	2122
0.008006	2097
0.008007	1684
0.008008	1308
0.008009	926
