version	total
4.161950	7701
4.201720	11359
