version	total
1.967013	33949
1.967015	151831
