version	total
0.001011	38694
0.001013	238210
