version	total
0.100003	5802
0.100005	2473
0.100006	1892
