version	total
1.967013	35145
1.967015	156580
