version	total
0.100003	5503
0.100005	2258
0.100006	1674
