version	total
0.042	83821
1.000000	23044
1.002001	530852
1.002002	356267
