version	total
2.005001	19278
2.006003	159301
2.006006	32501
