version	total
0.204001	2188
0.204003	2170
0.206003	3247
0.207001	2337
0.207002	2306
0.207003	877
