version	total
0.008	17943
0.006007	6031
0.008002	10633
0.008004	10631
0.008005	2228
0.008006	2199
0.008007	1788
0.008008	1415
0.008009	1055
