version	total
0.002005	4954
0.002006	5056
0.002009	11027
