version	total
2.005001	19372
2.006003	162892
2.006006	35648
