version	total
0.103004	10529
0.103005	2728
0.103006	2251
