version	total
1.967013	33728
1.967015	151221
