version	total
0.042	73923
1.000000	22803
1.002001	504877
1.002002	310703
