version	total
2.000002	6040
2.001000	40500
2.003004	180515
2.005004	42684
