version	total
1.006900	31782
1.007002	145214
1.007003	100571
