version	total
1.302052	9680
1.302075	17514
1.302140	5707
1.302141	5008
1.302156	5952
1.302164	9899
1.302188	2631
1.302189	2395
1.302190	7918
