version	total
2.000024	7950
2.000028	2387
2.000029	6037
