version	total
1.003008	5918
1.004000	6167
1.004003	2305
