version	total
2.005001	19427
2.006003	163996
2.006006	37363
