version	total
1.000005	28400
1.002002	8646
1.004002	7733
1.004003	5096
1.004004	144711
1.012004	2664
1.012005	2257
1.014000	2229
1.016002	2041
1.016006	2483
