version	total
2.005001	19459
2.006003	164746
2.006006	39020
