version	total
0.042	80643
1.000000	22939
1.002001	523355
1.002002	342721
