version	total
0.100052	8368
0.100054	2316
0.100055	1760
