version	total
2.000002	6000
2.001000	39206
2.003004	177211
2.005004	35485
