version	total
4.161950	8052
4.201720	14196
