version	total
0.042	75722
1.000000	22822
1.002001	509990
1.002002	318643
