version	total
0.000061	12057
0.000115	6655
0.000116	5435
0.000117	20157
0.000144	2981
0.000145	181667
0.000163	46796
