version	total
5.20180120	6703
5.20180626	5444
5.20180820	8930
5.20181130	4910
5.20181218	11328
5.20190420	5378
5.20190524	86214
5.20220120	2591
5.20220220	2656
5.20220313	2503
5.20220320	3269
5.20220420	3511
5.20220527	3250
5.20220620	26126
5.20230220	137
5.20250528	629
5.20250702	407
5.20250720	330
5.20250803	572
5.20250820	2322
5.20250923	2746
5.20251022	2012
