version	total
4.161950	8228
4.201720	15497
