version	total
0.000061	11755
0.000115	6604
0.000116	5385
0.000117	20026
0.000144	2934
0.000145	180598
0.000163	41316
