version	total
5.20180120	6544
5.20180626	5340
5.20180820	8825
5.20181130	4808
5.20181218	11204
5.20190420	5274
5.20190524	85002
5.20220120	2497
5.20220220	2564
5.20220313	2410
5.20220320	3174
5.20220420	3418
5.20220527	3158
5.20220620	25965
5.20230220	37
5.20250528	513
5.20250702	303
5.20250720	226
5.20250803	88
