version	total
0.042	78872
1.000000	22894
1.002001	519186
1.002002	335008
