version	total
2.005001	19348
2.006003	162167
2.006006	35108
