version	total
0.002005	4982
0.002006	5167
0.002009	16899
