version	total
2.005001	19367
2.006003	162756
2.006006	35541
