version	total
1.003008	5999
1.004000	6250
1.004003	2365
