version	total
0.000061	10716
0.000115	6510
0.000116	5290
0.000117	19696
0.000144	2856
0.000145	173260
0.000163	17541
