version	total
0.000061	12530
0.000115	6720
0.000116	5499
0.000117	20288
0.000144	3043
0.000145	183399
0.000163	54977
