version	total
0.000061	11040
0.000115	6554
0.000116	5333
0.000117	19828
0.000144	2889
0.000145	174714
0.000163	21576
