version	total
1.006900	34352
1.007002	151940
1.007003	133493
