version	total
1.000005	28309
1.002002	8638
1.004002	7725
1.004003	5088
1.004004	144481
1.012004	2657
1.012005	2250
1.014000	2222
1.016002	2036
1.016006	2475
