version	total
0.000061	11350
0.000115	6572
0.000116	5353
0.000117	19922
0.000144	2905
0.000145	176417
0.000163	30414
