version	total
0.001011	38289
0.001013	235200
