version	total
1.006900	30762
1.007002	141623
1.007003	89644
