version	total
0.094002	2127
0.094003	1559
