version	total
1.967013	32363
1.967015	145733
