version	total
1.000005	27041
1.002002	8582
1.004002	7621
1.004003	4985
1.004004	140260
1.012004	2566
1.012005	2157
1.014000	2128
1.016002	2011
1.016006	2401
