version	total
1.100602	7543
1.100603	1819
