version	total
0.008	20618
0.006007	6073
0.008002	12034
0.008004	12003
0.008005	2324
0.008006	2296
0.008007	1884
0.008008	1517
0.008009	1155
