version	total
2.000024	8089
2.000028	2417
2.000029	6879
