version	total
1.006900	33879
1.007002	150649
1.007003	125980
