version	total
0.001011	35001
0.001013	212323
