version	total
1.302052	9465
1.302075	16435
1.302140	5590
1.302141	4889
1.302156	5833
1.302164	9481
1.302188	2526
1.302189	2289
1.302190	6937
