version	total
1.006900	31548
1.007002	144464
1.007003	98416
