version	total
2.000002	6022
2.001000	39913
2.003004	178928
2.005004	39790
