version	total
2.000002	6007
2.001000	39350
2.003004	177628
2.005004	36703
