version	total
0.008	19694
0.006007	6045
0.008002	11523
0.008004	11510
0.008005	2264
0.008006	2235
0.008007	1824
0.008008	1451
0.008009	1092
