version	total
1.003008	6072
1.004000	6318
1.004003	2421
