version	total
0.042	81439
1.000000	22961
1.002001	525365
1.002002	346002
