version	total
0.100052	8473
0.100054	2342
0.100055	1810
