version	total
2.000024	8408
2.000028	2610
2.000029	8233
