version	total
1.967013	35130
1.967015	156446
