version	total
0.17024	31707
0.17027	143893
0.17029	3520
0.17030	417
