version	total
1.100602	7438
1.100603	1748
