version	total
1.967013	34086
1.967015	152394
