version	total
2.000002	6076
2.001000	41293
2.003004	182712
2.005004	45102
