version	total
0.004010	5572
0.004011	5471
