version	total
1.006900	32578
1.007002	147552
1.007003	111659
