version	total
1.302052	9660
1.302075	17390
1.302140	5692
1.302141	4993
1.302156	5936
1.302164	9851
1.302188	2616
1.302189	2380
1.302190	7810
