version	total
2.000024	7952
2.000028	2388
2.000029	6046
