version	total
1.967013	34248
1.967015	152853
