version	total
2.000024	8242
2.000028	2505
2.000029	7560
