version	total
1.302052	9415
1.302075	16108
1.302140	5575
1.302141	4873
1.302156	5817
1.302164	9356
1.302188	2511
1.302189	2275
1.302190	6632
