version	total
0.100052	8408
0.100054	2327
0.100055	1779
