version	total
0.004010	5586
0.004011	5491
