version	total
2.000002	6078
2.001000	41356
2.003004	182930
2.005004	45267
