version	total
1.006900	33513
1.007002	149779
1.007003	120837
