version	total
2.005001	19527
2.006003	166047
2.006006	42493
