version	total
2.000024	7906
2.000028	2367
2.000029	5850
