version	total
1.302052	9451
1.302075	16351
1.302140	5587
1.302141	4886
1.302156	5829
1.302164	9439
1.302188	2522
1.302189	2285
1.302190	6865
