version	total
2.000001	36036
2.000006	25342
2.000008	156251
2.002004	35697
