version	total
0.001011	38770
0.001013	238397
