version	total
0.17024	31854
0.17027	144363
0.17029	3532
0.17030	443
