version	total
0.103004	10433
0.103005	2672
0.103006	2172
