version	total
2.000024	8226
2.000028	2495
2.000029	7476
