version	total
5.20180120	6706
5.20180626	5446
5.20180820	8932
5.20181130	4912
5.20181218	11330
5.20190420	5380
5.20190524	86225
5.20220120	2593
5.20220220	2658
5.20220313	2505
5.20220320	3271
5.20220420	3513
5.20220527	3252
5.20220620	26128
5.20230220	139
5.20250528	631
5.20250702	409
5.20250720	332
5.20250803	574
5.20250820	2323
5.20250923	2753
5.20251022	2033
