version	total
2.005001	19291
2.006003	160004
2.006006	32937
