version	total
2.000001	38280
2.000006	25626
2.000008	161968
2.002004	45885
