version	total
0.17024	31778
0.17027	144096
0.17029	3524
0.17030	427
