version	total
1.100602	7559
1.100603	1833
