version	total
1.967013	34628
1.967015	154163
