version	total
0.000061	11508
0.000115	6582
0.000116	5362
0.000117	19962
0.000144	2912
0.000145	178573
0.000163	36067
