version	total
5.20180120	6532
5.20180626	5335
5.20180820	8819
5.20181130	4802
5.20181218	11199
5.20190420	5268
5.20190524	84927
5.20220120	2494
5.20220220	2561
5.20220313	2407
5.20220320	3170
5.20220420	3415
5.20220527	3155
5.20220620	25954
5.20230220	35
5.20250528	511
5.20250702	301
5.20250720	160
