version	total
1.000019	7138
1.000033	15513
1.000036	92730
1.000037	18337
1.000038	31198
