version	total
0.000061	11406
0.000115	6575
0.000116	5356
0.000117	19932
0.000144	2908
0.000145	176662
0.000163	32404
