version	total
4.161950	8138
4.201720	14964
