version	total
1.20141117	5226
1.20190531	2659
