version	total
0.001011	36254
0.001013	220667
