version	total
0.100003	5537
0.100005	2271
0.100006	1691
