version	total
2.000001	36255
2.000006	25377
2.000008	157018
2.002004	36178
