version	total
1.006900	33755
1.007002	150356
1.007003	124595
