version	total
2.120921	10395
2.150010	100004
