version	total
1.302052	9825
1.302075	18144
1.302140	5797
1.302141	5098
1.302156	6044
1.302164	10161
1.302188	2708
1.302189	2471
1.302190	8498
