version	total
1.006900	30774
1.007002	141674
1.007003	89808
