version	total
1.003008	5845
1.004000	6088
1.004003	2277
