version	total
0.004010	5491
0.004011	5317
