version	total
0.042	83985
1.000000	23049
1.002001	531220
1.002002	356878
