version	total
2.005001	19278
2.006003	159326
2.006006	32516
