version	total
2.120921	10433
2.150010	100786
