version	total
0.008	20637
0.006007	6079
0.008002	12052
0.008004	12021
0.008005	2340
0.008006	2312
0.008007	1900
0.008008	1533
0.008009	1172
