version	total
2.000024	8391
2.000028	2599
2.000029	8166
