version	total
2.000001	35011
2.000006	25252
2.000008	153218
2.002004	32853
