version	total
0.042	83935
1.000000	23048
1.002001	531100
1.002002	356597
