version	total
2.000001	35267
2.000006	25274
2.000008	153973
2.002004	33597
