version	total
0.100052	8188
0.100054	2279
0.100055	1669
