version	total
4.161950	8277
4.201720	16049
