version	total
0.004010	5511
0.004011	5388
