version	total
1.006900	32542
1.007002	147459
1.007003	111142
