version	total
1.967013	32226
1.967015	145212
