version	total
4.161950	8425
4.201720	17896
