version	total
0.103004	10086
0.103005	2541
0.103006	1927
