version	total
1.000019	7232
1.000033	15581
1.000036	93530
1.000037	18382
1.000038	41144
