version	total
1.94	163833
1.99	2663
2.000000	2398
2.001000	1969
2.002000	3113
2.002001	1907
2.003000	970
