version	total
0.004010	5705
0.004011	5629
