version	total
1.000005	29181
1.002002	8686
1.004002	7824
1.004003	5188
1.004004	147318
1.012004	2752
1.012005	2345
1.014000	2318
1.016002	2075
1.016006	2555
