version	total
1.000005	28274
1.002002	8636
1.004002	7723
1.004003	5086
1.004004	144380
1.012004	2655
1.012005	2248
1.014000	2220
1.016002	2034
1.016006	2471
