version	total
1.94	177340
1.99	2938
2.000000	2607
2.001000	2121
2.002000	3420
2.002001	2148
2.003000	1733
