version	total
0.17024	33070
0.17027	147975
0.17029	3633
0.17030	664
