version	total
0.042	76234
1.000000	22826
1.002001	511519
1.002002	321127
