version	total
2.005001	19659
2.006003	169056
2.006006	46411
