version	total
1.94	179730
1.99	3029
2.000000	2685
2.001000	2184
2.002000	3482
2.002001	2196
2.003000	1925
