version	total
0.094002	2099
0.094003	1503
