version	total
2.000002	5949
2.001000	38051
2.003004	173552
2.005004	32125
