version	total
1.003008	5827
1.004000	6062
1.004003	2267
