version	total
0.17024	33776
0.17027	150302
0.17029	3713
0.17030	834
