version	total
1.967013	31574
1.967015	141999
