version	total
0.204001	2188
0.204003	2170
0.206003	3250
0.207001	2340
0.207002	2309
0.207003	880
