version	total
1.967013	31495
1.967015	141634
