version	total
0.008	7271
0.006007	5885
0.008002	5029
0.008004	4897
0.008005	2109
0.008006	2087
0.008007	1673
0.008008	1297
0.008009	911
