version	total
0.001011	37140
0.001013	226038
