version	total
4.161950	8103
4.201720	14720
