version	total
0.17024	32104
0.17027	145285
0.17029	3558
0.17030	495
