version	total
0.17024	30465
0.17027	139186
0.17029	3486
0.17030	225
