version	total
1.000005	27526
1.002002	8601
1.004002	7650
1.004003	5013
1.004004	141906
1.012004	2589
1.012005	2182
1.014000	2153
1.016002	2022
1.016006	2434
