version	total
2.000002	5947
2.001000	38010
2.003004	173419
2.005004	32008
