version	total
4.161950	7909
4.201720	12917
