version	total
0.100052	8181
0.100054	2276
0.100055	1663
