version	total
1.000005	28227
1.002002	8635
1.004002	7718
1.004003	5081
1.004004	144182
1.012004	2650
1.012005	2243
1.014000	2215
1.016002	2034
1.016006	2468
