version	total
0.17024	32808
0.17027	147173
0.17029	3611
0.17030	609
