version	total
5.20180120	6631
5.20180626	5394
5.20180820	8880
5.20181130	4861
5.20181218	11261
5.20190420	5328
5.20190524	85598
5.20220120	2547
5.20220220	2612
5.20220313	2459
5.20220320	3225
5.20220420	3467
5.20220527	3207
5.20220620	26053
5.20230220	93
5.20250528	573
5.20250702	362
5.20250720	285
5.20250803	511
5.20250820	2174
5.20250923	1188
