version	total
1.003008	6064
1.004000	6311
1.004003	2416
