version	total
0.008	18543
0.006007	6037
0.008002	10934
0.008004	10936
0.008005	2241
0.008006	2212
0.008007	1801
0.008008	1428
0.008009	1068
