version	total
1.100602	7631
1.100603	1894
