version	total
2.120921	10351
2.150010	98440
