version	total
0.103004	10510
0.103005	2717
0.103006	2232
