version	total
5.20180120	6540
5.20180626	5338
5.20180820	8823
5.20181130	4806
5.20181218	11202
5.20190420	5272
5.20190524	84960
5.20220120	2496
5.20220220	2563
5.20220313	2409
5.20220320	3172
5.20220420	3417
5.20220527	3157
5.20220620	25959
5.20230220	36
5.20250528	512
5.20250702	302
5.20250720	219
