version	total
0.042	73964
1.000000	22803
1.002001	505006
1.002002	310899
