version	total
1.967013	34719
1.967015	154498
