version	total
1.94	178076
1.99	2975
2.000000	2637
2.001000	2145
2.002000	3442
2.002001	2170
2.003000	1811
