version	total
2.005001	19195
2.006003	156959
2.006006	30386
