version	total
1.94	171978
1.99	2799
2.000000	2489
2.001000	2018
2.002000	3323
2.002001	2077
2.003000	1430
