version	total
0.100052	8346
0.100054	2309
0.100055	1752
