version	total
0.002005	4921
0.002006	4900
0.002009	3323
