version	total
0.042	72412
1.000000	22755
1.002001	500071
1.002002	302751
