version	total
1.006900	32094
1.007002	146126
1.007003	105945
