version	total
0.17024	32116
0.17027	145316
0.17029	3560
0.17030	497
