version	total
1.967013	32124
1.967015	144595
