version	total
1.000019	7099
1.000033	15494
1.000036	92391
1.000037	18322
1.000038	28922
