version	total
4.161950	8391
4.201720	17710
