version	total
1.006900	31567
1.007002	144524
1.007003	98585
