version	total
1.000005	27921
1.002002	8619
1.004002	7693
1.004003	5056
1.004004	143306
1.012004	2629
1.012005	2222
1.014000	2193
1.016002	2029
1.016006	2452
