version	total
0.002005	5024
0.002006	5240
0.002009	20562
