version	total
2.000001	35747
2.000006	25315
2.000008	155456
2.002004	35016
