version	total
2.120921	10176
2.150010	94509
