version	total
0.204001	2210
0.204003	2191
0.206003	3420
0.207001	2433
0.207002	2403
0.207003	973
