version	total
0.100003	5571
0.100005	2289
0.100006	1708
