version	total
1.000005	27352
1.002002	8591
1.004002	7633
1.004003	4996
1.004004	141312
1.012004	2573
1.012005	2166
1.014000	2137
1.016002	2019
1.016006	2428
