version	total
4.161950	8569
4.201720	18915
