version	total
1.003008	6150
1.004000	6394
1.004003	2485
