version	total
0.204001	2190
0.204003	2172
0.206003	3264
0.207001	2348
0.207002	2317
0.207003	888
