version	total
2.005001	19604
2.006003	167948
2.006006	45247
