version	total
1.100602	7499
1.100603	1784
