version	total
5.20180120	6635
5.20180626	5397
5.20180820	8883
5.20181130	4864
5.20181218	11277
5.20190420	5331
5.20190524	85640
5.20220120	2550
5.20220220	2615
5.20220313	2462
5.20220320	3228
5.20220420	3470
5.20220527	3210
5.20220620	26058
5.20230220	96
5.20250528	576
5.20250702	365
5.20250720	289
5.20250803	515
5.20250820	2191
5.20250923	1472
