version	total
1.967013	32815
1.967015	147765
