version	total
1.000005	28821
1.002002	8664
1.004002	7775
1.004003	5138
1.004004	146041
1.012004	2705
1.012005	2298
1.014000	2271
1.016002	2056
1.016006	2514
