version	total
1.006900	34524
1.007002	152458
1.007003	136492
