version	total
0.002005	4906
0.002006	4853
0.002009	2282
