version	total
1.000019	7212
1.000033	15568
1.000036	93376
1.000037	18373
1.000038	39325
