version	total
1.967013	33110
1.967015	149006
