version	total
4.161950	8407
4.201720	17826
