version	total
1.967013	34595
1.967015	154000
