version	total
2.000002	6074
2.001000	41220
2.003004	182438
2.005004	44775
