version	total
2.120921	10174
2.150010	94477
