version	total
1.999813	4838
1.999816	5083
1.999829	2194
1.999830	2097
1.999831	2018
1.999832	2009
1.999833	2010
1.999835	2008
1.999836	1946
1.999837	1946
1.999838	1438
1.999839	1224
1.999841	1085
1.999842	1078
2.000000	1087
2.001000	1053
2.001001	1036
2.002000	1012
2.002001	998
2.003001	687
2.003002	668
2.003003	412
2.003004	123
2.004001	133
2.005001	99
2.005002	100
2.005003	89
