version	total
1.999813	4873
1.999816	5139
1.999829	2218
1.999830	2122
1.999831	2043
1.999832	2034
1.999833	2035
1.999835	2033
1.999836	1971
1.999837	1970
1.999838	1463
1.999839	1248
1.999841	1109
1.999842	1103
2.000000	1230
2.001000	1193
2.001001	1175
2.002000	1111
2.002001	1098
2.003001	709
2.003002	692
2.003003	434
2.003004	148
2.004001	158
2.005001	242
2.005002	244
2.005003	243
