version	total
0.001011	35386
0.001013	214778
