version	total
0.100052	8501
0.100054	2346
0.100055	1822
