version	total
0.002005	4959
0.002006	5088
0.002009	13024
