version	total
0.100003	5560
0.100005	2281
0.100006	1700
