version	total
1.302052	9439
1.302075	16238
1.302140	5583
1.302141	4882
1.302156	5825
1.302164	9409
1.302188	2520
1.302189	2282
1.302190	6782
