version	total
0.17024	30478
0.17027	139245
0.17029	3486
0.17030	225
