version	total
1.94	175509
1.99	2891
2.000000	2566
2.001000	2084
2.002000	3387
2.002001	2129
2.003000	1630
