version	total
1.000005	27846
1.002002	8618
1.004002	7687
1.004003	5050
1.004004	143067
1.012004	2623
1.012005	2216
1.014000	2187
1.016002	2028
1.016006	2448
