version	total
0.042	77841
1.000000	22860
1.002001	516367
1.002002	329616
