version	total
2.000024	8099
2.000028	2422
2.000029	6905
