version	total
1.967013	34441
1.967015	153563
