version	total
1.006900	31887
1.007002	145494
1.007003	101660
