version	total
4.161950	7931
4.201720	13042
