version	total
0.17024	31286
0.17027	142409
0.17029	3509
0.17030	351
