version	total
0.004010	5554
0.004011	5450
