version	total
2.000002	5958
2.001000	38248
2.003004	174137
2.005004	32858
