version	total
0.000061	11376
0.000115	6573
0.000116	5354
0.000117	19927
0.000144	2906
0.000145	176571
0.000163	31903
