version	total
1.967013	34855
1.967015	155008
