version	total
1.100602	7525
1.100603	1804
