version	total
2.000001	36996
2.000006	25483
2.000008	158733
2.002004	40708
