version	total
1.003008	6081
1.004000	6328
1.004003	2428
