version	total
2.120921	10416
2.150010	100291
