version	total
2.000001	35613
2.000006	25303
2.000008	155017
2.002004	34614
