version	total
2.005001	19360
2.006003	162524
2.006006	35348
