version	total
1.302052	9816
1.302075	18075
1.302140	5795
1.302141	5096
1.302156	6042
1.302164	10134
1.302188	2706
1.302189	2469
1.302190	8467
