version	total
2.000024	8273
2.000028	2527
2.000029	7733
