version	total
0.008	14019
0.006007	5992
0.008002	8578
0.008004	8548
0.008005	2156
0.008006	2127
0.008007	1716
0.008008	1343
0.008009	980
