version	total
1.302052	9760
1.302075	17847
1.302140	5762
1.302141	5064
1.302156	6009
1.302164	10048
1.302188	2682
1.302189	2445
1.302190	8235
