version	total
2.120921	10274
2.150010	96530
