version	total
0.008	11755
0.006007	5961
0.008002	7371
0.008004	7296
0.008005	2135
0.008006	2108
0.008007	1696
0.008008	1322
0.008009	957
