version	total
1.999813	4768
1.999816	4977
1.999829	2140
1.999830	2045
1.999831	1967
1.999832	1958
1.999833	1961
1.999835	1957
1.999836	1893
1.999837	1895
1.999838	1387
1.999839	1171
1.999841	1032
1.999842	1026
2.000000	1027
2.001000	992
2.001001	974
2.002000	953
2.002001	941
2.003001	640
2.003002	623
2.003003	368
2.003004	74
2.004001	75
2.005001	34
2.005002	35
