version	total
1.967013	35044
1.967015	156009
