version	total
1.003008	6154
1.004000	6397
1.004003	2488
