version	total
0.000061	10767
0.000115	6525
0.000116	5307
0.000117	19735
0.000144	2871
0.000145	173543
0.000163	18353
