version	total
1.302052	9385
1.302075	15985
1.302140	5565
1.302141	4865
1.302156	5807
1.302164	9302
1.302188	2505
1.302189	2269
1.302190	6508
