version	total
0.042	75757
1.000000	22823
1.002001	510103
1.002002	318808
