version	total
1.006900	32809
1.007002	148083
1.007003	114048
