version	total
0.17024	31792
0.17027	144164
0.17029	3525
0.17030	429
