version	total
0.008	20623
0.006007	6076
0.008002	12039
0.008004	12008
0.008005	2328
0.008006	2300
0.008007	1888
0.008008	1521
0.008009	1159
