version	total
0.000061	12033
0.000115	6651
0.000116	5431
0.000117	20146
0.000144	2977
0.000145	181594
0.000163	46388
