version	total
1.100602	7406
1.100603	1713
