version	total
0.17024	31093
0.17027	141751
0.17029	3505
0.17030	331
