version	total
0.17024	33303
0.17027	148608
0.17029	3660
0.17030	709
