version	total
0.004010	5520
0.004011	5406
