version	total
1.000019	7115
1.000033	15498
1.000036	92556
1.000037	18325
1.000038	29966
