version	total
1.94	175573
1.99	2895
2.000000	2570
2.001000	2086
2.002000	3389
2.002001	2132
2.003000	1635
