version	total
2.000002	5924
2.001000	37506
2.003004	171691
2.005004	30315
