version	total
4.161950	8282
4.201720	16119
