version	total
0.100003	5459
0.100005	2236
0.100006	1651
