version	total
2.000002	6022
2.001000	39940
2.003004	179015
2.005004	39899
