version	total
4.161950	8493
4.201720	18322
