version	total
0.000061	12412
0.000115	6701
0.000116	5480
0.000117	20260
0.000144	3025
0.000145	182967
0.000163	53118
