version	total
4.161950	8097
4.201720	14647
