version	total
1.003008	6149
1.004000	6393
1.004003	2484
