version	total
0.204001	2190
0.204003	2172
0.206003	3266
0.207001	2350
0.207002	2319
0.207003	890
