version	total
4.161950	8337
4.201720	16760
