version	total
0.001011	35579
0.001013	216093
