version	total
2.000002	6025
2.001000	40002
2.003004	179177
2.005004	40065
