version	total
0.000061	11151
0.000115	6558
0.000116	5339
0.000117	19862
0.000144	2894
0.000145	175411
0.000163	24726
