version	total
5.20180120	6664
5.20180626	5418
5.20180820	8904
5.20181130	4885
5.20181218	11302
5.20190420	5352
5.20190524	85926
5.20220120	2569
5.20220220	2634
5.20220313	2481
5.20220320	3247
5.20220420	3489
5.20220527	3229
5.20220620	26089
5.20230220	115
5.20250528	598
5.20250702	384
5.20250720	308
5.20250803	542
5.20250820	2247
5.20250923	2481
5.20251022	521
