version	total
5.20180120	6444
5.20180626	5296
5.20180820	8778
5.20181130	4762
5.20181218	11139
5.20190420	5231
5.20190524	83884
5.20220120	2466
5.20220220	2533
5.20220313	2380
5.20220320	3143
5.20220420	3390
5.20220527	3126
5.20220620	24894
