version	total
2.005001	19292
2.006003	160064
2.006006	32990
