version	total
0.001011	36667
0.001013	223264
