version	total
1.006900	33352
1.007002	149353
1.007003	119360
