version	total
1.003008	5866
1.004000	6109
1.004003	2285
