version	total
1.20141117	5143
1.20190531	2603
