version	total
0.001011	39626
0.001013	243049
