version	total
1.000005	29201
1.002002	8687
1.004002	7828
1.004003	5192
1.004004	147463
1.012004	2755
1.012005	2348
1.014000	2321
1.016002	2075
1.016006	2556
