version	total
1.000005	26027
1.002002	8543
1.004002	7583
1.004003	4939
1.004004	136136
1.012004	2538
1.012005	2127
1.014000	2099
1.016002	1984
1.016006	2319
