version	total
0.042	72458
1.000000	22758
1.002001	500213
1.002002	302967
