version	total
0.103004	10653
0.103005	2788
0.103006	2342
