version	total
2.005001	19611
2.006003	168068
2.006006	45357
