version	total
4.161950	8472
4.201720	18212
