version	total
2.000002	5993
2.001000	38985
2.003004	176476
2.005004	34871
