version	total
0.042	76885
1.000000	22833
1.002001	513608
1.002002	324816
