version	total
1.94	170187
1.99	2770
2.000000	2470
2.001000	2008
2.002000	3272
2.002001	2039
2.003000	1332
