version	total
2.000001	34423
2.000006	25182
2.000008	151310
2.002004	31034
