version	total
1.003008	5866
1.004000	6108
1.004003	2284
