version	total
4.161950	8383
4.201720	17571
