version	total
2.120921	10339
2.150010	98075
