version	total
0.17024	31162
0.17027	142003
0.17029	3506
0.17030	338
