version	total
1.302052	9489
1.302075	16586
1.302140	5597
1.302141	4896
1.302156	5841
1.302164	9530
1.302188	2531
1.302189	2294
1.302190	7051
