version	total
0.001011	35681
0.001013	217038
