version	total
0.002005	4935
0.002006	4972
0.002009	6047
