version	total
0.002005	4928
0.002006	4944
0.002009	4798
