version	total
0.100003	5613
0.100005	2322
0.100006	1740
