version	total
1.000019	7233
1.000033	15582
1.000036	93549
1.000037	18383
1.000038	41290
