version	total
2.005001	19539
2.006003	166288
2.006006	43472
