version	total
2.000001	36552
2.000006	25422
2.000008	157749
2.002004	38210
