version	total
0.100052	8385
0.100054	2320
0.100055	1764
