version	total
0.17024	33134
0.17027	148183
0.17029	3639
0.17030	676
