version	total
2.005001	19130
2.006003	155945
2.006006	29827
