version	total
0.000061	11800
0.000115	6614
0.000116	5394
0.000117	20045
0.000144	2941
0.000145	180785
0.000163	42363
