version	total
0.103004	10144
0.103005	2575
0.103006	1971
