version	total
2.120921	10271
2.150010	96497
