version	total
0.001011	35215
0.001013	213690
