version	total
1.003008	6006
1.004000	6256
1.004003	2370
