version	total
2.005001	19679
2.006003	169364
2.006006	46765
