version	total
2.005001	19220
2.006003	157669
2.006006	30898
