version	total
2.120921	10438
2.150010	100899
