version	total
2.000002	5878
2.001000	36845
2.003004	169535
2.005004	28842
