version	total
1.100602	7480
1.100603	1769
