version	total
0.204001	2177
0.204003	2157
0.206003	3209
0.207001	2322
0.207002	2291
0.207003	862
