version	total
0.042	81965
1.000000	22985
1.002001	526467
1.002002	348066
