version	total
1.000005	28472
1.002002	8650
1.004002	7737
1.004003	5100
1.004004	144882
1.012004	2668
1.012005	2261
1.014000	2233
1.016002	2045
1.016006	2491
