version	total
2.000001	34096
2.000006	25136
2.000008	150261
2.002004	30245
