version	total
1.006900	30539
1.007002	140795
1.007003	87889
