version	total
2.120921	10394
2.150010	99975
