version	total
1.302052	9624
1.302075	17193
1.302140	5671
1.302141	4970
1.302156	5915
1.302164	9779
1.302188	2597
1.302189	2360
1.302190	7638
