version	total
0.008	15038
0.006007	6004
0.008002	9119
0.008004	9104
0.008005	2176
0.008006	2147
0.008007	1736
0.008008	1363
0.008009	1001
