version	total
2.120921	10233
2.150010	95527
