version	total
0.001011	38203
0.001013	234219
