version	total
1.967013	32330
1.967015	145640
