version	total
2.005001	19481
2.006003	165162
2.006006	40336
