version	total
2.000002	5924
2.001000	37487
2.003004	171606
2.005004	30228
