version	total
2.000002	6076
2.001000	41278
2.003004	182680
2.005004	45073
