version	total
2.000001	36980
2.000006	25481
2.000008	158683
2.002004	40540
