version	total
5.20180120	6717
5.20180626	5454
5.20180820	8940
5.20181130	4920
5.20181218	11338
5.20190420	5388
5.20190524	86309
5.20220120	2601
5.20220220	2666
5.20220313	2513
5.20220320	3279
5.20220420	3521
5.20220527	3260
5.20220620	26140
5.20230220	148
5.20250528	640
5.20250702	418
5.20250720	341
5.20250803	584
5.20250820	2329
5.20250923	2772
5.20251022	2072
5.20251120	471
