version	total
0.100052	8234
0.100054	2290
0.100055	1683
