version	total
0.100003	5676
0.100005	2369
0.100006	1790
