version	total
1.94	175339
1.99	2890
2.000000	2564
2.001000	2082
2.002000	3385
2.002001	2129
2.003000	1627
