version	total
0.001011	38958
0.001013	239573
