version	total
1.94	180051
1.99	3038
2.000000	2693
2.001000	2191
2.002000	3486
2.002001	2199
2.003000	1937
