version	total
2.000002	5922
2.001000	37431
2.003004	171438
2.005004	30090
