version	total
2.000024	8155
2.000028	2459
2.000029	7161
