version	total
0.001011	37573
0.001013	229618
