version	total
5.20180120	6686
5.20180626	5431
5.20180820	8917
5.20181130	4898
5.20181218	11317
5.20190420	5365
5.20190524	86034
5.20220120	2579
5.20220220	2644
5.20220313	2491
5.20220320	3257
5.20220420	3499
5.20220527	3239
5.20220620	26103
5.20230220	125
5.20250528	613
5.20250702	395
5.20250720	319
5.20250803	553
5.20250820	2302
5.20250923	2528
5.20251022	984
