version	total
1.967013	34689
1.967015	154369
