version	total
0.094002	2098
0.094003	1502
