version	total
2.005001	19682
2.006003	169481
2.006006	46870
