version	total
0.042	74067
1.000000	22805
1.002001	505335
1.002002	311439
