version	total
0.000061	12540
0.000115	6723
0.000116	5502
0.000117	20292
0.000144	3046
0.000145	183424
0.000163	55151
