version	total
1.006900	30476
1.007002	140634
1.007003	87335
