version	total
0.17024	33013
0.17027	147764
0.17029	3628
0.17030	650
