version	total
5.20180120	6829
5.20180626	5539
5.20180820	9029
5.20181130	5009
5.20181218	11428
5.20190420	5477
5.20190524	86945
5.20220120	2677
5.20220220	2746
5.20220313	2590
5.20220320	3357
5.20220420	3600
5.20220527	3338
5.20220620	26257
5.20230220	231
5.20250528	721
5.20250702	495
5.20250720	418
5.20250803	675
5.20250820	2366
5.20250923	3117
5.20251022	2497
5.20251120	3151
5.20251220	2294
5.20260119	1377
