version	total
1.94	173719
1.99	2850
2.000000	2531
2.001000	2053
2.002000	3354
2.002001	2107
2.003000	1537
