version	total
1.94	172419
1.99	2811
2.000000	2499
2.001000	2027
2.002000	3329
2.002001	2084
2.003000	1469
