version	total
1.100602	7472
1.100603	1766
