version	total
2.005001	19484
2.006003	165214
2.006006	40448
