version	total
4.161950	8176
4.201720	15152
