version	total
2.000024	8314
2.000028	2554
2.000029	7870
