version	total
1.006900	33847
1.007002	150575
1.007003	125682
