version	total
2.000001	37607
2.000006	25548
2.000008	160291
2.002004	44067
