version	total
2.120921	10440
2.150010	100923
