version	total
2.000024	8253
2.000028	2512
2.000029	7610
