version	total
1.006900	33770
1.007002	150382
1.007003	124813
