version	total
1.967013	31818
1.967015	143227
