version	total
1.003008	5876
1.004000	6119
1.004003	2291
