version	total
0.008	15595
0.006007	6010
0.008002	9391
0.008004	9381
0.008005	2188
0.008006	2159
0.008007	1748
0.008008	1375
0.008009	1013
