version	total
0.001011	38927
0.001013	239250
