version	total
2.000001	34246
2.000006	25157
2.000008	150739
2.002004	30647
