version	total
1.000005	28520
1.002002	8655
1.004002	7742
1.004003	5105
1.004004	145061
1.012004	2672
1.012005	2265
1.014000	2238
1.016002	2049
1.016006	2496
