version	total
0.001011	38973
0.001013	239676
