version	total
0.094002	2112
0.094003	1517
