version	total
4.161950	7850
4.201720	12369
