version	total
0.042	74644
1.000000	22810
1.002001	507130
1.002002	314382
