version	total
1.302052	9322
1.302075	15760
1.302140	5530
1.302141	4830
1.302156	5772
1.302164	9220
1.302188	2474
1.302189	2238
1.302190	6329
