version	total
1.302052	9504
1.302075	16663
1.302140	5601
1.302141	4901
1.302156	5846
1.302164	9554
1.302188	2534
1.302189	2297
1.302190	7132
