version	total
0.001011	35885
0.001013	218283
