version	total
0.100052	8202
0.100054	2281
0.100055	1671
