version	total
2.000002	5982
2.001000	38745
2.003004	175680
2.005004	34279
