version	total
2.000002	5853
2.001000	36715
2.003004	169029
2.005004	28522
