version	total
0.001011	39089
0.001013	240173
