version	total
0.004010	5473
0.004011	5287
