version	total
0.000061	11646
0.000115	6588
0.000116	5368
0.000117	19999
0.000144	2918
0.000145	180321
0.000163	39217
