version	total
1.967013	32303
1.967015	145495
