version	total
0.17024	32926
0.17027	147456
0.17029	3620
0.17030	628
