version	total
0.100052	8400
0.100054	2324
0.100055	1769
