version	total
0.204001	2149
0.204003	2128
0.206003	3106
0.207001	2276
0.207002	2248
0.207003	820
