version	total
2.000002	5967
2.001000	38435
2.003004	174672
2.005004	33409
