version	total
0.004010	5469
0.004011	5283
