version	total
1.94	169655
1.99	2765
2.000000	2468
2.001000	2008
2.002000	3266
2.002001	2033
2.003000	1310
