version	total
2.000002	5993
2.001000	39015
2.003004	176589
2.005004	34964
