version	total
0.008	15706
0.006007	6013
0.008002	9457
0.008004	9445
0.008005	2191
0.008006	2162
0.008007	1751
0.008008	1378
0.008009	1016
