version	total
1.006900	31904
1.007002	145521
1.007003	101810
