version	total
4.161950	8346
4.201720	16927
