version	total
2.120921	10322
2.150010	97651
