version	total
0.004010	5478
0.004011	5293
