version	total
0.001011	37589
0.001013	229657
