version	total
5.20180120	6514
5.20180626	5329
5.20180820	8812
5.20181130	4794
5.20181218	11185
5.20190420	5262
5.20190524	84726
5.20220120	2489
5.20220220	2556
5.20220313	2402
5.20220320	3165
5.20220420	3410
5.20220527	3150
5.20220620	25937
5.20230220	30
5.20250528	504
5.20250702	20
