version	total
1.000005	28891
1.002002	8667
1.004002	7786
1.004003	5149
1.004004	146289
1.012004	2715
1.012005	2308
1.014000	2281
1.016002	2058
1.016006	2522
