version	total
0.002005	4910
0.002006	4860
0.002009	2285
