version	total
0.000061	12517
0.000115	6718
0.000116	5497
0.000117	20286
0.000144	3041
0.000145	183368
0.000163	54742
