version	total
0.100003	5804
0.100005	2475
0.100006	1894
