version	total
0.002005	4884
0.002006	4825
0.002009	2267
