version	total
0.103004	10221
0.103005	2599
0.103006	2015
