version	total
2.000024	8191
2.000028	2474
2.000029	7290
