version	total
0.002005	4944
0.002006	5017
0.002009	7986
