version	total
1.20141117	5247
1.20190531	2684
