version	total
0.001011	35448
0.001013	215103
