version	total
1.302052	9516
1.302075	16720
1.302140	5605
1.302141	4905
1.302156	5850
1.302164	9572
1.302188	2536
1.302189	2299
1.302190	7184
