version	total
2.120921	10393
2.150010	99928
