version	total
4.161950	7760
4.201720	11640
