version	total
0.100052	8401
0.100054	2325
0.100055	1771
