version	total
1.006900	30856
1.007002	141932
1.007003	90450
