version	total
0.001011	37881
0.001013	231500
