version	total
4.161950	8372
4.201720	17349
