version	total
4.161950	7766
4.201720	11665
