version	total
2.000001	36513
2.000006	25416
2.000008	157663
2.002004	38124
