version	total
1.302052	9655
1.302075	17356
1.302140	5688
1.302141	4989
1.302156	5932
1.302164	9842
1.302188	2612
1.302189	2376
1.302190	7772
