version	total
0.17024	31234
0.17027	142221
0.17029	3508
0.17030	343
