version	total
0.042	75675
1.000000	22822
1.002001	509908
1.002002	318488
