version	total
2.000024	7982
2.000028	2394
2.000029	6182
