version	total
5.20180120	6442
5.20180626	5295
5.20180820	8777
5.20181130	4761
5.20181218	11135
5.20190420	5230
5.20190524	83831
5.20220120	2464
5.20220220	2531
5.20220313	2379
5.20220320	3142
5.20220420	3389
5.20220527	3125
5.20220620	24786
