version	total
0.100003	5736
0.100005	2420
0.100006	1840
