version	total
2.005001	19348
2.006003	162135
2.006006	35076
