version	total
0.204001	2195
0.204003	2178
0.206003	3308
0.207001	2377
0.207002	2347
0.207003	917
