version	total
0.17024	30110
0.17027	137827
0.17029	3454
0.17030	160
