version	total
2.000001	34469
2.000006	25188
2.000008	151410
2.002004	31150
