version	total
1.006900	34333
1.007002	151839
1.007003	132821
