version	total
4.161950	8200
4.201720	15264
