version	total
1.20141117	5258
1.20190531	2692
