version	total
0.042	83244
1.000000	23027
1.002001	529533
1.002002	353520
