version	total
1.94	169680
1.99	2767
2.000000	2469
2.001000	2008
2.002000	3268
2.002001	2036
2.003000	1313
