version	total
0.17024	31657
0.17027	143734
0.17029	3518
0.17030	409
