version	total
0.008	20572
0.006007	6053
0.008002	11988
0.008004	11958
0.008005	2284
0.008006	2256
0.008007	1845
0.008008	1475
0.008009	1114
