version	total
0.001011	37181
0.001013	226257
