version	total
0.100003	5747
0.100005	2428
0.100006	1847
