version	total
0.002005	4916
0.002006	4871
0.002009	2400
