version	total
0.001011	38244
0.001013	234572
