version	total
2.120921	10428
2.150010	100577
