version	total
1.20141117	5167
1.20190531	2619
