version	total
1.006900	32041
1.007002	146028
1.007003	105564
