version	total
0.008	14808
0.006007	6000
0.008002	8995
0.008004	8980
0.008005	2171
0.008006	2142
0.008007	1731
0.008008	1358
0.008009	996
