version	total
0.008	9974
0.006007	5931
0.008002	6459
0.008004	6354
0.008005	2127
0.008006	2101
0.008007	1688
0.008008	1313
0.008009	941
