version	total
0.103004	10400
0.103005	2654
0.103006	2146
