version	total
1.100602	7720
1.100603	1967
