version	total
1.000005	26627
1.002002	8571
1.004002	7611
1.004003	4973
1.004004	138677
1.012004	2558
1.012005	2149
1.014000	2120
1.016002	2003
1.016006	2370
