version	total
0.000061	12678
0.000115	6753
0.000116	5531
0.000117	20330
0.000144	3074
0.000145	183770
0.000163	57394
