version	total
0.100003	5659
0.100005	2356
0.100006	1775
