version	total
4.161950	8017
4.201720	13962
