version	total
1.967013	33702
1.967015	151118
