version	total
1.967013	32850
1.967015	147892
