version	total
0.008	11419
0.006007	5954
0.008002	7195
0.008004	7122
0.008005	2133
0.008006	2107
0.008007	1694
0.008008	1320
0.008009	954
