version	total
4.161950	8371
4.201720	17338
