version	total
0.17024	30788
0.17027	140673
0.17029	3493
0.17030	273
