version	total
0.100003	5712
0.100005	2399
0.100006	1819
