version	total
2.000024	8136
2.000028	2444
2.000029	7068
