version	total
0.000061	12273
0.000115	6682
0.000116	5462
0.000117	20225
0.000144	3006
0.000145	182412
0.000163	49406
