version	total
0.17024	32837
0.17027	147229
0.17029	3614
0.17030	614
