version	total
1.006900	30866
1.007002	141979
1.007003	90578
