version	total
0.000061	12578
0.000115	6732
0.000116	5511
0.000117	20302
0.000144	3055
0.000145	183488
0.000163	55681
