version	total
0.001011	37837
0.001013	231397
