version	total
1.94	163844
1.99	2665
2.000000	2400
2.001000	1971
2.002000	3113
2.002001	1907
2.003000	971
