version	total
1.006900	30785
1.007002	141715
1.007003	89932
