version	total
2.005001	19447
2.006003	164476
2.006006	38451
