version	total
2.000001	37796
2.000006	25571
2.000008	160736
2.002004	44349
