version	total
1.100602	7489
1.100603	1775
