version	total
0.000061	12027
0.000115	6650
0.000116	5430
0.000117	20138
0.000144	2976
0.000145	181570
0.000163	46266
