version	total
1.000019	6984
1.000033	15437
1.000036	91138
1.000037	18276
1.000038	22957
