version	total
0.004010	5659
0.004011	5574
