version	total
1.006900	33606
1.007002	150039
1.007003	122389
