version	total
0.004010	5550
0.004011	5445
