version	total
0.103004	10352
0.103005	2635
0.103006	2111
