version	total
1.006900	33854
1.007002	150580
1.007003	125725
