version	total
0.100003	5629
0.100005	2334
0.100006	1752
