version	total
0.004010	5537
0.004011	5429
