version	total
1.006900	34055
1.007002	151071
1.007003	128556
