version	total
2.000002	5939
2.001000	37826
2.003004	172855
2.005004	31414
