version	total
0.008	14978
0.006007	6004
0.008002	9095
0.008004	9077
0.008005	2175
0.008006	2146
0.008007	1735
0.008008	1362
0.008009	1000
