version	total
1.94	179777
1.99	3030
2.000000	2686
2.001000	2185
2.002000	3482
2.002001	2196
2.003000	1926
