version	total
0.17024	33130
0.17027	148126
0.17029	3638
0.17030	675
