version	total
2.000024	8144
2.000028	2451
2.000029	7126
