version	total
1.000019	7346
1.000033	15658
1.000036	94534
1.000037	18436
1.000038	55391
