version	total
5.20180120	6430
5.20180626	5285
5.20180820	8767
5.20181130	4751
5.20181218	11124
5.20190420	5221
5.20190524	83741
5.20220120	2455
5.20220220	2522
5.20220313	2371
5.20220320	3134
5.20220420	3381
5.20220527	3117
5.20220620	24703
