version	total
0.008	20616
0.006007	6073
0.008002	12032
0.008004	12001
0.008005	2322
0.008006	2294
0.008007	1882
0.008008	1515
0.008009	1153
