version	total
1.302052	9635
1.302075	17279
1.302140	5679
1.302141	4978
1.302156	5923
1.302164	9809
1.302188	2605
1.302189	2368
1.302190	7717
