version	total
0.008	9362
0.006007	5920
0.008002	6126
0.008004	6035
0.008005	2124
0.008006	2098
0.008007	1685
0.008008	1310
0.008009	927
