version	total
0.042	83538
1.000000	23036
1.002001	530204
1.002002	354871
