version	total
1.006900	32124
1.007002	146215
1.007003	106305
