version	total
2.000002	6000
2.001000	39173
2.003004	177094
2.005004	35251
