version	total
1.000019	7081
1.000033	15487
1.000036	92194
1.000037	18314
1.000038	27991
