version	total
1.302052	9628
1.302075	17234
1.302140	5674
1.302141	4973
1.302156	5918
1.302164	9799
1.302188	2600
1.302189	2363
1.302190	7673
