version	total
0.17024	30723
0.17027	140320
0.17029	3492
0.17030	264
