version	total
2.005001	19303
2.006003	160321
2.006006	33330
