version	total
1.000005	28576
1.002002	8656
1.004002	7748
1.004003	5111
1.004004	145236
1.012004	2678
1.012005	2271
1.014000	2244
1.016002	2050
1.016006	2500
