version	total
4.161950	8605
4.201720	19301
