version	total
1.967013	34408
1.967015	153432
