version	total
0.042	80976
1.000000	22947
1.002001	524234
1.002002	344071
