version	total
0.042	82289
1.000000	22998
1.002001	527294
1.002002	349427
