version	total
1.003008	6062
1.004000	6309
1.004003	2414
