version	total
1.006900	33712
1.007002	150310
1.007003	124087
