version	total
2.000001	35881
2.000006	25325
2.000008	155770
2.002004	35328
