version	total
0.004010	5642
0.004011	5555
