version	total
0.000061	12186
0.000115	6671
0.000116	5451
0.000117	20197
0.000144	2994
0.000145	181944
0.000163	48124
