version	total
0.042	74754
1.000000	22813
1.002001	507434
1.002002	314901
