version	total
4.161950	8196
4.201720	15241
