version	total
1.000005	28584
1.002002	8656
1.004002	7749
1.004003	5112
1.004004	145279
1.012004	2680
1.012005	2273
1.014000	2245
1.016002	2050
1.016006	2500
