version	total
0.17024	33113
0.17027	148083
0.17029	3637
0.17030	672
