version	total
2.000024	7902
2.000028	2363
2.000029	5823
