version	total
2.000024	7974
2.000028	2393
2.000029	6149
