version	total
2.000002	6035
2.001000	40212
2.003004	179753
2.005004	41946
