version	total
0.008	16389
0.006007	6017
0.008002	9805
0.008004	9823
0.008005	2200
0.008006	2171
0.008007	1760
0.008008	1387
0.008009	1025
