version	total
5.20180120	6606
5.20180626	5377
5.20180820	8863
5.20181130	4844
5.20181218	11242
5.20190420	5311
5.20190524	85463
5.20220120	2530
5.20220220	2595
5.20220313	2442
5.20220320	3208
5.20220420	3450
5.20220527	3190
5.20220620	26030
5.20230220	76
5.20250528	555
5.20250702	345
5.20250720	268
5.20250803	486
5.20250820	2091
