version	total
0.008	17073
0.006007	6023
0.008002	10177
0.008004	10172
0.008005	2213
0.008006	2184
0.008007	1773
0.008008	1400
0.008009	1040
