version	total
1.967013	33633
1.967015	150901
