version	total
2.000001	34978
2.000006	25251
2.000008	153120
2.002004	32806
