version	total
0.004010	5718
0.004011	5644
