version	total
0.002005	4941
0.002006	5006
0.002009	7342
