version	total
1.006900	34392
1.007002	152096
1.007003	134566
