version	total
1.000019	7284
1.000033	15609
1.000036	93963
1.000037	18409
1.000038	47596
