version	total
0.008	20586
0.006007	6061
0.008002	12002
0.008004	11972
0.008005	2295
0.008006	2267
0.008007	1855
0.008008	1485
0.008009	1125
