version	total
0.17024	32652
0.17027	146692
0.17029	3599
0.17030	582
