version	total
1.000019	7235
1.000033	15583
1.000036	93575
1.000037	18384
1.000038	41476
