version	total
2.000024	8231
2.000028	2497
2.000029	7502
