version	total
2.005001	19601
2.006003	167823
2.006006	45148
