version	total
0.094002	2081
0.094003	1485
