version	total
2.000001	35859
2.000006	25322
2.000008	155714
2.002004	35285
