version	total
2.005001	19311
2.006003	160783
2.006006	33825
