version	total
0.204001	2216
0.204003	2197
0.206003	3471
0.207001	2451
0.207002	2420
0.207003	990
