version	total
1.302052	9729
1.302075	17753
1.302140	5743
1.302141	5045
1.302156	5989
1.302164	9994
1.302188	2665
1.302189	2430
1.302190	8142
