version	total
0.042	73665
1.000000	22798
1.002001	503948
1.002002	309245
