version	total
0.204001	2196
0.204003	2179
0.206003	3315
0.207001	2382
0.207002	2352
0.207003	922
