version	total
1.000019	7169
1.000033	15529
1.000036	92958
1.000037	18353
1.000038	33752
