version	total
1.302052	9467
1.302075	16448
1.302140	5591
1.302141	4890
1.302156	5834
1.302164	9490
1.302188	2526
1.302189	2289
1.302190	6944
