version	total
1.94	172746
1.99	2820
2.000000	2506
2.001000	2033
2.002000	3333
2.002001	2089
2.003000	1487
