version	total
1.967013	34514
1.967015	153802
