version	total
2.000002	6014
2.001000	39690
2.003004	178430
2.005004	38365
