version	total
0.000061	12959
0.000115	6800
0.000116	5576
0.000117	20421
0.000144	3116
0.000145	184512
0.000163	63597
