version	total
2.000024	8245
2.000028	2507
2.000029	7569
