version	total
1.100602	7517
1.100603	1797
