version	total
1.94	179602
1.99	3026
2.000000	2682
2.001000	2181
2.002000	3481
2.002001	2196
2.003000	1921
