version	total
0.002005	4861
0.002006	4800
0.002009	2244
