version	total
1.100602	7493
1.100603	1779
