version	total
0.042	78904
1.000000	22895
1.002001	519282
1.002002	335225
