version	total
1.003008	5946
1.004000	6193
1.004003	2322
