version	total
1.006900	32408
1.007002	147038
1.007003	109267
