version	total
4.161950	8264
4.201720	15838
