version	total
2.000002	5900
2.001000	37098
2.003004	170340
2.005004	29251
