version	total
0.17024	33665
0.17027	149834
0.17029	3701
0.17030	814
