version	total
0.17024	31976
0.17027	144765
0.17029	3544
0.17030	469
