version	total
0.000061	11861
0.000115	6625
0.000116	5406
0.000117	20070
0.000144	2952
0.000145	180928
0.000163	43287
