version	total
1.006900	31950
1.007002	145663
1.007003	104008
