version	total
1.000019	7105
1.000033	15496
1.000036	92461
1.000037	18322
1.000038	29393
