version	total
0.001011	36444
0.001013	221868
