version	total
1.999813	4828
1.999816	5065
1.999829	2186
1.999830	2089
1.999831	2010
1.999832	2001
1.999833	2002
1.999835	2000
1.999836	1938
1.999837	1938
1.999838	1430
1.999839	1216
1.999841	1077
1.999842	1071
2.000000	1080
2.001000	1045
2.001001	1028
2.002000	1005
2.002001	991
2.003001	679
2.003002	660
2.003003	404
2.003004	115
2.004001	125
2.005001	91
2.005002	93
2.005003	75
