version	total
5.20180120	6656
5.20180626	5411
5.20180820	8897
5.20181130	4878
5.20181218	11293
5.20190420	5345
5.20190524	85838
5.20220120	2562
5.20220220	2627
5.20220313	2474
5.20220320	3240
5.20220420	3482
5.20220527	3222
5.20220620	26078
5.20230220	108
5.20250528	591
5.20250702	377
5.20250720	301
5.20250803	532
5.20250820	2229
5.20250923	2417
