version	total
1.006900	31957
1.007002	145701
1.007003	104402
