version	total
2.120921	10423
2.150010	100441
