version	total
1.006900	32618
1.007002	147617
1.007003	112025
