version	total
1.967013	31527
1.967015	141778
