version	total
2.000002	5967
2.001000	38433
2.003004	174653
2.005004	33343
