version	total
0.100052	8216
0.100054	2285
0.100055	1676
