version	total
0.100003	5640
0.100005	2344
0.100006	1762
