version	total
1.94	168304
1.99	2749
2.000000	2458
2.001000	2007
2.002000	3232
2.002001	2009
2.003000	1221
