version	total
1.999813	4883
1.999816	5162
1.999829	2225
1.999830	2130
1.999831	2050
1.999832	2042
1.999833	2043
1.999835	2041
1.999836	1979
1.999837	1978
1.999838	1470
1.999839	1255
1.999841	1117
1.999842	1110
2.000000	1285
2.001000	1247
2.001001	1229
2.002000	1131
2.002001	1118
2.003001	715
2.003002	700
2.003003	441
2.003004	156
2.004001	164
2.005001	297
2.005002	299
2.005003	300
