version	total
0.204001	2188
0.204003	2170
0.206003	3245
0.207001	2336
0.207002	2305
0.207003	876
