version	total
2.000002	6042
2.001000	40518
2.003004	180538
2.005004	42697
