version	total
2.000001	34141
2.000006	25144
2.000008	150405
2.002004	30377
