version	total
0.042	74446
1.000000	22807
1.002001	506547
1.002002	313411
