version	total
0.004010	5564
0.004011	5462
