version	total
5.20180120	6599
5.20180626	5373
5.20180820	8859
5.20181130	4841
5.20181218	11239
5.20190420	5307
5.20190524	85437
5.20220120	2527
5.20220220	2592
5.20220313	2439
5.20220320	3205
5.20220420	3447
5.20220527	3187
5.20220620	26026
5.20230220	73
5.20250528	552
5.20250702	342
5.20250720	265
5.20250803	482
5.20250820	1795
