version	total
2.005001	19183
2.006003	156723
2.006006	30209
