version	total
0.17024	30522
0.17027	139370
0.17029	3487
0.17030	228
