version	total
5.20180120	6830
5.20180626	5540
5.20180820	9030
5.20181130	5010
5.20181218	11429
5.20190420	5478
5.20190524	86952
5.20220120	2678
5.20220220	2747
5.20220313	2591
5.20220320	3358
5.20220420	3600
5.20220527	3338
5.20220620	26257
5.20230220	232
5.20250528	722
5.20250702	496
5.20250720	419
5.20250803	676
5.20250820	2367
5.20250923	3117
5.20251022	2503
5.20251120	3151
5.20251220	2294
5.20260119	1492
