version	total
0.008	13271
0.006007	5982
0.008002	8197
0.008004	8155
0.008005	2142
0.008006	2113
0.008007	1703
0.008008	1329
0.008009	965
