version	total
1.967013	34456
1.967015	153616
