version	total
1.94	172100
1.99	2801
2.000000	2491
2.001000	2020
2.002000	3324
2.002001	2077
2.003000	1436
