version	total
5.20180120	6792
5.20180626	5509
5.20180820	8999
5.20181130	4976
5.20181218	11396
5.20190420	5444
5.20190524	86718
5.20220120	2652
5.20220220	2717
5.20220313	2564
5.20220320	3330
5.20220420	3573
5.20220527	3311
5.20220620	26211
5.20230220	198
5.20250528	694
5.20250702	469
5.20250720	392
5.20250803	641
5.20250820	2351
5.20250923	2984
5.20251022	2339
5.20251120	3144
5.20251220	1256
