version	total
0.17024	32084
0.17027	145204
0.17029	3555
0.17030	492
