version	total
0.004010	5682
0.004011	5603
