version	total
0.000061	12915
0.000115	6794
0.000116	5570
0.000117	20405
0.000144	3110
0.000145	184412
0.000163	62584
