version	total
0.042	76041
1.000000	22825
1.002001	510998
1.002002	320267
