version	total
1.302052	9389
1.302075	16039
1.302140	5567
1.302141	4867
1.302156	5809
1.302164	9318
1.302188	2507
1.302189	2272
1.302190	6568
