version	total
2.000002	5870
2.001000	36788
2.003004	169285
2.005004	28716
