version	total
1.967013	32970
1.967015	148436
