version	total
1.100602	7377
1.100603	1694
