version	total
0.001011	39126
0.001013	240396
