version	total
0.004010	5728
0.004011	5657
