version	total
0.000061	11537
0.000115	6582
0.000116	5362
0.000117	19971
0.000144	2913
0.000145	179769
0.000163	36472
