version	total
1.302052	9454
1.302075	16381
1.302140	5588
1.302141	4887
1.302156	5830
1.302164	9453
1.302188	2524
1.302189	2287
1.302190	6883
