version	total
0.042	75743
1.000000	22823
1.002001	510045
1.002002	318725
