version	total
1.003008	5854
1.004000	6097
1.004003	2281
