version	total
1.006900	32220
1.007002	146462
1.007003	107111
