version	total
0.001011	35950
0.001013	218614
