version	total
2.120921	10213
2.150010	94827
