version	total
1.967013	34168
1.967015	152639
