version	total
1.302052	9758
1.302075	17826
1.302140	5760
1.302141	5062
1.302156	6007
1.302164	10041
1.302188	2681
1.302189	2444
1.302190	8217
