version	total
1.94	178304
1.99	2980
2.000000	2642
2.001000	2150
2.002000	3446
2.002001	2170
2.003000	1821
