version	total
0.001011	37495
0.001013	228840
