version	total
1.003008	5900
1.004000	6150
1.004003	2298
