version	total
2.005001	19245
2.006003	158206
2.006006	31349
