version	total
1.000005	25871
1.002002	8524
1.004002	7564
1.004003	4920
1.004004	135441
1.012004	2520
1.012005	2109
1.014000	2079
1.016002	1966
1.016006	2298
