version	total
1.302052	9824
1.302075	18126
1.302140	5797
1.302141	5098
1.302156	6044
1.302164	10158
1.302188	2708
1.302189	2471
1.302190	8487
