version	total
0.000061	12103
0.000115	6660
0.000116	5440
0.000117	20175
0.000144	2986
0.000145	181771
0.000163	47355
