version	total
0.103004	10293
0.103005	2616
0.103006	2076
