version	total
1.302052	9770
1.302075	17880
1.302140	5767
1.302141	5069
1.302156	6014
1.302164	10060
1.302188	2685
1.302189	2448
1.302190	8267
