version	total
1.302052	9346
1.302075	15823
1.302140	5548
1.302141	4848
1.302156	5790
1.302164	9252
1.302188	2492
1.302189	2256
1.302190	6391
