version	total
0.17024	30629
0.17027	139848
0.17029	3490
0.17030	243
