version	total
0.042	78458
1.000000	22884
1.002001	518136
1.002002	332919
