version	total
1.003008	6031
1.004000	6278
1.004003	2387
