version	total
2.000002	6074
2.001000	41196
2.003004	182383
2.005004	44740
