version	total
1.006900	34500
1.007002	152412
1.007003	136290
