version	total
1.000005	26793
1.002002	8575
1.004002	7615
1.004003	4978
1.004004	139352
1.012004	2561
1.012005	2152
1.014000	2123
1.016002	2006
1.016006	2385
