version	total
1.967013	33528
1.967015	150594
