version	total
1.967013	33038
1.967015	148729
