version	total
4.161950	7791
4.201720	11944
