version	total
0.17024	33213
0.17027	148355
0.17029	3646
0.17030	689
