version	total
0.004010	5574
0.004011	5475
