version	total
0.008	20629
0.006007	6076
0.008002	12044
0.008004	12013
0.008005	2333
0.008006	2305
0.008007	1893
0.008008	1526
0.008009	1164
