version	total
2.120921	10467
2.150010	101682
