version	total
0.042	81061
1.000000	22951
1.002001	524473
1.002002	344395
