version	total
0.204001	2169
0.204003	2149
0.206003	3182
0.207001	2314
0.207002	2282
0.207003	854
