version	total
2.000002	6034
2.001000	40193
2.003004	179692
2.005004	41827
