version	total
0.100052	8460
0.100054	2339
0.100055	1807
