version	total
0.042	77003
1.000000	22836
1.002001	513921
1.002002	325448
