version	total
0.100003	5623
0.100005	2330
0.100006	1748
