version	total
0.001011	39395
0.001013	241703
