version	total
2.120921	10486
2.150010	102185
