version	total
2.120921	10468
2.150010	101703
