version	total
1.000019	7164
1.000033	15526
1.000036	92911
1.000037	18351
1.000038	32996
