version	total
0.094002	2126
0.094003	1558
