version	total
1.967013	34803
1.967015	154787
