version	total
1.000019	7202
1.000033	15562
1.000036	93305
1.000037	18368
1.000038	38057
