version	total
1.967013	33884
1.967015	151715
