version	total
0.002005	4918
0.002006	4882
0.002009	2895
