version	total
2.005001	19264
2.006003	159036
2.006006	32261
