version	total
0.042	75963
1.000000	22825
1.002001	510761
1.002002	319871
