version	total
0.001011	39114
0.001013	240310
