version	total
0.001011	38851
0.001013	238817
