version	total
5.20180120	6857
5.20180626	5562
5.20180820	9054
5.20181130	5040
5.20181218	11456
5.20190420	5500
5.20190524	87093
5.20220120	2697
5.20220220	2766
5.20220313	2611
5.20220320	3377
5.20220420	3619
5.20220527	3356
5.20220620	26281
5.20230220	250
5.20250528	741
5.20250702	517
5.20250720	440
5.20250803	700
5.20250820	2370
5.20250923	3203
5.20251022	2604
5.20251120	3164
5.20251220	2299
5.20260119	3313
5.20260220	109
