version	total
0.042	79209
1.000000	22901
1.002001	520021
1.002002	336570
