version	total
1.967013	31988
1.967015	143986
