version	total
1.000005	27324
1.002002	8590
1.004002	7631
1.004003	4994
1.004004	141226
1.012004	2571
1.012005	2163
1.014000	2134
1.016002	2017
1.016006	2426
