version	total
1.000005	28613
1.002002	8657
1.004002	7751
1.004003	5114
1.004004	145412
1.012004	2682
1.012005	2275
1.014000	2247
1.016002	2051
1.016006	2502
