version	total
0.000061	11568
0.000115	6584
0.000116	5364
0.000117	19977
0.000144	2915
0.000145	179968
0.000163	37036
