version	total
0.17024	31218
0.17027	142162
0.17029	3507
0.17030	342
