version	total
5.20180120	6867
5.20180626	5569
5.20180820	9062
5.20181130	5049
5.20181218	11474
5.20190420	5507
5.20190524	87149
5.20220120	2704
5.20220220	2773
5.20220313	2618
5.20220320	3384
5.20220420	3626
5.20220527	3363
5.20220620	26290
5.20230220	257
5.20250528	749
5.20250702	524
5.20250720	452
5.20250803	708
5.20250820	2372
5.20250923	3269
5.20251022	2681
5.20251120	3168
5.20251220	2303
5.20260119	3346
5.20260220	624
