version	total
0.042	74527
1.000000	22807
1.002001	506822
1.002002	313886
