version	total
1.20141117	5318
1.20190531	2733
