version	total
0.008	20571
0.006007	6053
0.008002	11987
0.008004	11957
0.008005	2283
0.008006	2255
0.008007	1844
0.008008	1474
0.008009	1113
