version	total
1.006900	34031
1.007002	151012
1.007003	128176
