version	total
2.000001	33910
2.000006	25104
2.000008	149705
2.002004	29971
