version	total
1.000019	7132
1.000033	15510
1.000036	92694
1.000037	18334
1.000038	30875
