version	total
1.94	167277
1.99	2735
2.000000	2449
2.001000	2005
2.002000	3202
2.002001	1992
2.003000	1168
