version	total
0.103004	10561
0.103005	2741
0.103006	2273
