version	total
1.94	180280
1.99	3048
2.000000	2700
2.001000	2196
2.002000	3494
2.002001	2205
2.003000	1951
