version	total
0.094002	2136
0.094003	1567
