version	total
0.001011	36643
0.001013	223026
