version	total
0.001011	39002
0.001013	239814
