version	total
0.042	80767
1.000000	22944
1.002001	523704
1.002002	343300
