version	total
4.161950	8002
4.201720	13878
