version	total
5.20180120	6639
5.20180626	5400
5.20180820	8886
5.20181130	4868
5.20181218	11284
5.20190420	5334
5.20190524	85677
5.20220120	2554
5.20220220	2619
5.20220313	2466
5.20220320	3232
5.20220420	3474
5.20220527	3214
5.20220620	26065
5.20230220	100
5.20250528	581
5.20250702	368
5.20250720	292
5.20250803	518
5.20250820	2199
5.20250923	1611
