version	total
4.161950	7839
4.201720	12278
