version	total
1.003008	6085
1.004000	6332
1.004003	2432
