version	total
1.000019	7206
1.000033	15564
1.000036	93343
1.000037	18371
1.000038	38649
