version	total
1.003008	5829
1.004000	6063
1.004003	2268
