version	total
0.17024	33193
0.17027	148311
0.17029	3644
0.17030	686
