version	total
2.000002	5897
2.001000	37074
2.003004	170281
2.005004	29219
