version	total
2.000002	5924
2.001000	37495
2.003004	171631
2.005004	30238
