version	total
2.000001	38408
2.000006	25650
2.000008	162378
2.002004	46331
