version	total
1.94	180240
1.99	3046
2.000000	2699
2.001000	2195
2.002000	3494
2.002001	2205
2.003000	1949
