version	total
1.967013	31949
1.967015	143751
