version	total
1.967013	32833
1.967015	147857
