version	total
0.100003	5611
0.100005	2319
0.100006	1738
