version	total
2.000002	6010
2.001000	39504
2.003004	177975
2.005004	37365
