version	total
2.000024	8202
2.000028	2480
2.000029	7336
