version	total
1.967013	32930
1.967015	148220
