version	total
2.000002	5937
2.001000	37744
2.003004	172582
2.005004	31191
