version	total
1.302052	9441
1.302075	16266
1.302140	5584
1.302141	4883
1.302156	5826
1.302164	9422
1.302188	2521
1.302189	2284
1.302190	6829
