version	total
1.003008	6049
1.004000	6296
1.004003	2403
