version	total
2.000002	5928
2.001000	37659
2.003004	172310
2.005004	30936
