version	total
0.008	20619
0.006007	6073
0.008002	12035
0.008004	12004
0.008005	2325
0.008006	2297
0.008007	1885
0.008008	1518
0.008009	1156
