version	total
0.001011	38502
0.001013	237321
