version	total
1.967013	31645
1.967015	142369
