version	total
1.000005	28968
1.002002	8671
1.004002	7799
1.004003	5161
1.004004	146556
1.012004	2727
1.012005	2320
1.014000	2293
1.016002	2061
1.016006	2529
