version	total
0.042	76196
1.000000	22826
1.002001	511421
1.002002	320970
