version	total
2.000024	8117
2.000028	2434
2.000029	6998
