version	total
0.001011	36723
0.001013	223654
