version	total
1.967013	32440
1.967015	146075
