version	total
2.005001	19200
2.006003	157159
2.006006	30552
