version	total
1.94	174734
1.99	2870
2.000000	2548
2.001000	2070
2.002000	3368
2.002001	2116
2.003000	1595
