version	total
1.100602	7338
1.100603	1668
