version	total
1.302052	9381
1.302075	15977
1.302140	5565
1.302141	4864
1.302156	5806
1.302164	9298
1.302188	2504
1.302189	2268
1.302190	6498
