version	total
0.004010	5496
0.004011	5331
