version	total
0.17024	33738
0.17027	150125
0.17029	3709
0.17030	826
