version	total
1.967013	31852
1.967015	143354
