version	total
0.000061	11179
0.000115	6563
0.000116	5343
0.000117	19873
0.000144	2899
0.000145	175544
0.000163	25505
