version	total
0.100003	5729
0.100005	2414
0.100006	1834
