version	total
2.000001	36706
2.000006	25437
2.000008	158125
2.002004	39010
