version	total
0.103004	10700
0.103005	2813
0.103006	2377
