version	total
0.002005	5004
0.002006	5226
0.002009	19462
