version	total
0.000061	11770
0.000115	6608
0.000116	5388
0.000117	20033
0.000144	2936
0.000145	180645
0.000163	41700
