version	total
2.120921	10256
2.150010	96031
