version	total
1.967013	34636
1.967015	154183
