version	total
0.17024	33245
0.17027	148470
0.17029	3649
0.17030	694
