version	total
2.000001	37847
2.000006	25576
2.000008	160868
2.002004	44585
