version	total
2.005001	19460
2.006003	164801
2.006006	39225
