version	total
2.000001	35726
2.000006	25315
2.000008	155411
2.002004	34961
