version	total
0.042	75175
1.000000	22817
1.002001	508459
1.002002	316550
