version	total
2.000024	7945
2.000028	2386
2.000029	6009
