version	total
0.008	19633
0.006007	6045
0.008002	11496
0.008004	11482
0.008005	2263
0.008006	2234
0.008007	1823
0.008008	1450
0.008009	1091
