version	total
5.20180120	6794
5.20180626	5511
5.20180820	9001
5.20181130	4978
5.20181218	11399
5.20190420	5446
5.20190524	86739
5.20220120	2654
5.20220220	2719
5.20220313	2566
5.20220320	3332
5.20220420	3575
5.20220527	3313
5.20220620	26215
5.20230220	201
5.20250528	696
5.20250702	471
5.20250720	394
5.20250803	643
5.20250820	2351
5.20250923	2989
5.20251022	2348
5.20251120	3144
5.20251220	1596
