version	total
0.204001	2192
0.204003	2175
0.206003	3284
0.207001	2361
0.207002	2331
0.207003	901
