version	total
1.100602	7725
1.100603	1972
