version	total
0.204001	2198
0.204003	2181
0.206003	3333
0.207001	2394
0.207002	2364
0.207003	934
