version	total
2.000001	36181
2.000006	25367
2.000008	156791
2.002004	36032
