version	total
0.204001	2198
0.204003	2181
0.206003	3331
0.207001	2392
0.207002	2362
0.207003	932
