version	total
2.000002	6079
2.001000	41373
2.003004	182961
2.005004	45315
