version	total
2.000024	8196
2.000028	2477
2.000029	7306
