version	total
1.000005	26248
1.002002	8554
1.004002	7593
1.004003	4950
1.004004	137015
1.012004	2544
1.012005	2133
1.014000	2105
1.016002	1990
1.016006	2331
