version	total
4.161950	8047
4.201720	14192
