version	total
2.000001	34689
2.000006	25215
2.000008	152245
2.002004	32078
