version	total
2.000024	8282
2.000028	2533
2.000029	7777
