version	total
1.006900	32708
1.007002	147829
1.007003	112845
