version	total
0.002005	4978
0.002006	5152
0.002009	15967
