version	total
1.000019	7246
1.000033	15589
1.000036	93645
1.000037	18390
1.000038	42674
