version	total
0.042	81015
1.000000	22948
1.002001	524365
1.002002	344215
