version	total
1.006900	34016
1.007002	150978
1.007003	127948
