version	total
4.161950	8410
4.201720	17845
