version	total
0.103004	10434
0.103005	2673
0.103006	2173
