version	total
0.008	20580
0.006007	6058
0.008002	11996
0.008004	11966
0.008005	2290
0.008006	2262
0.008007	1850
0.008008	1480
0.008009	1120
