version	total
0.17024	31207
0.17027	142145
0.17029	3507
0.17030	342
