version	total
2.000001	38537
2.000006	25672
2.000008	162741
2.002004	46658
