version	total
0.000061	12481
0.000115	6712
0.000116	5491
0.000117	20278
0.000144	3035
0.000145	183285
0.000163	54320
