version	total
0.000061	11892
0.000115	6629
0.000116	5410
0.000117	20082
0.000144	2957
0.000145	181055
0.000163	43811
