version	total
1.94	174847
1.99	2875
2.000000	2552
2.001000	2073
2.002000	3371
2.002001	2119
2.003000	1601
