version	total
1.003008	6053
1.004000	6300
1.004003	2406
