version	total
0.001011	36290
0.001013	220924
