version	total
2.000002	5942
2.001000	37883
2.003004	172991
2.005004	31497
