version	total
0.004010	5487
0.004011	5306
