version	total
4.161950	7941
4.201720	13159
