version	total
1.302052	9536
1.302075	16859
1.302140	5616
1.302141	4916
1.302156	5861
1.302164	9615
1.302188	2546
1.302189	2310
1.302190	7300
