version	total
0.042	77128
1.000000	22837
1.002001	514399
1.002002	326563
