version	total
0.103004	10610
0.103005	2770
0.103006	2312
