version	total
0.17024	31173
0.17027	142074
0.17029	3506
0.17030	339
