version	total
1.000019	7029
1.000033	15463
1.000036	91646
1.000037	18295
1.000038	25265
