version	total
0.103004	10474
0.103005	2695
0.103006	2200
