version	total
0.001011	35366
0.001013	214656
