version	total
1.003008	6164
1.004000	6407
1.004003	2496
