version	total
1.006900	31734
1.007002	144997
1.007003	100128
