version	total
0.004010	5593
0.004011	5500
