version	total
2.000001	36220
2.000006	25372
2.000008	156899
2.002004	36101
