version	total
1.94	176529
1.99	2918
2.000000	2589
2.001000	2104
2.002000	3406
2.002001	2141
2.003000	1695
