version	total
1.94	164593
1.99	2698
2.000000	2430
2.001000	1998
2.002000	3145
2.002001	1940
2.003000	1016
