version	total
0.001011	36620
0.001013	222899
