version	total
2.000002	6015
2.001000	39806
2.003004	178629
2.005004	39214
