version	total
2.000001	35481
2.000006	25291
2.000008	154601
2.002004	34241
