version	total
2.000001	37977
2.000006	25590
2.000008	161189
2.002004	45079
