version	total
4.161950	7751
4.201720	11602
