version	total
0.001011	39069
0.001013	240101
