version	total
5.20180120	6594
5.20180626	5369
5.20180820	8855
5.20181130	4836
5.20181218	11234
5.20190420	5303
5.20190524	85407
5.20220120	2523
5.20220220	2588
5.20220313	2435
5.20220320	3201
5.20220420	3443
5.20220527	3183
5.20220620	26021
5.20230220	63
5.20250528	541
5.20250702	331
5.20250720	255
5.20250803	472
5.20250820	1617
