version	total
2.000002	5935
2.001000	37721
2.003004	172505
2.005004	31135
