version	total
1.000005	28645
1.002002	8659
1.004002	7754
1.004003	5117
1.004004	145503
1.012004	2684
1.012005	2277
1.014000	2250
1.016002	2051
1.016006	2503
