version	total
1.94	172981
1.99	2826
2.000000	2511
2.001000	2037
2.002000	3339
2.002001	2095
2.003000	1499
