version	total
0.100003	5682
0.100005	2375
0.100006	1795
