version	total
0.17024	31610
0.17027	143577
0.17029	3516
0.17030	399
