version	total
0.094002	2134
0.094003	1566
