version	total
2.000001	35399
2.000006	25282
2.000008	154378
2.002004	34072
