version	total
1.967013	32696
1.967015	147221
