version	total
1.302052	9415
1.302075	16120
1.302140	5575
1.302141	4873
1.302156	5817
1.302164	9359
1.302188	2512
1.302189	2276
1.302190	6639
