version	total
4.161950	7835
4.201720	12263
