version	total
0.17024	33458
0.17027	149134
0.17029	3678
0.17030	755
