version	total
0.004010	5557
0.004011	5453
