version	total
2.000001	34019
2.000006	25126
2.000008	149956
2.002004	30097
