version	total
2.000001	34313
2.000006	25163
2.000008	150914
2.002004	30776
