version	total
1.94	171342
1.99	2784
2.000000	2478
2.001000	2009
2.002000	3307
2.002001	2059
2.003000	1397
