version	total
2.005001	19327
2.006003	161434
2.006006	34444
