version	total
0.100003	5686
0.100005	2377
0.100006	1798
