version	total
0.008	17827
0.006007	6031
0.008002	10570
0.008004	10572
0.008005	2226
0.008006	2197
0.008007	1786
0.008008	1413
0.008009	1053
