version	total
2.005001	19362
2.006003	162552
2.006006	35386
