version	total
0.17024	31190
0.17027	142111
0.17029	3507
0.17030	341
