version	total
0.004010	5485
0.004011	5302
