version	total
0.001011	36114
0.001013	219737
