version	total
0.042	73119
1.000000	22788
1.002001	502250
1.002002	306342
