version	total
0.100003	5471
0.100005	2245
0.100006	1660
