version	total
4.161950	8141
4.201720	15008
