version	total
0.000061	12988
0.000115	6802
0.000116	5578
0.000117	20426
0.000144	3118
0.000145	184570
0.000163	64623
