version	total
2.120921	10283
2.150010	96795
