version	total
1.100602	7650
1.100603	1910
