version	total
0.001011	38660
0.001013	238035
