version	total
0.008	16957
0.006007	6023
0.008002	10116
0.008004	10119
0.008005	2211
0.008006	2182
0.008007	1771
0.008008	1398
0.008009	1038
