version	total
1.302052	9637
1.302075	17302
1.302140	5681
1.302141	4980
1.302156	5925
1.302164	9820
1.302188	2607
1.302189	2370
1.302190	7743
