version	total
2.005001	19355
2.006003	162389
2.006006	35286
