version	total
2.000002	5894
2.001000	37051
2.003004	170168
2.005004	29146
