version	total
1.003008	5804
1.004000	6037
1.004003	2245
