version	total
0.100052	8302
0.100054	2299
0.100055	1739
