version	total
1.006900	30649
1.007002	141155
1.007003	88610
