version	total
0.103004	10171
0.103005	2582
0.103006	1986
