version	total
4.161950	7803
4.201720	12017
