version	total
2.000002	5937
2.001000	37777
2.003004	172701
2.005004	31309
