version	total
5.20180120	6486
5.20180626	5316
5.20180820	8798
5.20181130	4782
5.20181218	11170
5.20190420	5249
5.20190524	84366
5.20220120	2479
5.20220220	2546
5.20220313	2392
5.20220320	3156
5.20220420	3403
5.20220527	3139
5.20220620	25836
