version	total
1.100602	7461
1.100603	1761
