version	total
1.000019	7004
1.000033	15449
1.000036	91367
1.000037	18282
1.000038	23837
