version	total
2.000002	5926
2.001000	37631
2.003004	172211
2.005004	30854
