version	total
1.006900	30801
1.007002	141748
1.007003	89972
