version	total
0.100003	5506
0.100005	2260
0.100006	1676
