version	total
2.005001	19364
2.006003	162645
2.006006	35462
