version	total
1.000005	26202
1.002002	8549
1.004002	7588
1.004003	4945
1.004004	136823
1.012004	2543
1.012005	2132
1.014000	2104
1.016002	1989
1.016006	2328
