version	total
2.005001	19352
2.006003	162328
2.006006	35241
