version	total
5.20180120	6634
5.20180626	5396
5.20180820	8882
5.20181130	4863
5.20181218	11263
5.20190420	5330
5.20190524	85631
5.20220120	2549
5.20220220	2614
5.20220313	2461
5.20220320	3227
5.20220420	3469
5.20220527	3209
5.20220620	26057
5.20230220	95
5.20250528	575
5.20250702	364
5.20250720	288
5.20250803	514
5.20250820	2181
5.20250923	1379
