version	total
0.042	72574
1.000000	22770
1.002001	500660
1.002002	303681
