version	total
2.000002	5944
2.001000	37954
2.003004	173202
2.005004	31793
