version	total
1.000005	26564
1.002002	8568
1.004002	7607
1.004003	4971
1.004004	138439
1.012004	2557
1.012005	2147
1.014000	2119
1.016002	2002
1.016006	2364
