version	total
0.001011	36202
0.001013	220264
