version	total
5.20180120	6693
5.20180626	5437
5.20180820	8923
5.20181130	4903
5.20181218	11321
5.20190420	5371
5.20190524	86107
5.20220120	2584
5.20220220	2649
5.20220313	2496
5.20220320	3262
5.20220420	3504
5.20220527	3244
5.20220620	26115
5.20230220	130
5.20250528	619
5.20250702	399
5.20250720	323
5.20250803	562
5.20250820	2316
5.20250923	2634
5.20251022	1500
