version	total
1.967013	33060
1.967015	148836
