version	total
1.302052	9375
1.302075	15935
1.302140	5562
1.302141	4862
1.302156	5804
1.302164	9288
1.302188	2503
1.302189	2267
1.302190	6473
