version	total
0.042	77947
1.000000	22865
1.002001	516802
1.002002	330331
