version	total
0.103004	10520
0.103005	2723
0.103006	2246
