version	total
1.967013	32621
1.967015	146916
