version	total
1.967013	35056
1.967015	156055
