version	total
5.20180120	6790
5.20180626	5507
5.20180820	8997
5.20181130	4973
5.20181218	11394
5.20190420	5442
5.20190524	86703
5.20220120	2650
5.20220220	2715
5.20220313	2562
5.20220320	3328
5.20220420	3571
5.20220527	3309
5.20220620	26209
5.20230220	196
5.20250528	692
5.20250702	467
5.20250720	390
5.20250803	639
5.20250820	2351
5.20250923	2982
5.20251022	2333
5.20251120	3144
5.20251220	1007
