version	total
0.001011	36358
0.001013	221333
