version	total
0.000061	12307
0.000115	6687
0.000116	5467
0.000117	20234
0.000144	3011
0.000145	182591
0.000163	49988
