version	total
1.967013	33994
1.967015	152012
