version	total
1.967013	32736
1.967015	147423
