version	total
0.001011	36237
0.001013	220566
