version	total
1.94	164316
1.99	2688
2.000000	2421
2.001000	1990
2.002000	3136
2.002001	1930
2.003000	1000
