version	total
0.204001	2216
0.204003	2196
0.206003	3468
0.207001	2450
0.207002	2419
0.207003	989
