version	total
0.002005	4958
0.002006	5076
0.002009	12590
