version	total
4.161950	7955
4.201720	13319
