version	total
1.006900	31165
1.007002	143147
1.007003	94281
