version	total
1.94	171844
1.99	2794
2.000000	2485
2.001000	2015
2.002000	3320
2.002001	2074
2.003000	1422
