version	total
4.161950	7731
4.201720	11493
