version	total
1.967013	33355
1.967015	149955
