version	total
2.005001	19344
2.006003	161974
2.006006	34874
