version	total
0.004010	5569
0.004011	5467
