version	total
2.000002	5998
2.001000	39128
2.003004	176906
2.005004	35132
