version	total
1.94	174625
1.99	2868
2.000000	2546
2.001000	2068
2.002000	3368
2.002001	2116
2.003000	1590
