version	total
2.000002	5971
2.001000	38538
2.003004	175013
2.005004	33671
