version	total
2.000001	34373
2.000006	25175
2.000008	151097
2.002004	30901
