version	total
0.004010	5450
0.004011	5262
