version	total
1.20141117	5163
1.20190531	2616
