version	total
1.967013	32996
1.967015	148602
