version	total
2.005001	19312
2.006003	160831
2.006006	33845
