version	total
0.008	5620
0.006007	5852
0.008002	4128
0.008004	3996
0.008005	2093
0.008006	2071
0.008007	1657
0.008008	1281
0.008009	895
