version	total
1.967013	32514
1.967015	146513
