version	total
1.100602	7456
1.100603	1759
