version	total
0.042	76838
1.000000	22833
1.002001	513397
1.002002	324446
