version	total
0.000061	10722
0.000115	6512
0.000116	5292
0.000117	19699
0.000144	2858
0.000145	173300
0.000163	17607
