version	total
2.005001	19666
2.006003	169272
2.006006	46696
