version	total
1.003008	6168
1.004000	6411
1.004003	2500
