version	total
1.302052	9507
1.302075	16672
1.302140	5602
1.302141	4902
1.302156	5847
1.302164	9558
1.302188	2535
1.302189	2298
1.302190	7145
