version	total
0.17024	32202
0.17027	145489
0.17029	3567
0.17030	507
