version	total
1.94	173619
1.99	2846
2.000000	2528
2.001000	2051
2.002000	3352
2.002001	2104
2.003000	1527
