version	total
1.000005	26859
1.002002	8577
1.004002	7617
1.004003	4980
1.004004	139563
1.012004	2562
1.012005	2153
1.014000	2124
1.016002	2007
1.016006	2389
