version	total
0.17024	31924
0.17027	144565
0.17029	3538
0.17030	455
