version	total
0.004010	5514
0.004011	5395
