version	total
1.967013	34526
1.967015	153850
