version	total
0.042	77672
1.000000	22856
1.002001	515959
1.002002	328908
