version	total
2.120921	10269
2.150010	96418
