version	total
1.302052	9770
1.302075	17887
1.302140	5767
1.302141	5069
1.302156	6015
1.302164	10062
1.302188	2685
1.302189	2448
1.302190	8278
