version	total
0.17024	30594
0.17027	139712
0.17029	3488
0.17030	236
