version	total
1.000019	7302
1.000033	15620
1.000036	94187
1.000037	18417
1.000038	50349
