version	total
0.002005	4958
0.002006	5079
0.002009	12839
