version	total
1.967013	33504
1.967015	150514
