version	total
1.100602	7495
1.100603	1781
