version	total
2.000002	5846
2.001000	36685
2.003004	168973
2.005004	28468
