version	total
2.000001	36947
2.000006	25475
2.000008	158609
2.002004	40466
