version	total
4.161950	8375
4.201720	17402
