version	total
1.006900	31924
1.007002	145603
1.007003	102983
