version	total
1.006900	32131
1.007002	146231
1.007003	106348
