version	total
1.000005	27464
1.002002	8598
1.004002	7644
1.004003	5007
1.004004	141702
1.012004	2583
1.012005	2176
1.014000	2147
1.016002	2021
1.016006	2433
