version	total
1.967013	34311
1.967015	153052
