version	total
2.000024	8237
2.000028	2501
2.000029	7531
