version	total
1.94	175917
1.99	2905
2.000000	2578
2.001000	2093
2.002000	3397
2.002001	2138
2.003000	1672
