version	total
1.000019	7128
1.000033	15508
1.000036	92669
1.000037	18332
1.000038	30745
