version	total
2.120921	10294
2.150010	96960
