version	total
1.003008	5959
1.004000	6205
1.004003	2331
