version	total
2.000002	5926
2.001000	37621
2.003004	172177
2.005004	30816
