version	total
0.008	19463
0.006007	6042
0.008002	11404
0.008004	11395
0.008005	2259
0.008006	2230
0.008007	1819
0.008008	1446
0.008009	1087
