version	total
1.967013	31558
1.967015	141907
