version	total
1.100602	7352
1.100603	1681
