version	total
1.94	165302
1.99	2709
2.000000	2437
2.001000	2003
2.002000	3162
2.002001	1955
2.003000	1044
