version	total
0.000061	12949
0.000115	6799
0.000116	5575
0.000117	20420
0.000144	3115
0.000145	184489
0.000163	63281
