version	total
0.042	77633
1.000000	22854
1.002001	515809
1.002002	328736
