version	total
2.000024	8258
2.000028	2515
2.000029	7642
