version	total
0.17024	33417
0.17027	148995
0.17029	3673
0.17030	744
