version	total
0.008	14253
0.006007	5994
0.008002	8700
0.008004	8680
0.008005	2160
0.008006	2131
0.008007	1720
0.008008	1347
0.008009	984
