version	total
1.000005	25896
1.002002	8528
1.004002	7568
1.004003	4924
1.004004	135566
1.012004	2524
1.012005	2113
1.014000	2085
1.016002	1970
1.016006	2302
