version	total
0.17024	33257
0.17027	148503
0.17029	3652
0.17030	698
