version	total
0.001011	37996
0.001013	232767
