version	total
0.17024	30377
0.17027	138900
0.17029	3483
0.17030	214
