version	total
0.008	20582
0.006007	6058
0.008002	11998
0.008004	11968
0.008005	2292
0.008006	2264
0.008007	1852
0.008008	1482
0.008009	1122
