version	total
0.100003	5550
0.100005	2275
0.100006	1695
