version	total
0.042	74238
1.000000	22805
1.002001	505914
1.002002	312221
