version	total
1.94	173316
1.99	2835
2.000000	2519
2.001000	2044
2.002000	3344
2.002001	2098
2.003000	1513
