version	total
1.94	174129
1.99	2859
2.000000	2539
2.001000	2061
2.002000	3359
2.002001	2110
2.003000	1571
