version	total
4.161950	7996
4.201720	13813
