version	total
1.003008	5938
1.004000	6185
1.004003	2315
