version	total
0.17024	30842
0.17027	140896
0.17029	3496
0.17030	282
