version	total
0.000061	12146
0.000115	6665
0.000116	5445
0.000117	20184
0.000144	2991
0.000145	181869
0.000163	47840
