version	total
0.000061	12448
0.000115	6707
0.000116	5486
0.000117	20272
0.000144	3031
0.000145	183201
0.000163	53742
