version	total
0.042	82362
1.000000	23000
1.002001	527508
1.002002	349831
