version	total
2.000024	7940
2.000028	2385
2.000029	5984
