version	total
2.005001	19257
2.006003	158783
2.006006	31992
