version	total
1.006900	33252
1.007002	149158
1.007003	118616
