version	total
2.000002	6035
2.001000	40231
2.003004	179813
2.005004	42146
