version	total
4.161950	8423
4.201720	17880
