version	total
2.005001	19126
2.006003	155929
2.006006	29806
