version	total
2.000024	7898
2.000028	2360
2.000029	5814
