version	total
1.94	178356
1.99	2984
2.000000	2645
2.001000	2152
2.002000	3449
2.002001	2173
2.003000	1827
