version	total
0.000061	11955
0.000115	6639
0.000116	5419
0.000117	20102
0.000144	2966
0.000145	181235
0.000163	44753
