version	total
1.006900	31998
1.007002	145793
1.007003	104894
