version	total
2.000002	6000
2.001000	39222
2.003004	177234
2.005004	35675
