version	total
0.103004	10503
0.103005	2714
0.103006	2228
