version	total
2.120921	10358
2.150010	98691
