version	total
2.000024	8305
2.000028	2546
2.000029	7848
