version	total
1.94	172834
1.99	2824
2.000000	2509
2.001000	2035
2.002000	3337
2.002001	2095
2.003000	1495
