version	total
0.001011	34949
0.001013	212030
