version	total
5.20180120	6598
5.20180626	5372
5.20180820	8858
5.20181130	4839
5.20181218	11238
5.20190420	5306
5.20190524	85427
5.20220120	2526
5.20220220	2591
5.20220313	2438
5.20220320	3204
5.20220420	3446
5.20220527	3186
5.20220620	26025
5.20230220	72
5.20250528	551
5.20250702	341
5.20250720	264
5.20250803	480
5.20250820	1768
