version	total
0.002005	4975
0.002006	5144
0.002009	15361
