version	total
1.003008	5896
1.004000	6147
1.004003	2297
