version	total
0.002005	4929
0.002006	4951
0.002009	5150
