version	total
2.120921	10209
2.150010	94794
