version	total
1.000019	7298
1.000033	15618
1.000036	94098
1.000037	18415
1.000038	49046
