version	total
1.967013	32117
1.967015	144535
