version	total
0.042	84100
1.000000	23052
1.002001	531524
1.002002	357462
