version	total
2.000024	7916
2.000028	2375
2.000029	5885
