version	total
0.008	7843
0.006007	5898
0.008002	5340
0.008004	5197
0.008005	2112
0.008006	2090
0.008007	1677
0.008008	1301
0.008009	916
