version	total
0.000061	12808
0.000115	6776
0.000116	5554
0.000117	20368
0.000144	3094
0.000145	184129
0.000163	60106
