version	total
1.20141117	5279
1.20190531	2709
