version	total
1.94	177565
1.99	2947
2.000000	2614
2.001000	2127
2.002000	3424
2.002001	2152
2.003000	1764
