version	total
1.967013	31562
1.967015	141936
