version	total
2.120921	10413
2.150010	100221
