version	total
0.002005	4987
0.002006	5179
0.002009	17307
