version	total
0.002005	4900
0.002006	4843
0.002009	2277
