version	total
0.204001	2193
0.204003	2176
0.206003	3289
0.207001	2364
0.207002	2334
0.207003	904
