version	total
1.100602	7548
1.100603	1823
