version	total
2.005001	19376
2.006003	162980
2.006006	35699
