version	total
2.120921	10249
2.150010	95784
