version	total
0.100003	5697
0.100005	2387
0.100006	1807
