version	total
4.161950	7745
4.201720	11567
