version	total
1.000019	7245
1.000033	15588
1.000036	93634
1.000037	18389
1.000038	42382
