version	total
2.000024	8272
2.000028	2526
2.000029	7720
