version	total
0.103004	10701
0.103005	2815
0.103006	2379
