version	total
2.000001	35220
2.000006	25272
2.000008	153788
2.002004	33387
