version	total
0.000061	11754
0.000115	6603
0.000116	5384
0.000117	20025
0.000144	2933
0.000145	180591
0.000163	41223
