version	total
2.000001	34172
2.000006	25149
2.000008	150492
2.002004	30432
