version	total
0.100003	5585
0.100005	2299
0.100006	1718
