version	total
1.000019	7159
1.000033	15522
1.000036	92865
1.000037	18348
1.000038	32505
