version	total
2.005001	19563
2.006003	166949
2.006006	44152
