version	total
2.000024	7975
2.000028	2393
2.000029	6160
