version	total
1.967013	33281
1.967015	149621
