version	total
1.100602	7402
1.100603	1710
