version	total
0.004010	5725
0.004011	5652
