version	total
0.17024	32378
0.17027	145990
0.17029	3579
0.17030	539
