version	total
0.17024	33744
0.17027	150168
0.17029	3710
0.17030	827
