version	total
1.003008	6046
1.004000	6293
1.004003	2400
