version	total
2.000002	5987
2.001000	38857
2.003004	176026
2.005004	34552
