version	total
4.161950	8096
4.201720	14626
