version	total
0.042	73851
1.000000	22801
1.002001	504657
1.002002	310287
