version	total
0.042	77792
1.000000	22859
1.002001	516242
1.002002	329360
