version	total
0.004010	5532
0.004011	5423
