version	total
0.100003	5786
0.100005	2459
0.100006	1878
