version	total
0.001011	36750
0.001013	223816
