version	total
1.003008	6026
1.004000	6274
1.004003	2383
