version	total
0.042	72623
1.000000	22772
1.002001	500822
1.002002	303884
