version	total
0.100003	5569
0.100005	2287
0.100006	1706
