version	total
0.008	13689
0.006007	5989
0.008002	8425
0.008004	8382
0.008005	2150
0.008006	2121
0.008007	1710
0.008008	1337
0.008009	973
