version	total
0.001011	36551
0.001013	222497
