version	total
1.967013	35111
1.967015	156355
