version	total
0.042	77334
1.000000	22843
1.002001	514980
1.002002	327494
