version	total
0.17024	33815
0.17027	150415
0.17029	3717
0.17030	841
