version	total
0.004010	5675
0.004011	5595
