version	total
1.20141117	5162
1.20190531	2615
