version	total
1.003008	6158
1.004000	6401
1.004003	2491
