version	total
5.20180120	6531
5.20180626	5335
5.20180820	8819
5.20181130	4802
5.20181218	11198
5.20190420	5268
5.20190524	84906
5.20220120	2493
5.20220220	2560
5.20220313	2406
5.20220320	3169
5.20220420	3414
5.20220527	3154
5.20220620	25950
5.20230220	34
5.20250528	510
5.20250702	300
5.20250720	118
