version	total
0.100003	5647
0.100005	2350
0.100006	1769
