version	total
2.000001	35556
2.000006	25296
2.000008	154837
2.002004	34497
