version	total
2.120921	10362
2.150010	98910
