version	total
1.006900	33073
1.007002	148658
1.007003	116629
