version	total
0.004010	5717
0.004011	5643
