version	total
1.100602	7379
1.100603	1695
