version	total
2.000001	37829
2.000006	25575
2.000008	160823
2.002004	44497
