version	total
2.005001	19258
2.006003	158812
2.006006	32014
