version	total
2.000002	5998
2.001000	39088
2.003004	176802
2.005004	35077
