version	total
1.967013	31766
1.967015	142986
