version	total
1.94	176661
1.99	2923
2.000000	2593
2.001000	2107
2.002000	3409
2.002001	2144
2.003000	1703
