version	total
0.008	20635
0.006007	6079
0.008002	12050
0.008004	12019
0.008005	2338
0.008006	2310
0.008007	1898
0.008008	1531
0.008009	1169
