version	total
2.000002	5954
2.001000	38162
2.003004	173846
2.005004	32522
