version	total
5.20180120	6793
5.20180626	5510
5.20180820	9000
5.20181130	4977
5.20181218	11397
5.20190420	5445
5.20190524	86731
5.20220120	2653
5.20220220	2718
5.20220313	2565
5.20220320	3331
5.20220420	3574
5.20220527	3312
5.20220620	26213
5.20230220	199
5.20250528	695
5.20250702	470
5.20250720	393
5.20250803	642
5.20250820	2351
5.20250923	2989
5.20251022	2347
5.20251120	3144
5.20251220	1369
