version	total
2.000001	34456
2.000006	25188
2.000008	151381
2.002004	31134
