version	total
0.001011	38718
0.001013	238255
