version	total
5.20180120	6768
5.20180626	5493
5.20180820	8982
5.20181130	4958
5.20181218	11379
5.20190420	5426
5.20190524	86614
5.20220120	2637
5.20220220	2702
5.20220313	2549
5.20220320	3315
5.20220420	3558
5.20220527	3296
5.20220620	26191
5.20230220	184
5.20250528	678
5.20250702	454
5.20250720	376
5.20250803	625
5.20250820	2344
5.20250923	2959
5.20251022	2292
5.20251120	3138
5.20251220	387
