version	total
0.001011	38405
0.001013	236670
