version	total
0.103004	10358
0.103005	2637
0.103006	2118
