version	total
0.001011	38792
0.001013	238559
