version	total
2.120921	10279
2.150010	96645
