version	total
0.103004	10141
0.103005	2573
0.103006	1968
