version	total
4.161950	7886
4.201720	12637
