version	total
2.000002	6000
2.001000	39196
2.003004	177178
2.005004	35330
