version	total
1.967013	31895
1.967015	143498
