version	total
0.17024	32071
0.17027	145149
0.17029	3554
0.17030	489
