version	total
2.005001	19519
2.006003	165890
2.006006	41748
