version	total
1.302052	9603
1.302075	17098
1.302140	5657
1.302141	4956
1.302156	5901
1.302164	9728
1.302188	2584
1.302189	2347
1.302190	7529
