version	total
1.302052	9695
1.302075	17578
1.302140	5715
1.302141	5016
1.302156	5960
1.302164	9922
1.302188	2639
1.302189	2403
1.302190	7977
