version	total
1.003008	6153
1.004000	6396
1.004003	2487
