version	total
0.001011	38427
0.001013	236960
