version	total
0.17024	33097
0.17027	148056
0.17029	3635
0.17030	668
