version	total
1.000005	26749
1.002002	8574
1.004002	7614
1.004003	4977
1.004004	139188
1.012004	2560
1.012005	2151
1.014000	2122
1.016002	2005
1.016006	2384
