version	total
0.17024	31438
0.17027	142949
0.17029	3513
0.17030	364
