version	total
1.003008	5971
1.004000	6218
1.004003	2340
