version	total
0.042	72513
1.000000	22763
1.002001	500445
1.002002	303296
