version	total
5.20180120	6506
5.20180626	5326
5.20180820	8808
5.20181130	4792
5.20181218	11182
5.20190420	5258
5.20190524	84631
5.20220120	2487
5.20220220	2554
5.20220313	2400
5.20220320	3164
5.20220420	3410
5.20220527	3148
5.20220620	25932
5.20230220	29
5.20250528	378
