version	total
2.000024	7914
2.000028	2373
2.000029	5879
