version	total
0.094002	2165
0.094003	1594
