version	total
2.000001	33857
2.000006	25081
2.000008	149506
2.002004	29844
