version	total
0.002005	4972
0.002006	5131
0.002009	14736
