version	total
0.094002	2177
0.094003	1605
