version	total
4.161950	7917
4.201720	12990
