version	total
0.17024	30915
0.17027	141090
0.17029	3502
0.17030	293
