version	total
1.006900	30498
1.007002	140695
1.007003	87501
