version	total
4.161950	7960
4.201720	13342
