version	total
1.302052	9761
1.302075	17851
1.302140	5763
1.302141	5065
1.302156	6010
1.302164	10052
1.302188	2682
1.302189	2445
1.302190	8239
