version	total
0.100003	5595
0.100005	2306
0.100006	1725
