version	total
1.302052	9698
1.302075	17602
1.302140	5718
1.302141	5019
1.302156	5963
1.302164	9932
1.302188	2642
1.302189	2406
1.302190	8003
