version	total
5.20180120	6551
5.20180626	5342
5.20180820	8828
5.20181130	4811
5.20181218	11207
5.20190420	5277
5.20190524	85075
5.20220120	2500
5.20220220	2566
5.20220313	2413
5.20220320	3177
5.20220420	3421
5.20220527	3161
5.20220620	25973
5.20230220	40
5.20250528	516
5.20250702	306
5.20250720	228
5.20250803	295
