version	total
1.20141117	5359
1.20190531	2764
