version	total
2.000002	6010
2.001000	39526
2.003004	178017
2.005004	37414
