version	total
0.17024	32066
0.17027	145114
0.17029	3553
0.17030	488
