version	total
1.000005	27195
1.002002	8587
1.004002	7627
1.004003	4991
1.004004	140776
1.012004	2570
1.012005	2161
1.014000	2132
1.016002	2015
1.016006	2416
