version	total
0.17024	30267
0.17027	138478
0.17029	3481
0.17030	196
