version	total
1.302052	9487
1.302075	16557
1.302140	5596
1.302141	4895
1.302156	5841
1.302164	9519
1.302188	2530
1.302189	2293
1.302190	7032
