version	total
1.003008	5898
1.004000	6148
1.004003	2297
