version	total
2.000002	5980
2.001000	38737
2.003004	175659
2.005004	34264
