version	total
1.006900	31467
1.007002	144142
1.007003	97447
