version	total
2.000001	34390
2.000006	25176
2.000008	151164
2.002004	30945
