version	total
1.302052	9484
1.302075	16554
1.302140	5595
1.302141	4894
1.302156	5840
1.302164	9518
1.302188	2530
1.302189	2293
1.302190	7029
