version	total
1.000019	7058
1.000033	15474
1.000036	91992
1.000037	18307
1.000038	26755
