version	total
0.002005	4968
0.002006	5125
0.002009	14225
