version	total
1.100602	7716
1.100603	1964
