version	total
2.120921	10402
2.150010	100078
