version	total
4.161950	8192
4.201720	15213
