version	total
2.000001	35117
2.000006	25259
2.000008	153542
2.002004	33051
