version	total
1.000019	7022
1.000033	15458
1.000036	91527
1.000037	18287
1.000038	24529
