version	total
2.120921	10429
2.150010	100630
