version	total
1.94	174436
1.99	2863
2.000000	2543
2.001000	2065
2.002000	3365
2.002001	2113
2.003000	1578
