version	total
0.042	73368
1.000000	22794
1.002001	502980
1.002002	307688
