version	total
0.17024	33283
0.17027	148564
0.17029	3656
0.17030	705
