version	total
1.006900	32799
1.007002	148063
1.007003	113843
