version	total
1.006900	33950
1.007002	150830
1.007003	126939
