version	total
1.000005	28298
1.002002	8637
1.004002	7724
1.004003	5087
1.004004	144450
1.012004	2656
1.012005	2249
1.014000	2221
1.016002	2035
1.016006	2473
