version	total
1.999813	4851
1.999816	5105
1.999829	2203
1.999830	2106
1.999831	2027
1.999832	2018
1.999833	2019
1.999835	2017
1.999836	1955
1.999837	1955
1.999838	1447
1.999839	1233
1.999841	1093
1.999842	1087
2.000000	1137
2.001000	1101
2.001001	1084
2.002000	1052
2.002001	1038
2.003001	697
2.003002	677
2.003003	421
2.003004	132
2.004001	142
2.005001	148
2.005002	150
2.005003	141
