version	total
2.005001	19314
2.006003	160937
2.006006	34002
