version	total
0.008	5523
0.006007	5848
0.008002	4075
0.008004	3941
0.008005	2089
0.008006	2067
0.008007	1653
0.008008	1277
0.008009	891
