version	total
0.17024	33759
0.17027	150261
0.17029	3712
0.17030	831
