version	total
4.161950	8125
4.201720	14853
