version	total
1.000019	7092
1.000033	15493
1.000036	92329
1.000037	18321
1.000038	28635
