version	total
0.17024	33351
0.17027	148811
0.17029	3665
0.17030	726
