version	total
0.002005	4979
0.002006	5155
0.002009	16148
