version	total
1.100602	7398
1.100603	1706
