version	total
1.006900	31990
1.007002	145783
1.007003	104844
