version	total
2.000002	5980
2.001000	38726
2.003004	175632
2.005004	34237
