version	total
2.120921	10289
2.150010	96902
