version	total
1.967013	33494
1.967015	150492
