version	total
1.006900	32315
1.007002	146725
1.007003	107912
