version	total
0.204001	2186
0.204003	2168
0.206003	3235
0.207001	2331
0.207002	2300
0.207003	871
