version	total
1.100602	7342
1.100603	1671
