version	total
0.17024	32227
0.17027	145567
0.17029	3569
0.17030	511
