version	total
0.004010	5674
0.004011	5592
