version	total
1.006900	30460
1.007002	140598
1.007003	87159
