version	total
0.008	14393
0.006007	5994
0.008002	8762
0.008004	8742
0.008005	2162
0.008006	2133
0.008007	1722
0.008008	1349
0.008009	986
