version	total
0.002005	4909
0.002006	4858
0.002009	2284
