version	total
2.000002	6042
2.001000	40574
2.003004	180715
2.005004	42778
