version	total
0.004010	5625
0.004011	5536
