version	total
2.005001	19579
2.006003	167371
2.006006	44458
