version	total
0.002005	5010
0.002006	5227
0.002009	19634
