version	total
2.120921	10325
2.150010	97757
