version	total
0.008	5732
0.006007	5858
0.008002	4199
0.008004	4069
0.008005	2098
0.008006	2076
0.008007	1662
0.008008	1286
0.008009	900
