version	total
5.20180120	6504
5.20180626	5325
5.20180820	8807
5.20181130	4791
5.20181218	11181
5.20190420	5257
5.20190524	84587
5.20220120	2486
5.20220220	2553
5.20220313	2399
5.20220320	3163
5.20220420	3409
5.20220527	3147
5.20220620	25930
5.20230220	29
5.20250528	339
