version	total
2.000024	8133
2.000028	2442
2.000029	7055
