version	total
0.094002	2143
0.094003	1574
