version	total
0.094002	2106
0.094003	1509
