version	total
1.94	172286
1.99	2807
2.000000	2496
2.001000	2024
2.002000	3327
2.002001	2081
2.003000	1463
