version	total
2.120921	10380
2.150010	99696
