version	total
2.005001	19602
2.006003	167871
2.006006	45183
