version	total
4.161950	8586
4.201720	19101
