version	total
2.005001	19305
2.006003	160431
2.006006	33438
