version	total
0.008	14625
0.006007	6000
0.008002	8898
0.008004	8879
0.008005	2168
0.008006	2139
0.008007	1728
0.008008	1355
0.008009	992
