version	total
5.20180120	6642
5.20180626	5402
5.20180820	8888
5.20181130	4869
5.20181218	11286
5.20190420	5336
5.20190524	85709
5.20220120	2555
5.20220220	2620
5.20220313	2467
5.20220320	3233
5.20220420	3475
5.20220527	3215
5.20220620	26066
5.20230220	101
5.20250528	583
5.20250702	370
5.20250720	294
5.20250803	520
5.20250820	2213
5.20250923	1777
