version	total
0.002005	5001
0.002006	5222
0.002009	19381
