version	total
5.20180120	6463
5.20180626	5304
5.20180820	8787
5.20181130	4770
5.20181218	11151
5.20190420	5239
5.20190524	84071
5.20220120	2472
5.20220220	2540
5.20220313	2385
5.20220320	3149
5.20220420	3396
5.20220527	3132
5.20220620	25289
