version	total
0.204001	2206
0.204003	2188
0.206003	3391
0.207001	2428
0.207002	2398
0.207003	968
