version	total
1.94	177623
1.99	2951
2.000000	2618
2.001000	2129
2.002000	3426
2.002001	2153
2.003000	1770
