version	total
2.000002	5947
2.001000	38023
2.003004	173460
2.005004	32050
