version	total
1.967013	33378
1.967015	150080
