version	total
0.000061	11993
0.000115	6646
0.000116	5426
0.000117	20127
0.000144	2973
0.000145	181384
0.000163	45696
