version	total
0.100052	8417
0.100054	2328
0.100055	1780
