version	total
1.000005	27798
1.002002	8617
1.004002	7683
1.004003	5046
1.004004	142913
1.012004	2619
1.012005	2212
1.014000	2183
1.016002	2027
1.016006	2446
