version	total
0.17024	32943
0.17027	147519
0.17029	3623
0.17030	632
