version	total
1.006900	31411
1.007002	143972
1.007003	96958
