version	total
0.004010	5589
0.004011	5494
