version	total
4.161950	8251
4.201720	15782
