version	total
0.001011	36826
0.001013	224231
