version	total
5.20180120	6764
5.20180626	5489
5.20180820	8978
5.20181130	4954
5.20181218	11375
5.20190420	5422
5.20190524	86587
5.20220120	2633
5.20220220	2697
5.20220313	2544
5.20220320	3311
5.20220420	3553
5.20220527	3291
5.20220620	26186
5.20230220	179
5.20250528	672
5.20250702	449
5.20250720	371
5.20250803	619
5.20250820	2343
5.20250923	2951
5.20251022	2282
5.20251120	3138
5.20251220	230
