version	total
0.004010	5541
0.004011	5434
