version	total
2.000001	36883
2.000006	25462
2.000008	158482
2.002004	40152
