version	total
0.204001	2194
0.204003	2177
0.206003	3296
0.207001	2368
0.207002	2338
0.207003	908
