version	total
1.967013	33022
1.967015	148684
