version	total
1.100602	7709
1.100603	1958
