version	total
1.94	179222
1.99	3013
2.000000	2671
2.001000	2172
2.002000	3472
2.002001	2187
2.003000	1899
