version	total
0.100003	5638
0.100005	2342
0.100006	1760
