version	total
1.000019	7350
1.000033	15660
1.000036	94570
1.000037	18439
1.000038	55757
