version	total
1.967013	35118
1.967015	156384
