version	total
0.204001	2189
0.204003	2171
0.206003	3256
0.207001	2343
0.207002	2312
0.207003	883
