version	total
0.001011	36972
0.001013	225037
