version	total
0.004010	5649
0.004011	5563
