version	total
0.103004	10092
0.103005	2545
0.103006	1932
