version	total
1.000005	29229
1.002002	8688
1.004002	7833
1.004003	5197
1.004004	147600
1.012004	2760
1.012005	2353
1.014000	2326
1.016002	2076
1.016006	2557
