version	total
1.006900	30703
1.007002	141416
1.007003	89102
