version	total
0.000061	12198
0.000115	6672
0.000116	5452
0.000117	20204
0.000144	2995
0.000145	181982
0.000163	48317
