version	total
1.003008	5893
1.004000	6144
1.004003	2296
