version	total
2.000002	5907
2.001000	37178
2.003004	170593
2.005004	29469
