version	total
0.001011	37328
0.001013	227145
