version	total
0.100003	5525
0.100005	2266
0.100006	1686
