version	total
1.003008	6099
1.004000	6345
1.004003	2444
