version	total
0.001011	39456
0.001013	242030
