version	total
2.000001	34813
2.000006	25232
2.000008	152601
2.002004	32420
