version	total
1.94	176638
1.99	2920
2.000000	2591
2.001000	2106
2.002000	3408
2.002001	2141
2.003000	1699
