version	total
0.008	6177
0.006007	5866
0.008002	4435
0.008004	4294
0.008005	2103
0.008006	2081
0.008007	1667
0.008008	1291
0.008009	905
