version	total
5.20180120	6863
5.20180626	5567
5.20180820	9060
5.20181130	5046
5.20181218	11470
5.20190420	5505
5.20190524	87142
5.20220120	2702
5.20220220	2771
5.20220313	2616
5.20220320	3382
5.20220420	3624
5.20220527	3361
5.20220620	26287
5.20230220	255
5.20250528	747
5.20250702	522
5.20250720	450
5.20250803	705
5.20250820	2371
5.20250923	3257
5.20251022	2668
5.20251120	3167
5.20251220	2302
5.20260119	3345
5.20260220	578
