version	total
1.000005	29214
1.002002	8687
1.004002	7829
1.004003	5193
1.004004	147513
1.012004	2756
1.012005	2349
1.014000	2322
1.016002	2075
1.016006	2556
