version	total
0.001011	35589
0.001013	216146
