version	total
0.042	75409
1.000000	22818
1.002001	508994
1.002002	316989
