version	total
0.001011	37107
0.001013	225884
