version	total
0.17024	32741
0.17027	147012
0.17029	3607
0.17030	601
