version	total
0.17024	30198
0.17027	138138
0.17029	3470
0.17030	182
