version	total
1.006900	32629
1.007002	147657
1.007003	112228
