version	total
1.20141117	5368
1.20190531	2771
