version	total
2.000001	37690
2.000006	25554
2.000008	160480
2.002004	44177
