version	total
1.006900	30672
1.007002	141232
1.007003	88736
