version	total
1.000019	7061
1.000033	15475
1.000036	92015
1.000037	18307
1.000038	26832
