version	total
0.17024	33344
0.17027	148766
0.17029	3664
0.17030	721
