version	total
0.17024	30061
0.17027	137674
0.17029	3446
0.17030	150
