version	total
1.006900	30807
1.007002	141770
1.007003	90024
