version	total
2.000024	8252
2.000028	2511
2.000029	7603
