version	total
1.302052	9625
1.302075	17202
1.302140	5672
1.302141	4971
1.302156	5916
1.302164	9783
1.302188	2598
1.302189	2361
1.302190	7647
