version	total
0.103004	10592
0.103005	2760
0.103006	2301
