version	total
0.001011	36220
0.001013	220437
