version	total
0.042	81725
1.000000	22969
1.002001	525940
1.002002	347167
