version	total
0.204001	2161
0.204003	2140
0.206003	3159
0.207001	2305
0.207002	2275
0.207003	848
