version	total
1.100602	7733
1.100603	1979
