version	total
0.008	7385
0.006007	5888
0.008002	5091
0.008004	4956
0.008005	2110
0.008006	2088
0.008007	1674
0.008008	1298
0.008009	912
