version	total
1.100602	7583
1.100603	1851
