version	total
1.94	176288
1.99	2914
2.000000	2586
2.001000	2100
2.002000	3403
2.002001	2141
2.003000	1688
