version	total
0.094002	2103
0.094003	1506
