version	total
0.042	76801
1.000000	22833
1.002001	513295
1.002002	324246
