version	total
2.000001	34796
2.000006	25230
2.000008	152552
2.002004	32385
