version	total
1.967013	35216
1.967015	156868
