version	total
0.042	79238
1.000000	22903
1.002001	520075
1.002002	336696
