version	total
1.100602	7677
1.100603	1930
