version	total
1.967013	32532
1.967015	146573
