version	total
1.006900	34490
1.007002	152375
1.007003	136053
