version	total
0.204001	2205
0.204003	2187
0.206003	3378
0.207001	2422
0.207002	2392
0.207003	962
