version	total
5.20180120	6620
5.20180626	5385
5.20180820	8871
5.20181130	4853
5.20181218	11251
5.20190420	5319
5.20190524	85538
5.20220120	2538
5.20220220	2603
5.20220313	2450
5.20220320	3216
5.20220420	3458
5.20220527	3198
5.20220620	26042
5.20230220	84
5.20250528	564
5.20250702	353
5.20250720	276
5.20250803	497
5.20250820	2138
5.20250923	619
