version	total
1.000005	26869
1.002002	8578
1.004002	7618
1.004003	4981
1.004004	139580
1.012004	2562
1.012005	2153
1.014000	2124
1.016002	2007
1.016006	2389
