version	total
2.005001	19475
2.006003	165024
2.006006	39570
