version	total
0.001011	38617
0.001013	237806
