version	total
0.042	82322
1.000000	22999
1.002001	527392
1.002002	349578
