version	total
1.000019	7025
1.000033	15460
1.000036	91586
1.000037	18291
1.000038	24984
