version	total
0.004010	5565
0.004011	5463
