version	total
1.000005	26938
1.002002	8579
1.004002	7619
1.004003	4983
1.004004	139844
1.012004	2564
1.012005	2155
1.014000	2126
1.016002	2009
1.016006	2393
