version	total
1.000005	28259
1.002002	8635
1.004002	7720
1.004003	5083
1.004004	144322
1.012004	2651
1.012005	2244
1.014000	2217
1.016002	2034
1.016006	2469
