version	total
1.999813	4805
1.999816	5031
1.999829	2172
1.999830	2075
1.999831	1996
1.999832	1987
1.999833	1989
1.999835	1986
1.999836	1924
1.999837	1924
1.999838	1416
1.999839	1201
1.999841	1062
1.999842	1056
2.000000	1066
2.001000	1031
2.001001	1013
2.002000	991
2.002001	979
2.003001	664
2.003002	646
2.003003	390
2.003004	100
2.004001	110
2.005001	76
2.005002	77
2.005003	46
