version	total
0.100003	5552
0.100005	2276
0.100006	1695
