version	total
0.000061	12614
0.000115	6740
0.000116	5518
0.000117	20314
0.000144	3062
0.000145	183612
0.000163	56452
