version	total
1.006900	32031
1.007002	145957
1.007003	105314
