version	total
2.005001	19439
2.006003	164284
2.006006	38276
