version	total
1.967013	32703
1.967015	147291
