version	total
0.103004	10586
0.103005	2757
0.103006	2297
