version	total
0.000061	12558
0.000115	6727
0.000116	5506
0.000117	20297
0.000144	3049
0.000145	183456
0.000163	55406
