version	total
1.000019	7178
1.000033	15547
1.000036	93027
1.000037	18358
1.000038	34928
