version	total
0.004010	5502
0.004011	5344
