version	total
2.000001	35496
2.000006	25291
2.000008	154626
2.002004	34254
