version	total
0.001011	38565
0.001013	237646
