version	total
0.004010	5640
0.004011	5552
