version	total
0.17024	32990
0.17027	147685
0.17029	3626
0.17030	643
