version	total
0.004010	5723
0.004011	5650
