version	total
0.001011	38015
0.001013	232826
