version	total
0.204001	2155
0.204003	2134
0.206003	3141
0.207001	2298
0.207002	2270
0.207003	842
