version	total
1.000019	7086
1.000033	15490
1.000036	92244
1.000037	18317
1.000038	28231
