version	total
1.000019	7183
1.000033	15553
1.000036	93110
1.000037	18361
1.000038	35981
