version	total
0.100052	8404
0.100054	2326
0.100055	1772
