version	total
0.002005	4869
0.002006	4809
0.002009	2252
