version	total
0.008	20575
0.006007	6056
0.008002	11991
0.008004	11961
0.008005	2286
0.008006	2258
0.008007	1847
0.008008	1477
0.008009	1116
