version	total
1.94	174674
1.99	2869
2.000000	2547
2.001000	2069
2.002000	3368
2.002001	2116
2.003000	1592
