version	total
4.161950	7982
4.201720	13667
