version	total
2.000001	35252
2.000006	25273
2.000008	153927
2.002004	33537
