version	total
0.001011	35227
0.001013	213785
