version	total
0.000061	11019
0.000115	6548
0.000116	5329
0.000117	19815
0.000144	2887
0.000145	174639
0.000163	21240
