version	total
1.006900	32825
1.007002	148128
1.007003	114201
