version	total
1.000019	7345
1.000033	15658
1.000036	94528
1.000037	18436
1.000038	55263
