version	total
5.20180120	6593
5.20180626	5368
5.20180820	8854
5.20181130	4835
5.20181218	11234
5.20190420	5302
5.20190524	85397
5.20220120	2522
5.20220220	2587
5.20220313	2434
5.20220320	3200
5.20220420	3442
5.20220527	3182
5.20220620	26020
5.20230220	62
5.20250528	540
5.20250702	330
5.20250720	254
5.20250803	469
5.20250820	1534
