version	total
1.000019	7244
1.000033	15587
1.000036	93618
1.000037	18388
1.000038	42132
