version	total
5.20180120	6559
5.20180626	5345
5.20180820	8831
5.20181130	4814
5.20181218	11210
5.20190420	5279
5.20190524	85174
5.20220120	2501
5.20220220	2567
5.20220313	2414
5.20220320	3179
5.20220420	3422
5.20220527	3162
5.20220620	25978
5.20230220	42
5.20250528	518
5.20250702	309
5.20250720	233
5.20250803	440
5.20250820	385
