version	total
1.000005	28689
1.002002	8661
1.004002	7758
1.004003	5121
1.004004	145679
1.012004	2688
1.012005	2281
1.014000	2254
1.016002	2053
1.016006	2507
