version	total
1.000019	7193
1.000033	15557
1.000036	93208
1.000037	18365
1.000038	37023
