version	total
2.000002	5921
2.001000	37407
2.003004	171331
2.005004	29951
