version	total
1.20141117	5281
1.20190531	2709
