version	total
1.94	179505
1.99	3022
2.000000	2679
2.001000	2179
2.002000	3479
2.002001	2193
2.003000	1915
