version	total
2.000001	37067
2.000006	25489
2.000008	158929
2.002004	41077
