version	total
1.000005	25956
1.002002	8539
1.004002	7579
1.004003	4935
1.004004	135821
1.012004	2535
1.012005	2124
1.014000	2096
1.016002	1981
1.016006	2314
