version	total
1.006900	33895
1.007002	150710
1.007003	126322
