version	total
1.000005	28898
1.002002	8669
1.004002	7789
1.004003	5151
1.004004	146309
1.012004	2717
1.012005	2310
1.014000	2283
1.016002	2059
1.016006	2523
