version	total
1.006900	31840
1.007002	145363
1.007003	100942
