version	total
2.000001	33796
2.000006	25065
2.000008	149326
2.002004	29701
