version	total
4.161950	7799
4.201720	11977
