version	total
0.204001	2184
0.204003	2165
0.206003	3229
0.207001	2329
0.207002	2298
0.207003	869
