version	total
0.204001	2194
0.204003	2177
0.206003	3293
0.207001	2366
0.207002	2336
0.207003	906
