version	total
0.004010	5592
0.004011	5498
