version	total
1.006900	32839
1.007002	148157
1.007003	114366
