version	total
2.120921	10371
2.150010	99334
