version	total
0.008	15268
0.006007	6010
0.008002	9233
0.008004	9222
0.008005	2182
0.008006	2153
0.008007	1742
0.008008	1369
0.008009	1007
