version	total
0.103004	10513
0.103005	2720
0.103006	2242
