version	total
1.000005	27452
1.002002	8598
1.004002	7643
1.004003	5006
1.004004	141659
1.012004	2582
1.012005	2175
1.014000	2146
1.016002	2021
1.016006	2433
