version	total
1.302052	9668
1.302075	17446
1.302140	5698
1.302141	4999
1.302156	5943
1.302164	9875
1.302188	2622
1.302189	2386
1.302190	7851
