version	total
0.008	14496
0.006007	5997
0.008002	8823
0.008004	8806
0.008005	2165
0.008006	2136
0.008007	1725
0.008008	1352
0.008009	989
