version	total
1.94	173279
1.99	2834
2.000000	2518
2.001000	2043
2.002000	3344
2.002001	2098
2.003000	1511
