version	total
4.161950	8328
4.201720	16672
