version	total
4.161950	8065
4.201720	14392
