version	total
2.005001	19286
2.006003	159746
2.006006	32801
