version	total
0.17024	32057
0.17027	145096
0.17029	3551
0.17030	485
