version	total
1.003008	5974
1.004000	6222
1.004003	2344
