version	total
2.005001	19656
2.006003	169010
2.006006	46375
