version	total
4.161950	8269
4.201720	15983
