version	total
2.005001	19226
2.006003	157821
2.006006	30983
