version	total
1.000005	28941
1.002002	8670
1.004002	7794
1.004003	5156
1.004004	146450
1.012004	2722
1.012005	2315
1.014000	2288
1.016002	2060
1.016006	2526
