version	total
0.004010	5455
0.004011	5267
