version	total
2.000024	7956
2.000028	2390
2.000029	6071
