version	total
0.103004	10104
0.103005	2553
0.103006	1943
