version	total
2.000001	35099
2.000006	25258
2.000008	153488
2.002004	33011
