version	total
0.001011	36378
0.001013	221512
