version	total
1.967013	33368
1.967015	150020
