version	total
2.005001	19363
2.006003	162578
2.006006	35427
