version	total
2.005001	19163
2.006003	156299
2.006006	30005
