version	total
1.000019	7152
1.000033	15519
1.000036	92819
1.000037	18345
1.000038	32074
