version	total
1.100602	7476
1.100603	1767
