version	total
0.17024	30675
0.17027	140040
0.17029	3491
0.17030	249
