version	total
2.000001	38017
2.000006	25598
2.000008	161298
2.002004	45179
