version	total
0.000061	12838
0.000115	6782
0.000116	5558
0.000117	20377
0.000144	3099
0.000145	184181
0.000163	60574
