version	total
4.161950	8503
4.201720	18367
