version	total
0.008	5111
0.006007	5828
0.008002	3862
0.008004	3718
0.008005	2072
0.008006	2050
0.008007	1636
0.008008	1260
0.008009	873
