version	total
1.302052	9393
1.302075	16042
1.302140	5568
1.302141	4868
1.302156	5810
1.302164	9322
1.302188	2507
1.302189	2272
1.302190	6569
