version	total
4.161950	7817
4.201720	12078
