version	total
5.20180120	6584
5.20180626	5363
5.20180820	8849
5.20181130	4830
5.20181218	11229
5.20190420	5297
5.20190524	85363
5.20220120	2518
5.20220220	2584
5.20220313	2431
5.20220320	3196
5.20220420	3439
5.20220527	3179
5.20220620	26014
5.20230220	59
5.20250528	537
5.20250702	327
5.20250720	251
5.20250803	464
5.20250820	1139
