version	total
0.004010	5526
0.004011	5416
