version	total
0.042	74933
1.000000	22814
1.002001	507951
1.002002	315753
