version	total
2.120921	10374
2.150010	99519
