version	total
2.000024	8350
2.000028	2573
2.000029	7973
