version	total
2.000002	5897
2.001000	37065
2.003004	170228
2.005004	29191
