version	total
0.100052	8209
0.100054	2283
0.100055	1673
