version	total
1.94	164089
1.99	2676
2.000000	2409
2.001000	1980
2.002000	3122
2.002001	1916
2.003000	984
