version	total
0.17024	32410
0.17027	146084
0.17029	3581
0.17030	544
