version	total
1.94	178046
1.99	2972
2.000000	2635
2.001000	2143
2.002000	3440
2.002001	2167
2.003000	1806
