version	total
1.006900	32075
1.007002	146094
1.007003	105781
