version	total
1.006900	30435
1.007002	140557
1.007003	86934
