version	total
1.003008	5910
1.004000	6160
1.004003	2302
