version	total
0.100003	5733
0.100005	2416
0.100006	1836
