version	total
2.000001	35688
2.000006	25309
2.000008	155290
2.002004	34853
