version	total
0.204001	2198
0.204003	2181
0.206003	3330
0.207001	2391
0.207002	2361
0.207003	931
