version	total
2.000002	6040
2.001000	40479
2.003004	180495
2.005004	42659
