version	total
2.000001	34002
2.000006	25121
2.000008	149896
2.002004	30060
