version	total
0.17024	32828
0.17027	147202
0.17029	3612
0.17030	612
