version	total
1.94	175086
1.99	2879
2.000000	2558
2.001000	2077
2.002000	3375
2.002001	2119
2.003000	1612
