version	total
0.103004	10228
0.103005	2602
0.103006	2018
