version	total
1.000005	28913
1.002002	8670
1.004002	7792
1.004003	5154
1.004004	146375
1.012004	2719
1.012005	2312
1.014000	2286
1.016002	2060
1.016006	2524
