version	total
0.000061	11908
0.000115	6633
0.000116	5413
0.000117	20089
0.000144	2960
0.000145	181093
0.000163	44030
