version	total
1.000019	7025
1.000033	15459
1.000036	91539
1.000037	18288
1.000038	24554
