version	total
4.161950	8458
4.201720	18038
