version	total
1.999813	4864
1.999816	5123
1.999829	2211
1.999830	2114
1.999831	2035
1.999832	2026
1.999833	2027
1.999835	2025
1.999836	1963
1.999837	1963
1.999838	1455
1.999839	1240
1.999841	1101
1.999842	1095
2.000000	1184
2.001000	1147
2.001001	1131
2.002000	1094
2.002001	1081
2.003001	704
2.003002	684
2.003003	426
2.003004	140
2.004001	150
2.005001	196
2.005002	198
2.005003	194
