version	total
1.302052	9579
1.302075	17001
1.302140	5642
1.302141	4941
1.302156	5886
1.302164	9685
1.302188	2568
1.302189	2332
1.302190	7446
