version	total
1.967013	32212
1.967015	145133
