version	total
2.000002	5910
2.001000	37286
2.003004	170909
2.005004	29656
