version	total
0.008	10325
0.006007	5937
0.008002	6639
0.008004	6548
0.008005	2128
0.008006	2103
0.008007	1689
0.008008	1315
0.008009	948
