version	total
1.302052	9677
1.302075	17497
1.302140	5704
1.302141	5005
1.302156	5949
1.302164	9890
1.302188	2628
1.302189	2392
1.302190	7894
