version	total
4.161950	7771
4.201720	11722
