version	total
1.100602	7506
1.100603	1789
