version	total
0.000061	11284
0.000115	6567
0.000116	5348
0.000117	19901
0.000144	2902
0.000145	176023
0.000163	27242
