version	total
1.100602	7604
1.100603	1869
