version	total
0.004010	5629
0.004011	5540
