version	total
4.161950	8557
4.201720	18849
