version	total
0.008	18212
0.006007	6034
0.008002	10773
0.008004	10779
0.008005	2234
0.008006	2205
0.008007	1794
0.008008	1421
0.008009	1061
