version	total
5.20180120	6504
5.20180626	5325
5.20180820	8807
5.20181130	4791
5.20181218	11179
5.20190420	5257
5.20190524	84564
5.20220120	2485
5.20220220	2552
5.20220313	2398
5.20220320	3162
5.20220420	3408
5.20220527	3146
5.20220620	25929
5.20230220	28
5.20250528	303
