version	total
1.94	176817
1.99	2926
2.000000	2596
2.001000	2110
2.002000	3412
2.002001	2144
2.003000	1709
