version	total
0.000061	12852
0.000115	6785
0.000116	5561
0.000117	20387
0.000144	3101
0.000145	184230
0.000163	60908
