version	total
0.094002	2137
0.094003	1568
