version	total
2.005001	19322
2.006003	161268
2.006006	34310
