version	total
2.005001	19688
2.006003	169610
2.006006	46993
