version	total
1.967013	35189
1.967015	156703
