version	total
4.161950	7878
4.201720	12551
