version	total
0.000061	12535
0.000115	6721
0.000116	5500
0.000117	20289
0.000144	3044
0.000145	183416
0.000163	55106
