version	total
1.967013	32526
1.967015	146542
