version	total
0.17024	33238
0.17027	148453
0.17029	3648
0.17030	693
