version	total
5.20180120	6611
5.20180626	5380
5.20180820	8866
5.20181130	4847
5.20181218	11245
5.20190420	5314
5.20190524	85497
5.20220120	2533
5.20220220	2598
5.20220313	2445
5.20220320	3211
5.20220420	3453
5.20220527	3193
5.20220620	26036
5.20230220	79
5.20250528	558
5.20250702	348
5.20250720	271
5.20250803	491
5.20250820	2124
5.20250923	326
