version	total
0.17024	33249
0.17027	148485
0.17029	3651
0.17030	695
