version	total
2.000001	35896
2.000006	25327
2.000008	155828
2.002004	35358
