version	total
0.100052	8386
0.100054	2321
0.100055	1765
