version	total
1.003008	6048
1.004000	6295
1.004003	2402
