version	total
2.005001	19446
2.006003	164417
2.006006	38414
