version	total
1.94	178261
1.99	2979
2.000000	2641
2.001000	2149
2.002000	3446
2.002001	2170
2.003000	1819
