version	total
0.17024	32250
0.17027	145628
0.17029	3572
0.17030	515
