version	total
1.000005	26313
1.002002	8558
1.004002	7598
1.004003	4953
1.004004	137308
1.012004	2546
1.012005	2136
1.014000	2108
1.016002	1993
1.016006	2336
