version	total
0.002005	4944
0.002006	5013
0.002009	7661
