version	total
0.094002	2110
0.094003	1515
