version	total
5.20180120	6840
5.20180626	5549
5.20180820	9040
5.20181130	5017
5.20181218	11443
5.20190420	5485
5.20190524	86999
5.20220120	2684
5.20220220	2753
5.20220313	2598
5.20220320	3364
5.20220420	3606
5.20220527	3344
5.20220620	26266
5.20230220	237
5.20250528	728
5.20250702	503
5.20250720	425
5.20250803	682
5.20250820	2368
5.20250923	3130
5.20251022	2515
5.20251120	3153
5.20251220	2295
5.20260119	2094
