version	total
2.000002	5965
2.001000	38416
2.003004	174630
2.005004	33327
