version	total
0.002005	4950
0.002006	5033
0.002009	9122
