version	total
0.204001	2203
0.204003	2185
0.206003	3358
0.207001	2411
0.207002	2381
0.207003	951
