version	total
5.20180120	6461
5.20180626	5303
5.20180820	8786
5.20181130	4769
5.20181218	11149
5.20190420	5238
5.20190524	84062
5.20220120	2471
5.20220220	2539
5.20220313	2385
5.20220320	3148
5.20220420	3395
5.20220527	3131
5.20220620	25268
