version	total
0.17024	30760
0.17027	140513
0.17029	3493
0.17030	270
