version	total
1.000005	29306
1.002002	8689
1.004002	7842
1.004003	5206
1.004004	147928
1.012004	2769
1.012005	2362
1.014000	2335
1.016002	2077
1.016006	2558
