version	total
5.20180120	6479
5.20180626	5314
5.20180820	8796
5.20181130	4780
5.20181218	11165
5.20190420	5246
5.20190524	84237
5.20220120	2477
5.20220220	2544
5.20220313	2390
5.20220320	3154
5.20220420	3400
5.20220527	3137
5.20220620	25593
