version	total
5.20180120	6765
5.20180626	5490
5.20180820	8979
5.20181130	4955
5.20181218	11376
5.20190420	5423
5.20190524	86595
5.20220120	2634
5.20220220	2698
5.20220313	2545
5.20220320	3312
5.20220420	3555
5.20220527	3293
5.20220620	26187
5.20230220	180
5.20250528	674
5.20250702	451
5.20250720	373
5.20250803	620
5.20250820	2343
5.20250923	2959
5.20251022	2291
5.20251120	3138
5.20251220	262
