version	total
1.003008	5798
1.004000	6033
1.004003	2241
