version	total
2.000001	37383
2.000006	25524
2.000008	159709
2.002004	43628
