version	total
0.000061	11674
0.000115	6590
0.000116	5371
0.000117	20006
0.000144	2921
0.000145	180408
0.000163	39776
