version	total
1.006900	32370
1.007002	146939
1.007003	108749
