version	total
5.20180120	6680
5.20180626	5428
5.20180820	8914
5.20181130	4895
5.20181218	11314
5.20190420	5362
5.20190524	86023
5.20220120	2577
5.20220220	2642
5.20220313	2489
5.20220320	3255
5.20220420	3497
5.20220527	3237
5.20220620	26101
5.20230220	123
5.20250528	611
5.20250702	393
5.20250720	317
5.20250803	551
5.20250820	2301
5.20250923	2522
5.20251022	952
