version	total
2.000001	34337
2.000006	25165
2.000008	150966
2.002004	30807
