version	total
0.001011	34965
0.001013	212062
