version	total
1.999813	4848
1.999816	5099
1.999829	2200
1.999830	2103
1.999831	2024
1.999832	2015
1.999833	2016
1.999835	2014
1.999836	1952
1.999837	1952
1.999838	1444
1.999839	1230
1.999841	1090
1.999842	1084
2.000000	1122
2.001000	1087
2.001001	1070
2.002000	1040
2.002001	1026
2.003001	693
2.003002	674
2.003003	418
2.003004	129
2.004001	139
2.005001	134
2.005002	136
2.005003	127
