version	total
0.001011	36209
0.001013	220339
