version	total
1.302052	9547
1.302075	16895
1.302140	5622
1.302141	4922
1.302156	5867
1.302164	9631
1.302188	2552
1.302189	2316
1.302190	7336
