version	total
1.967013	32185
1.967015	145005
