version	total
3.2.0	7677
3.3.20170530	5652
3.3.20180621	5400
3.3.20190321	5530
3.3.20190908	4080
3.3.20190909	21719
3.3.20200621	18217
3.3.20211231	5426
3.3.20220408	4944
