version	total
3.2.0	7898
3.3.20170530	5724
3.3.20180621	5438
3.3.20190321	5593
3.3.20190908	4110
3.3.20190909	30696
3.3.20200621	27026
3.3.20211231	5585
3.3.20220408	5860
