version	total
3.2.0	7758
3.3.20170530	5668
3.3.20180621	5419
3.3.20190321	5562
3.3.20190908	4094
3.3.20190909	25388
3.3.20200621	21763
3.3.20211231	5491
3.3.20220408	5340
