version	total
3.2.0	7644
3.3.20170530	5648
3.3.20180621	5395
3.3.20190321	5523
3.3.20190908	4076
3.3.20190909	21038
3.3.20200621	17532
3.3.20211231	5410
3.3.20220408	4837
