version	total
3.2.0	7988
3.3.20170530	5763
3.3.20180621	5451
3.3.20190321	5615
3.3.20190908	4122
3.3.20190909	33737
3.3.20200621	30167
3.3.20211231	5653
3.3.20220408	6241
