version	total
3.2.0	8098
3.3.20170530	5827
3.3.20180621	5463
3.3.20190321	5640
3.3.20190908	4134
3.3.20190909	38570
3.3.20200621	35303
3.3.20211231	5735
3.3.20220408	6761
