version	total
3.2.0	7613
3.3.20170530	5642
3.3.20180621	5387
3.3.20190321	5512
3.3.20190908	4070
3.3.20190909	19660
3.3.20200621	16189
3.3.20211231	5388
3.3.20220408	4702
