version	total
3.2.0	8046
3.3.20170530	5795
3.3.20180621	5455
3.3.20190321	5624
3.3.20190908	4127
3.3.20190909	36258
3.3.20200621	32822
3.3.20211231	5699
3.3.20220408	6566
