version	total
3.2.0	7692
3.3.20170530	5656
3.3.20180621	5405
3.3.20190321	5537
3.3.20190908	4084
3.3.20190909	22325
3.3.20200621	18806
3.3.20211231	5441
3.3.20220408	5054
