version	total
3.2.0	7551
3.3.20170530	5626
3.3.20180621	5371
3.3.20190321	5484
3.3.20190908	4058
3.3.20190909	15433
3.3.20200621	12044
3.3.20211231	5331
3.3.20220408	4299
