version	total
3.2.0	7843
3.3.20170530	5699
3.3.20180621	5432
3.3.20190321	5582
3.3.20190908	4105
3.3.20190909	28920
3.3.20200621	25162
3.3.20211231	5542
3.3.20220408	5656
