version	total
3.2.0	8240
3.3.20170530	5890
3.3.20180621	5478
3.3.20190321	5670
3.3.20190908	4147
3.3.20190909	38617
3.3.20200621	35363
3.3.20211231	5803
3.3.20220408	7247
