version	total
3.2.0	8187
3.3.20170530	5869
3.3.20180621	5473
3.3.20190321	5661
3.3.20190908	4143
3.3.20190909	38602
3.3.20200621	35330
3.3.20211231	5789
3.3.20220408	7060
