version	total
3.2.0	8061
3.3.20170530	5805
3.3.20180621	5458
3.3.20190321	5630
3.3.20190908	4129
3.3.20190909	37034
3.3.20200621	33661
3.3.20211231	5710
3.3.20220408	6628
