version	total
3.2.0	7890
3.3.20170530	5718
3.3.20180621	5438
3.3.20190321	5593
3.3.20190908	4110
3.3.20190909	30165
3.3.20200621	26459
3.3.20211231	5577
3.3.20220408	5809
