version	total
3.2.0	7826
3.3.20170530	5691
3.3.20180621	5430
3.3.20190321	5580
3.3.20190908	4103
3.3.20190909	28350
3.3.20200621	24577
3.3.20211231	5533
3.3.20220408	5595
