version	total
3.2.0	7814
3.3.20170530	5686
3.3.20180621	5428
3.3.20190321	5576
3.3.20190908	4101
3.3.20190909	28029
3.3.20200621	24279
3.3.20211231	5523
3.3.20220408	5562
