version	total
3.2.0	7686
3.3.20170530	5654
3.3.20180621	5402
3.3.20190321	5535
3.3.20190908	4083
3.3.20190909	22140
3.3.20200621	18629
3.3.20211231	5436
3.3.20220408	5036
