version	total
3.2.0	8000
3.3.20170530	5770
3.3.20180621	5452
3.3.20190321	5618
3.3.20190908	4125
3.3.20190909	34352
3.3.20200621	30794
3.3.20211231	5661
3.3.20220408	6320
