version	total
3.2.0	7717
3.3.20170530	5659
3.3.20180621	5409
3.3.20190321	5544
3.3.20190908	4087
3.3.20190909	23844
3.3.20200621	20212
3.3.20211231	5458
3.3.20220408	5173
