version	total
3.2.0	7608
3.3.20170530	5639
3.3.20180621	5386
3.3.20190321	5509
3.3.20190908	4069
3.3.20190909	19267
3.3.20200621	15805
3.3.20211231	5383
3.3.20220408	4671
