version	total
3.2.0	8028
3.3.20170530	5784
3.3.20180621	5454
3.3.20190321	5622
3.3.20190908	4127
3.3.20190909	35445
3.3.20200621	31955
3.3.20211231	5689
3.3.20220408	6467
