version	total
3.2.0	7526
3.3.20170530	5618
3.3.20180621	5362
3.3.20190321	5474
3.3.20190908	4052
3.3.20190909	14153
3.3.20200621	10801
3.3.20211231	5308
3.3.20220408	4144
