version	total
3.2.0	8076
3.3.20170530	5815
3.3.20180621	5460
3.3.20190321	5633
3.3.20190908	4131
3.3.20190909	37860
3.3.20200621	34551
3.3.20211231	5717
3.3.20220408	6703
