version	total
3.2.0	7469
3.3.20170530	5584
3.3.20180621	5327
3.3.20190321	5437
3.3.20190908	4034
3.3.20190909	12526
3.3.20200621	9162
3.3.20211231	5261
3.3.20220408	3972
