version	total
3.2.0	7919
3.3.20170530	5733
3.3.20180621	5442
3.3.20190321	5599
3.3.20190908	4113
3.3.20190909	31337
3.3.20200621	27695
3.3.20211231	5601
3.3.20220408	5942
