version	total
3.2.0	7872
3.3.20170530	5709
3.3.20180621	5435
3.3.20190321	5588
3.3.20190908	4108
3.3.20190909	29493
3.3.20200621	25783
3.3.20211231	5562
3.3.20220408	5729
