version	total
3.2.0	8118
3.3.20170530	5836
3.3.20180621	5466
3.3.20190321	5645
3.3.20190908	4137
3.3.20190909	38578
3.3.20200621	35311
3.3.20211231	5751
3.3.20220408	6817
