version	total
3.2.0	8013
3.3.20170530	5776
3.3.20180621	5453
3.3.20190321	5620
3.3.20190908	4126
3.3.20190909	34779
3.3.20200621	31255
3.3.20211231	5671
3.3.20220408	6369
