version	total
3.2.0	8131
3.3.20170530	5842
3.3.20180621	5467
3.3.20190321	5647
3.3.20190908	4138
3.3.20190909	38581
3.3.20200621	35314
3.3.20211231	5756
3.3.20220408	6850
