version	total
3.2.0	7669
3.3.20170530	5650
3.3.20180621	5397
3.3.20190321	5528
3.3.20190908	4079
3.3.20190909	21381
3.3.20200621	17882
3.3.20211231	5419
3.3.20220408	4892
