version	total
3.2.0	7587
3.3.20170530	5634
3.3.20180621	5382
3.3.20190321	5502
3.3.20190908	4065
3.3.20190909	17379
3.3.20200621	13964
3.3.20211231	5368
3.3.20220408	4492
