version	total
3.2.0	7577
3.3.20170530	5632
3.3.20180621	5378
3.3.20190321	5494
3.3.20190908	4062
3.3.20190909	17094
3.3.20200621	13692
3.3.20211231	5358
3.3.20220408	4452
