version	total
3.2.0	7495
3.3.20170530	5599
3.3.20180621	5342
3.3.20190321	5454
3.3.20190908	4044
3.3.20190909	13116
3.3.20200621	9739
3.3.20211231	5283
3.3.20220408	4041
