version	total
3.2.0	7603
3.3.20170530	5637
3.3.20180621	5385
3.3.20190321	5507
3.3.20190908	4068
3.3.20190909	18964
3.3.20200621	15512
3.3.20211231	5379
3.3.20220408	4660
