version	total
3.2.0	7508
3.3.20170530	5607
3.3.20180621	5350
3.3.20190321	5462
3.3.20190908	4047
3.3.20190909	13500
3.3.20200621	10124
3.3.20211231	5292
3.3.20220408	4078
