version	total
3.2.0	8038
3.3.20170530	5791
3.3.20180621	5455
3.3.20190321	5624
3.3.20190908	4127
3.3.20190909	35941
3.3.20200621	32488
3.3.20211231	5695
3.3.20220408	6523
