version	total
3.2.0	7719
3.3.20170530	5659
3.3.20180621	5410
3.3.20190321	5544
3.3.20190908	4087
3.3.20190909	23928
3.3.20200621	20297
3.3.20211231	5458
3.3.20220408	5189
