version	total
3.2.0	7559
3.3.20170530	5628
3.3.20180621	5372
3.3.20190321	5488
3.3.20190908	4059
3.3.20190909	15931
3.3.20200621	12539
3.3.20211231	5339
3.3.20220408	4328
