version	total
3.2.0	7945
3.3.20170530	5746
3.3.20180621	5445
3.3.20190321	5605
3.3.20190908	4116
3.3.20190909	32632
3.3.20200621	29029
3.3.20211231	5624
3.3.20220408	6082
