version	total
3.2.0	8094
3.3.20170530	5824
3.3.20180621	5463
3.3.20190321	5640
3.3.20190908	4134
3.3.20190909	38397
3.3.20200621	35117
3.3.20211231	5732
3.3.20220408	6744
