version	total
3.2.0	7559
3.3.20170530	5628
3.3.20180621	5374
3.3.20190321	5488
3.3.20190908	4059
3.3.20190909	16318
3.3.20200621	12938
3.3.20211231	5342
3.3.20220408	4376
