version	total
3.2.0	7966
3.3.20170530	5756
3.3.20180621	5448
3.3.20190321	5610
3.3.20190908	4119
3.3.20190909	33274
3.3.20200621	29688
3.3.20211231	5642
3.3.20220408	6187
