version	total
3.2.0	7774
3.3.20170530	5670
3.3.20180621	5421
3.3.20190321	5566
3.3.20190908	4096
3.3.20190909	26225
3.3.20200621	22567
3.3.20211231	5495
3.3.20220408	5397
