version	total
3.2.0	7991
3.3.20170530	5764
3.3.20180621	5451
3.3.20190321	5616
3.3.20190908	4122
3.3.20190909	33830
3.3.20200621	30259
3.3.20211231	5655
3.3.20220408	6255
