version	total
3.2.0	7467
3.3.20170530	5582
3.3.20180621	5327
3.3.20190321	5437
3.3.20190908	4034
3.3.20190909	12489
3.3.20200621	9124
3.3.20211231	5261
3.3.20220408	3970
