version	total
3.2.0	8018
3.3.20170530	5780
3.3.20180621	5453
3.3.20190321	5620
3.3.20190908	4126
3.3.20190909	35097
3.3.20200621	31602
3.3.20211231	5681
3.3.20220408	6421
