version	total
3.2.0	7682
3.3.20170530	5653
3.3.20180621	5401
3.3.20190321	5533
3.3.20190908	4082
3.3.20190909	22058
3.3.20200621	18544
3.3.20211231	5432
3.3.20220408	5026
