version	total
3.2.0	8078
3.3.20170530	5817
3.3.20180621	5460
3.3.20190321	5633
3.3.20190908	4131
3.3.20190909	38056
3.3.20200621	34749
3.3.20211231	5718
3.3.20220408	6710
