version	total
3.2.0	8055
3.3.20170530	5802
3.3.20180621	5457
3.3.20190321	5628
3.3.20190908	4129
3.3.20190909	36852
3.3.20200621	33474
3.3.20211231	5706
3.3.20220408	6623
