version	total
3.2.0	7735
3.3.20170530	5663
3.3.20180621	5414
3.3.20190321	5552
3.3.20190908	4090
3.3.20190909	24665
3.3.20200621	21032
3.3.20211231	5472
3.3.20220408	5273
