version	total
3.2.0	7715
3.3.20170530	5659
3.3.20180621	5409
3.3.20190321	5544
3.3.20190908	4087
3.3.20190909	23753
3.3.20200621	20122
3.3.20211231	5457
3.3.20220408	5167
