version	total
3.2.0	7938
3.3.20170530	5743
3.3.20180621	5445
3.3.20190321	5605
3.3.20190908	4116
3.3.20190909	32371
3.3.20200621	28756
3.3.20211231	5620
3.3.20220408	6046
