version	total
3.2.0	7673
3.3.20170530	5651
3.3.20180621	5399
3.3.20190321	5528
3.3.20190908	4079
3.3.20190909	21625
3.3.20200621	18120
3.3.20211231	5422
3.3.20220408	4931
