version	total
3.2.0	8011
3.3.20170530	5774
3.3.20180621	5453
3.3.20190321	5620
3.3.20190908	4126
3.3.20190909	34630
3.3.20200621	31082
3.3.20211231	5669
3.3.20220408	6360
