version	total
3.2.0	7997
3.3.20170530	5767
3.3.20180621	5452
3.3.20190321	5618
3.3.20190908	4125
3.3.20190909	34024
3.3.20200621	30432
3.3.20211231	5657
3.3.20220408	6276
