version	total
3.2.0	7862
3.3.20170530	5704
3.3.20180621	5434
3.3.20190321	5586
3.3.20190908	4107
3.3.20190909	29209
3.3.20200621	25470
3.3.20211231	5553
3.3.20220408	5705
