version	total
3.2.0	8048
3.3.20170530	5797
3.3.20180621	5455
3.3.20190321	5624
3.3.20190908	4127
3.3.20190909	36435
3.3.20200621	33005
3.3.20211231	5701
3.3.20220408	6574
