version	total
3.2.0	7807
3.3.20170530	5682
3.3.20180621	5428
3.3.20190321	5576
3.3.20190908	4101
3.3.20190909	27635
3.3.20200621	23887
3.3.20211231	5519
3.3.20220408	5524
