version	total
3.2.0	7566
3.3.20170530	5630
3.3.20180621	5376
3.3.20190321	5492
3.3.20190908	4061
3.3.20190909	16518
3.3.20200621	13125
3.3.20211231	5348
3.3.20220408	4396
