version	total
3.2.0	7929
3.3.20170530	5738
3.3.20180621	5444
3.3.20190321	5603
3.3.20190908	4115
3.3.20190909	31883
3.3.20200621	28275
3.3.20211231	5612
3.3.20220408	6003
