version	total
3.2.0	7510
3.3.20170530	5609
3.3.20180621	5352
3.3.20190321	5464
3.3.20190908	4048
3.3.20190909	13597
3.3.20200621	10232
3.3.20211231	5294
3.3.20220408	4085
