version	total
3.2.0	8049
3.3.20170530	5797
3.3.20180621	5455
3.3.20190321	5626
3.3.20190908	4128
3.3.20190909	36522
3.3.20200621	33094
3.3.20211231	5704
3.3.20220408	6588
