version	total
3.2.0	7859
3.3.20170530	5703
3.3.20180621	5434
3.3.20190321	5586
3.3.20190908	4107
3.3.20190909	29108
3.3.20200621	25365
3.3.20211231	5552
3.3.20220408	5701
