version	total
3.2.0	7941
3.3.20170530	5744
3.3.20180621	5445
3.3.20190321	5605
3.3.20190908	4116
3.3.20190909	32441
3.3.20200621	28842
3.3.20211231	5622
3.3.20220408	6055
