version	total
3.2.0	7519
3.3.20170530	5614
3.3.20180621	5357
3.3.20190321	5470
3.3.20190908	4050
3.3.20190909	13804
3.3.20200621	10432
3.3.20211231	5303
3.3.20220408	4099
