version	total
3.2.0	8177
3.3.20170530	5864
3.3.20180621	5471
3.3.20190321	5659
3.3.20190908	4142
3.3.20190909	38597
3.3.20200621	35326
3.3.20211231	5782
3.3.20220408	7026
