version	total
3.2.0	7925
3.3.20170530	5736
3.3.20180621	5443
3.3.20190321	5601
3.3.20190908	4114
3.3.20190909	31531
3.3.20200621	27906
3.3.20211231	5607
3.3.20220408	5951
