version	total
3.2.0	7512
3.3.20170530	5611
3.3.20180621	5354
3.3.20190321	5466
3.3.20190908	4049
3.3.20190909	13708
3.3.20200621	10333
3.3.20211231	5296
3.3.20220408	4091
