version	total
3.2.0	7622
3.3.20170530	5645
3.3.20180621	5391
3.3.20190321	5517
3.3.20190908	4073
3.3.20190909	20037
3.3.20200621	16573
3.3.20211231	5396
3.3.20220408	4730
