version	total
3.2.0	8114
3.3.20170530	5833
3.3.20180621	5466
3.3.20190321	5645
3.3.20190908	4137
3.3.20190909	38577
3.3.20200621	35311
3.3.20211231	5749
3.3.20220408	6793
