version	total
3.2.0	7959
3.3.20170530	5753
3.3.20180621	5446
3.3.20190321	5608
3.3.20190908	4118
3.3.20190909	33180
3.3.20200621	29591
3.3.20211231	5636
3.3.20220408	6174
