version	total
3.2.0	8051
3.3.20170530	5799
3.3.20180621	5457
3.3.20190321	5627
3.3.20190908	4129
3.3.20190909	36607
3.3.20200621	33190
3.3.20211231	5706
3.3.20220408	6605
