version	total
3.2.0	7612
3.3.20170530	5640
3.3.20180621	5387
3.3.20190321	5512
3.3.20190908	4070
3.3.20190909	19568
3.3.20200621	16107
3.3.20211231	5388
3.3.20220408	4696
