version	total
3.2.0	7876
3.3.20170530	5712
3.3.20180621	5436
3.3.20190321	5588
3.3.20190908	4108
3.3.20190909	29786
3.3.20200621	26080
3.3.20211231	5565
3.3.20220408	5765
