version	total
3.2.0	7830
3.3.20170530	5693
3.3.20180621	5431
3.3.20190321	5580
3.3.20190908	4103
3.3.20190909	28444
3.3.20200621	24676
3.3.20211231	5534
3.3.20220408	5609
