version	total
3.2.0	8190
3.3.20170530	5870
3.3.20180621	5474
3.3.20190321	5665
3.3.20190908	4144
3.3.20190909	38606
3.3.20200621	35335
3.3.20211231	5792
3.3.20220408	7077
