version	total
3.2.0	7598
3.3.20170530	5635
3.3.20180621	5384
3.3.20190321	5505
3.3.20190908	4067
3.3.20190909	18138
3.3.20200621	14694
3.3.20211231	5375
3.3.20220408	4574
