version	total
3.2.0	8090
3.3.20170530	5822
3.3.20180621	5462
3.3.20190321	5638
3.3.20190908	4133
3.3.20190909	38315
3.3.20200621	35027
3.3.20211231	5728
3.3.20220408	6729
