version	total
3.2.0	8066
3.3.20170530	5809
3.3.20180621	5458
3.3.20190321	5631
3.3.20190908	4129
3.3.20190909	37464
3.3.20200621	34139
3.3.20211231	5711
3.3.20220408	6684
