version	total
3.2.0	7710
3.3.20170530	5658
3.3.20180621	5408
3.3.20190321	5542
3.3.20190908	4086
3.3.20190909	23303
3.3.20200621	19695
3.3.20211231	5453
3.3.20220408	5131
