version	total
3.2.0	8179
3.3.20170530	5865
3.3.20180621	5472
3.3.20190321	5659
3.3.20190908	4142
3.3.20190909	38598
3.3.20200621	35328
3.3.20211231	5783
3.3.20220408	7037
