version	total
3.2.0	7705
3.3.20170530	5657
3.3.20180621	5406
3.3.20190321	5540
3.3.20190908	4085
3.3.20190909	22963
3.3.20200621	19378
3.3.20211231	5447
3.3.20220408	5104
