version	total
3.2.0	7936
3.3.20170530	5741
3.3.20180621	5445
3.3.20190321	5605
3.3.20190908	4116
3.3.20190909	32087
3.3.20200621	28462
3.3.20211231	5618
3.3.20220408	6018
