version	total
3.2.0	7998
3.3.20170530	5768
3.3.20180621	5452
3.3.20190321	5618
3.3.20190908	4125
3.3.20190909	34191
3.3.20200621	30622
3.3.20211231	5658
3.3.20220408	6307
