version	total
3.2.0	7927
3.3.20170530	5736
3.3.20180621	5443
3.3.20190321	5603
3.3.20190908	4115
3.3.20190909	31602
3.3.20200621	27989
3.3.20211231	5610
3.3.20220408	5964
