version	total
3.2.0	7497
3.3.20170530	5601
3.3.20180621	5344
3.3.20190321	5456
3.3.20190908	4045
3.3.20190909	13214
3.3.20200621	9839
3.3.20211231	5285
3.3.20220408	4046
