version	total
3.2.0	8053
3.3.20170530	5801
3.3.20180621	5457
3.3.20190321	5627
3.3.20190908	4129
3.3.20190909	36765
3.3.20200621	33379
3.3.20211231	5706
3.3.20220408	6619
