version	total
3.2.0	7671
3.3.20170530	5651
3.3.20180621	5399
3.3.20190321	5528
3.3.20190908	4079
3.3.20190909	21459
3.3.20200621	17973
3.3.20211231	5420
3.3.20220408	4906
