version	total
3.2.0	7562
3.3.20170530	5629
3.3.20180621	5375
3.3.20190321	5490
3.3.20190908	4060
3.3.20190909	16418
3.3.20200621	13033
3.3.20211231	5345
3.3.20220408	4390
