version	total
3.2.0	7864
3.3.20170530	5705
3.3.20180621	5434
3.3.20190321	5586
3.3.20190908	4107
3.3.20190909	29297
3.3.20200621	25573
3.3.20211231	5554
3.3.20220408	5712
