version	total
3.2.0	8133
3.3.20170530	5843
3.3.20180621	5467
3.3.20190321	5648
3.3.20190908	4138
3.3.20190909	38581
3.3.20200621	35315
3.3.20211231	5757
3.3.20220408	6861
