version	total
3.2.0	7729
3.3.20170530	5662
3.3.20180621	5413
3.3.20190321	5550
3.3.20190908	4089
3.3.20190909	24268
3.3.20200621	20648
3.3.20211231	5468
3.3.20220408	5223
