version	total
3.2.0	7878
3.3.20170530	5714
3.3.20180621	5436
3.3.20190321	5589
3.3.20190908	4108
3.3.20190909	29981
3.3.20200621	26263
3.3.20211231	5567
3.3.20220408	5784
