version	total
3.2.0	7805
3.3.20170530	5681
3.3.20180621	5428
3.3.20190321	5576
3.3.20190908	4101
3.3.20190909	27525
3.3.20200621	23795
3.3.20211231	5518
3.3.20220408	5515
