version	total
3.2.0	7629
3.3.20170530	5646
3.3.20180621	5392
3.3.20190321	5519
3.3.20190908	4074
3.3.20190909	20508
3.3.20200621	17016
3.3.20211231	5400
3.3.20220408	4771
