version	total
3.2.0	8012
3.3.20170530	5775
3.3.20180621	5453
3.3.20190321	5620
3.3.20190908	4126
3.3.20190909	34700
3.3.20200621	31172
3.3.20211231	5670
3.3.20220408	6364
