version	total
3.2.0	7908
3.3.20170530	5727
3.3.20180621	5439
3.3.20190321	5595
3.3.20190908	4111
3.3.20190909	30949
3.3.20200621	27288
3.3.20211231	5591
3.3.20220408	5875
