version	total
3.2.0	8071
3.3.20170530	5811
3.3.20180621	5460
3.3.20190321	5633
3.3.20190908	4131
3.3.20190909	37570
3.3.20200621	34250
3.3.20211231	5716
3.3.20220408	6690
