version	total
3.2.0	7846
3.3.20170530	5700
3.3.20180621	5432
3.3.20190321	5582
3.3.20190908	4105
3.3.20190909	29004
3.3.20200621	25258
3.3.20211231	5543
3.3.20220408	5680
