version	total
3.2.0	7668
3.3.20170530	5650
3.3.20180621	5397
3.3.20190321	5527
3.3.20190908	4078
3.3.20190909	21313
3.3.20200621	17808
3.3.20211231	5416
3.3.20220408	4884
