version	total
3.2.0	7793
3.3.20170530	5675
3.3.20180621	5425
3.3.20190321	5572
3.3.20190908	4099
3.3.20190909	27105
3.3.20200621	23394
3.3.20211231	5507
3.3.20220408	5481
