version	total
3.2.0	7678
3.3.20170530	5652
3.3.20180621	5400
3.3.20190321	5530
3.3.20190908	4080
3.3.20190909	21809
3.3.20200621	18306
3.3.20211231	5426
3.3.20220408	4955
