version	total
3.2.0	7808
3.3.20170530	5683
3.3.20180621	5428
3.3.20190321	5576
3.3.20190908	4101
3.3.20190909	27725
3.3.20200621	23971
3.3.20211231	5520
3.3.20220408	5536
