version	total
3.2.0	7950
3.3.20170530	5748
3.3.20180621	5446
3.3.20190321	5607
3.3.20190908	4117
3.3.20190909	32728
3.3.20200621	29121
3.3.20211231	5629
3.3.20220408	6089
