version	total
3.2.0	7874
3.3.20170530	5710
3.3.20180621	5435
3.3.20190321	5588
3.3.20190908	4108
3.3.20190909	29597
3.3.20200621	25893
3.3.20211231	5563
3.3.20220408	5735
