version	total
3.2.0	7937
3.3.20170530	5742
3.3.20180621	5445
3.3.20190321	5605
3.3.20190908	4116
3.3.20190909	32278
3.3.20200621	28662
3.3.20211231	5620
3.3.20220408	6038
