version	total
3.2.0	7804
3.3.20170530	5680
3.3.20180621	5427
3.3.20190321	5576
3.3.20190908	4101
3.3.20190909	27419
3.3.20200621	23704
3.3.20211231	5517
3.3.20220408	5509
