version	total
3.2.0	7631
3.3.20170530	5646
3.3.20180621	5392
3.3.20190321	5521
3.3.20190908	4075
3.3.20190909	20778
3.3.20200621	17272
3.3.20211231	5402
3.3.20220408	4804
