version	total
3.2.0	7981
3.3.20170530	5761
3.3.20180621	5450
3.3.20190321	5614
3.3.20190908	4120
3.3.20190909	33540
3.3.20200621	29968
3.3.20211231	5651
3.3.20220408	6219
