version	total
3.2.0	7521
3.3.20170530	5616
3.3.20180621	5359
3.3.20190321	5472
3.3.20190908	4051
3.3.20190909	13899
3.3.20200621	10525
3.3.20211231	5305
3.3.20220408	4105
