version	total
3.2.0	7687
3.3.20170530	5655
3.3.20180621	5404
3.3.20190321	5535
3.3.20190908	4083
3.3.20190909	22231
3.3.20200621	18712
3.3.20211231	5437
3.3.20220408	5049
