version	total
3.2.0	7956
3.3.20170530	5752
3.3.20180621	5446
3.3.20190321	5607
3.3.20190908	4117
3.3.20190909	33092
3.3.20200621	29502
3.3.20211231	5633
3.3.20220408	6160
