version	total
3.2.0	7590
3.3.20170530	5634
3.3.20180621	5383
3.3.20190321	5503
3.3.20190908	4066
3.3.20190909	17758
3.3.20200621	14324
3.3.20211231	5371
3.3.20220408	4531
