version	total
3.2.0	8249
3.3.20170530	5893
3.3.20180621	5479
3.3.20190321	5674
3.3.20190908	4148
3.3.20190909	38619
3.3.20200621	35372
3.3.20211231	5814
3.3.20220408	7298
