version	total
3.2.0	8214
3.3.20170530	5882
3.3.20180621	5477
3.3.20190321	5667
3.3.20190908	4146
3.3.20190909	38611
3.3.20200621	35357
3.3.20211231	5797
3.3.20220408	7171
