version	total
3.2.0	8030
3.3.20170530	5786
3.3.20180621	5454
3.3.20190321	5622
3.3.20190908	4127
3.3.20190909	35604
3.3.20200621	32134
3.3.20211231	5690
3.3.20220408	6491
