version	total
3.2.0	7540
3.3.20170530	5623
3.3.20180621	5368
3.3.20190321	5478
3.3.20190908	4054
3.3.20190909	15054
3.3.20200621	11660
3.3.20211231	5318
3.3.20220408	4244
