version	total
3.2.0	8023
3.3.20170530	5781
3.3.20180621	5454
3.3.20190321	5622
3.3.20190908	4127
3.3.20190909	35194
3.3.20200621	31699
3.3.20211231	5686
3.3.20220408	6442
