version	total
3.2.0	7489
3.3.20170530	5596
3.3.20180621	5339
3.3.20190321	5450
3.3.20190908	4042
3.3.20190909	13020
3.3.20200621	9649
3.3.20211231	5277
3.3.20220408	4029
