version	total
3.2.0	8044
3.3.20170530	5793
3.3.20180621	5455
3.3.20190321	5624
3.3.20190908	4127
3.3.20190909	36096
3.3.20200621	32650
3.3.20211231	5697
3.3.20220408	6548
