version	total
3.2.0	7748
3.3.20170530	5666
3.3.20180621	5417
3.3.20190321	5558
3.3.20190908	4093
3.3.20190909	24756
3.3.20200621	21138
3.3.20211231	5483
3.3.20220408	5297
