version	total
3.2.0	8052
3.3.20170530	5800
3.3.20180621	5457
3.3.20190321	5627
3.3.20190908	4129
3.3.20190909	36683
3.3.20200621	33287
3.3.20211231	5706
3.3.20220408	6611
