version	total
3.2.0	7835
3.3.20170530	5696
3.3.20180621	5431
3.3.20190321	5580
3.3.20190908	4104
3.3.20190909	28743
3.3.20200621	24962
3.3.20211231	5536
3.3.20220408	5638
