version	total
3.2.0	7505
3.3.20170530	5605
3.3.20180621	5348
3.3.20190321	5460
3.3.20190908	4046
3.3.20190909	13408
3.3.20200621	10034
3.3.20211231	5290
3.3.20220408	4069
