version	total
3.2.0	7787
3.3.20170530	5673
3.3.20180621	5424
3.3.20190321	5570
3.3.20190908	4098
3.3.20190909	26903
3.3.20200621	23211
3.3.20211231	5502
3.3.20220408	5456
