version	total
3.2.0	8195
3.3.20170530	5874
3.3.20180621	5475
3.3.20190321	5665
3.3.20190908	4144
3.3.20190909	38607
3.3.20200621	35341
3.3.20211231	5792
3.3.20220408	7109
