version	total
3.2.0	8060
3.3.20170530	5804
3.3.20180621	5458
3.3.20190321	5630
3.3.20190908	4129
3.3.20190909	36938
3.3.20200621	33570
3.3.20211231	5709
3.3.20220408	6627
