version	total
3.2.0	7750
3.3.20170530	5666
3.3.20180621	5417
3.3.20190321	5558
3.3.20190908	4093
3.3.20190909	25118
3.3.20200621	21477
3.3.20211231	5484
3.3.20220408	5320
