version	total
3.2.0	7725
3.3.20170530	5661
3.3.20180621	5412
3.3.20190321	5548
3.3.20190908	4088
3.3.20190909	24070
3.3.20200621	20462
3.3.20211231	5464
3.3.20220408	5211
