version	total
3.2.0	8208
3.3.20170530	5880
3.3.20180621	5476
3.3.20190321	5667
3.3.20190908	4145
3.3.20190909	38609
3.3.20200621	35354
3.3.20211231	5796
3.3.20220408	7146
