version	total
3.2.0	7977
3.3.20170530	5759
3.3.20180621	5450
3.3.20190321	5614
3.3.20190908	4120
3.3.20190909	33456
3.3.20200621	29888
3.3.20211231	5651
3.3.20220408	6206
