version	total
3.2.0	7555
3.3.20170530	5627
3.3.20180621	5371
3.3.20190321	5486
3.3.20190908	4058
3.3.20190909	15635
3.3.20200621	12243
3.3.20211231	5335
3.3.20220408	4310
