version	total
3.2.0	7874
3.3.20170530	5711
3.3.20180621	5436
3.3.20190321	5588
3.3.20190908	4108
3.3.20190909	29702
3.3.20200621	25991
3.3.20211231	5564
3.3.20220408	5749
