version	total
3.2.0	7475
3.3.20170530	5588
3.3.20180621	5331
3.3.20190321	5441
3.3.20190908	4037
3.3.20190909	12716
3.3.20200621	9354
3.3.20211231	5265
3.3.20220408	3991
