version	total
3.2.0	7943
3.3.20170530	5745
3.3.20180621	5445
3.3.20190321	5605
3.3.20190908	4116
3.3.20190909	32540
3.3.20200621	28934
3.3.20211231	5623
3.3.20220408	6067
