version	total
3.2.0	7776
3.3.20170530	5671
3.3.20180621	5422
3.3.20190321	5566
3.3.20190908	4096
3.3.20190909	26316
3.3.20200621	22662
3.3.20211231	5498
3.3.20220408	5404
