version	total
3.2.0	7832
3.3.20170530	5694
3.3.20180621	5431
3.3.20190321	5580
3.3.20190908	4104
3.3.20190909	28547
3.3.20200621	24772
3.3.20211231	5535
3.3.20220408	5620
