version	total
3.2.0	7614
3.3.20170530	5642
3.3.20180621	5388
3.3.20190321	5513
3.3.20190908	4071
3.3.20190909	19742
3.3.20200621	16280
3.3.20211231	5388
3.3.20220408	4708
