version	total
3.2.0	8026
3.3.20170530	5783
3.3.20180621	5454
3.3.20190321	5622
3.3.20190908	4127
3.3.20190909	35364
3.3.20200621	31869
3.3.20211231	5688
3.3.20220408	6457
