version	total
3.2.0	7630
3.3.20170530	5646
3.3.20180621	5392
3.3.20190321	5519
3.3.20190908	4074
3.3.20190909	20601
3.3.20200621	17110
3.3.20211231	5400
3.3.20220408	4777
