version	total
3.2.0	8015
3.3.20170530	5778
3.3.20180621	5453
3.3.20190321	5620
3.3.20190908	4126
3.3.20190909	34935
3.3.20200621	31415
3.3.20211231	5673
3.3.20220408	6391
