version	total
3.2.0	7547
3.3.20170530	5625
3.3.20180621	5369
3.3.20190321	5482
3.3.20190908	4056
3.3.20190909	15339
3.3.20200621	11949
3.3.20211231	5326
3.3.20220408	4283
