version	total
3.2.0	7640
3.3.20170530	5648
3.3.20180621	5394
3.3.20190321	5523
3.3.20190908	4076
3.3.20190909	20862
3.3.20200621	17360
3.3.20211231	5409
3.3.20220408	4825
