version	total
3.2.0	7700
3.3.20170530	5656
3.3.20180621	5405
3.3.20190321	5538
3.3.20190908	4084
3.3.20190909	22787
3.3.20200621	19213
3.3.20211231	5443
3.3.20220408	5088
