version	total
3.2.0	7796
3.3.20170530	5676
3.3.20180621	5425
3.3.20190321	5572
3.3.20190908	4099
3.3.20190909	27209
3.3.20200621	23485
3.3.20211231	5508
3.3.20220408	5490
