version	total
3.2.0	8230
3.3.20170530	5884
3.3.20180621	5478
3.3.20190321	5669
3.3.20190908	4147
3.3.20190909	38613
3.3.20200621	35360
3.3.20211231	5802
3.3.20220408	7179
