version	total
3.2.0	7778
3.3.20170530	5671
3.3.20180621	5422
3.3.20190321	5568
3.3.20190908	4096
3.3.20190909	26606
3.3.20200621	22952
3.3.20211231	5498
3.3.20220408	5442
