version	total
3.2.0	7620
3.3.20170530	5644
3.3.20180621	5390
3.3.20190321	5515
3.3.20190908	4072
3.3.20190909	19947
3.3.20200621	16485
3.3.20211231	5392
3.3.20220408	4721
