version	total
3.2.0	8109
3.3.20170530	5831
3.3.20180621	5465
3.3.20190321	5643
3.3.20190908	4136
3.3.20190909	38574
3.3.20200621	35308
3.3.20211231	5744
3.3.20220408	6781
