version	total
3.2.0	8037
3.3.20170530	5790
3.3.20180621	5455
3.3.20190321	5624
3.3.20190908	4127
3.3.20190909	35866
3.3.20200621	32407
3.3.20211231	5694
3.3.20220408	6512
