version	total
3.2.0	8239
3.3.20170530	5888
3.3.20180621	5478
3.3.20190321	5670
3.3.20190908	4147
3.3.20190909	38615
3.3.20200621	35361
3.3.20211231	5802
3.3.20220408	7224
