version	total
3.2.0	7755
3.3.20170530	5667
3.3.20180621	5418
3.3.20190321	5560
3.3.20190908	4094
3.3.20190909	25295
3.3.20200621	21668
3.3.20211231	5488
3.3.20220408	5333
