version	total
3.2.0	7880
3.3.20170530	5715
3.3.20180621	5436
3.3.20190321	5589
3.3.20190908	4108
3.3.20190909	30068
3.3.20200621	26352
3.3.20211231	5568
3.3.20220408	5796
