version	total
3.2.0	8079
3.3.20170530	5818
3.3.20180621	5460
3.3.20190321	5633
3.3.20190908	4131
3.3.20190909	38140
3.3.20200621	34839
3.3.20211231	5719
3.3.20220408	6715
