version	total
3.2.0	7813
3.3.20170530	5684
3.3.20180621	5428
3.3.20190321	5576
3.3.20190908	4101
3.3.20190909	27828
3.3.20200621	24068
3.3.20211231	5521
3.3.20220408	5546
