version	total
3.2.0	7821
3.3.20170530	5689
3.3.20180621	5429
3.3.20190321	5578
3.3.20190908	4102
3.3.20190909	28240
3.3.20200621	24473
3.3.20211231	5529
3.3.20220408	5579
