version	total
3.2.0	7710
3.3.20170530	5658
3.3.20180621	5407
3.3.20190321	5542
3.3.20190908	4086
3.3.20190909	23067
3.3.20200621	19456
3.3.20211231	5451
3.3.20220408	5110
