version	total
3.2.0	7819
3.3.20170530	5688
3.3.20180621	5429
3.3.20190321	5578
3.3.20190908	4102
3.3.20190909	28132
3.3.20200621	24381
3.3.20211231	5528
3.3.20220408	5572
