version	total
3.2.0	7992
3.3.20170530	5765
3.3.20180621	5451
3.3.20190321	5616
3.3.20190908	4124
3.3.20190909	33929
3.3.20200621	30336
3.3.20211231	5655
3.3.20220408	6270
