version	total
3.2.0	8045
3.3.20170530	5794
3.3.20180621	5455
3.3.20190321	5624
3.3.20190908	4127
3.3.20190909	36183
3.3.20200621	32737
3.3.20211231	5698
3.3.20220408	6560
