version	total
3.2.0	7681
3.3.20170530	5653
3.3.20180621	5401
3.3.20190321	5532
3.3.20190908	4081
3.3.20190909	21892
3.3.20200621	18374
3.3.20211231	5429
3.3.20220408	4982
