version	total
3.2.0	7485
3.3.20170530	5594
3.3.20180621	5337
3.3.20190321	5448
3.3.20190908	4041
3.3.20190909	12919
3.3.20200621	9548
3.3.20211231	5273
3.3.20220408	4014
