version	total
3.2.0	8005
3.3.20170530	5772
3.3.20180621	5452
3.3.20190321	5618
3.3.20190908	4125
3.3.20190909	34523
3.3.20200621	30983
3.3.20211231	5663
3.3.20220408	6344
