version	total
3.2.0	7595
3.3.20170530	5635
3.3.20180621	5384
3.3.20190321	5505
3.3.20190908	4067
3.3.20190909	17848
3.3.20200621	14416
3.3.20211231	5375
3.3.20220408	4536
