version	total
3.2.0	7985
3.3.20170530	5762
3.3.20180621	5451
3.3.20190321	5615
3.3.20190908	4121
3.3.20190909	33641
3.3.20200621	30072
3.3.20211231	5653
3.3.20220408	6230
