version	total
3.2.0	8014
3.3.20170530	5777
3.3.20180621	5453
3.3.20190321	5620
3.3.20190908	4126
3.3.20190909	34865
3.3.20200621	31345
3.3.20211231	5672
3.3.20220408	6373
