version	total
3.2.0	7481
3.3.20170530	5591
3.3.20180621	5334
3.3.20190321	5444
3.3.20190908	4039
3.3.20190909	12820
3.3.20200621	9449
3.3.20211231	5268
3.3.20220408	4002
