version	total
3.2.0	7784
3.3.20170530	5672
3.3.20180621	5423
3.3.20190321	5570
3.3.20190908	4097
3.3.20190909	26709
3.3.20200621	23039
3.3.20211231	5502
3.3.20220408	5448
