version	total
3.2.0	8085
3.3.20170530	5820
3.3.20180621	5461
3.3.20190321	5636
3.3.20190908	4132
3.3.20190909	38237
3.3.20200621	34937
3.3.20211231	5724
3.3.20220408	6721
