version	total
3.2.0	8047
3.3.20170530	5796
3.3.20180621	5455
3.3.20190321	5624
3.3.20190908	4127
3.3.20190909	36351
3.3.20200621	32922
3.3.20211231	5700
3.3.20220408	6568
