version	total
3.2.0	7471
3.3.20170530	5586
3.3.20180621	5329
3.3.20190321	5439
3.3.20190908	4036
3.3.20190909	12624
3.3.20200621	9264
3.3.20211231	5263
3.3.20220408	3983
