version	total
3.2.0	7930
3.3.20170530	5739
3.3.20180621	5444
3.3.20190321	5603
3.3.20190908	4115
3.3.20190909	31981
3.3.20200621	28369
3.3.20211231	5613
3.3.20220408	6011
