version	total
3.2.0	7953
3.3.20170530	5750
3.3.20180621	5446
3.3.20190321	5607
3.3.20190908	4117
3.3.20190909	32920
3.3.20200621	29315
3.3.20211231	5631
3.3.20220408	6126
