version	total
3.2.0	7567
3.3.20170530	5631
3.3.20180621	5377
3.3.20190321	5492
3.3.20190908	4061
3.3.20190909	16613
3.3.20200621	13226
3.3.20211231	5348
3.3.20220408	4401
