version	total
3.2.0	8246
3.3.20170530	5892
3.3.20180621	5479
3.3.20190321	5674
3.3.20190908	4148
3.3.20190909	38619
3.3.20200621	35366
3.3.20211231	5807
3.3.20220408	7269
