version	total
3.2.0	7499
3.3.20170530	5603
3.3.20180621	5346
3.3.20190321	5458
3.3.20190908	4045
3.3.20190909	13303
3.3.20200621	9931
3.3.20211231	5288
3.3.20220408	4057
