version	total
3.2.0	7535
3.3.20170530	5621
3.3.20180621	5366
3.3.20190321	5476
3.3.20190908	4053
3.3.20190909	14847
3.3.20200621	11458
3.3.20211231	5313
3.3.20220408	4226
