version	total
3.2.0	7799
3.3.20170530	5678
3.3.20180621	5426
3.3.20190321	5574
3.3.20190908	4100
3.3.20190909	27315
3.3.20200621	23597
3.3.20211231	5512
3.3.20220408	5501
