version	total
3.2.0	7656
3.3.20170530	5649
3.3.20180621	5396
3.3.20190321	5525
3.3.20190908	4077
3.3.20190909	21229
3.3.20200621	17726
3.3.20211231	5414
3.3.20220408	4862
