version	total
v1.3.190304ac	3098
1.3.190304ac	3514
