version	total
v1.3.190304ac	2896
1.3.190304ac	3227
