version	total
v1.3.190304ac	3104
1.3.190304ac	3519
