version	total
v1.3.190304ac	3000
1.3.190304ac	3395
