version	total
v1.3.190304ac	3066
1.3.190304ac	3475
