version	total
v1.3.190304ac	2873
1.3.190304ac	3196
