version	total
v1.3.190304ac	2884
1.3.190304ac	3211
