version	total
v1.3.190304ac	2995
1.3.190304ac	3389
