version	total
v1.3.190304ac	2861
1.3.190304ac	3183
