version	total
v1.3.190304ac	3008
1.3.190304ac	3406
