version	total
v1.3.190304ac	3028
1.3.190304ac	3432
