version	total
v1.3.190304ac	3054
1.3.190304ac	3463
