version	total
v1.3.190304ac	2998
1.3.190304ac	3393
