version	total
v1.3.190304ac	2881
1.3.190304ac	3205
