version	total
v1.3.190304ac	3032
1.3.190304ac	3437
