version	total
v1.3.190304ac	3120
1.3.190304ac	3536
