version	total
v1.3.190304ac	3158
1.3.190304ac	3584
