version	total
v1.3.190304ac	2997
1.3.190304ac	3392
