version	total
v1.3.190304ac	2907
1.3.190304ac	3245
