version	total
v1.3.190304ac	2950
1.3.190304ac	3336
