version	total
v1.3.190304ac	2936
1.3.190304ac	3319
