version	total
v1.3.190304ac	2972
1.3.190304ac	3363
