version	total
v1.3.190304ac	3111
1.3.190304ac	3526
