version	total
v1.3.190304ac	3036
1.3.190304ac	3441
