version	total
v1.3.190304ac	3030
1.3.190304ac	3435
