version	total
v1.3.190304ac	2933
1.3.190304ac	3312
