version	total
v1.3.190304ac	3039
1.3.190304ac	3447
