version	total
v1.3.190304ac	3180
1.3.190304ac	3598
