version	total
v1.3.190304ac	3101
1.3.190304ac	3516
