version	total
v1.3.190304ac	3159
1.3.190304ac	3587
