version	total
v1.3.190304ac	3013
1.3.190304ac	3411
