version	total
v1.3.190304ac	2941
1.3.190304ac	3326
