version	total
v1.3.190304ac	2935
1.3.190304ac	3316
