version	total
v1.3.190304ac	3006
1.3.190304ac	3400
