version	total
v1.3.190304ac	3161
1.3.190304ac	3589
