version	total
v1.3.190304ac	2931
1.3.190304ac	3310
