version	total
v1.3.190304ac	2857
1.3.190304ac	3179
