version	total
v1.3.190304ac	3021
1.3.190304ac	3422
