version	total
v1.3.190304ac	3037
1.3.190304ac	3442
