version	total
v1.3.190304ac	3010
1.3.190304ac	3408
