version	total
v1.3.190304ac	3167
1.3.190304ac	3592
