version	total
v1.3.190304ac	3174
1.3.190304ac	3595
