version	total
v1.3.190304ac	2989
1.3.190304ac	3384
