version	total
v1.3.190304ac	2973
1.3.190304ac	3364
