version	total
v1.3.190304ac	2885
1.3.190304ac	3213
