version	total
v1.3.190304ac	3055
1.3.190304ac	3464
