version	total
v1.3.190304ac	3091
1.3.190304ac	3506
