version	total
v1.3.190304ac	3185
1.3.190304ac	3600
