version	total
v1.3.190304ac	3176
1.3.190304ac	3596
