version	total
v1.3.190304ac	3069
1.3.190304ac	3479
