version	total
v1.3.190304ac	3044
1.3.190304ac	3452
