version	total
v1.3.190304ac	2845
1.3.190304ac	3165
