version	total
v1.3.190304ac	2982
1.3.190304ac	3375
