version	total
v1.3.190304ac	2913
1.3.190304ac	3271
