version	total
v1.3.190304ac	3105
1.3.190304ac	3520
