version	total
v1.3.190304ac	3171
1.3.190304ac	3592
