version	total
v1.3.190304ac	3168
1.3.190304ac	3592
