version	total
v1.3.190304ac	3073
1.3.190304ac	3483
