version	total
v1.3.190304ac	3064
1.3.190304ac	3473
