version	total
v1.3.190304ac	3043
1.3.190304ac	3451
