version	total
v1.3.190304ac	3038
1.3.190304ac	3444
