version	total
v1.3.190304ac	3074
1.3.190304ac	3484
