version	total
v1.3.190304ac	3088
1.3.190304ac	3505
