version	total
v1.3.190304ac	3076
1.3.190304ac	3486
