version	total
v1.3.190304ac	2967
1.3.190304ac	3359
