version	total
v1.3.190304ac	3072
1.3.190304ac	3482
