version	total
v1.3.190304ac	2912
1.3.190304ac	3253
