version	total
v1.3.190304ac	2882
1.3.190304ac	3207
