version	total
v1.3.190304ac	3063
1.3.190304ac	3472
