version	total
v1.3.190304ac	3127
1.3.190304ac	3541
