version	total
v1.3.190304ac	3173
1.3.190304ac	3595
