version	total
v1.3.190304ac	3100
1.3.190304ac	3515
