version	total
v1.3.190304ac	3094
1.3.190304ac	3509
