version	total
v1.3.190304ac	2891
1.3.190304ac	3222
