version	total
v1.3.190304ac	3040
1.3.190304ac	3448
