version	total
v1.3.190304ac	2888
1.3.190304ac	3216
