version	total
v1.3.190304ac	3022
1.3.190304ac	3425
