version	total
v1.3.190304ac	3086
1.3.190304ac	3502
