version	total
v1.3.190304ac	2910
1.3.190304ac	3249
