version	total
v1.3.190304ac	3156
1.3.190304ac	3582
