version	total
v1.3.190304ac	3121
1.3.190304ac	3537
