version	total
v1.3.190304ac	3060
1.3.190304ac	3469
