version	total
v1.3.190304ac	2917
1.3.190304ac	3286
