version	total
v1.3.190304ac	2939
1.3.190304ac	3322
