version	total
v1.3.190304ac	3126
1.3.190304ac	3541
