version	total
v1.3.190304ac	3007
1.3.190304ac	3401
