version	total
v1.3.190304ac	3057
1.3.190304ac	3466
