version	total
v1.3.190304ac	2923
1.3.190304ac	3296
