version	total
v1.3.190304ac	2945
1.3.190304ac	3331
