version	total
v1.3.190304ac	3084
1.3.190304ac	3498
