version	total
v1.3.190304ac	2875
1.3.190304ac	3197
