version	total
v1.3.190304ac	3046
1.3.190304ac	3454
