version	total
v1.3.190304ac	2925
1.3.190304ac	3298
