version	total
v1.3.190304ac	3070
1.3.190304ac	3480
