version	total
v1.3.190304ac	3169
1.3.190304ac	3592
