version	total
v1.3.190304ac	2964
1.3.190304ac	3356
