version	total
v1.3.190304ac	2902
1.3.190304ac	3240
