version	total
v1.3.190304ac	3047
1.3.190304ac	3455
