version	total
v1.3.190304ac	2898
1.3.190304ac	3230
