version	total
v1.3.190304ac	2921
1.3.190304ac	3292
