version	total
v1.3.190304ac	3014
1.3.190304ac	3414
