version	total
v1.3.190304ac	2904
1.3.190304ac	3241
