version	total
v1.3.190304ac	2859
1.3.190304ac	3181
