version	total
v1.3.190304ac	3080
1.3.190304ac	3494
