version	total
v1.3.190304ac	2929
1.3.190304ac	3306
