version	total
v1.3.190304ac	3005
1.3.190304ac	3399
