version	total
v1.3.190304ac	3166
1.3.190304ac	3592
