version	total
v1.3.190304ac	3123
1.3.190304ac	3538
