version	total
v1.3.190304ac	3018
1.3.190304ac	3419
