version	total
v1.3.190304ac	2963
1.3.190304ac	3352
