version	total
v1.3.190304ac	2983
1.3.190304ac	3377
