version	total
v1.3.190304ac	2966
1.3.190304ac	3358
