version	total
v1.3.190304ac	3029
1.3.190304ac	3434
