version	total
v1.3.190304ac	3081
1.3.190304ac	3495
