version	total
v1.3.190304ac	2962
1.3.190304ac	3351
