version	total
v1.3.190304ac	2988
1.3.190304ac	3383
