version	total
v1.3.190304ac	3153
1.3.190304ac	3579
