version	total
v1.3.190304ac	2999
1.3.190304ac	3394
