version	total
v1.3.190304ac	2855
1.3.190304ac	3177
