version	total
v1.3.190304ac	3031
1.3.190304ac	3436
