version	total
v1.3.190304ac	2900
1.3.190304ac	3236
