version	total
v1.3.190304ac	3175
1.3.190304ac	3595
