version	total
v1.3.190304ac	3097
1.3.190304ac	3513
