version	total
v1.3.190304ac	2944
1.3.190304ac	3331
