version	total
v1.3.190304ac	2871
1.3.190304ac	3193
