version	total
v1.3.190304ac	2847
1.3.190304ac	3168
