version	total
v1.3.190304ac	3027
1.3.190304ac	3431
