version	total
v1.3.190304ac	3118
1.3.190304ac	3533
