version	total
v1.3.190304ac	2836
1.3.190304ac	3157
