version	total
v1.3.190304ac	2948
1.3.190304ac	3333
