version	total
v1.3.190304ac	2838
1.3.190304ac	3159
