version	total
v1.3.190304ac	3024
1.3.190304ac	3428
