version	total
v1.3.190304ac	2927
1.3.190304ac	3304
