version	total
v1.3.190304ac	3183
1.3.190304ac	3600
