version	total
v1.3.190304ac	2957
1.3.190304ac	3345
