version	total
v1.3.190304ac	2877
1.3.190304ac	3200
