version	total
v1.3.190304ac	3045
1.3.190304ac	3453
