version	total
v1.3.190304ac	2887
1.3.190304ac	3216
