version	total
v1.3.190304ac	3003
1.3.190304ac	3398
