version	total
v1.3.190304ac	2955
1.3.190304ac	3344
