version	total
v1.3.190304ac	3085
1.3.190304ac	3499
