version	total
v1.3.190304ac	2841
1.3.190304ac	3162
