version	total
v1.3.190304ac	2949
1.3.190304ac	3335
