version	total
v1.3.190304ac	2906
1.3.190304ac	3243
