version	total
v1.3.190304ac	2851
1.3.190304ac	3172
