version	total
v1.3.190304ac	2952
1.3.190304ac	3339
