version	total
v1.3.190304ac	2953
1.3.190304ac	3340
