version	total
v1.3.190304ac	3023
1.3.190304ac	3427
