version	total
v1.3.190304ac	3165
1.3.190304ac	3592
