version	total
v1.3.190304ac	3115
1.3.190304ac	3530
