version	total
v1.3.190304ac	3048
1.3.190304ac	3457
