version	total
v1.3.190304ac	2985
1.3.190304ac	3378
