version	total
v1.3.190304ac	2915
1.3.190304ac	3282
