version	total
v1.3.190304ac	3112
1.3.190304ac	3527
