version	total
v1.3.190304ac	3157
1.3.190304ac	3583
