version	total
v1.3.190304ac	3056
1.3.190304ac	3465
