version	total
v1.3.190304ac	3129
1.3.190304ac	3541
