version	total
v1.3.190304ac	2869
1.3.190304ac	3191
