version	total
v1.3.190304ac	3087
1.3.190304ac	3503
