version	total
v1.3.190304ac	2867
1.3.190304ac	3190
