version	total
v1.3.190304ac	2834
1.3.190304ac	3155
