version	total
v1.3.190304ac	2919
1.3.190304ac	3290
