version	total
v1.3.190304ac	3095
1.3.190304ac	3510
