version	total
v1.3.190304ac	2978
1.3.190304ac	3372
