version	total
v1.3.190304ac	2976
1.3.190304ac	3370
