version	total
v1.3.190304ac	2894
1.3.190304ac	3224
