version	total
v1.3.190304ac	3128
1.3.190304ac	3541
