version	total
v1.3.190304ac	2971
1.3.190304ac	3362
