version	total
v1.3.190304ac	2903
1.3.190304ac	3240
