version	total
v1.3.190304ac	3071
1.3.190304ac	3481
