version	total
v1.3.190304ac	3075
1.3.190304ac	3485
