version	total
v1.3.190304ac	2853
1.3.190304ac	3174
