version	total
v1.3.190304ac	3119
1.3.190304ac	3536
