version	total
v1.3.190304ac	3160
1.3.190304ac	3589
