version	total
v1.3.190304ac	3053
1.3.190304ac	3462
