version	total
v1.3.190304ac	2863
1.3.190304ac	3185
