version	total
v1.3.190304ac	3052
1.3.190304ac	3460
