version	total
v1.3.190304ac	3109
1.3.190304ac	3524
