version	total
v1.3.190304ac	3164
1.3.190304ac	3591
