version	total
v1.3.190304ac	2832
1.3.190304ac	3155
