version	total
v1.3.190304ac	3096
1.3.190304ac	3512
