version	total
v1.3.190304ac	3110
1.3.190304ac	3525
