version	total
v1.3.190304ac	3106
1.3.190304ac	3521
