version	total
v1.3.190304ac	3122
1.3.190304ac	3538
