version	total
v1.3.190304ac	2958
1.3.190304ac	3347
