version	total
v1.3.190304ac	3065
1.3.190304ac	3473
