version	total
v1.3.190304ac	3079
1.3.190304ac	3492
