version	total
v1.3.190304ac	2994
1.3.190304ac	3388
