version	total
v1.3.190304ac	3033
1.3.190304ac	3438
