version	total
v1.3.190304ac	3178
1.3.190304ac	3597
