version	total
v1.3.190304ac	3152
1.3.190304ac	3578
