version	total
v1.3.190304ac	3078
1.3.190304ac	3489
