version	total
1.7	6426
1.7.20160316203940	6805
1.14.20160708181155	10175
1.18.20160907135919	5770
1.18.20160930145650	5227
1.18.20161005190847	5368
1.20.20161122192122	5280
2.1.20161221160224	4645
2.1.20161227191302	5339
2.2.20170216125639	5508
2.5.20170328195758	5762
2.6.20170806163416	6170
2.6.20170927145003	5705
2.6.20171116190026	4609
2.6.20171201034858	6099
2.7.20180611133406	7798
2.7.20180809223002	2660
