version	total
1.7	6753
1.7.20160316203940	7053
1.14.20160708181155	10509
1.18.20160907135919	6063
1.18.20160930145650	5439
1.18.20161005190847	5569
1.20.20161122192122	5369
2.1.20161221160224	4735
2.1.20161227191302	5437
2.2.20170216125639	5724
2.5.20170328195758	5850
2.6.20170806163416	6458
2.6.20170927145003	5916
2.6.20171116190026	4700
2.6.20171201034858	6480
2.7.20180611133406	8398
2.7.20180809223002	2863
