version	total
1.7	6675
1.7.20160316203940	7009
1.14.20160708181155	10364
1.18.20160907135919	5969
1.18.20160930145650	5359
1.18.20161005190847	5491
1.20.20161122192122	5352
2.1.20161221160224	4718
2.1.20161227191302	5409
2.2.20170216125639	5642
2.5.20170328195758	5831
2.6.20170806163416	6366
2.6.20170927145003	5835
2.6.20171116190026	4683
2.6.20171201034858	6371
2.7.20180611133406	8238
2.7.20180809223002	2788
