version	total
1.7	6657
1.7.20160316203940	7000
1.14.20160708181155	10338
1.18.20160907135919	5950
1.18.20160930145650	5342
1.18.20161005190847	5477
1.20.20161122192122	5349
2.1.20161221160224	4715
2.1.20161227191302	5406
2.2.20170216125639	5627
2.5.20170328195758	5828
2.6.20170806163416	6349
2.6.20170927145003	5821
2.6.20171116190026	4679
2.6.20171201034858	6353
2.7.20180611133406	8209
2.7.20180809223002	2775
