version	total
1.7	6606
1.7.20160316203940	6973
1.14.20160708181155	10277
1.18.20160907135919	5905
1.18.20160930145650	5307
1.18.20161005190847	5443
1.20.20161122192122	5339
2.1.20161221160224	4706
2.1.20161227191302	5397
2.2.20170216125639	5591
2.5.20170328195758	5819
2.6.20170806163416	6306
2.6.20170927145003	5786
2.6.20171116190026	4671
2.6.20171201034858	6300
2.7.20180611133406	8142
2.7.20180809223002	2740
