version	total
1.7	6495
1.7.20160316203940	6877
1.14.20160708181155	10201
1.18.20160907135919	5817
1.18.20160930145650	5252
1.18.20161005190847	5392
1.20.20161122192122	5304
2.1.20161221160224	4670
2.1.20161227191302	5364
2.2.20170216125639	5537
2.5.20170328195758	5787
2.6.20170806163416	6220
2.6.20170927145003	5733
2.6.20171116190026	4635
2.6.20171201034858	6178
2.7.20180611133406	7931
2.7.20180809223002	2681
