version	total
1.7	6531
1.7.20160316203940	6913
1.14.20160708181155	10214
1.18.20160907135919	5844
1.18.20160930145650	5266
1.18.20161005190847	5405
1.20.20161122192122	5319
2.1.20161221160224	4684
2.1.20161227191302	5378
2.2.20170216125639	5549
2.5.20170328195758	5799
2.6.20170806163416	6246
2.6.20170927145003	5745
2.6.20171116190026	4648
2.6.20171201034858	6216
2.7.20180611133406	8008
2.7.20180809223002	2704
