version	total
1.7	6793
1.7.20160316203940	7081
1.14.20160708181155	10577
1.18.20160907135919	6110
1.18.20160930145650	5479
1.18.20161005190847	5599
1.20.20161122192122	5378
2.1.20161221160224	4743
2.1.20161227191302	5456
2.2.20170216125639	5763
2.5.20170328195758	5860
2.6.20170806163416	6496
2.6.20170927145003	5955
2.6.20171116190026	4709
2.6.20171201034858	6539
2.7.20180611133406	8483
2.7.20180809223002	2897
