version	total
1.7	6743
1.7.20160316203940	7044
1.14.20160708181155	10489
1.18.20160907135919	6049
1.18.20160930145650	5428
1.18.20161005190847	5558
1.20.20161122192122	5366
2.1.20161221160224	4732
2.1.20161227191302	5434
2.2.20170216125639	5714
2.5.20170328195758	5847
2.6.20170806163416	6444
2.6.20170927145003	5905
2.6.20171116190026	4697
2.6.20171201034858	6463
2.7.20180611133406	8377
2.7.20180809223002	2852
