version	total
1.7	6486
1.7.20160316203940	6867
1.14.20160708181155	10194
1.18.20160907135919	5810
1.18.20160930145650	5247
1.18.20161005190847	5388
1.20.20161122192122	5300
2.1.20161221160224	4666
2.1.20161227191302	5360
2.2.20170216125639	5532
2.5.20170328195758	5783
2.6.20170806163416	6213
2.6.20170927145003	5728
2.6.20171116190026	4631
2.6.20171201034858	6167
2.7.20180611133406	7914
2.7.20180809223002	2677
