version	total
1.7	6404
1.7.20160316203940	6799
1.14.20160708181155	10141
1.18.20160907135919	5750
1.18.20160930145650	5209
1.18.20161005190847	5350
1.20.20161122192122	5262
2.1.20161221160224	4642
2.1.20161227191302	5321
2.2.20170216125639	5490
2.5.20170328195758	5754
2.6.20170806163416	6150
2.6.20170927145003	5687
2.6.20171116190026	4607
2.6.20171201034858	6077
2.7.20180611133406	7771
2.7.20180809223002	2642
