version	total
1.7	6746
1.7.20160316203940	7047
1.14.20160708181155	10495
1.18.20160907135919	6053
1.18.20160930145650	5431
1.18.20161005190847	5561
1.20.20161122192122	5367
2.1.20161221160224	4733
2.1.20161227191302	5435
2.2.20170216125639	5717
2.5.20170328195758	5848
2.6.20170806163416	6448
2.6.20170927145003	5908
2.6.20171116190026	4698
2.6.20171201034858	6468
2.7.20180611133406	8382
2.7.20180809223002	2856
