version	total
1.7	6792
1.7.20160316203940	7081
1.14.20160708181155	10575
1.18.20160907135919	6109
1.18.20160930145650	5478
1.18.20161005190847	5598
1.20.20161122192122	5378
2.1.20161221160224	4743
2.1.20161227191302	5455
2.2.20170216125639	5762
2.5.20170328195758	5860
2.6.20170806163416	6495
2.6.20170927145003	5954
2.6.20171116190026	4709
2.6.20171201034858	6538
2.7.20180611133406	8480
2.7.20180809223002	2896
