version	total
1.7	6550
1.7.20160316203940	6935
1.14.20160708181155	10222
1.18.20160907135919	5858
1.18.20160930145650	5273
1.18.20161005190847	5412
1.20.20161122192122	5326
2.1.20161221160224	4692
2.1.20161227191302	5385
2.2.20170216125639	5557
2.5.20170328195758	5806
2.6.20170806163416	6261
2.6.20170927145003	5752
2.6.20171116190026	4657
2.6.20171201034858	6239
2.7.20180611133406	8046
2.7.20180809223002	2709
