version	total
1.7	6562
1.7.20160316203940	6944
1.14.20160708181155	10226
1.18.20160907135919	5866
1.18.20160930145650	5277
1.18.20161005190847	5416
1.20.20161122192122	5329
2.1.20161221160224	4696
2.1.20161227191302	5388
2.2.20170216125639	5561
2.5.20170328195758	5809
2.6.20170806163416	6268
2.6.20170927145003	5756
2.6.20171116190026	4661
2.6.20171201034858	6250
2.7.20180611133406	8070
2.7.20180809223002	2713
