version	total
1.7	6448
1.7.20160316203940	6829
1.14.20160708181155	10182
1.18.20160907135919	5785
1.18.20160930145650	5235
1.18.20161005190847	5376
1.20.20161122192122	5288
2.1.20161221160224	4653
2.1.20161227191302	5347
2.2.20170216125639	5516
2.5.20170328195758	5771
2.6.20170806163416	6186
2.6.20170927145003	5713
2.6.20171116190026	4615
2.6.20171201034858	6123
2.7.20180611133406	7830
2.7.20180809223002	2664
