version	total
1.7	6568
1.7.20160316203940	6950
1.14.20160708181155	10228
1.18.20160907135919	5870
1.18.20160930145650	5279
1.18.20161005190847	5418
1.20.20161122192122	5331
2.1.20161221160224	4698
2.1.20161227191302	5390
2.2.20170216125639	5563
2.5.20170328195758	5811
2.6.20170806163416	6272
2.6.20170927145003	5758
2.6.20171116190026	4663
2.6.20171201034858	6257
2.7.20180611133406	8081
2.7.20180809223002	2716
