version	total
1.7	6795
1.7.20160316203940	7081
1.14.20160708181155	10582
1.18.20160907135919	6114
1.18.20160930145650	5482
1.18.20161005190847	5602
1.20.20161122192122	5379
2.1.20161221160224	4744
2.1.20161227191302	5457
2.2.20170216125639	5766
2.5.20170328195758	5860
2.6.20170806163416	6498
2.6.20170927145003	5957
2.6.20171116190026	4709
2.6.20171201034858	6544
2.7.20180611133406	8486
2.7.20180809223002	2899
