version	total
1.7	6406
1.7.20160316203940	6799
1.14.20160708181155	10145
1.18.20160907135919	5752
1.18.20160930145650	5211
1.18.20161005190847	5352
1.20.20161122192122	5264
2.1.20161221160224	4642
2.1.20161227191302	5323
2.2.20170216125639	5492
2.5.20170328195758	5754
2.6.20170806163416	6152
2.6.20170927145003	5689
2.6.20171116190026	4607
2.6.20171201034858	6079
2.7.20180611133406	7774
2.7.20180809223002	2645
