version	total
1.7	6685
1.7.20160316203940	7015
1.14.20160708181155	10374
1.18.20160907135919	5977
1.18.20160930145650	5365
1.18.20161005190847	5499
1.20.20161122192122	5354
2.1.20161221160224	4720
2.1.20161227191302	5412
2.2.20170216125639	5648
2.5.20170328195758	5833
2.6.20170806163416	6374
2.6.20170927145003	5841
2.6.20171116190026	4684
2.6.20171201034858	6380
2.7.20180611133406	8255
2.7.20180809223002	2792
