version	total
1.7	6808
1.7.20160316203940	7093
1.14.20160708181155	10621
1.18.20160907135919	6138
1.18.20160930145650	5503
1.18.20161005190847	5607
1.20.20161122192122	5382
2.1.20161221160224	4747
2.1.20161227191302	5462
2.2.20170216125639	5787
2.5.20170328195758	5864
2.6.20170806163416	6507
2.6.20170927145003	5979
2.6.20171116190026	4713
2.6.20171201034858	6570
2.7.20180611133406	8529
2.7.20180809223002	2920
