version	total
1.7	6597
1.7.20160316203940	6969
1.14.20160708181155	10264
1.18.20160907135919	5897
1.18.20160930145650	5300
1.18.20161005190847	5437
1.20.20161122192122	5338
2.1.20161221160224	4705
2.1.20161227191302	5396
2.2.20170216125639	5584
2.5.20170328195758	5818
2.6.20170806163416	6298
2.6.20170927145003	5779
2.6.20171116190026	4670
2.6.20171201034858	6291
2.7.20180611133406	8126
2.7.20180809223002	2733
