version	total
1.7	6743
1.7.20160316203940	7044
1.14.20160708181155	10478
1.18.20160907135919	6044
1.18.20160930145650	5422
1.18.20161005190847	5553
1.20.20161122192122	5365
2.1.20161221160224	4731
2.1.20161227191302	5434
2.2.20170216125639	5709
2.5.20170328195758	5847
2.6.20170806163416	6440
2.6.20170927145003	5899
2.6.20171116190026	4697
2.6.20171201034858	6458
2.7.20180611133406	8369
2.7.20180809223002	2847
