version	total
1.7	6390
1.7.20160316203940	6793
1.14.20160708181155	10123
1.18.20160907135919	5738
1.18.20160930145650	5199
1.18.20161005190847	5340
1.20.20161122192122	5252
2.1.20161221160224	4640
2.1.20161227191302	5311
2.2.20170216125639	5480
2.5.20170328195758	5748
2.6.20170806163416	6138
2.6.20170927145003	5677
2.6.20171116190026	4604
2.6.20171201034858	6063
2.7.20180611133406	7756
2.7.20180809223002	2633
