version	total
1.7	6506
1.7.20160316203940	6888
1.14.20160708181155	10204
1.18.20160907135919	5825
1.18.20160930145650	5256
1.18.20161005190847	5396
1.20.20161122192122	5309
2.1.20161221160224	4674
2.1.20161227191302	5368
2.2.20170216125639	5541
2.5.20170328195758	5791
2.6.20170806163416	6228
2.6.20170927145003	5737
2.6.20171116190026	4638
2.6.20171201034858	6187
2.7.20180611133406	7964
2.7.20180809223002	2685
