version	total
1.7	6497
1.7.20160316203940	6879
1.14.20160708181155	10201
1.18.20160907135919	5819
1.18.20160930145650	5253
1.18.20161005190847	5393
1.20.20161122192122	5305
2.1.20161221160224	4671
2.1.20161227191302	5365
2.2.20170216125639	5538
2.5.20170328195758	5788
2.6.20170806163416	6222
2.6.20170927145003	5734
2.6.20171116190026	4636
2.6.20171201034858	6178
2.7.20180611133406	7935
2.7.20180809223002	2682
