version	total
1.7	6805
1.7.20160316203940	7090
1.14.20160708181155	10618
1.18.20160907135919	6135
1.18.20160930145650	5501
1.18.20161005190847	5606
1.20.20161122192122	5381
2.1.20161221160224	4746
2.1.20161227191302	5461
2.2.20170216125639	5785
2.5.20170328195758	5863
2.6.20170806163416	6505
2.6.20170927145003	5977
2.6.20171116190026	4712
2.6.20171201034858	6565
2.7.20180611133406	8523
2.7.20180809223002	2918
