version	total
1.7	6696
1.7.20160316203940	7021
1.14.20160708181155	10390
1.18.20160907135919	5987
1.18.20160930145650	5374
1.18.20161005190847	5507
1.20.20161122192122	5357
2.1.20161221160224	4723
2.1.20161227191302	5414
2.2.20170216125639	5657
2.5.20170328195758	5836
2.6.20170806163416	6383
2.6.20170927145003	5850
2.6.20171116190026	4687
2.6.20171201034858	6391
2.7.20180611133406	8269
2.7.20180809223002	2799
