version	total
1.7	6383
1.7.20160316203940	6792
1.14.20160708181155	10105
1.18.20160907135919	5729
1.18.20160930145650	5190
1.18.20161005190847	5333
1.20.20161122192122	5245
2.1.20161221160224	4639
2.1.20161227191302	5304
2.2.20170216125639	5471
2.5.20170328195758	5743
2.6.20170806163416	6131
2.6.20170927145003	5668
2.6.20171116190026	4604
2.6.20171201034858	6054
2.7.20180611133406	7745
2.7.20180809223002	2625
