version	total
1.7	6576
1.7.20160316203940	6957
1.14.20160708181155	10238
1.18.20160907135919	5878
1.18.20160930145650	5285
1.18.20161005190847	5422
1.20.20161122192122	5334
2.1.20161221160224	4701
2.1.20161227191302	5392
2.2.20170216125639	5569
2.5.20170328195758	5814
2.6.20170806163416	6278
2.6.20170927145003	5764
2.6.20171116190026	4666
2.6.20171201034858	6267
2.7.20180611133406	8097
2.7.20180809223002	2720
