version	total
1.7	6639
1.7.20160316203940	6994
1.14.20160708181155	10308
1.18.20160907135919	5932
1.18.20160930145650	5326
1.18.20161005190847	5462
1.20.20161122192122	5346
2.1.20161221160224	4713
2.1.20161227191302	5404
2.2.20170216125639	5611
2.5.20170328195758	5826
2.6.20170806163416	6332
2.6.20170927145003	5805
2.6.20171116190026	4677
2.6.20171201034858	6333
2.7.20180611133406	8183
2.7.20180809223002	2759
