version	total
1.7	6410
1.7.20160316203940	6799
1.14.20160708181155	10153
1.18.20160907135919	5756
1.18.20160930145650	5215
1.18.20161005190847	5356
1.20.20161122192122	5268
2.1.20161221160224	4643
2.1.20161227191302	5327
2.2.20170216125639	5496
2.5.20170328195758	5756
2.6.20170806163416	6156
2.6.20170927145003	5693
2.6.20171116190026	4607
2.6.20171201034858	6083
2.7.20180611133406	7780
2.7.20180809223002	2649
