version	total
1.7	6565
1.7.20160316203940	6947
1.14.20160708181155	10227
1.18.20160907135919	5868
1.18.20160930145650	5278
1.18.20161005190847	5417
1.20.20161122192122	5330
2.1.20161221160224	4697
2.1.20161227191302	5389
2.2.20170216125639	5562
2.5.20170328195758	5810
2.6.20170806163416	6270
2.6.20170927145003	5757
2.6.20171116190026	4662
2.6.20171201034858	6254
2.7.20180611133406	8079
2.7.20180809223002	2714
