version	total
1.7	6483
1.7.20160316203940	6864
1.14.20160708181155	10193
1.18.20160907135919	5807
1.18.20160930145650	5246
1.18.20161005190847	5387
1.20.20161122192122	5299
2.1.20161221160224	4665
2.1.20161227191302	5359
2.2.20170216125639	5531
2.5.20170328195758	5782
2.6.20170806163416	6211
2.6.20170927145003	5727
2.6.20171116190026	4631
2.6.20171201034858	6164
2.7.20180611133406	7908
2.7.20180809223002	2676
