version	total
1.7	6584
1.7.20160316203940	6960
1.14.20160708181155	10253
1.18.20160907135919	5887
1.18.20160930145650	5293
1.18.20161005190847	5430
1.20.20161122192122	5335
2.1.20161221160224	4702
2.1.20161227191302	5393
2.2.20170216125639	5577
2.5.20170328195758	5815
2.6.20170806163416	6287
2.6.20170927145003	5772
2.6.20171116190026	4667
2.6.20171201034858	6277
2.7.20180611133406	8113
2.7.20180809223002	2728
