version	total
1.7	6454
1.7.20160316203940	6836
1.14.20160708181155	10184
1.18.20160907135919	5790
1.18.20160930145650	5237
1.18.20161005190847	5378
1.20.20161122192122	5290
2.1.20161221160224	4655
2.1.20161227191302	5349
2.2.20170216125639	5518
2.5.20170328195758	5773
2.6.20170806163416	6189
2.6.20170927145003	5715
2.6.20171116190026	4617
2.6.20171201034858	6129
2.7.20180611133406	7839
2.7.20180809223002	2667
