version	total
1.7	6444
1.7.20160316203940	6826
1.14.20160708181155	10181
1.18.20160907135919	5783
1.18.20160930145650	5234
1.18.20161005190847	5375
1.20.20161122192122	5287
2.1.20161221160224	4652
2.1.20161227191302	5346
2.2.20170216125639	5515
2.5.20170328195758	5770
2.6.20170806163416	6183
2.6.20170927145003	5712
2.6.20171116190026	4614
2.6.20171201034858	6119
2.7.20180611133406	7825
2.7.20180809223002	2664
