version	total
1.7	6701
1.7.20160316203940	7024
1.14.20160708181155	10397
1.18.20160907135919	5992
1.18.20160930145650	5378
1.18.20161005190847	5511
1.20.20161122192122	5358
2.1.20161221160224	4724
2.1.20161227191302	5417
2.2.20170216125639	5661
2.5.20170328195758	5837
2.6.20170806163416	6388
2.6.20170927145003	5854
2.6.20171116190026	4688
2.6.20171201034858	6398
2.7.20180611133406	8280
2.7.20180809223002	2803
