version	total
1.7	6699
1.7.20160316203940	7024
1.14.20160708181155	10393
1.18.20160907135919	5990
1.18.20160930145650	5376
1.18.20161005190847	5509
1.20.20161122192122	5358
2.1.20161221160224	4724
2.1.20161227191302	5415
2.2.20170216125639	5659
2.5.20170328195758	5837
2.6.20170806163416	6386
2.6.20170927145003	5852
2.6.20171116190026	4688
2.6.20171201034858	6396
2.7.20180611133406	8274
2.7.20180809223002	2801
