version	total
1.7	6709
1.7.20160316203940	7027
1.14.20160708181155	10408
1.18.20160907135919	5999
1.18.20160930145650	5384
1.18.20161005190847	5517
1.20.20161122192122	5359
2.1.20161221160224	4725
2.1.20161227191302	5420
2.2.20170216125639	5669
2.5.20170328195758	5840
2.6.20170806163416	6398
2.6.20170927145003	5862
2.6.20171116190026	4692
2.6.20171201034858	6409
2.7.20180611133406	8298
2.7.20180809223002	2810
