version	total
1.7	6474
1.7.20160316203940	6857
1.14.20160708181155	10191
1.18.20160907135919	5801
1.18.20160930145650	5244
1.18.20161005190847	5384
1.20.20161122192122	5296
2.1.20161221160224	4662
2.1.20161227191302	5356
2.2.20170216125639	5525
2.5.20170328195758	5778
2.6.20170806163416	6202
2.6.20170927145003	5723
2.6.20171116190026	4626
2.6.20171201034858	6149
2.7.20180611133406	7871
2.7.20180809223002	2672
