version	total
1.7	6625
1.7.20160316203940	6988
1.14.20160708181155	10292
1.18.20160907135919	5921
1.18.20160930145650	5317
1.18.20161005190847	5453
1.20.20161122192122	5344
2.1.20161221160224	4711
2.1.20161227191302	5402
2.2.20170216125639	5602
2.5.20170328195758	5824
2.6.20170806163416	6321
2.6.20170927145003	5796
2.6.20171116190026	4675
2.6.20171201034858	6319
2.7.20180611133406	8167
2.7.20180809223002	2749
