version	total
1.7	6804
1.7.20160316203940	7090
1.14.20160708181155	10612
1.18.20160907135919	6132
1.18.20160930145650	5498
1.18.20161005190847	5605
1.20.20161122192122	5381
2.1.20161221160224	4746
2.1.20161227191302	5460
2.2.20170216125639	5782
2.5.20170328195758	5863
2.6.20170806163416	6504
2.6.20170927145003	5974
2.6.20171116190026	4712
2.6.20171201034858	6563
2.7.20180611133406	8517
2.7.20180809223002	2915
