version	total
1.7	6421
1.7.20160316203940	6802
1.14.20160708181155	10170
1.18.20160907135919	5766
1.18.20160930145650	5224
1.18.20161005190847	5365
1.20.20161122192122	5277
2.1.20161221160224	4644
2.1.20161227191302	5336
2.2.20170216125639	5505
2.5.20170328195758	5761
2.6.20170806163416	6166
2.6.20170927145003	5702
2.6.20171116190026	4608
2.6.20171201034858	6094
2.7.20180611133406	7793
2.7.20180809223002	2658
