version	total
1.7	6500
1.7.20160316203940	6882
1.14.20160708181155	10202
1.18.20160907135919	5821
1.18.20160930145650	5254
1.18.20161005190847	5394
1.20.20161122192122	5306
2.1.20161221160224	4672
2.1.20161227191302	5366
2.2.20170216125639	5539
2.5.20170328195758	5789
2.6.20170806163416	6224
2.6.20170927145003	5735
2.6.20171116190026	4637
2.6.20171201034858	6181
2.7.20180611133406	7943
2.7.20180809223002	2684
