version	total
1.7	6738
1.7.20160316203940	7040
1.14.20160708181155	10467
1.18.20160907135919	6036
1.18.20160930145650	5416
1.18.20161005190847	5547
1.20.20161122192122	5364
2.1.20161221160224	4730
2.1.20161227191302	5432
2.2.20170216125639	5702
2.5.20170328195758	5845
2.6.20170806163416	6432
2.6.20170927145003	5893
2.6.20171116190026	4695
2.6.20171201034858	6449
2.7.20180611133406	8356
2.7.20180809223002	2841
