version	total
1.7	6519
1.7.20160316203940	6901
1.14.20160708181155	10210
1.18.20160907135919	5835
1.18.20160930145650	5261
1.18.20161005190847	5401
1.20.20161122192122	5314
2.1.20161221160224	4679
2.1.20161227191302	5373
2.2.20170216125639	5545
2.5.20170328195758	5795
2.6.20170806163416	6237
2.6.20170927145003	5741
2.6.20171116190026	4643
2.6.20171201034858	6201
2.7.20180611133406	7987
2.7.20180809223002	2700
