version	total
1.7	6556
1.7.20160316203940	6938
1.14.20160708181155	10224
1.18.20160907135919	5862
1.18.20160930145650	5275
1.18.20161005190847	5414
1.20.20161122192122	5327
2.1.20161221160224	4694
2.1.20161227191302	5386
2.2.20170216125639	5559
2.5.20170328195758	5807
2.6.20170806163416	6264
2.6.20170927145003	5754
2.6.20171116190026	4659
2.6.20171201034858	6244
2.7.20180611133406	8055
2.7.20180809223002	2712
