version	total
1.7	6752
1.7.20160316203940	7053
1.14.20160708181155	10507
1.18.20160907135919	6062
1.18.20160930145650	5438
1.18.20161005190847	5568
1.20.20161122192122	5369
2.1.20161221160224	4735
2.1.20161227191302	5437
2.2.20170216125639	5723
2.5.20170328195758	5850
2.6.20170806163416	6457
2.6.20170927145003	5915
2.6.20171116190026	4700
2.6.20171201034858	6479
2.7.20180611133406	8395
2.7.20180809223002	2862
