version	total
1.7	6764
1.7.20160316203940	7065
1.14.20160708181155	10535
1.18.20160907135919	6082
1.18.20160930145650	5454
1.18.20161005190847	5579
1.20.20161122192122	5373
2.1.20161221160224	4738
2.1.20161227191302	5442
2.2.20170216125639	5739
2.5.20170328195758	5854
2.6.20170806163416	6471
2.6.20170927145003	5931
2.6.20171116190026	4704
2.6.20171201034858	6505
2.7.20180611133406	8431
2.7.20180809223002	2877
