version	total
1.7	6721
1.7.20160316203940	7030
1.14.20160708181155	10431
1.18.20160907135919	6012
1.18.20160930145650	5396
1.18.20161005190847	5528
1.20.20161122192122	5360
2.1.20161221160224	4726
2.1.20161227191302	5426
2.2.20170216125639	5681
2.5.20170328195758	5841
2.6.20170806163416	6410
2.6.20170927145003	5874
2.6.20171116190026	4693
2.6.20171201034858	6423
2.7.20180611133406	8319
2.7.20180809223002	2824
