version	total
1.7	6720
1.7.20160316203940	7030
1.14.20160708181155	10425
1.18.20160907135919	6009
1.18.20160930145650	5393
1.18.20161005190847	5526
1.20.20161122192122	5360
2.1.20161221160224	4726
2.1.20161227191302	5425
2.2.20170216125639	5678
2.5.20170328195758	5841
2.6.20170806163416	6408
2.6.20170927145003	5871
2.6.20171116190026	4693
2.6.20171201034858	6421
2.7.20180611133406	8314
2.7.20180809223002	2821
