version	total
1.7	6679
1.7.20160316203940	7009
1.14.20160708181155	10370
1.18.20160907135919	5972
1.18.20160930145650	5362
1.18.20161005190847	5495
1.20.20161122192122	5353
2.1.20161221160224	4719
2.1.20161227191302	5409
2.2.20170216125639	5646
2.5.20170328195758	5831
2.6.20170806163416	6369
2.6.20170927145003	5838
2.6.20171116190026	4683
2.6.20171201034858	6377
2.7.20180611133406	8247
2.7.20180809223002	2791
