version	total
1.7	6735
1.7.20160316203940	7037
1.14.20160708181155	10462
1.18.20160907135919	6032
1.18.20160930145650	5413
1.18.20161005190847	5544
1.20.20161122192122	5363
2.1.20161221160224	4728
2.1.20161227191302	5431
2.2.20170216125639	5699
2.5.20170328195758	5844
2.6.20170806163416	6428
2.6.20170927145003	5890
2.6.20171116190026	4694
2.6.20171201034858	6444
2.7.20180611133406	8350
2.7.20180809223002	2838
