version	total
1.7	6387
1.7.20160316203940	6792
1.14.20160708181155	10117
1.18.20160907135919	5735
1.18.20160930145650	5196
1.18.20161005190847	5337
1.20.20161122192122	5249
2.1.20161221160224	4639
2.1.20161227191302	5308
2.2.20170216125639	5477
2.5.20170328195758	5746
2.6.20170806163416	6135
2.6.20170927145003	5674
2.6.20171116190026	4604
2.6.20171201034858	6060
2.7.20180611133406	7751
2.7.20180809223002	2630
