version	total
1.7	6429
1.7.20160316203940	6811
1.14.20160708181155	10177
1.18.20160907135919	5774
1.18.20160930145650	5229
1.18.20161005190847	5370
1.20.20161122192122	5282
2.1.20161221160224	4647
2.1.20161227191302	5341
2.2.20170216125639	5510
2.5.20170328195758	5764
2.6.20170806163416	6174
2.6.20170927145003	5707
2.6.20171116190026	4611
2.6.20171201034858	6105
2.7.20180611133406	7807
2.7.20180809223002	2661
