version	total
1.7	6581
1.7.20160316203940	6960
1.14.20160708181155	10247
1.18.20160907135919	5884
1.18.20160930145650	5290
1.18.20161005190847	5427
1.20.20161122192122	5335
2.1.20161221160224	4702
2.1.20161227191302	5393
2.2.20170216125639	5574
2.5.20170328195758	5815
2.6.20170806163416	6284
2.6.20170927145003	5769
2.6.20171116190026	4667
2.6.20171201034858	6274
2.7.20180611133406	8106
2.7.20180809223002	2725
