version	total
1.7	6461
1.7.20160316203940	6842
1.14.20160708181155	10186
1.18.20160907135919	5794
1.18.20160930145650	5239
1.18.20161005190847	5380
1.20.20161122192122	5292
2.1.20161221160224	4657
2.1.20161227191302	5351
2.2.20170216125639	5520
2.5.20170328195758	5774
2.6.20170806163416	6193
2.6.20170927145003	5717
2.6.20171116190026	4619
2.6.20171201034858	6135
2.7.20180611133406	7845
2.7.20180809223002	2668
