version	total
1.7	6541
1.7.20160316203940	6926
1.14.20160708181155	10219
1.18.20160907135919	5852
1.18.20160930145650	5270
1.18.20161005190847	5409
1.20.20161122192122	5323
2.1.20161221160224	4689
2.1.20161227191302	5382
2.2.20170216125639	5554
2.5.20170328195758	5803
2.6.20170806163416	6255
2.6.20170927145003	5749
2.6.20171116190026	4654
2.6.20171201034858	6230
2.7.20180611133406	8033
2.7.20180809223002	2707
