version	total
1.7	6392
1.7.20160316203940	6795
1.14.20160708181155	10127
1.18.20160907135919	5741
1.18.20160930145650	5202
1.18.20161005190847	5342
1.20.20161122192122	5254
2.1.20161221160224	4640
2.1.20161227191302	5314
2.2.20170216125639	5482
2.5.20170328195758	5750
2.6.20170806163416	6142
2.6.20170927145003	5680
2.6.20171116190026	4606
2.6.20171201034858	6067
2.7.20180611133406	7762
2.7.20180809223002	2636
