version	total
1.7	6592
1.7.20160316203940	6966
1.14.20160708181155	10261
1.18.20160907135919	5894
1.18.20160930145650	5298
1.18.20161005190847	5435
1.20.20161122192122	5337
2.1.20161221160224	4704
2.1.20161227191302	5395
2.2.20170216125639	5582
2.5.20170328195758	5817
2.6.20170806163416	6295
2.6.20170927145003	5777
2.6.20171116190026	4669
2.6.20171201034858	6287
2.7.20180611133406	8122
2.7.20180809223002	2732
