version	total
1.7	6559
1.7.20160316203940	6941
1.14.20160708181155	10225
1.18.20160907135919	5864
1.18.20160930145650	5276
1.18.20161005190847	5415
1.20.20161122192122	5328
2.1.20161221160224	4695
2.1.20161227191302	5387
2.2.20170216125639	5560
2.5.20170328195758	5808
2.6.20170806163416	6266
2.6.20170927145003	5755
2.6.20171116190026	4660
2.6.20171201034858	6247
2.7.20180611133406	8066
2.7.20180809223002	2713
