version	total
1.7	6538
1.7.20160316203940	6919
1.14.20160708181155	10217
1.18.20160907135919	5848
1.18.20160930145650	5268
1.18.20161005190847	5407
1.20.20161122192122	5321
2.1.20161221160224	4687
2.1.20161227191302	5380
2.2.20170216125639	5552
2.5.20170328195758	5801
2.6.20170806163416	6251
2.6.20170927145003	5747
2.6.20171116190026	4652
2.6.20171201034858	6224
2.7.20180611133406	8025
2.7.20180809223002	2706
