version	total
1.7	6661
1.7.20160316203940	7003
1.14.20160708181155	10339
1.18.20160907135919	5953
1.18.20160930145650	5346
1.18.20161005190847	5479
1.20.20161122192122	5350
2.1.20161221160224	4716
2.1.20161227191302	5407
2.2.20170216125639	5628
2.5.20170328195758	5829
2.6.20170806163416	6352
2.6.20170927145003	5822
2.6.20171116190026	4680
2.6.20171201034858	6356
2.7.20180611133406	8214
2.7.20180809223002	2776
