version	total
1.7	6464
1.7.20160316203940	6845
1.14.20160708181155	10187
1.18.20160907135919	5795
1.18.20160930145650	5240
1.18.20161005190847	5380
1.20.20161122192122	5292
2.1.20161221160224	4658
2.1.20161227191302	5352
2.2.20170216125639	5521
2.5.20170328195758	5775
2.6.20170806163416	6195
2.6.20170927145003	5718
2.6.20171116190026	4620
2.6.20171201034858	6138
2.7.20180611133406	7848
2.7.20180809223002	2668
