version	total
1.7	6553
1.7.20160316203940	6938
1.14.20160708181155	10223
1.18.20160907135919	5860
1.18.20160930145650	5274
1.18.20161005190847	5413
1.20.20161122192122	5327
2.1.20161221160224	4693
2.1.20161227191302	5386
2.2.20170216125639	5558
2.5.20170328195758	5807
2.6.20170806163416	6263
2.6.20170927145003	5753
2.6.20171116190026	4658
2.6.20171201034858	6242
2.7.20180611133406	8054
2.7.20180809223002	2711
