version	total
1.7	6547
1.7.20160316203940	6932
1.14.20160708181155	10221
1.18.20160907135919	5856
1.18.20160930145650	5272
1.18.20161005190847	5411
1.20.20161122192122	5325
2.1.20161221160224	4691
2.1.20161227191302	5384
2.2.20170216125639	5556
2.5.20170328195758	5805
2.6.20170806163416	6259
2.6.20170927145003	5751
2.6.20171116190026	4656
2.6.20171201034858	6236
2.7.20180611133406	8042
2.7.20180809223002	2708
