version	total
1.7	6489
1.7.20160316203940	6870
1.14.20160708181155	10195
1.18.20160907135919	5811
1.18.20160930145650	5248
1.18.20161005190847	5389
1.20.20161122192122	5301
2.1.20161221160224	4667
2.1.20161227191302	5361
2.2.20170216125639	5533
2.5.20170328195758	5784
2.6.20170806163416	6215
2.6.20170927145003	5729
2.6.20171116190026	4632
2.6.20171201034858	6170
2.7.20180611133406	7917
2.7.20180809223002	2678
