version	total
1.7	6800
1.7.20160316203940	7087
1.14.20160708181155	10601
1.18.20160907135919	6125
1.18.20160930145650	5492
1.18.20161005190847	5603
1.20.20161122192122	5380
2.1.20161221160224	4745
2.1.20161227191302	5459
2.2.20170216125639	5776
2.5.20170328195758	5862
2.6.20170806163416	6501
2.6.20170927145003	5968
2.6.20171116190026	4711
2.6.20171201034858	6556
2.7.20180611133406	8506
2.7.20180809223002	2909
