version	total
1.7	6665
1.7.20160316203940	7006
1.14.20160708181155	10347
1.18.20160907135919	5959
1.18.20160930145650	5350
1.18.20161005190847	5482
1.20.20161122192122	5351
2.1.20161221160224	4717
2.1.20161227191302	5408
2.2.20170216125639	5633
2.5.20170328195758	5830
2.6.20170806163416	6356
2.6.20170927145003	5826
2.6.20171116190026	4681
2.6.20171201034858	6362
2.7.20180611133406	8220
2.7.20180809223002	2779
