version	total
1.7	6667
1.7.20160316203940	7006
1.14.20160708181155	10351
1.18.20160907135919	5961
1.18.20160930145650	5352
1.18.20161005190847	5484
1.20.20161122192122	5351
2.1.20161221160224	4717
2.1.20161227191302	5408
2.2.20170216125639	5635
2.5.20170328195758	5830
2.6.20170806163416	6358
2.6.20170927145003	5828
2.6.20171116190026	4681
2.6.20171201034858	6363
2.7.20180611133406	8224
2.7.20180809223002	2781
