version	total
1.7	6651
1.7.20160316203940	6997
1.14.20160708181155	10331
1.18.20160907135919	5945
1.18.20160930145650	5338
1.18.20161005190847	5473
1.20.20161122192122	5348
2.1.20161221160224	4714
2.1.20161227191302	5405
2.2.20170216125639	5623
2.5.20170328195758	5827
2.6.20170806163416	6344
2.6.20170927145003	5817
2.6.20171116190026	4678
2.6.20171201034858	6347
2.7.20180611133406	8202
2.7.20180809223002	2771
