version	total
1.7	6457
1.7.20160316203940	6839
1.14.20160708181155	10185
1.18.20160907135919	5792
1.18.20160930145650	5238
1.18.20161005190847	5379
1.20.20161122192122	5291
2.1.20161221160224	4656
2.1.20161227191302	5350
2.2.20170216125639	5519
2.5.20170328195758	5773
2.6.20170806163416	6191
2.6.20170927145003	5716
2.6.20171116190026	4618
2.6.20171201034858	6132
2.7.20180611133406	7842
2.7.20180809223002	2668
