version	total
1.7	6402
1.7.20160316203940	6799
1.14.20160708181155	10137
1.18.20160907135919	5748
1.18.20160930145650	5207
1.18.20161005190847	5348
1.20.20161122192122	5260
2.1.20161221160224	4642
2.1.20161227191302	5319
2.2.20170216125639	5488
2.5.20170328195758	5753
2.6.20170806163416	6148
2.6.20170927145003	5685
2.6.20171116190026	4607
2.6.20171201034858	6075
2.7.20180611133406	7769
2.7.20180809223002	2641
