version	total
1.7	6725
1.7.20160316203940	7034
1.14.20160708181155	10440
1.18.20160907135919	6019
1.18.20160930145650	5401
1.18.20161005190847	5532
1.20.20161122192122	5361
2.1.20161221160224	4727
2.1.20161227191302	5427
2.2.20170216125639	5686
2.5.20170328195758	5842
2.6.20170806163416	6415
2.6.20170927145003	5879
2.6.20171116190026	4694
2.6.20171201034858	6431
2.7.20180611133406	8330
2.7.20180809223002	2828
