version	total
1.7	6588
1.7.20160316203940	6963
1.14.20160708181155	10258
1.18.20160907135919	5891
1.18.20160930145650	5296
1.18.20161005190847	5433
1.20.20161122192122	5336
2.1.20161221160224	4703
2.1.20161227191302	5394
2.2.20170216125639	5580
2.5.20170328195758	5816
2.6.20170806163416	6292
2.6.20170927145003	5775
2.6.20171116190026	4668
2.6.20171201034858	6283
2.7.20180611133406	8118
2.7.20180809223002	2731
