version	total
1.7	6582
1.7.20160316203940	6960
1.14.20160708181155	10249
1.18.20160907135919	5885
1.18.20160930145650	5291
1.18.20161005190847	5428
1.20.20161122192122	5335
2.1.20161221160224	4702
2.1.20161227191302	5393
2.2.20170216125639	5575
2.5.20170328195758	5815
2.6.20170806163416	6285
2.6.20170927145003	5770
2.6.20171116190026	4667
2.6.20171201034858	6275
2.7.20180611133406	8109
2.7.20180809223002	2726
