version	total
1.7	6761
1.7.20160316203940	7061
1.14.20160708181155	10520
1.18.20160907135919	6073
1.18.20160930145650	5446
1.18.20161005190847	5575
1.20.20161122192122	5372
2.1.20161221160224	4737
2.1.20161227191302	5440
2.2.20170216125639	5730
2.5.20170328195758	5853
2.6.20170806163416	6467
2.6.20170927145003	5923
2.6.20171116190026	4703
2.6.20171201034858	6494
2.7.20180611133406	8412
2.7.20180809223002	2869
