version	total
1.7	6412
1.7.20160316203940	6799
1.14.20160708181155	10157
1.18.20160907135919	5758
1.18.20160930145650	5217
1.18.20161005190847	5358
1.20.20161122192122	5270
2.1.20161221160224	4643
2.1.20161227191302	5329
2.2.20170216125639	5498
2.5.20170328195758	5758
2.6.20170806163416	6158
2.6.20170927145003	5695
2.6.20171116190026	4607
2.6.20171201034858	6085
2.7.20180611133406	7782
2.7.20180809223002	2651
