version	total
1.7	6509
1.7.20160316203940	6891
1.14.20160708181155	10205
1.18.20160907135919	5827
1.18.20160930145650	5257
1.18.20161005190847	5397
1.20.20161122192122	5310
2.1.20161221160224	4675
2.1.20161227191302	5369
2.2.20170216125639	5542
2.5.20170328195758	5792
2.6.20170806163416	6230
2.6.20170927145003	5738
2.6.20171116190026	4639
2.6.20171201034858	6190
2.7.20180611133406	7967
2.7.20180809223002	2687
