version	total
1.7	6643
1.7.20160316203940	6994
1.14.20160708181155	10318
1.18.20160907135919	5937
1.18.20160930145650	5331
1.18.20161005190847	5467
1.20.20161122192122	5346
2.1.20161221160224	4713
2.1.20161227191302	5404
2.2.20170216125639	5616
2.5.20170328195758	5826
2.6.20170806163416	6337
2.6.20170927145003	5810
2.6.20171116190026	4677
2.6.20171201034858	6338
2.7.20180611133406	8189
2.7.20180809223002	2764
