version	total
1.7	6587
1.7.20160316203940	6963
1.14.20160708181155	10256
1.18.20160907135919	5890
1.18.20160930145650	5295
1.18.20161005190847	5432
1.20.20161122192122	5336
2.1.20161221160224	4703
2.1.20161227191302	5394
2.2.20170216125639	5579
2.5.20170328195758	5816
2.6.20170806163416	6291
2.6.20170927145003	5774
2.6.20171116190026	4668
2.6.20171201034858	6282
2.7.20180611133406	8117
2.7.20180809223002	2730
