version	total
1.7	6758
1.7.20160316203940	7058
1.14.20160708181155	10513
1.18.20160907135919	6068
1.18.20160930145650	5442
1.18.20161005190847	5572
1.20.20161122192122	5371
2.1.20161221160224	4736
2.1.20161227191302	5439
2.2.20170216125639	5726
2.5.20170328195758	5852
2.6.20170806163416	6463
2.6.20170927145003	5919
2.6.20171116190026	4702
2.6.20171201034858	6488
2.7.20180611133406	8405
2.7.20180809223002	2865
