version	total
1.7	6743
1.7.20160316203940	7044
1.14.20160708181155	10483
1.18.20160907135919	6046
1.18.20160930145650	5425
1.18.20161005190847	5556
1.20.20161122192122	5366
2.1.20161221160224	4732
2.1.20161227191302	5434
2.2.20170216125639	5711
2.5.20170328195758	5847
2.6.20170806163416	6442
2.6.20170927145003	5902
2.6.20171116190026	4697
2.6.20171201034858	6460
2.7.20180611133406	8372
2.7.20180809223002	2849
