version	total
1.7	6544
1.7.20160316203940	6929
1.14.20160708181155	10220
1.18.20160907135919	5854
1.18.20160930145650	5271
1.18.20161005190847	5410
1.20.20161122192122	5324
2.1.20161221160224	4690
2.1.20161227191302	5383
2.2.20170216125639	5555
2.5.20170328195758	5804
2.6.20170806163416	6257
2.6.20170927145003	5750
2.6.20171116190026	4655
2.6.20171201034858	6233
2.7.20180611133406	8036
2.7.20180809223002	2708
