version	total
1.7	6644
1.7.20160316203940	6994
1.14.20160708181155	10320
1.18.20160907135919	5938
1.18.20160930145650	5332
1.18.20161005190847	5468
1.20.20161122192122	5346
2.1.20161221160224	4713
2.1.20161227191302	5404
2.2.20170216125639	5617
2.5.20170328195758	5826
2.6.20170806163416	6338
2.6.20170927145003	5811
2.6.20171116190026	4677
2.6.20171201034858	6339
2.7.20180611133406	8191
2.7.20180809223002	2765
