version	total
1.7	6526
1.7.20160316203940	6909
1.14.20160708181155	10213
1.18.20160907135919	5841
1.18.20160930145650	5264
1.18.20161005190847	5404
1.20.20161122192122	5317
2.1.20161221160224	4682
2.1.20161227191302	5376
2.2.20170216125639	5547
2.5.20170328195758	5797
2.6.20170806163416	6243
2.6.20170927145003	5744
2.6.20171116190026	4645
2.6.20171201034858	6209
2.7.20180611133406	7998
2.7.20180809223002	2702
