version	total
1.7	6797
1.7.20160316203940	7084
1.14.20160708181155	10588
1.18.20160907135919	6117
1.18.20160930145650	5485
1.18.20161005190847	5602
1.20.20161122192122	5379
2.1.20161221160224	4744
2.1.20161227191302	5458
2.2.20170216125639	5769
2.5.20170328195758	5861
2.6.20170806163416	6499
2.6.20170927145003	5961
2.6.20171116190026	4710
2.6.20171201034858	6547
2.7.20180611133406	8492
2.7.20180809223002	2902
