version	total
1.7	6419
1.7.20160316203940	6802
1.14.20160708181155	10166
1.18.20160907135919	5764
1.18.20160930145650	5222
1.18.20161005190847	5364
1.20.20161122192122	5275
2.1.20161221160224	4644
2.1.20161227191302	5334
2.2.20170216125639	5503
2.5.20170328195758	5760
2.6.20170806163416	6165
2.6.20170927145003	5700
2.6.20171116190026	4608
2.6.20171201034858	6092
2.7.20180611133406	7791
2.7.20180809223002	2657
