version	total
1.7	6599
1.7.20160316203940	6969
1.14.20160708181155	10268
1.18.20160907135919	5899
1.18.20160930145650	5302
1.18.20161005190847	5438
1.20.20161122192122	5338
2.1.20161221160224	4705
2.1.20161227191302	5396
2.2.20170216125639	5586
2.5.20170328195758	5818
2.6.20170806163416	6299
2.6.20170927145003	5781
2.6.20171116190026	4670
2.6.20171201034858	6293
2.7.20180611133406	8132
2.7.20180809223002	2735
