version	total
1.7	6534
1.7.20160316203940	6916
1.14.20160708181155	10216
1.18.20160907135919	5846
1.18.20160930145650	5267
1.18.20161005190847	5406
1.20.20161122192122	5320
2.1.20161221160224	4686
2.1.20161227191302	5379
2.2.20170216125639	5550
2.5.20170328195758	5800
2.6.20170806163416	6249
2.6.20170927145003	5746
2.6.20171116190026	4651
2.6.20171201034858	6220
2.7.20180611133406	8017
2.7.20180809223002	2705
