version	total
1.7	6614
1.7.20160316203940	6979
1.14.20160708181155	10283
1.18.20160907135919	5911
1.18.20160930145650	5311
1.18.20161005190847	5447
1.20.20161122192122	5341
2.1.20161221160224	4708
2.1.20161227191302	5399
2.2.20170216125639	5595
2.5.20170328195758	5821
2.6.20170806163416	6312
2.6.20170927145003	5790
2.6.20171116190026	4672
2.6.20171201034858	6307
2.7.20180611133406	8154
2.7.20180809223002	2743
