version	total
1.7	6480
1.7.20160316203940	6861
1.14.20160708181155	10192
1.18.20160907135919	5805
1.18.20160930145650	5245
1.18.20161005190847	5386
1.20.20161122192122	5298
2.1.20161221160224	4664
2.1.20161227191302	5358
2.2.20170216125639	5530
2.5.20170328195758	5781
2.6.20170806163416	6209
2.6.20170927145003	5726
2.6.20171116190026	4630
2.6.20171201034858	6160
2.7.20180611133406	7900
2.7.20180809223002	2675
