version	total
1.7	6503
1.7.20160316203940	6885
1.14.20160708181155	10203
1.18.20160907135919	5823
1.18.20160930145650	5255
1.18.20161005190847	5395
1.20.20161122192122	5307
2.1.20161221160224	4673
2.1.20161227191302	5367
2.2.20170216125639	5540
2.5.20170328195758	5790
2.6.20170806163416	6226
2.6.20170927145003	5736
2.6.20171116190026	4637
2.6.20171201034858	6184
2.7.20180611133406	7960
2.7.20180809223002	2684
