version	total
1.7	6523
1.7.20160316203940	6904
1.14.20160708181155	10211
1.18.20160907135919	5837
1.18.20160930145650	5262
1.18.20161005190847	5402
1.20.20161122192122	5316
2.1.20161221160224	4681
2.1.20161227191302	5374
2.2.20170216125639	5546
2.5.20170328195758	5796
2.6.20170806163416	6239
2.6.20170927145003	5742
2.6.20171116190026	4644
2.6.20171201034858	6206
2.7.20180611133406	7992
2.7.20180809223002	2701
