version	total
1.7	6477
1.7.20160316203940	6858
1.14.20160708181155	10191
1.18.20160907135919	5803
1.18.20160930145650	5244
1.18.20161005190847	5385
1.20.20161122192122	5297
2.1.20161221160224	4663
2.1.20161227191302	5357
2.2.20170216125639	5528
2.5.20170328195758	5779
2.6.20170806163416	6205
2.6.20170927145003	5725
2.6.20171116190026	4627
2.6.20171201034858	6155
2.7.20180611133406	7885
2.7.20180809223002	2674
