version	total
1.7	6438
1.7.20160316203940	6820
1.14.20160708181155	10180
1.18.20160907135919	5782
1.18.20160930145650	5233
1.18.20161005190847	5374
1.20.20161122192122	5286
2.1.20161221160224	4650
2.1.20161227191302	5344
2.2.20170216125639	5513
2.5.20170328195758	5767
2.6.20170806163416	6180
2.6.20170927145003	5710
2.6.20171116190026	4613
2.6.20171201034858	6114
2.7.20180611133406	7819
2.7.20180809223002	2664
