version	total
1.7	6622
1.7.20160316203940	6985
1.14.20160708181155	10289
1.18.20160907135919	5918
1.18.20160930145650	5315
1.18.20161005190847	5451
1.20.20161122192122	5343
2.1.20161221160224	4710
2.1.20161227191302	5401
2.2.20170216125639	5599
2.5.20170328195758	5823
2.6.20170806163416	6318
2.6.20170927145003	5794
2.6.20171116190026	4674
2.6.20171201034858	6315
2.7.20180611133406	8163
2.7.20180809223002	2747
