version	total
1.7	6787
1.7.20160316203940	7078
1.14.20160708181155	10571
1.18.20160907135919	6106
1.18.20160930145650	5475
1.18.20161005190847	5595
1.20.20161122192122	5378
2.1.20161221160224	4742
2.1.20161227191302	5452
2.2.20170216125639	5759
2.5.20170328195758	5859
2.6.20170806163416	6491
2.6.20170927145003	5951
2.6.20171116190026	4708
2.6.20171201034858	6534
2.7.20180611133406	8475
2.7.20180809223002	2894
