version	total
1.7	6432
1.7.20160316203940	6814
1.14.20160708181155	10177
1.18.20160907135919	5776
1.18.20160930145650	5230
1.18.20161005190847	5371
1.20.20161122192122	5283
2.1.20161221160224	4648
2.1.20161227191302	5342
2.2.20170216125639	5511
2.5.20170328195758	5765
2.6.20170806163416	6176
2.6.20170927145003	5708
2.6.20171116190026	4611
2.6.20171201034858	6108
2.7.20180611133406	7811
2.7.20180809223002	2663
