version	total
1.7	6764
1.7.20160316203940	7064
1.14.20160708181155	10529
1.18.20160907135919	6079
1.18.20160930145650	5451
1.18.20161005190847	5578
1.20.20161122192122	5373
2.1.20161221160224	4738
2.1.20161227191302	5442
2.2.20170216125639	5735
2.5.20170328195758	5854
2.6.20170806163416	6471
2.6.20170927145003	5928
2.6.20171116190026	4704
2.6.20171201034858	6501
2.7.20180611133406	8425
2.7.20180809223002	2874
