version	total
1.7	6749
1.7.20160316203940	7050
1.14.20160708181155	10498
1.18.20160907135919	6056
1.18.20160930145650	5433
1.18.20161005190847	5563
1.20.20161122192122	5368
2.1.20161221160224	4734
2.1.20161227191302	5436
2.2.20170216125639	5718
2.5.20170328195758	5849
2.6.20170806163416	6451
2.6.20170927145003	5910
2.6.20171116190026	4699
2.6.20171201034858	6473
2.7.20180611133406	8386
2.7.20180809223002	2857
