version	total
1.7	6385
1.7.20160316203940	6792
1.14.20160708181155	10113
1.18.20160907135919	5733
1.18.20160930145650	5194
1.18.20161005190847	5335
1.20.20161122192122	5247
2.1.20161221160224	4639
2.1.20161227191302	5306
2.2.20170216125639	5475
2.5.20170328195758	5745
2.6.20170806163416	6133
2.6.20170927145003	5672
2.6.20171116190026	4604
2.6.20171201034858	6058
2.7.20180611133406	7749
2.7.20180809223002	2629
