version	total
1.7	6396
1.7.20160316203940	6796
1.14.20160708181155	10132
1.18.20160907135919	5744
1.18.20160930145650	5204
1.18.20161005190847	5345
1.20.20161122192122	5257
2.1.20161221160224	4641
2.1.20161227191302	5316
2.2.20170216125639	5485
2.5.20170328195758	5751
2.6.20170806163416	6144
2.6.20170927145003	5682
2.6.20171116190026	4606
2.6.20171201034858	6070
2.7.20180611133406	7764
2.7.20180809223002	2638
