version	total
1.7	6726
1.7.20160316203940	7034
1.14.20160708181155	10442
1.18.20160907135919	6020
1.18.20160930145650	5402
1.18.20161005190847	5533
1.20.20161122192122	5361
2.1.20161221160224	4727
2.1.20161227191302	5428
2.2.20170216125639	5687
2.5.20170328195758	5842
2.6.20170806163416	6416
2.6.20170927145003	5880
2.6.20171116190026	4694
2.6.20171201034858	6432
2.7.20180611133406	8332
2.7.20180809223002	2829
