version	total
1.7	6693
1.7.20160316203940	7020
1.14.20160708181155	10378
1.18.20160907135919	5981
1.18.20160930145650	5368
1.18.20161005190847	5503
1.20.20161122192122	5356
2.1.20161221160224	4722
2.1.20161227191302	5413
2.2.20170216125639	5651
2.5.20170328195758	5835
2.6.20170806163416	6379
2.6.20170927145003	5844
2.6.20171116190026	4686
2.6.20171201034858	6387
2.7.20180611133406	8264
2.7.20180809223002	2795
