version	total
1.7	6673
1.7.20160316203940	7009
1.14.20160708181155	10360
1.18.20160907135919	5967
1.18.20160930145650	5357
1.18.20161005190847	5489
1.20.20161122192122	5352
2.1.20161221160224	4718
2.1.20161227191302	5409
2.2.20170216125639	5640
2.5.20170328195758	5831
2.6.20170806163416	6364
2.6.20170927145003	5833
2.6.20171116190026	4682
2.6.20171201034858	6369
2.7.20180611133406	8235
2.7.20180809223002	2786
